{"type":"FeatureCollection","features":[{"type":"Feature","geometry":{"type":"MultiPolygon","coordinates":[[[[-79.4576189896584,43.6936372377844],[-79.4576056511275,43.6936058003236],[-79.457577859471,43.6935402966057],[-79.457550030646,43.693474810869],[-79.4575219413299,43.6934093790358],[-79.4575080331796,43.6933766271619],[-79.4574941250316,43.6933438932887],[-79.4574660234383,43.6932784524344],[-79.4574381948622,43.6932129576663],[-79.4574104035628,43.6931474629046],[-79.4573826247354,43.6930819591387],[-79.4573544861567,43.6930165362428],[-79.4573266950453,43.6929510324572],[-79.457298866772,43.6928855376515],[-79.4572710881804,43.692820042857],[-79.4572432848451,43.6927545390443],[-79.4572151589759,43.692689116115],[-79.4571785753726,43.6926026269811],[-79.4571416444703,43.6925162187156],[-79.4571138538148,43.692450723874],[-79.4570999461077,43.6924179719451],[-79.4570860260041,43.692385229011],[-79.4570582354759,43.6923197251531],[-79.4570301224159,43.6922543021782],[-79.4570023196037,43.6921887983006],[-79.4569745292572,43.6921232944203],[-79.4569467017429,43.692057808521],[-79.4569189115172,43.6919923046256],[-79.4568907863627,43.6919268726068],[-79.4568629962519,43.6918613776977],[-79.4568363828243,43.6917984755985],[-79.4568264012454,43.6917748974355],[-79.4568085059835,43.6917329986445],[-79.4567894837673,43.6916884800474],[-79.4567616814716,43.6916229851063],[-79.4567338668312,43.6915574901531],[-79.4567060770678,43.6914919862004],[-79.4566782873585,43.6914264912416],[-79.4566504480896,43.6913609962564],[-79.4566226585076,43.6912954922812],[-79.456594868986,43.6912299882986],[-79.4565670298922,43.6911645022923],[-79.4565392404915,43.6910989982947],[-79.4565114511513,43.6910334942896],[-79.4564845427694,43.6909677835825],[-79.4564564061472,43.6909023694434],[-79.4564301306303,43.6908365239436],[-79.4562638229977,43.6904205104725],[-79.4562291031484,43.690333616655],[-79.4560133713503,43.6898078940199],[-79.4560139792841,43.689807750233],[-79.4560145748001,43.689807624444],[-79.4560151703226,43.6898074896537],[-79.4560157658451,43.6898073548634],[-79.4560163489564,43.6898072290695],[-79.456016944479,43.6898070942792],[-79.4560175399949,43.6898069684902],[-79.4560181355174,43.6898068336998],[-79.4560187310399,43.6898066989094],[-79.4560193265559,43.6898065731204],[-79.4560199096738,43.6898064383253],[-79.4560205051897,43.6898063125362],[-79.4560211007056,43.6898061867472],[-79.4560216962281,43.6898060519568],[-79.456022291744,43.6898059261677],[-79.45602288726,43.6898058003787],[-79.4560234827825,43.6898056655883],[-79.4560240782984,43.6898055397992],[-79.4560246738143,43.6898054140101],[-79.4560252693302,43.689805288221],[-79.456025852448,43.6898051534259],[-79.4560264479639,43.6898050276368],[-79.4560270434799,43.6898049018477],[-79.4560276389958,43.6898047760586],[-79.4560282345117,43.6898046502695],[-79.4560288300276,43.6898045244804],[-79.4560294255435,43.6898043986913],[-79.4560300210594,43.6898042729021],[-79.4560306165753,43.689804147113],[-79.4560312120911,43.6898040213239],[-79.4560318076071,43.6898038955348],[-79.4560324031229,43.6898037697457],[-79.4560329986388,43.6898036439565],[-79.4560336065594,43.6898035181722],[-79.4560342020687,43.6898034013843],[-79.4560347975845,43.6898032755952],[-79.4560353931004,43.6898031498061],[-79.4560359886163,43.6898030240169],[-79.4560365841256,43.6898029072291],[-79.4560371796414,43.6898027814399],[-79.4560377751573,43.6898026556508],[-79.4560383706666,43.6898025388629],[-79.4560389661824,43.6898024130738],[-79.4560395616917,43.6898022962859],[-79.4560401696122,43.6898021705015],[-79.4560407651215,43.6898020537136],[-79.4560413606374,43.6898019279244],[-79.4560419561466,43.6898018111366],[-79.4560425516625,43.6898016853474],[-79.4560431471717,43.6898015685595],[-79.4560437550857,43.6898014517764],[-79.4560443506015,43.6898013259872],[-79.4560449461108,43.6898012091993],[-79.45604554162,43.6898010924114],[-79.4560461371359,43.6898009666222],[-79.4560467450498,43.6898008498391],[-79.456047340559,43.6898007330512],[-79.4560479360683,43.6898006162633],[-79.4560485315775,43.6898004994754],[-79.4560491394914,43.6898003826922],[-79.4560497350007,43.6898002659043],[-79.4560503305099,43.6898001491164],[-79.4560509260191,43.6898000323285],[-79.456051533933,43.6897999155453],[-79.4560521294423,43.6897997987574],[-79.4560527249515,43.6897996819694],[-79.4560533328654,43.6897995651863],[-79.4560539283746,43.6897994483983],[-79.4560545238838,43.6897993316104],[-79.4560551317977,43.6897992148272],[-79.4560557273069,43.6897990980393],[-79.4560563228096,43.6897989902526],[-79.4560569307235,43.6897988734694],[-79.4560575262327,43.6897987566815],[-79.4560581217353,43.6897986488948],[-79.4560587296492,43.6897985321116],[-79.4560593251584,43.6897984153236],[-79.456059920661,43.689798307537],[-79.4560605285749,43.6897981907538],[-79.4560611240775,43.6897980829671],[-79.4560617319913,43.6897979661839],[-79.456062327494,43.6897978583972],[-79.4560629230032,43.6897977416092],[-79.4560635309105,43.6897976338272],[-79.4560641264196,43.6897975170393],[-79.4560647343269,43.6897974092573],[-79.4560653298295,43.6897973014706],[-79.4560659377434,43.6897971846874],[-79.456066533246,43.6897970769007],[-79.4560671411532,43.6897969691187],[-79.4560677366624,43.6897968523307],[-79.4560683445697,43.6897967445488],[-79.4560689400723,43.6897966367621],[-79.4560695479795,43.6897965289801],[-79.4560701434821,43.6897964211934],[-79.4560707513894,43.6897963134114],[-79.456071346892,43.6897962056247],[-79.4560719547992,43.6897960978427],[-79.4560725503018,43.689795990056],[-79.4560731582091,43.689795882274],[-79.4560737537116,43.6897957744872],[-79.4560743616189,43.6897956667053],[-79.4560749571214,43.6897955589185],[-79.4560755650287,43.6897954511365],[-79.4560761729359,43.6897953433545],[-79.4560767684385,43.6897952355678],[-79.4560773763392,43.689795136787],[-79.4560779718417,43.6897950290003],[-79.4560785797489,43.6897949212183],[-79.4560791876562,43.6897948134363],[-79.4560797831522,43.6897947146508],[-79.4560803910594,43.6897946068688],[-79.4560809865554,43.6897945080833],[-79.4560815944626,43.6897944003013],[-79.4560822023698,43.6897942925193],[-79.4560827978658,43.6897941937338],[-79.456083405773,43.6897940859517],[-79.4560840136736,43.689793987171],[-79.4560846091762,43.6897938793842],[-79.4560852170768,43.6897937806034],[-79.4560858249774,43.6897936818227],[-79.45608642048,43.6897935740359],[-79.4560870283806,43.6897934752551],[-79.4560876362812,43.6897933764744],[-79.4560882441884,43.6897932686923],[-79.4560888396844,43.6897931699068],[-79.456089447585,43.689793071126],[-79.4560900554856,43.6897929723452],[-79.4560906509816,43.6897928735597],[-79.4560912588887,43.6897927657776],[-79.4560918667894,43.6897926669968],[-79.45609247469,43.6897925682161],[-79.4560930825906,43.6897924694353],[-79.4560936780865,43.6897923706497],[-79.4560942859871,43.6897922718689],[-79.4560948938878,43.6897921730881],[-79.4560955017884,43.6897920743073],[-79.4560960972843,43.6897919755218],[-79.4560967051783,43.6897918857423],[-79.4560973130789,43.6897917869614],[-79.4560979209795,43.6897916881806],[-79.4560985288801,43.6897915893998],[-79.4560991367807,43.689791490619],[-79.45609973227,43.6897914008347],[-79.4561003401706,43.6897913020539],[-79.4561009480712,43.6897912032731],[-79.4561015559652,43.6897911134935],[-79.4561021638658,43.6897910147127],[-79.4561027717664,43.6897909159318],[-79.4561033672557,43.6897908261476],[-79.4561039751563,43.6897907273667],[-79.4561045830503,43.6897906375872],[-79.4561051909509,43.6897905388063],[-79.4561057988449,43.6897904490267],[-79.4561064067454,43.6897903502459],[-79.4561070146395,43.6897902604663],[-79.4561076225335,43.6897901706867],[-79.456108230434,43.6897900719059],[-79.456108838328,43.6897899821263],[-79.456109446222,43.6897898923467],[-79.4561100417179,43.6897897935611],[-79.4561106496119,43.6897897037815],[-79.4561112575059,43.6897896140019],[-79.4561118653998,43.6897895242223],[-79.4561124732938,43.6897894344427],[-79.4561130811878,43.6897893446631],[-79.4561136890818,43.6897892548835],[-79.4561142969823,43.6897891561026],[-79.4561149048763,43.689789066323],[-79.4561155127703,43.6897889765434],[-79.4561161206577,43.6897888957651],[-79.4561167285517,43.6897888059855],[-79.4561173364456,43.6897887162059],[-79.4561179443396,43.6897886264262],[-79.4561185522336,43.6897885366466],[-79.4561191601275,43.689788446867],[-79.4561197680215,43.6897883570874],[-79.4561203759089,43.689788276309],[-79.4561209838028,43.6897881865294],[-79.4561215916968,43.6897880967498],[-79.4561221995908,43.6897880069701],[-79.4561228074781,43.6897879261918],[-79.4561234277767,43.6897878364169],[-79.4561240356641,43.6897877556385],[-79.4561246435581,43.6897876658588],[-79.456125251452,43.6897875760792],[-79.4561258593394,43.6897874953008],[-79.4561264672333,43.6897874055211],[-79.4561270751207,43.6897873247428],[-79.4561276830081,43.6897872439644],[-79.456128290902,43.6897871541847],[-79.4561288987894,43.6897870734063],[-79.456129519088,43.6897869836314],[-79.4561301269754,43.689786902853],[-79.4561307348627,43.6897868220746],[-79.4561313427501,43.6897867412962],[-79.456131950644,43.6897866515165],[-79.4561325585314,43.6897865707381],[-79.4561331664188,43.6897864899597],[-79.4561337743061,43.6897864091813],[-79.4561343945982,43.6897863284077],[-79.4561350024855,43.6897862476292],[-79.4561356103729,43.6897861668508],[-79.4561362182602,43.6897860860724],[-79.4561368261476,43.689786005294],[-79.4561374464396,43.6897859245203],[-79.4561380543269,43.6897858437419],[-79.4561386622143,43.6897857629634],[-79.4561392701016,43.689785682185],[-79.4561398779889,43.6897856014065],[-79.456140498281,43.6897855206329],[-79.4561411061683,43.6897854398544],[-79.4561417140491,43.6897853680773],[-79.4561423219364,43.6897852872988],[-79.4561429298238,43.6897852065203],[-79.4561435501157,43.6897851257466],[-79.4561441579965,43.6897850539695],[-79.4561447658839,43.689784973191],[-79.4561453737646,43.6897849014138],[-79.4561459940566,43.6897848206401],[-79.4561466019439,43.6897847398616],[-79.4561472098247,43.6897846680844],[-79.4561478301167,43.6897845873107],[-79.4561484379974,43.6897845155335],[-79.4561490458782,43.6897844437563],[-79.4561496537655,43.6897843629778],[-79.456150274051,43.6897842912054],[-79.4561508819383,43.6897842104269],[-79.456151489819,43.6897841386497],[-79.4561521101044,43.6897840668772],[-79.4561527179852,43.6897839951],[-79.4561533258725,43.6897839143215],[-79.4561539461579,43.689783842549],[-79.4561545540387,43.6897837707718],[-79.4561551619194,43.6897836989946],[-79.4561557822048,43.6897836272221],[-79.4561563900856,43.6897835554449],[-79.4561569979663,43.6897834836676],[-79.4561576182517,43.6897834118951],[-79.4561582261324,43.6897833401179],[-79.4561588340132,43.6897832683407],[-79.4561594542986,43.6897831965682],[-79.4561600621793,43.6897831247909],[-79.45616067006,43.6897830530136],[-79.4561612903454,43.6897829812412],[-79.4561618982262,43.6897829094639],[-79.4561625185116,43.6897828376914],[-79.4561631263857,43.6897827749154],[-79.4561637342664,43.6897827031381],[-79.4561643545518,43.6897826313656],[-79.4561649624326,43.6897825595883],[-79.4561655827114,43.6897824968171],[-79.4561661905921,43.6897824250398],[-79.4561667984663,43.6897823622638],[-79.4561674187516,43.6897822904913],[-79.4561680266324,43.689782218714],[-79.4561686469112,43.6897821559428],[-79.4561692547919,43.6897820841654],[-79.4561698750707,43.6897820213942],[-79.4561704829449,43.6897819586182],[-79.4561710908256,43.6897818868409],[-79.4561717111044,43.6897818240696],[-79.4561723189851,43.6897817522923],[-79.4561729392639,43.689781689521],[-79.4561735471381,43.689781626745],[-79.4561741674169,43.6897815639737],[-79.4561747752976,43.6897814921964],[-79.4561753955764,43.6897814294251],[-79.4561760034505,43.6897813666491],[-79.4561766237293,43.6897813038778],[-79.4561777774543,43.6897811783019],[-79.4583677291203,43.6895546420677],[-79.4583688704255,43.6895545254665],[-79.4583694782951,43.6895544626788],[-79.4583700985693,43.6895543998956],[-79.4583707064388,43.6895543371079],[-79.458371326713,43.6895542743247],[-79.4583719345888,43.6895542025357],[-79.458372554863,43.6895541397524],[-79.4583731627326,43.6895540769647],[-79.4583737830067,43.6895540141815],[-79.4583743908763,43.6895539513937],[-79.4583750111567,43.6895538796092],[-79.4583756190263,43.6895538168215],[-79.4583762393004,43.6895537540383],[-79.4583768471762,43.6895536822492],[-79.4583774550458,43.6895536194615],[-79.4583780753199,43.6895535566782],[-79.4583786831957,43.6895534848892],[-79.4583793034699,43.6895534221059],[-79.4583799113457,43.6895533503168],[-79.4583805316198,43.6895532875336],[-79.4583811394894,43.6895532247458],[-79.4583817597698,43.6895531529613],[-79.4583823676393,43.6895530901735],[-79.4583829755151,43.6895530183844],[-79.4583835957892,43.6895529556012],[-79.458384203665,43.6895528838121],[-79.4583848239392,43.6895528210288],[-79.4583854318149,43.6895527492397],[-79.4583860520953,43.6895526774551],[-79.4583866599648,43.6895526146673],[-79.4583872678406,43.6895525428782],[-79.4583878881147,43.6895524800949],[-79.4583884959905,43.6895524083058],[-79.4583891162709,43.6895523365212],[-79.4583897241466,43.6895522647321],[-79.4583903320162,43.6895522019443],[-79.4583909522965,43.6895521301597],[-79.4583915601723,43.6895520583705],[-79.4583921804464,43.6895519955872],[-79.4583927883221,43.6895519237981],[-79.4583933961979,43.6895518520089],[-79.4583940164782,43.6895517802243],[-79.458394624354,43.6895517084352],[-79.4583952446281,43.6895516456518],[-79.4583958525039,43.6895515738627],[-79.4583964603796,43.6895515020735],[-79.4583970806599,43.6895514302889],[-79.4583976885357,43.6895513584998],[-79.4583982964114,43.6895512867106],[-79.4583989166917,43.6895512149259],[-79.4583995245675,43.6895511431368],[-79.4584001448478,43.6895510713521],[-79.4584007527236,43.6895509995629],[-79.4584013605993,43.6895509277738],[-79.4584019808796,43.6895508559891],[-79.4584025887553,43.6895507841999],[-79.4584031966311,43.6895507124107],[-79.4584038169114,43.689550640626],[-79.4584044247871,43.6895505688369],[-79.4584050326629,43.6895504970477],[-79.4584056529494,43.6895504162617],[-79.4584062608251,43.6895503444725],[-79.4584068687008,43.6895502726833],[-79.4584074889811,43.6895502008986],[-79.4584080968568,43.6895501291094],[-79.4584087047388,43.6895500483188],[-79.4584093250191,43.6895499765341],[-79.4584099328948,43.6895499047449],[-79.4584105407705,43.6895498329557],[-79.4584111486524,43.6895497521652],[-79.4584117689327,43.6895496803805],[-79.4584123768085,43.6895496085912],[-79.4584129846904,43.6895495278007],[-79.4584136049707,43.6895494560159],[-79.4584142128464,43.6895493842267],[-79.4584148207283,43.6895493034361],[-79.4584154410086,43.6895492316514],[-79.4584160488905,43.6895491508609],[-79.4584166567662,43.6895490790716],[-79.4584172646481,43.689548998281],[-79.4584178849284,43.6895489264963],[-79.4584184928103,43.6895488457057],[-79.458419100686,43.6895487739164],[-79.4584197085679,43.6895486931259],[-79.4584203288481,43.6895486213411],[-79.4584209367301,43.6895485405505],[-79.4584215446057,43.6895484687612],[-79.4584221524876,43.6895483879707],[-79.4584227727741,43.6895483071846],[-79.4584233806498,43.6895482353953],[-79.4584239885317,43.6895481546047],[-79.4584245964136,43.6895480738141],[-79.4584252166939,43.6895480020293],[-79.4584258245758,43.6895479212387],[-79.4584264324576,43.6895478404481],[-79.4584270403333,43.6895477686588],[-79.4584276606198,43.6895476878727],[-79.4584282685017,43.6895476070821],[-79.4584288763836,43.6895475262914],[-79.4584294842654,43.6895474455008],[-79.4584301045457,43.689547373716],[-79.4584307124276,43.6895472929254],[-79.4584313203094,43.6895472121347],[-79.4584319281913,43.6895471313441],[-79.4584325360732,43.6895470505534],[-79.4584331563596,43.6895469697673],[-79.4584337642415,43.6895468889767],[-79.4584343721234,43.689546808186],[-79.4584349800052,43.6895467273954],[-79.4584355878871,43.6895466466047],[-79.4584361957689,43.6895465658141],[-79.4584368160554,43.6895464850279],[-79.4584374239373,43.6895464042372],[-79.4584380318191,43.6895463234466],[-79.458438639701,43.6895462426559],[-79.4584392475828,43.6895461618652],[-79.4584398554647,43.6895460810745],[-79.4584404757511,43.6895460002883],[-79.458441083633,43.6895459194977],[-79.458441691521,43.6895458297057],[-79.4584422994029,43.689545748915],[-79.4584429072847,43.6895456681243],[-79.4584435151665,43.6895455873336],[-79.458444135453,43.6895455065474],[-79.458444743341,43.6895454167554],[-79.4584453512229,43.6895453359647],[-79.4584459591047,43.689545255174],[-79.4584465669927,43.689545165382],[-79.4584471748746,43.6895450845912],[-79.4584477827564,43.6895450038005],[-79.4584483906444,43.6895449140085],[-79.4584490109309,43.6895448332223],[-79.4584496188127,43.6895447524316],[-79.4584502267007,43.6895446626395],[-79.4584508345825,43.6895445818488],[-79.4584514424706,43.6895444920568],[-79.4584520503524,43.689544411266],[-79.4584526582404,43.689544321474],[-79.4584532661222,43.6895442406832],[-79.4584538740102,43.6895441508911],[-79.458454481892,43.6895440701004],[-79.4584550897801,43.6895439803083],[-79.4584557100665,43.6895438995221],[-79.4584563179545,43.68954380973],[-79.4584569258363,43.6895437289392],[-79.4584575337243,43.6895436391472],[-79.4584581416123,43.6895435493551],[-79.4584587494941,43.6895434685643],[-79.4584593573821,43.6895433787722],[-79.4584599652701,43.6895432889802],[-79.4584605731519,43.6895432081894],[-79.4584611810399,43.6895431183973],[-79.4584617889279,43.6895430286052],[-79.4584623968159,43.6895429388131],[-79.4584630046977,43.6895428580223],[-79.4584636125857,43.6895427682302],[-79.4584642204737,43.6895426784381],[-79.4584648283617,43.689542588646],[-79.4584654362497,43.6895424988539],[-79.4584660441314,43.6895424180631],[-79.4584666520194,43.6895423282709],[-79.4584672599074,43.6895422384788],[-79.4584678677954,43.6895421486867],[-79.4584684756834,43.6895420588945],[-79.4584690835713,43.6895419691024],[-79.4584696914593,43.6895418793103],[-79.4584702993473,43.6895417895181],[-79.4584709072353,43.689541699726],[-79.4584715151232,43.6895416099338],[-79.4584721230112,43.6895415201417],[-79.4584727308992,43.6895414303496],[-79.4584733387871,43.6895413405574],[-79.4584739466751,43.6895412507652],[-79.4584745545631,43.6895411609731],[-79.458475162451,43.6895410711809],[-79.4584757703452,43.6895409723875],[-79.4584763782331,43.6895408825953],[-79.4584769861211,43.6895407928031],[-79.4584775940091,43.6895407030109],[-79.458478201897,43.6895406132187],[-79.4584788097849,43.6895405234266],[-79.4584794176791,43.6895404246331],[-79.458480025567,43.6895403348409],[-79.458480633455,43.6895402450487],[-79.4584812413429,43.6895401552565],[-79.4584818492371,43.689540056463],[-79.458482457125,43.6895399666708],[-79.4584830526083,43.6895398768741],[-79.4584836605025,43.6895397780806],[-79.4584842683904,43.6895396882884],[-79.4584848762845,43.6895395894949],[-79.4584854841725,43.6895394997026],[-79.4584860920604,43.6895394099104],[-79.4584866999545,43.6895393111169],[-79.4584873078425,43.6895392213247],[-79.4584879157366,43.6895391225311],[-79.4584885236245,43.6895390327389],[-79.458489119114,43.6895389339409],[-79.4584897270019,43.6895388441486],[-79.4584903348961,43.6895387453551],[-79.458490942784,43.6895386555628],[-79.4584915506781,43.6895385567693],[-79.4584921585722,43.6895384579757],[-79.4584927664601,43.6895383681835],[-79.4584933743542,43.6895382693899],[-79.4584939698375,43.6895381795931],[-79.4584945777316,43.6895380807996],[-79.4584951856257,43.689537982006],[-79.4584957935198,43.6895378832124],[-79.4584964014077,43.6895377934202],[-79.4584970093018,43.6895376946266],[-79.4584976047913,43.6895375958285],[-79.4584982126854,43.6895374970349],[-79.4584988205733,43.6895374072426],[-79.4584994284674,43.689537308449],[-79.4585000363615,43.6895372096554],[-79.458500631851,43.6895371108573],[-79.458501239745,43.6895370120637],[-79.4585018476329,43.6895369222714],[-79.458502455527,43.6895368234778],[-79.4585030634211,43.6895367246842],[-79.4585036589106,43.6895366258861],[-79.4585042668046,43.6895365270925],[-79.4585048746987,43.6895364282989],[-79.4585054825928,43.6895363295053],[-79.4585060904868,43.6895362307116],[-79.4585066859763,43.6895361319135],[-79.4585072938704,43.6895360331199],[-79.4585079017644,43.6895359343262],[-79.4585085096585,43.6895358355326],[-79.458509105148,43.6895357367344],[-79.458509713042,43.6895356379408],[-79.4585103209423,43.6895355301458],[-79.4585109288363,43.6895354313522],[-79.4585115243258,43.689535332554],[-79.4585121322198,43.6895352337604],[-79.4585127401139,43.6895351349667],[-79.4585133480079,43.689535036173],[-79.4585139435036,43.6895349283736],[-79.4585145513976,43.6895348295799],[-79.4585151592916,43.6895347307862],[-79.4585157671857,43.6895346319926],[-79.4585163626813,43.6895345241931],[-79.4585169705753,43.6895344253994],[-79.4585175784694,43.6895343266057],[-79.458518173965,43.6895342188062],[-79.458518781859,43.6895341200125],[-79.4585193897531,43.6895340212188],[-79.4585199852487,43.6895339134193],[-79.4585205931427,43.6895338146256],[-79.4585212010367,43.6895337158319],[-79.4585217965323,43.6895336080324],[-79.4585224044263,43.6895335092387],[-79.4585230123266,43.6895334014437],[-79.458523607816,43.6895333026455],[-79.4585242157162,43.6895331948504],[-79.4585248236102,43.6895330960567],[-79.4585254191058,43.6895329882572],[-79.4585260269998,43.6895328894635],[-79.4585266349,43.6895327816684],[-79.4585272303956,43.6895326738689],[-79.4585278382896,43.6895325750751],[-79.4585284461898,43.6895324672801],[-79.4585290416854,43.6895323594806],[-79.4585296495793,43.6895322606868],[-79.4585302450749,43.6895321528873],[-79.4585308529751,43.6895320450922],[-79.4585314608691,43.6895319462984],[-79.4585320563647,43.6895318384989],[-79.4585326642649,43.6895317307038],[-79.4585332597604,43.6895316229043],[-79.4585338676544,43.6895315241105],[-79.4585344755546,43.6895314163154],[-79.4585350710502,43.6895313085158],[-79.4585356789503,43.6895312007207],[-79.4585362744459,43.6895310929211],[-79.4585368823399,43.6895309941274],[-79.45853749024,43.6895308863323],[-79.4585380857356,43.6895307785327],[-79.4585386936357,43.6895306707376],[-79.4585392891313,43.689530562938],[-79.4585398970315,43.6895304551429],[-79.458540492527,43.6895303473433],[-79.4585411004272,43.6895302395482],[-79.4585416959227,43.6895301317486],[-79.4585423038228,43.6895300239535],[-79.4585428993184,43.6895299161538],[-79.4585435072185,43.6895298083587],[-79.4585441027141,43.6895297005591],[-79.4585447106142,43.689529592764],[-79.4585453185144,43.6895294849688],[-79.4585459140161,43.6895293681679],[-79.4585465219162,43.6895292603728],[-79.4585471174117,43.6895291525731],[-79.4585477253119,43.689529044778],[-79.4585483208074,43.6895289369783],[-79.4585489287075,43.6895288291832],[-79.4585495242092,43.6895287123822],[-79.4585501197047,43.6895286045826],[-79.4585507276048,43.6895284967874],[-79.4585513231004,43.6895283889877],[-79.4585519310067,43.6895282721913],[-79.4585525265022,43.6895281643916],[-79.4585531344023,43.6895280565965],[-79.458553729904,43.6895279397955],[-79.4585543378041,43.6895278320003],[-79.4585549332996,43.6895277242006],[-79.4585555412059,43.6895276074041],[-79.4585561367014,43.6895274996044],[-79.4585567322031,43.6895273828034],[-79.4585573401032,43.6895272750083],[-79.4585579356048,43.6895271582073],[-79.4585585435049,43.6895270504121],[-79.4585591390066,43.6895269336111],[-79.4585597469067,43.6895268258159],[-79.4585603424084,43.6895267090148],[-79.4585609379038,43.6895266012151],[-79.4585615458101,43.6895264844186],[-79.4585621413056,43.6895263766189],[-79.4585627368072,43.6895262598179],[-79.4585633447135,43.6895261430214],[-79.458563940209,43.6895260352216],[-79.4585645481152,43.6895259184251],[-79.4585651436107,43.6895258106254],[-79.4585657391123,43.6895256938243],[-79.4585663470186,43.6895255770278],[-79.4585669425203,43.6895254602268],[-79.4585675380157,43.689525352427],[-79.4585681459219,43.6895252356305],[-79.4585687414236,43.6895251188294],[-79.4585693369252,43.6895250020284],[-79.4585699448253,43.6895248942331],[-79.4585705403269,43.689524777432],[-79.4585711358285,43.689524660631],[-79.4585717437348,43.6895245438344],[-79.4585723392364,43.6895244270333],[-79.458572934738,43.6895243102322],[-79.4585735426443,43.6895241934357],[-79.4585741381459,43.6895240766346],[-79.4585747336413,43.6895239688348],[-79.4585753415475,43.6895238520382],[-79.4585759370491,43.6895237352371],[-79.4585765325508,43.6895236184361],[-79.4585771280524,43.689523501635],[-79.4585777359586,43.6895233848384],[-79.4585783314602,43.6895232680372],[-79.458578926968,43.6895231422349],[-79.4585795224696,43.6895230254337],[-79.4585801303758,43.6895229086371],[-79.4585807258774,43.689522791836],[-79.458581321379,43.6895226750349],[-79.4585819168805,43.6895225582338],[-79.4585825247867,43.6895224414372],[-79.4585831202883,43.689522324636],[-79.4585837157961,43.6895221988336],[-79.4585843112977,43.6895220820325],[-79.4585849192039,43.6895219652358],[-79.4585855147055,43.6895218484347],[-79.4585861102132,43.6895217226323],[-79.4585867057148,43.6895216058311],[-79.4585873012164,43.68952148903],[-79.4585879091225,43.6895213722333],[-79.4585885046303,43.6895212464309],[-79.4585891001318,43.6895211296297],[-79.4585896956396,43.6895210038273],[-79.4585902911411,43.6895208870261],[-79.4585908990473,43.6895207702294],[-79.4585914945551,43.689520644427],[-79.4585920900566,43.6895205276258],[-79.4585926855644,43.6895204018233],[-79.4585932810659,43.6895202850221],[-79.4585938765736,43.6895201592197],[-79.4585944720752,43.6895200424185],[-79.4585950799875,43.6895199166205],[-79.4585956754891,43.6895197998193],[-79.4585962709968,43.6895196740168],[-79.4585968664983,43.6895195572156],[-79.458597462006,43.6895194314131],[-79.4585980575076,43.6895193146119],[-79.4585986530153,43.6895191888094],[-79.458599248523,43.6895190630069],[-79.4585998564291,43.6895189462102],[-79.4586004519368,43.6895188204077],[-79.4586010474445,43.6895186946051],[-79.458601642946,43.6895185778039],[-79.4586022384537,43.6895184520014],[-79.4586028339614,43.6895183261989],[-79.4586034294692,43.6895182003964],[-79.4586040249706,43.6895180835951],[-79.4586046204783,43.6895179577926],[-79.458605215986,43.6895178319901],[-79.4586058114937,43.6895177061875],[-79.4586064070014,43.689517580385],[-79.4586070025029,43.6895174635837],[-79.4586075980106,43.6895173377812],[-79.4586081935182,43.6895172119786],[-79.4586087890259,43.6895170861761],[-79.4586093845336,43.6895169603735],[-79.4586099800412,43.689516834571],[-79.4586105755489,43.6895167087684],[-79.4586111834612,43.6895165829703],[-79.4586117789689,43.6895164571677],[-79.4586123744765,43.6895163313651],[-79.4586129575796,43.6895162055581],[-79.4586135530872,43.6895160797555],[-79.4586141485949,43.6895159539529],[-79.4586147441025,43.6895158281503],[-79.4586153396102,43.6895157023478],[-79.4586159351178,43.6895155765452],[-79.4586165306316,43.6895154417413],[-79.4586171261393,43.6895153159386],[-79.4586177216469,43.6895151901361],[-79.4586183171545,43.6895150643335],[-79.4586189126622,43.6895149385309],[-79.4586195081698,43.6895148127282],[-79.4586201036836,43.6895146779243],[-79.4586206991913,43.6895145521217],[-79.4586212946989,43.6895144263191],[-79.4586218902065,43.6895143005165],[-79.4586224857203,43.6895141657125],[-79.4586230812279,43.6895140399099],[-79.4586236767355,43.6895139141072],[-79.4586242598447,43.6895137792988],[-79.4586248553523,43.6895136534962],[-79.4586254508599,43.6895135276935],[-79.4586260463737,43.6895133928896],[-79.4586266418813,43.689513267087],[-79.4586272373951,43.689513132283],[-79.4586278329027,43.6895130064804],[-79.4586284284165,43.6895128716764],[-79.4586290115195,43.6895127458693],[-79.4586296070332,43.6895126110653],[-79.4586302025408,43.6895124852626],[-79.4586307980546,43.6895123504587],[-79.4586313935622,43.689512224656],[-79.4586319890759,43.689512089852],[-79.4586325721789,43.6895119640449],[-79.4586331676927,43.6895118292409],[-79.4586337632064,43.6895116944369],[-79.458634358714,43.6895115686342],[-79.4586349542277,43.6895114338302],[-79.4586355373307,43.689511308023],[-79.4586361328444,43.689511173219],[-79.4586367283582,43.689511038415],[-79.4586373238719,43.689510903611],[-79.4586696595679,43.68958769639],[-79.458689586277,43.6896347983905],[-79.4587106771946,43.6896846101986],[-79.4587317557364,43.6897344309992],[-79.4587659000652,43.6898151489672],[-79.4587936292437,43.6898806974231],[-79.4588213584825,43.6899462458715],[-79.4588296438181,43.6899658446831],[-79.4588524192694,43.6900196626467],[-79.4588754300512,43.6900740657744],[-79.4588984532731,43.6901284779027],[-79.4589184174928,43.6901756698852],[-79.4589516953947,43.6902543261828],[-79.4589896300771,43.6903439927279],[-79.4589905217857,43.6903460993516],[-79.4590237874711,43.6904247556215],[-79.4590626016832,43.6905165197573],[-79.4591000537026,43.6906050159201],[-79.4591369236905,43.6906922066731],[-79.4591495811363,43.6907221315099],[-79.4591740910683,43.6907800366112],[-79.4592112337447,43.690867866527],[-79.4592495159946,43.6909583342157],[-79.4592862873523,43.6910452638423],[-79.4593095465965,43.6911002880508],[-79.4593230836138,43.6911322114672],[-79.4593597684767,43.6912189520096],[-79.4593989552726,43.6913115892767],[-79.4594308101188,43.6913868874302],[-79.4594619590931,43.691460502081],[-79.4594695264763,43.6914784353466],[-79.4594938883936,43.6915359982699],[-79.459525322396,43.6916102700971],[-79.4595530408161,43.6916758273457],[-79.4595807841128,43.6917413755943],[-79.4596074003719,43.6918042950588],[-79.4596294959598,43.6918565823898],[-79.4596317996835,43.6918619839807],[-79.4596562114469,43.6919196729013],[-79.4596827163683,43.6919823672746],[-79.4597093328343,43.6920452957141],[-79.4597359617611,43.692108224151],[-79.4597625783384,43.6921711525768],[-79.4597894798571,43.6922347291891],[-79.4598294111262,43.692329103804],[-79.4598693301153,43.692423478399],[-79.459895934578,43.6924863887834],[-79.4599217340631,43.6925473365964],[-79.459949453352,43.6926128847371],[-79.4599865982893,43.6927007143736],[-79.4600158535932,43.6927698455492],[-79.460045096559,43.6928389767121],[-79.460077275075,43.6929150038832],[-79.4601094288616,43.6929910310356],[-79.4601371609523,43.6930565971327],[-79.460259212643,43.6933450860815],[-79.457734467098,43.6939092545965],[-79.4577335382337,43.6939070489364],[-79.4576189896584,43.6936372377844]]]]},"properties":{"_id":46,"AREA_ID":52,"AREA_ATTR_ID":52,"PARENT_AREA_ID":null,"AREA_CLASS_ID":890,"AREA_CLASS":"OTHER_CEMETERY","AREA_SHORT_CODE":"None","AREA_LONG_CODE":"4001","AREA_NAME":"PROSPECT CEMETERY","AREA_DESC":"PROSPECT CEMETERY","OBJECTID":52}},{"type":"Feature","geometry":{"type":"MultiPolygon","coordinates":[[[[-79.4584406037766,43.6893605825679],[-79.4584399958842,43.6893606813612],[-79.458439387998,43.6893607711532],[-79.4584387925164,43.6893608609497],[-79.4584381846302,43.6893609507417],[-79.458437576744,43.6893610405336],[-79.4584369688516,43.6893611393269],[-79.4584363609654,43.6893612291188],[-79.4584357530792,43.6893613189108],[-79.458435145193,43.6893614087028],[-79.4584345373068,43.6893614984947],[-79.4584339294206,43.6893615882867],[-79.4584333215344,43.6893616780786],[-79.4584327136482,43.6893617678706],[-79.4584321057619,43.6893618576625],[-79.4584314978757,43.6893619474544],[-79.4584308899895,43.6893620372464],[-79.4584302821033,43.6893621270383],[-79.4584296742171,43.6893622168302],[-79.4584290663371,43.6893622976209],[-79.4584284584509,43.6893623874128],[-79.4584278505646,43.6893624772047],[-79.4584272426784,43.6893625669966],[-79.4584266347922,43.6893626567886],[-79.458426026906,43.6893627465804],[-79.4584254190259,43.6893628273711],[-79.4584248111397,43.689362917163],[-79.4584242032535,43.6893630069549],[-79.4584235829689,43.6893630877409],[-79.4584229750826,43.6893631775329],[-79.4584223671964,43.6893632673248],[-79.4584217593164,43.6893633481154],[-79.4584211514301,43.6893634379072],[-79.4584205435439,43.6893635276991],[-79.4584199356638,43.6893636084897],[-79.4584193277776,43.6893636982815],[-79.4584187198976,43.6893637790721],[-79.4584181120113,43.689363868864],[-79.4584175041313,43.6893639496546],[-79.458416896245,43.6893640394464],[-79.458416288365,43.689364120237],[-79.4584156680742,43.6893642100243],[-79.4584150601941,43.6893642908149],[-79.4584144523141,43.6893643716054],[-79.4584138444278,43.6893644613973],[-79.4584132365478,43.6893645421878],[-79.4584126286677,43.6893646229783],[-79.4584120207814,43.6893647127702],[-79.4584114129014,43.6893647935607],[-79.4584107926167,43.6893648743468],[-79.4584101847305,43.6893649641386],[-79.4584095768504,43.6893650449291],[-79.4584089689703,43.6893651257196],[-79.4584083610903,43.6893652065101],[-79.4584077532102,43.6893652873007],[-79.4584071453302,43.6893653680912],[-79.4584065250393,43.6893654578785],[-79.4584059171592,43.689365538669],[-79.4584053092792,43.6893656194595],[-79.4584047013991,43.68936570025],[-79.458404093519,43.6893657810405],[-79.458403485639,43.6893658618309],[-79.4584028653543,43.6893659426169],[-79.4584022574742,43.6893660234074],[-79.4584016495941,43.6893661041979],[-79.4584010417141,43.6893661849884],[-79.458400433834,43.6893662657789],[-79.4583998135493,43.6893663465648],[-79.4583992056692,43.6893664273553],[-79.4583985977954,43.6893664991444],[-79.4583979899153,43.6893665799349],[-79.4583973820352,43.6893666607254],[-79.4583967617505,43.6893667415113],[-79.4583961538704,43.6893668223018],[-79.4583955459966,43.6893668940909],[-79.4583949381165,43.6893669748814],[-79.4583943178318,43.6893670556673],[-79.4583937099517,43.6893671364577],[-79.4583931020778,43.6893672082469],[-79.4583924941977,43.6893672890373],[-79.458391873913,43.6893673698232],[-79.4583912660392,43.6893674416123],[-79.458390658159,43.6893675224028],[-79.4583900502852,43.6893675941919],[-79.4583894300005,43.6893676749778],[-79.4583888221266,43.6893677467669],[-79.4583882142465,43.6893678275573],[-79.4583876063726,43.6893678993465],[-79.4583869860879,43.6893679801323],[-79.458386378214,43.6893680519214],[-79.4583857703339,43.6893681327118],[-79.4583851624599,43.6893682045009],[-79.4583845421753,43.6893682852868],[-79.4583839343014,43.6893683570759],[-79.4583833264275,43.689368428865],[-79.4583827061428,43.6893685096509],[-79.4583820982689,43.68936858144],[-79.4583814903949,43.689368653229],[-79.4583808701102,43.6893687340149],[-79.4583802622363,43.6893688058039],[-79.4583796543624,43.689368877593],[-79.4583790340839,43.6893689493775],[-79.4583784262038,43.6893690301679],[-79.4583778183299,43.689369101957],[-79.4583771980514,43.6893691737415],[-79.4583765901775,43.6893692455306],[-79.4583759823035,43.6893693173196],[-79.4583753620251,43.6893693891042],[-79.4583747541511,43.6893694608932],[-79.4583741462772,43.6893695326822],[-79.4583735259987,43.6893696044667],[-79.4583729181248,43.6893696762558],[-79.4583723102508,43.6893697480448],[-79.4583716899723,43.6893698198293],[-79.4583710820984,43.6893698916183],[-79.4583704742245,43.6893699634074],[-79.458369853946,43.6893700351919],[-79.458369246072,43.6893701069809],[-79.4583686381981,43.6893701787699],[-79.4583680179196,43.6893702505544],[-79.4583674100456,43.6893703223434],[-79.4583667897733,43.6893703851265],[-79.4583661818994,43.6893704569155],[-79.4583655740254,43.6893705287045],[-79.4583649537469,43.689370600489],[-79.458364345873,43.689370672278],[-79.4583637256007,43.6893707350612],[-79.4583631177267,43.6893708068502],[-79.4583625098528,43.6893708786391],[-79.4583618895805,43.6893709414223],[-79.4583612817065,43.6893710132113],[-79.4583606614342,43.6893710759944],[-79.4583600535603,43.6893711477834],[-79.4583594332817,43.6893712195678],[-79.458358825414,43.6893712823555],[-79.45835821754,43.6893713541444],[-79.4583575972677,43.6893714169276],[-79.4583569893937,43.6893714887165],[-79.4583563691214,43.6893715514996],[-79.4583557612474,43.6893716232886],[-79.4583551409751,43.6893716860717],[-79.4583545331074,43.6893717488593],[-79.4583539252334,43.6893718206483],[-79.4583533049611,43.6893718834314],[-79.4583526970872,43.6893719552203],[-79.4583520768148,43.6893720180034],[-79.4583514689471,43.6893720807911],[-79.4583508486747,43.6893721435741],[-79.4583502408008,43.6893722153631],[-79.4583496205284,43.6893722781461],[-79.4583490126607,43.6893723409338],[-79.4583483923883,43.6893724037168],[-79.4583477845143,43.6893724755057],[-79.458347164242,43.6893725382888],[-79.4583465563743,43.6893726010764],[-79.4583459361019,43.6893726638595],[-79.4583453282342,43.6893727266471],[-79.4583441621169,43.6893728522403],[-79.4561489314547,43.6896009702341],[-79.4561477281081,43.689601104792],[-79.4561471202357,43.6896011675679],[-79.4561464999653,43.6896012213377],[-79.4561458920929,43.6896012841136],[-79.456145271816,43.6896013468847],[-79.4561446639371,43.6896014186619],[-79.4561440436601,43.689601481433],[-79.4561434357877,43.6896015442089],[-79.4561428155042,43.6896016159813],[-79.4561422076318,43.6896016787572],[-79.4561415873614,43.689601732527],[-79.4561409794824,43.6896018043041],[-79.4561403591989,43.6896018760765],[-79.4561397513265,43.6896019388524],[-79.4561391310561,43.6896019926222],[-79.4561385231706,43.6896020734006],[-79.4561379028936,43.6896021361717],[-79.4561372950212,43.6896021989475],[-79.4561366871489,43.6896022617234],[-79.4561360668587,43.6896023424971],[-79.4561354589929,43.6896023962716],[-79.4561348387159,43.6896024590427],[-79.4561342308304,43.6896025398211],[-79.4561336105534,43.6896026025921],[-79.456133002681,43.689602665368],[-79.4561323947955,43.6896027461464],[-79.4561317745185,43.6896028089174],[-79.4561311666461,43.6896028716932],[-79.456130546356,43.6896029524669],[-79.4561299384902,43.6896030062414],[-79.4561293306112,43.6896030780185],[-79.4561287103211,43.6896031587921],[-79.4561281024553,43.6896032125666],[-79.4561274821651,43.6896032933402],[-79.4561268742862,43.6896033651173],[-79.4561262664138,43.6896034278931],[-79.4561256461236,43.6896035086667],[-79.4561250382512,43.6896035714425],[-79.4561244179742,43.6896036342135],[-79.4561238100887,43.6896037149919],[-79.4561232022163,43.6896037777676],[-79.4561225819261,43.6896038585412],[-79.4561219740471,43.6896039303183],[-79.4561213661747,43.689603993094],[-79.4561207458846,43.6896040738676],[-79.4561201380122,43.6896041366434],[-79.4561195301266,43.6896042174217],[-79.456118909843,43.689604289194],[-79.4561183019575,43.6896043699723],[-79.4561176940851,43.6896044327481],[-79.4561170738015,43.6896045045203],[-79.4561164659159,43.6896045852987],[-79.4561158580435,43.6896046480744],[-79.4561152377468,43.6896047378492],[-79.4561146298743,43.689604800625],[-79.4561140219888,43.6896048814033],[-79.4561134017117,43.6896049441742],[-79.4561127938196,43.6896050339538],[-79.4561121859406,43.6896051057308],[-79.456111565657,43.6896051775031],[-79.4561109577714,43.6896052582814],[-79.4561103498925,43.6896053300583],[-79.4561097420069,43.6896054108367],[-79.4561091217233,43.6896054826089],[-79.4561085138377,43.6896055633872],[-79.4561079059587,43.6896056351641],[-79.4561072856685,43.6896057159376],[-79.4561066777895,43.6896057877146],[-79.4561060699039,43.6896058684929],[-79.4561054620249,43.6896059402699],[-79.4561048417347,43.6896060210434],[-79.4561042338491,43.6896061018216],[-79.4561036259701,43.6896061735986],[-79.4561030180845,43.6896062543768],[-79.4561023977943,43.6896063351503],[-79.4561017899088,43.6896064159286],[-79.4561011820297,43.6896064877055],[-79.4561005741442,43.6896065684838],[-79.4560999662586,43.689606649262],[-79.4560993459684,43.6896067300355],[-79.4560987380828,43.6896068108137],[-79.4560981302037,43.6896068825906],[-79.4560975223181,43.6896069633689],[-79.4560969144325,43.6896070441471],[-79.4560962941423,43.6896071249205],[-79.4560956862567,43.6896072056987],[-79.4560950783711,43.6896072864769],[-79.4560944704855,43.6896073672551],[-79.4560938625999,43.6896074480333],[-79.4560932423097,43.6896075288068],[-79.4560926344241,43.689607609585],[-79.4560920265319,43.6896076993645],[-79.4560914186463,43.6896077801427],[-79.4560908107607,43.6896078609209],[-79.4560902028751,43.689607941699],[-79.4560895949895,43.6896080224772],[-79.4560889746992,43.6896081032506],[-79.456088366807,43.6896081930301],[-79.4560877589214,43.6896082738083],[-79.4560871510358,43.6896083545865],[-79.4560865431436,43.6896084443659],[-79.456085935258,43.6896085251441],[-79.4560853273723,43.6896086059222],[-79.4560847194801,43.6896086957017],[-79.4560840991899,43.6896087764751],[-79.4560834913043,43.6896088572532],[-79.4560828834121,43.6896089470327],[-79.4560822755264,43.6896090278108],[-79.4560816676342,43.6896091175903],[-79.4560810597486,43.6896091983684],[-79.4560804518564,43.6896092881478],[-79.4560798439707,43.689609368926],[-79.4560792360785,43.6896094587054],[-79.4560786281863,43.6896095484848],[-79.4560780203007,43.6896096292629],[-79.4560774124084,43.6896097190423],[-79.4560767921116,43.689609808817],[-79.4560761842259,43.6896098895951],[-79.4560755763337,43.6896099793745],[-79.4560749684415,43.6896100691539],[-79.4560743605493,43.6896101589333],[-79.4560737526636,43.6896102397114],[-79.4560731447714,43.6896103294908],[-79.4560725368791,43.6896104192702],[-79.4560719289869,43.6896105090495],[-79.4560713210947,43.6896105988289],[-79.4560707132024,43.6896106886083],[-79.4560701053102,43.6896107783877],[-79.456069497418,43.689610868167],[-79.4560688895257,43.6896109579464],[-79.4560682816334,43.6896110477258],[-79.4560676737412,43.6896111375051],[-79.456067065849,43.6896112272845],[-79.4560664579567,43.6896113170639],[-79.4560658500645,43.6896114068432],[-79.4560652421722,43.6896114966226],[-79.45606463428,43.6896115864019],[-79.4560640263877,43.6896116761813],[-79.4560634184954,43.6896117659606],[-79.4560628105966,43.6896118647412],[-79.456062215109,43.6896119545253],[-79.4560616072167,43.6896120443047],[-79.4560609993244,43.689612134084],[-79.4560603914256,43.6896122328646],[-79.4560597835333,43.6896123226439],[-79.456059175641,43.6896124124232],[-79.4560585677422,43.6896125112039],[-79.4560579598499,43.6896126009832],[-79.4560573519577,43.6896126907625],[-79.4560567440588,43.6896127895431],[-79.4560561361665,43.6896128793224],[-79.4560555282677,43.689612978103],[-79.45605493278,43.689613067887],[-79.4560543248811,43.6896131666676],[-79.4560537169888,43.6896132564469],[-79.45605310909,43.6896133552275],[-79.4560525011911,43.6896134540081],[-79.4560518932988,43.6896135437873],[-79.4560512854,43.6896136425679],[-79.4560506899123,43.6896137323519],[-79.4560500820134,43.6896138311325],[-79.4560494741145,43.6896139299131],[-79.4560488662157,43.6896140286936],[-79.4560482583233,43.6896141184729],[-79.4560476504245,43.6896142172534],[-79.4560470549302,43.6896143160387],[-79.4560464470313,43.6896144148193],[-79.4560458391324,43.6896145135998],[-79.4560452312401,43.6896146033791],[-79.4560446233412,43.6896147021596],[-79.456044027847,43.6896148009449],[-79.4560434199481,43.6896148997255],[-79.4560428120492,43.689614998506],[-79.4560422041503,43.6896150972865],[-79.4560415962514,43.689615196067],[-79.4560410007571,43.6896152948523],[-79.4560403928582,43.6896153936328],[-79.4560397849593,43.6896154924133],[-79.4560391770604,43.6896155911938],[-79.4560385815661,43.6896156899791],[-79.4560379736606,43.6896157977609],[-79.4560373657617,43.6896158965414],[-79.4560367578628,43.6896159953219],[-79.4560361623685,43.6896160941072],[-79.4560355544696,43.6896161928877],[-79.4560349465641,43.6896163006694],[-79.4560343510698,43.6896163994547],[-79.4560337431708,43.6896164982352],[-79.4560331352653,43.6896166060169],[-79.4560325273664,43.6896167047974],[-79.4560319318721,43.6896168035827],[-79.4560313239666,43.6896169113644],[-79.4560307160677,43.6896170101449],[-79.4560301205734,43.6896171089301],[-79.4560295126678,43.6896172167119],[-79.4560289047689,43.6896173154923],[-79.456028309268,43.6896174232788],[-79.456027701369,43.6896175220593],[-79.4560270934635,43.689617629841],[-79.4560264979626,43.6896177376275],[-79.4560258900637,43.689617836408],[-79.4560252821581,43.6896179441897],[-79.4560246866638,43.6896180429749],[-79.4560240787582,43.6896181507566],[-79.4560234832574,43.6896182585431],[-79.4560228753584,43.6896183573235],[-79.4560222674529,43.6896184651052],[-79.4560216719519,43.6896185728917],[-79.4560210640464,43.6896186806734],[-79.456020468552,43.6896187794586],[-79.4560198606465,43.6896188872403],[-79.4560192527409,43.689618995022],[-79.45601865724,43.6896191028085],[-79.4560180493344,43.6896192105902],[-79.4560174538335,43.6896193183766],[-79.4560168459279,43.6896194261583],[-79.456016250427,43.6896195339448],[-79.4560156425215,43.6896196417264],[-79.4560150470205,43.6896197495129],[-79.4560144391149,43.6896198572945],[-79.4560138312094,43.6896199650762],[-79.4560132357084,43.6896200728626],[-79.4560126278028,43.6896201806443],[-79.4560120323019,43.6896202884307],[-79.4560114243963,43.6896203962124],[-79.4560108288954,43.6896205039988],[-79.4560102209898,43.6896206117805],[-79.4560096254822,43.6896207285682],[-79.4560090175766,43.6896208363498],[-79.4560084220757,43.6896209441362],[-79.4560078265747,43.6896210519227],[-79.4560072186625,43.6896211687056],[-79.4560066231616,43.689621276492],[-79.456006015256,43.6896213842736],[-79.4560054197484,43.6896215010613],[-79.4560048118428,43.6896216088429],[-79.4560042163352,43.6896217256306],[-79.4560036084296,43.6896218334122],[-79.4560030129286,43.6896219411986],[-79.4560024174211,43.6896220579863],[-79.4560018095154,43.6896221657679],[-79.4560012140079,43.6896222825556],[-79.4560006061023,43.6896223903372],[-79.4560000105947,43.6896225071248],[-79.4559994150871,43.6896226239125],[-79.4559988071815,43.6896227316941],[-79.4559982116739,43.6896228484818],[-79.4559976037617,43.6896229652646],[-79.4559970082607,43.689623073051],[-79.4559964127531,43.6896231898386],[-79.4559958048409,43.6896233066215],[-79.4559952093399,43.6896234144078],[-79.4559946138323,43.6896235311955],[-79.45599400592,43.6896236479783],[-79.4559934104124,43.689623764766],[-79.4559928149048,43.6896238815536],[-79.4559922069992,43.6896239893351],[-79.4559916114916,43.6896241061228],[-79.455991015984,43.6896242229104],[-79.4559904080717,43.6896243396933],[-79.4559898125641,43.6896244564809],[-79.4559892170565,43.6896245732685],[-79.4559886215489,43.6896246900561],[-79.4559880136366,43.6896248068389],[-79.455987418129,43.6896249236265],[-79.4559868226214,43.6896250404141],[-79.4559862147091,43.6896251571969],[-79.4559856192015,43.6896252739845],[-79.4559850236938,43.6896253907721],[-79.4559844281796,43.689625516561],[-79.455983832672,43.6896256333486],[-79.4559832247597,43.6896257501314],[-79.4559826292521,43.6896258669189],[-79.4559820337444,43.6896259837065],[-79.4559814382302,43.6896261094954],[-79.4559808303179,43.6896262262782],[-79.4559802348103,43.6896263430657],[-79.455979639296,43.6896264688546],[-79.4559790437884,43.6896265856421],[-79.4559784482807,43.6896267024297],[-79.4559778527665,43.6896268282185],[-79.4559772448542,43.6896269450013],[-79.4559766493399,43.6896270707901],[-79.4559760538322,43.6896271875777],[-79.455975458318,43.6896273133665],[-79.4559748628103,43.6896274301541],[-79.4559742672961,43.6896275559429],[-79.4559736593837,43.6896276727256],[-79.4559730638695,43.6896277985144],[-79.4559724683618,43.689627915302],[-79.4559718728475,43.6896280410908],[-79.4559712773333,43.6896281668796],[-79.4559706818256,43.6896282836671],[-79.4559700863113,43.6896284094559],[-79.455969490797,43.6896285352447],[-79.4559688952893,43.6896286520323],[-79.455968299775,43.689628777821],[-79.4559677042608,43.6896289036098],[-79.4559671087465,43.6896290293986],[-79.4559665008275,43.6896291551827],[-79.4559659053198,43.6896292719701],[-79.4559653098055,43.6896293977589],[-79.4559647142912,43.6896295235477],[-79.4559641187769,43.6896296493365],[-79.4559635232626,43.6896297751252],[-79.4559629277483,43.689629900914],[-79.455962332234,43.6896300267028],[-79.4559617367197,43.6896301524915],[-79.4559611412054,43.6896302782803],[-79.4559605456911,43.689630404069],[-79.4559599501768,43.6896305298578],[-79.4559593546624,43.6896306556466],[-79.4559587591481,43.6896307814353],[-79.4559581636338,43.6896309072241],[-79.4559575681129,43.6896310420141],[-79.4559569850032,43.6896311678076],[-79.4559563894888,43.6896312935963],[-79.4559557939745,43.6896314193851],[-79.4559551984536,43.6896315541751],[-79.4559546029392,43.6896316799638],[-79.4559540074249,43.6896318057525],[-79.4559534119105,43.6896319315413],[-79.4559528163896,43.6896320663313],[-79.4559522208752,43.68963219212],[-79.4559516253609,43.6896323179087],[-79.4559510298399,43.6896324526987],[-79.4559504467302,43.6896325784922],[-79.4559498512092,43.6896327132822],[-79.4559492556949,43.6896328390709],[-79.4559486601739,43.6896329738609],[-79.4559480646596,43.6896330996496],[-79.4559474691386,43.6896332344395],[-79.4559468736242,43.6896333602282],[-79.4559462905079,43.689633495023],[-79.4559456949869,43.689633629813],[-79.4559450994725,43.6896337556017],[-79.4559445039515,43.6896338903916],[-79.4559439084372,43.6896340161803],[-79.4559433253208,43.689634150975],[-79.4559427297998,43.689634285765],[-79.4559421342789,43.689634420555],[-79.4557867457427,43.6892570710926],[-79.4557603475373,43.6891913513907],[-79.4557339618006,43.6891256226854],[-79.4557072287357,43.6890599748504],[-79.4556803840753,43.6889943449678],[-79.4556535518778,43.6889287150829],[-79.4556267197322,43.6888630941923],[-79.4555998752406,43.6887974732898],[-79.4555730308141,43.688731843379],[-79.4555677560301,43.6887189604677],[-79.4555461988505,43.688666213466],[-79.4555355131384,43.6886400695327],[-79.4555107737962,43.6885795891684],[-79.455505176684,43.6885664900972],[-79.4554738848791,43.6884932973364],[-79.455446283925,43.6884278471237],[-79.4554430647166,43.688419834711],[-79.4554199112764,43.688362109341],[-79.4554182273694,43.6883579410818],[-79.4553934890546,43.6882963895346],[-79.4553670917058,43.6882306607299],[-79.4553409921652,43.6881648690255],[-79.4553140118284,43.6880992749987],[-79.4552873044918,43.6880336180625],[-79.4552783769162,43.6880121824707],[-79.4552600017073,43.6879680959057],[-79.4552456018394,43.6879326971501],[-79.4552332944876,43.6879024389554],[-79.4552132486677,43.68785311297],[-79.4552065997304,43.6878367820029],[-79.4551799050314,43.6877711250435],[-79.4551529126354,43.6877055399708],[-79.4551255977415,43.6876400177734],[-79.4550982953113,43.6875744955737],[-79.455071625749,43.6875087125776],[-79.4549652701047,43.6872462287445],[-79.4549372884622,43.6871771507195],[-79.454776082912,43.6867829469872],[-79.4546907246287,43.6866097190994],[-79.4545561016288,43.6863005788771],[-79.4545276591275,43.6862352360986],[-79.454499216688,43.6861698933122],[-79.4544707495023,43.6861045505081],[-79.4544423071794,43.6860392167074],[-79.4544138277542,43.685973819875],[-79.4543853607742,43.6859084500436],[-79.4543642984865,43.6858600596222],[-79.4543568938765,43.6858430532005],[-79.4543358192239,43.6857946717697],[-79.4543284146231,43.6857776743472],[-79.4543173077367,43.6857521692113],[-79.454299947849,43.6857122774885],[-79.4542714687192,43.6856468986196],[-79.4542430020687,43.6855815017452],[-79.4542145354732,43.6855161138643],[-79.4541860565356,43.6854507259707],[-79.4541575900637,43.6853853380742],[-79.4541291112429,43.6853199591662],[-79.4541006448945,43.685254571254],[-79.4540678944098,43.685179370189],[-79.4540667676708,43.6851767503561],[-79.4540583003776,43.6851546757506],[-79.4539402998355,43.6848681796901],[-79.4538705756858,43.6846943453415],[-79.4535384496525,43.6838836070785],[-79.4560297850135,43.6833348736203],[-79.4574898683358,43.6867774894818],[-79.4575032052832,43.6868089449957],[-79.4575310061284,43.6868744938191],[-79.4575699274159,43.6869662585586],[-79.4576233004189,43.6870920985745],[-79.4576913137126,43.6872663439881],[-79.4578088756005,43.6875383437979],[-79.4578314269804,43.6875906856915],[-79.4578539907912,43.6876430455874],[-79.4578764925885,43.6876954504621],[-79.4579040089073,43.6877610620888],[-79.4579312895738,43.6878267186279],[-79.4579571653227,43.6878970913252],[-79.4579866882307,43.6879671233069],[-79.4580120997612,43.6880274323641],[-79.4580320005561,43.6880746424982],[-79.4580397280621,43.6880929809864],[-79.4580507744337,43.6881192058322],[-79.458080532853,43.688189795954],[-79.4581071953677,43.6882530398707],[-79.4581338579384,43.6883162837806],[-79.4581637775152,43.6883872969985],[-79.4581914309236,43.6884528905956],[-79.4582024650605,43.6884790614128],[-79.4582300937693,43.6885446189853],[-79.4582577225383,43.6886101765504],[-79.4582729947537,43.6886067526308],[-79.4583153102614,43.6887084017557],[-79.4583650561968,43.6888279661577],[-79.4585226668842,43.6892066451429],[-79.4585761784355,43.6893352121085],[-79.4585755829234,43.6893353469122],[-79.4585749874113,43.6893354817159],[-79.4585743918991,43.6893356165196],[-79.4585738087977,43.6893357423265],[-79.4585732132856,43.6893358771301],[-79.4585726177734,43.6893360119338],[-79.4585720222613,43.6893361467375],[-79.4585714391537,43.6893362815456],[-79.4585708436477,43.689336407348],[-79.4585702481356,43.6893365421517],[-79.4585696526234,43.6893366769553],[-79.4585690571174,43.6893368027577],[-79.4585684740098,43.6893369375658],[-79.4585678784976,43.6893370723695],[-79.4585672829917,43.6893371981718],[-79.4585666874795,43.6893373329754],[-79.4585660919735,43.6893374587778],[-79.4585654964613,43.6893375935814],[-79.4585644295074,43.6893378272285],[-79.4585638339953,43.6893379620321],[-79.4585632384892,43.6893380878344],[-79.4585626429832,43.6893382136367],[-79.4585620474773,43.6893383394391],[-79.458561451965,43.6893384742427],[-79.458560856459,43.689338600045],[-79.458560260953,43.6893387258473],[-79.458559665447,43.6893388516496],[-79.4585590823394,43.6893389864577],[-79.4585584868333,43.68933911226],[-79.4585578913274,43.6893392380623],[-79.4585572958213,43.6893393638646],[-79.4585567003153,43.6893394896669],[-79.4585561048093,43.6893396154692],[-79.4585555093033,43.6893397412715],[-79.4585549137972,43.6893398670738],[-79.4585543182912,43.6893399928761],[-79.4585537227852,43.6893401186783],[-79.4585531272791,43.6893402444806],[-79.4585525317731,43.6893403702829],[-79.458551936267,43.6893404960851],[-79.458551340761,43.6893406218874],[-79.4585507452549,43.6893407476897],[-79.4585501497489,43.6893408734919],[-79.4585495542428,43.6893409992942],[-79.4585489463384,43.6893411160906],[-79.4585483508324,43.6893412418929],[-79.4585477553263,43.6893413676951],[-79.4585471598202,43.6893414934974],[-79.4585465643142,43.6893416192996],[-79.4585459688143,43.6893417361005],[-79.4585453733082,43.6893418619028],[-79.4585447778022,43.689341987705],[-79.4585441823023,43.6893421045059],[-79.4585435867962,43.6893422303081],[-79.4585429912901,43.6893423561104],[-79.4585423957902,43.6893424729113],[-79.4585417878796,43.689342598709],[-79.4585411923797,43.6893427155099],[-79.4585405968736,43.6893428413121],[-79.4585400013675,43.6893429671143],[-79.4585394058676,43.6893430839152],[-79.4585388103615,43.6893432097174],[-79.4585382148616,43.6893433265183],[-79.4585376069572,43.6893434433147],[-79.458537011451,43.6893435691169],[-79.4585364159511,43.6893436859178],[-79.458535820445,43.68934381172],[-79.4585352249451,43.6893439285209],[-79.4585346294452,43.6893440453218],[-79.4585340215345,43.6893441711194],[-79.4585334260346,43.6893442879203],[-79.4585328305347,43.6893444047212],[-79.4585322350286,43.6893445305233],[-79.4585316395286,43.6893446473242],[-79.4585310316241,43.6893447641205],[-79.4585304361242,43.6893448809214],[-79.4585298406181,43.6893450067236],[-79.4585292451181,43.6893451235244],[-79.4585286496182,43.6893452403253],[-79.4585280417137,43.6893453571216],[-79.4585274462138,43.6893454739225],[-79.4585268507138,43.6893455907233],[-79.4585262552139,43.6893457075241],[-79.4585256473031,43.6893458333218],[-79.4585250518032,43.6893459501226],[-79.4585244563033,43.6893460669234],[-79.4585238483987,43.6893461837197],[-79.4585232528987,43.6893463005206],[-79.4585226573988,43.6893464173214],[-79.4585220618988,43.6893465341222],[-79.4585214540005,43.6893466419172],[-79.4585208585005,43.689346758718],[-79.4585202630006,43.6893468755188],[-79.4585196550961,43.6893469923151],[-79.4585190595961,43.6893471091159],[-79.4585184640961,43.6893472259167],[-79.4585178561915,43.689347342713],[-79.4585172606978,43.6893474505125],[-79.4585166651978,43.6893475673133],[-79.4585160572932,43.6893476841096],[-79.4585154617932,43.6893478009103],[-79.4585148662995,43.6893479087098],[-79.4585142583949,43.6893480255061],[-79.4585136628949,43.6893481423069],[-79.4585130674011,43.6893482501063],[-79.4585124594965,43.6893483669026],[-79.4585118639965,43.6893484837033],[-79.4585112560982,43.6893485914983],[-79.4585106605982,43.6893487082991],[-79.4585100651043,43.6893488160985],[-79.4585094571998,43.6893489328948],[-79.458508861706,43.6893490406942],[-79.4585082538014,43.6893491574905],[-79.4585076583076,43.6893492652899],[-79.458507050403,43.6893493820861],[-79.4585064549092,43.6893494898856],[-79.4585058594091,43.6893496066863],[-79.4585052515107,43.6893497144812],[-79.4585046560169,43.6893498222806],[-79.4585040481123,43.6893499390768],[-79.4585034526185,43.6893500468763],[-79.4585028447201,43.6893501546712],[-79.45850224922,43.6893502714719],[-79.4585016413217,43.6893503792668],[-79.4585010458278,43.6893504870662],[-79.4585004379294,43.6893505948611],[-79.4584998424294,43.6893507116618],[-79.4584992345309,43.6893508194567],[-79.4584986390371,43.6893509272561],[-79.4584980311387,43.689351035051],[-79.4584974356448,43.6893511428504],[-79.4584968277464,43.6893512506453],[-79.4584962322525,43.6893513584446],[-79.4584956243542,43.6893514662395],[-79.4584950288541,43.6893515830402],[-79.4584944209556,43.6893516908351],[-79.4584938254618,43.6893517986344],[-79.4584932175633,43.6893519064293],[-79.4584926220695,43.6893520142286],[-79.4584920141773,43.6893521130222],[-79.4584914186834,43.6893522208215],[-79.4584908107849,43.6893523286164],[-79.4584902152911,43.6893524364158],[-79.4584896073926,43.6893525442106],[-79.4584889994942,43.6893526520055],[-79.4584884040003,43.6893527598048],[-79.4584877961018,43.6893528675996],[-79.4584872006141,43.6893529663977],[-79.4584865927157,43.6893530741925],[-79.4584859848172,43.6893531819873],[-79.4584853893233,43.6893532897866],[-79.4584847814311,43.6893533885802],[-79.4584841859372,43.6893534963795],[-79.4584835780387,43.6893536041743],[-79.4584829701465,43.6893537029678],[-79.4584823746526,43.6893538107671],[-79.4584817667541,43.6893539185619],[-79.4584811588618,43.6893540173554],[-79.4584805633679,43.6893541251547],[-79.4584799554756,43.6893542239482],[-79.4584793599817,43.6893543317475],[-79.4584787520894,43.689354430541],[-79.458478144191,43.6893545383358],[-79.4584775487033,43.6893546371337],[-79.4584769408048,43.6893547449285],[-79.4584763329125,43.689354843722],[-79.4584757374185,43.6893549515213],[-79.4584751295263,43.6893550503148],[-79.458474521634,43.6893551491082],[-79.4584739137355,43.689355256903],[-79.4584733182477,43.6893553557009],[-79.4584727103555,43.6893554544944],[-79.4584721024569,43.6893555622891],[-79.4584715069692,43.6893556610871],[-79.4584708990769,43.6893557598805],[-79.4584702911784,43.6893558676753],[-79.4584696832861,43.6893559664687],[-79.4584690877983,43.6893560652667],[-79.458468479906,43.6893561640601],[-79.4584678720137,43.6893562628535],[-79.458467276526,43.6893563616515],[-79.4584666686337,43.6893564604449],[-79.4584660607351,43.6893565682396],[-79.4584654528428,43.689356667033],[-79.4584648573551,43.6893567658309],[-79.4584642494627,43.6893568646243],[-79.4584636415704,43.6893569634178],[-79.4584630336781,43.6893570622112],[-79.4584624257857,43.6893571610046],[-79.458461830298,43.6893572598025],[-79.4584612224056,43.6893573585959],[-79.4584606145133,43.6893574573893],[-79.4584600066272,43.6893575471814],[-79.4584593987348,43.6893576459747],[-79.4584588032471,43.6893577447726],[-79.4584581953547,43.689357843566],[-79.4584575874624,43.6893579423594],[-79.45845697957,43.6893580411527],[-79.4584563716839,43.6893581309448],[-79.4584557761961,43.6893582297427],[-79.4584551683038,43.6893583285361],[-79.4584545604114,43.6893584273294],[-79.4584539525253,43.6893585171215],[-79.4584533446329,43.6893586159148],[-79.4584527367405,43.6893587147082],[-79.4584521288544,43.6893588045002],[-79.4584515333666,43.6893589032981],[-79.4584509254804,43.6893589930901],[-79.4584503175881,43.6893590918834],[-79.4584497096957,43.6893591906768],[-79.4584491018095,43.6893592804688],[-79.4584484939172,43.6893593792621],[-79.458447886031,43.6893594690542],[-79.4584472781386,43.6893595678475],[-79.458446682657,43.689359657644],[-79.4584460747708,43.689359747436],[-79.4584454668785,43.6893598462293],[-79.4584448589923,43.6893599360213],[-79.4584442510999,43.6893600348147],[-79.4584436432137,43.6893601246067],[-79.4584430353275,43.6893602143987],[-79.4584424274352,43.689360313192],[-79.458441819549,43.689360402984],[-79.4584412116628,43.6893604927759],[-79.4584406037766,43.6893605825679]]]]},"properties":{"_id":49,"AREA_ID":55,"AREA_ATTR_ID":55,"PARENT_AREA_ID":null,"AREA_CLASS_ID":890,"AREA_CLASS":"OTHER_CEMETERY","AREA_SHORT_CODE":"None","AREA_LONG_CODE":"4001","AREA_NAME":"PROSPECT CEMETERY","AREA_DESC":"PROSPECT CEMETERY","OBJECTID":55}},{"type":"Feature","geometry":{"type":"MultiPolygon","coordinates":[[[[-79.4505973040011,43.6767074895326],[-79.4504863182451,43.6764366548111],[-79.4515685013517,43.6761996186029],[-79.4528863632231,43.675910947929],[-79.4529662818241,43.6760997295326],[-79.4530140153554,43.6762124816998],[-79.4552299341233,43.6814462412156],[-79.4556940890736,43.682542358705],[-79.4559563970569,43.6831618222015],[-79.4534673384318,43.6837100149255],[-79.4532099595382,43.6830821045673],[-79.4522695879249,43.6807878846227],[-79.4505973040011,43.6767074895326]]]]},"properties":{"_id":51,"AREA_ID":57,"AREA_ATTR_ID":57,"PARENT_AREA_ID":null,"AREA_CLASS_ID":890,"AREA_CLASS":"OTHER_CEMETERY","AREA_SHORT_CODE":"None","AREA_LONG_CODE":"4001","AREA_NAME":"PROSPECT CEMETERY","AREA_DESC":"PROSPECT CEMETERY","OBJECTID":57}},{"type":"Feature","geometry":{"type":"MultiPolygon","coordinates":[[[[-79.4884280829123,43.6994831583134],[-79.488402317566,43.6993373529072],[-79.4882719808983,43.6985991802729],[-79.4882025444919,43.6982059429742],[-79.4881358744999,43.6978812146831],[-79.4880909743149,43.6977015983461],[-79.4880527405466,43.6975643787434],[-79.4880012135503,43.6973966433672],[-79.4879555982516,43.6972606111195],[-79.4879067202136,43.6971251815914],[-79.4878545670418,43.696990399784],[-79.4877735322219,43.6967966924337],[-79.4877135634532,43.6966636199626],[-79.4876504064316,43.696531339226],[-79.4875840611717,43.6963998682212],[-79.4875145773046,43.6962692609558],[-79.4874419672463,43.6961395534305],[-79.48736624341,43.6960107906476],[-79.4872874306185,43.6958829996072],[-79.4872055536898,43.6957562253125],[-79.487205243642,43.6957557572107],[-79.4872049707985,43.6957553521222],[-79.4872047103609,43.695754947035],[-79.4872044375193,43.6957545329452],[-79.4872041646758,43.6957541278566],[-79.4872039042381,43.6957537227694],[-79.4872036313946,43.6957533176808],[-79.4872033585511,43.6957529125922],[-79.4872030981135,43.695752507505],[-79.48720282527,43.6957521024164],[-79.4872025524265,43.6957516973279],[-79.4872022919889,43.6957512922407],[-79.4872020191454,43.6957508871521],[-79.4872017587078,43.6957504820649],[-79.4872014858644,43.6957500769764],[-79.4872012130209,43.6957496718878],[-79.4872009525833,43.6957492668006],[-79.4872006797417,43.6957488527107],[-79.4872004068983,43.6957484476221],[-79.4872001464607,43.6957480425349],[-79.4871998736173,43.6957476374463],[-79.4871996007738,43.6957472323578],[-79.4871993279303,43.6957468272692],[-79.4871990674928,43.695746422182],[-79.4871987946493,43.6957460170934],[-79.4871985218059,43.6957456120048],[-79.4871982613684,43.6957452069176],[-79.4871979885249,43.695744801829],[-79.4871977156815,43.6957443967404],[-79.4871974552439,43.6957439916532],[-79.4871971824005,43.6957435865646],[-79.4871969095571,43.695743181476],[-79.4871966491196,43.6957427763888],[-79.4871963762762,43.6957423713002],[-79.4871961034328,43.6957419662117],[-79.4871958305894,43.6957415611231],[-79.4871955701519,43.6957411560359],[-79.4871952973085,43.6957407509472],[-79.4871950244651,43.6957403458586],[-79.4871947516236,43.6957399317688],[-79.4871944911861,43.6957395266816],[-79.4871942183427,43.695739121593],[-79.4871939454993,43.6957387165044],[-79.4871936850619,43.6957383114172],[-79.4871934122185,43.6957379063286],[-79.4871931393751,43.6957375012399],[-79.4871928665318,43.6957370961514],[-79.4871926060943,43.6957366910642],[-79.4871923332509,43.6957362859756],[-79.4871920604076,43.695735880887],[-79.4871917875642,43.6957354757983],[-79.4871915271268,43.6957350707111],[-79.4871912542834,43.6957346656225],[-79.4871909814401,43.6957342605339],[-79.4871907085968,43.6957338554453],[-79.4871904481593,43.6957334503581],[-79.487190175316,43.6957330452695],[-79.4871899024727,43.6957326401809],[-79.4871896296293,43.6957322350923],[-79.487189356786,43.6957318300037],[-79.4871890963486,43.6957314249165],[-79.4871888235053,43.6957310198278],[-79.487188550662,43.6957306147392],[-79.4871882778187,43.6957302096506],[-79.4871880173813,43.6957298045634],[-79.487187744538,43.6957293994748],[-79.4871874716947,43.6957289943862],[-79.4871871988514,43.6957285892975],[-79.4871869260081,43.6957281842089],[-79.4871866655707,43.6957277791217],[-79.4871863927275,43.6957273740331],[-79.4871861198842,43.6957269689445],[-79.4871858470409,43.6957265638559],[-79.4871855741977,43.6957261587672],[-79.4871853137603,43.69572575368],[-79.487185040917,43.6957253485914],[-79.4871847680738,43.6957249435028],[-79.4871844952305,43.6957245384141],[-79.4871842223873,43.6957241333255],[-79.487183949544,43.6957237282369],[-79.4871836891067,43.6957233231497],[-79.4871834162634,43.695722918061],[-79.4871831434202,43.6957225129724],[-79.487182870577,43.6957221078838],[-79.4871825977337,43.6957217027951],[-79.4871823248905,43.6957212977065],[-79.4871820644532,43.6957208926193],[-79.48718179161,43.6957204875307],[-79.4871815187668,43.695720082442],[-79.4871812459236,43.6957196773534],[-79.4871809730803,43.6957192722648],[-79.4871807002372,43.6957188671761],[-79.487180427394,43.6957184620875],[-79.4871801669566,43.6957180570003],[-79.4871798941116,43.6957176609129],[-79.4871796212684,43.6957172558243],[-79.4871793484252,43.6957168507356],[-79.487179075582,43.695716445647],[-79.4871788027388,43.6957160405584],[-79.4871785298957,43.6957156354697],[-79.4871782570525,43.6957152303811],[-79.4871779966152,43.6957148252938],[-79.4871777237721,43.6957144202052],[-79.4868129114471,43.6951705117539],[-79.4869714774186,43.6951345427773],[-79.4869835612142,43.6951318617694],[-79.486984144254,43.6951320058565],[-79.4869847272918,43.6951321589448],[-79.4869853227374,43.6951323030332],[-79.4869859057772,43.6951324471203],[-79.486986488817,43.6951325912073],[-79.4869870842626,43.6951327352957],[-79.4869876673024,43.6951328793827],[-79.4869882503402,43.695133032471],[-79.48698883338,43.6951331765581],[-79.4869894288256,43.6951333206465],[-79.4869900118654,43.6951334647335],[-79.4869905949033,43.6951336178218],[-79.4869911903489,43.6951337619102],[-79.4869917733887,43.6951339059972],[-79.4869923564266,43.6951340590855],[-79.4869929394664,43.6951342031725],[-79.486993534912,43.6951343472609],[-79.4869941179499,43.6951345003492],[-79.4869947009898,43.6951346444362],[-79.4869952840277,43.6951347975244],[-79.4869958670675,43.6951349416114],[-79.4869964625131,43.6951350856998],[-79.486997045551,43.6951352387881],[-79.4869976285909,43.695135382875],[-79.4869982116288,43.6951355359633],[-79.4869987946687,43.6951356800502],[-79.4869993901124,43.6951358331399],[-79.4869999731522,43.6951359772269],[-79.4870005561902,43.6951361303151],[-79.4870011392281,43.6951362834034],[-79.4870017222679,43.6951364274903],[-79.4870023177117,43.69513658058],[-79.4870029007515,43.6951367246669],[-79.4870034837895,43.6951368777551],[-79.4870040668274,43.6951370308433],[-79.4870046498673,43.6951371749303],[-79.4870052329052,43.6951373280185],[-79.4870058159432,43.6951374811067],[-79.4870063989812,43.6951376341949],[-79.4870069944268,43.6951377782833],[-79.4870075774648,43.6951379313715],[-79.4870081605027,43.6951380844597],[-79.4870087435407,43.6951382375479],[-79.4870093265806,43.6951383816348],[-79.4870099096186,43.695138534723],[-79.4870104926566,43.6951386878112],[-79.4870110756945,43.6951388408994],[-79.4870116587325,43.6951389939876],[-79.4870122417705,43.6951391470758],[-79.4870128248085,43.695139300164],[-79.4870134078465,43.6951394532522],[-79.4870140032922,43.6951395973404],[-79.4870145863302,43.6951397504286],[-79.4870151693682,43.6951399035168],[-79.4870157524062,43.695140056605],[-79.4870163354442,43.6951402096931],[-79.4870169184822,43.6951403627813],[-79.4870175015202,43.6951405158694],[-79.4870180845582,43.6951406689576],[-79.4870186675962,43.6951408220458],[-79.4870192506323,43.6951409841352],[-79.4870198336703,43.6951411372233],[-79.4870204167084,43.6951412903115],[-79.4870209997464,43.6951414433996],[-79.4870215827844,43.6951415964878],[-79.4870221658225,43.6951417495759],[-79.4870227488605,43.695141902664],[-79.4870233194908,43.695142064752],[-79.4870239025289,43.6951422178402],[-79.4870244855669,43.6951423709283],[-79.487025068605,43.6951425240164],[-79.487025651643,43.6951426771045],[-79.4870262346791,43.6951428391939],[-79.4870268177172,43.695142992282],[-79.4870274007553,43.6951431453702],[-79.4870279837914,43.6951433074596],[-79.4870285668294,43.6951434605477],[-79.4870291498675,43.6951436136357],[-79.4870297329037,43.6951437757251],[-79.4870303035359,43.6951439288118],[-79.4870308865721,43.6951440909012],[-79.4870314696102,43.6951442439893],[-79.4870320526483,43.6951443970774],[-79.4870326356844,43.6951445591667],[-79.4870332187225,43.6951447122548],[-79.4870338017587,43.6951448743442],[-79.487034372391,43.6951450274308],[-79.4870349554272,43.6951451895202],[-79.4870355384653,43.6951453426083],[-79.4870361215014,43.6951455046976],[-79.4870367045395,43.6951456577857],[-79.4870372875757,43.6951458198751],[-79.4870378582061,43.695145981963],[-79.4870384412442,43.695146135051],[-79.4870390242804,43.6951462971404],[-79.4870396073186,43.6951464502284],[-79.487040177949,43.6951466123163],[-79.4870407609851,43.6951467744057],[-79.4870413440233,43.6951469274937],[-79.4870419270595,43.695147089583],[-79.4870425100957,43.6951472516724],[-79.4870430807261,43.6951474137603],[-79.4870436637643,43.6951475668483],[-79.4870442468005,43.6951477289376],[-79.4870448174309,43.6951478910255],[-79.4870454004672,43.6951480531148],[-79.4870459835034,43.6951482152041],[-79.4870465665415,43.6951483682922],[-79.487047137172,43.69514853038],[-79.4870477202082,43.6951486924693],[-79.4870483032444,43.6951488545586],[-79.4870488738749,43.6951490166465],[-79.4870494569112,43.6951491787358],[-79.4870500399474,43.6951493408251],[-79.4870506105779,43.6951495029129],[-79.4870511936141,43.6951496650022],[-79.4870517766504,43.6951498270915],[-79.4870523472809,43.6951499891794],[-79.4870529303171,43.6951501512686],[-79.4870535133534,43.6951503133579],[-79.4870540839839,43.6951504754458],[-79.4870546670201,43.695150637535],[-79.4870552500564,43.6951507996243],[-79.4870558206869,43.6951509617121],[-79.4870565277731,43.6951511598206],[-79.4870571108094,43.6951513219098],[-79.4870576814399,43.6951514839977],[-79.4870582644762,43.6951516460869],[-79.4870588475106,43.6951518171775],[-79.4870594181411,43.6951519792653],[-79.4870600011774,43.6951521413545],[-79.4870605718079,43.6951523034423],[-79.4870611548442,43.6951524655316],[-79.4870617254728,43.6951526366207],[-79.4870623085091,43.6951527987099],[-79.4870628915454,43.6951529607991],[-79.487063462176,43.6951531228869],[-79.4870640452104,43.6951532939774],[-79.4870646158409,43.6951534560652],[-79.4870651988772,43.6951536181544],[-79.4870657695059,43.6951537892435],[-79.4870663525422,43.6951539513327],[-79.4870669231708,43.6951541224218],[-79.4870675062072,43.695154284511],[-79.4870680768377,43.6951544465988],[-79.4870686598721,43.6951546176893],[-79.4870692305027,43.695154779777],[-79.4870698135371,43.6951549508675],[-79.4870703841677,43.6951551129553],[-79.4870709547964,43.6951552840444],[-79.4870715378327,43.6951554461335],[-79.4870721084614,43.6951556172226],[-79.4870726914978,43.6951557793118],[-79.4870732621264,43.6951559504008],[-79.4870738451628,43.69515611249],[-79.4870744157915,43.695156283579],[-79.4870749864201,43.6951564546681],[-79.4870755694565,43.6951566167572],[-79.4870761400852,43.6951567878462],[-79.4870767231216,43.6951569499354],[-79.4870772937503,43.6951571210244],[-79.487077864379,43.6951572921134],[-79.4870784474154,43.6951574542026],[-79.4870790180441,43.6951576252916],[-79.4870796010785,43.695157796382],[-79.4870801717072,43.6951579674711],[-79.4870807423379,43.6951581295588],[-79.4870813253723,43.6951583006492],[-79.4870818960011,43.6951584717382],[-79.4870824666298,43.6951586428272],[-79.4870830496643,43.6951588139176],[-79.487083620293,43.6951589850066],[-79.4870841909237,43.6951591470943],[-79.4870847615524,43.6951593181833],[-79.4870853445869,43.6951594892737],[-79.4870859152156,43.6951596603627],[-79.4870864858444,43.6951598314517],[-79.4870870688789,43.6951600025421],[-79.4870876395076,43.6951601736311],[-79.4870882101364,43.69516034472],[-79.4870887807651,43.695160515809],[-79.4870893637997,43.6951606868994],[-79.4870899344284,43.6951608579883],[-79.4870905050572,43.6951610290773],[-79.4870910756859,43.6951612001663],[-79.4870916587205,43.6951613712566],[-79.4870922293492,43.6951615423456],[-79.487092799978,43.6951617134345],[-79.4870933706068,43.6951618845235],[-79.4870939412356,43.6951620556124],[-79.4870945242682,43.6951622357041],[-79.487095094897,43.695162406793],[-79.4870956655258,43.695162577882],[-79.4870962361546,43.6951627489709],[-79.4870968067834,43.6951629200598],[-79.4870973774103,43.69516310015],[-79.4870979604448,43.6951632712404],[-79.4870985310736,43.6951634423293],[-79.4870991017024,43.6951636134182],[-79.4870996723293,43.6951637935084],[-79.4871002429581,43.6951639645974],[-79.4871008135869,43.6951641356863],[-79.4871013842139,43.6951643157765],[-79.4871019548427,43.6951644868654],[-79.4871025378773,43.6951646579557],[-79.4871031085042,43.6951648380459],[-79.487103679133,43.6951650091348],[-79.4871042497619,43.6951651802237],[-79.4871048203888,43.6951653603139],[-79.4871053910176,43.6951655314028],[-79.4871059616446,43.6951657114929],[-79.4871065322734,43.6951658825818],[-79.4871071029004,43.695166062672],[-79.4871076735292,43.6951662337609],[-79.4871082441561,43.695166413851],[-79.487108814785,43.6951665849399],[-79.487109385412,43.6951667650301],[-79.4871099560408,43.6951669361189],[-79.4871105266678,43.6951671162091],[-79.4871110972947,43.6951672962993],[-79.4871116679236,43.6951674673881],[-79.4871122385506,43.6951676474783],[-79.4871128091775,43.6951678275684],[-79.4871133798064,43.6951679986573],[-79.4871139504334,43.6951681787474],[-79.4871145210604,43.6951683588375],[-79.4871150916892,43.6951685299264],[-79.4871156623162,43.6951687100165],[-79.4871162329432,43.6951688901066],[-79.4871168035702,43.6951690701968],[-79.4871173741991,43.6951692412856],[-79.4871179448261,43.6951694213757],[-79.4871185154531,43.6951696014658],[-79.4871190736744,43.6951697815545],[-79.4871196443014,43.6951699616447],[-79.4871202149303,43.6951701327335],[-79.4871207855573,43.6951703128236],[-79.4871213561843,43.6951704929136],[-79.4871219268113,43.6951706730038],[-79.4871224974384,43.6951708530938],[-79.4871230680654,43.695171033184],[-79.4871236262866,43.6951712132727],[-79.4871241969137,43.6951713933627],[-79.4871247675407,43.6951715734528],[-79.4871253381677,43.6951717535429],[-79.4871259087948,43.695171933633],[-79.4871264794218,43.6951721137231],[-79.4871270376431,43.6951722938117],[-79.4871276082701,43.6951724739018],[-79.4871281788972,43.6951726539919],[-79.4871287495243,43.6951728340819],[-79.4871293201513,43.695173014172],[-79.4871298783726,43.6951731942606],[-79.4871304489997,43.6951733743507],[-79.4871310196248,43.6951735634421],[-79.4871315902519,43.6951737435321],[-79.4871321484732,43.6951739236208],[-79.4871327191003,43.6951741037108],[-79.4871332897274,43.6951742838008],[-79.4871338603525,43.6951744728922],[-79.4871344185738,43.6951746529808],[-79.4871349892009,43.6951748330709],[-79.487135559828,43.6951750131609],[-79.4871361180474,43.6951752022508],[-79.4871366886746,43.6951753823408],[-79.4871372593016,43.6951755624309],[-79.4871378175211,43.6951757515208],[-79.4871383881482,43.6951759316108],[-79.4871389587753,43.6951761117008],[-79.4871395169947,43.6951763007907],[-79.4871400876219,43.6951764808807],[-79.4871406582471,43.695176669972],[-79.4871412164684,43.6951768500606],[-79.4871417870937,43.6951770391519],[-79.4871423577208,43.6951772192419],[-79.4871429159422,43.6951773993305],[-79.4871434865674,43.6951775884218],[-79.4871440447888,43.6951777685104],[-79.487144615414,43.6951779576016],[-79.4871451860392,43.6951781466929],[-79.4871457442606,43.6951783267815],[-79.4871463148859,43.6951785158728],[-79.4871468731072,43.6951786959613],[-79.4871474437325,43.6951788850526],[-79.4871480019539,43.6951790651412],[-79.4871485725791,43.6951792542324],[-79.4871491307986,43.6951794433223],[-79.4871497014258,43.6951796234123],[-79.4871502596453,43.6951798125021],[-79.4871508302706,43.6951800015934],[-79.4871513884901,43.6951801906832],[-79.487152306454,43.695180487829],[-79.4871528646735,43.6951806769188],[-79.4871534353007,43.6951808570088],[-79.4871539935202,43.6951810460986],[-79.4871545641455,43.6951812351898],[-79.487155122365,43.6951814242797],[-79.4871556929903,43.6951816133709],[-79.4871562512099,43.6951818024607],[-79.4871568094313,43.6951819825492],[-79.4871573800566,43.6951821716404],[-79.4871579382762,43.6951823607303],[-79.4871585089015,43.6951825498215],[-79.487159067121,43.6951827389113],[-79.4871596253406,43.6951829280011],[-79.4871601959659,43.6951831170923],[-79.4871607541855,43.6951833061821],[-79.4871613248108,43.6951834952733],[-79.4871618830304,43.6951836843631],[-79.4871624412499,43.6951838734528],[-79.4871630118753,43.695184062544],[-79.4871635700949,43.6951842516338],[-79.4871641283144,43.6951844407236],[-79.4871646989398,43.6951846298148],[-79.4871652571594,43.6951848189046],[-79.487165815379,43.6951850079943],[-79.4871663860024,43.6951852060868],[-79.487166944222,43.6951853951766],[-79.4871675024416,43.6951855842663],[-79.487168073067,43.6951857733575],[-79.4871686312866,43.6951859624473],[-79.4871691895062,43.695186151537],[-79.4871697601297,43.6951863496295],[-79.4871703183493,43.6951865387192],[-79.4871708765689,43.695186727809],[-79.4871714347885,43.6951869168987],[-79.487172005412,43.6951871149912],[-79.4871725636316,43.6951873040809],[-79.4871731218513,43.6951874931706],[-79.487173680069,43.6951876912616],[-79.4871742382886,43.6951878803514],[-79.4871748089141,43.6951880694425],[-79.4871753671318,43.6951882675335],[-79.4871759253515,43.6951884566233],[-79.4871764835711,43.695188645713],[-79.4871770417889,43.695188843804],[-79.4871776124143,43.6951890328951],[-79.487178170632,43.6951892309861],[-79.4871787288517,43.6951894200758],[-79.4871792870695,43.6951896181668],[-79.4871798452891,43.6951898072565],[-79.4871804035069,43.6951900053475],[-79.4871809617266,43.6951901944372],[-79.4871815323501,43.6951903925296],[-79.4871820905698,43.6951905816193],[-79.4871826487876,43.6951907797103],[-79.4871832070054,43.6951909778013],[-79.4871837652251,43.695191166891],[-79.4871843234429,43.695191364982],[-79.4871848816626,43.6951915540716],[-79.4871854398804,43.6951917521626],[-79.4871859980982,43.6951919502536],[-79.487186556316,43.6951921483445],[-79.4871871145357,43.6951923374342],[-79.4871876727535,43.6951925355252],[-79.4871882309713,43.6951927336161],[-79.4871887891911,43.6951929227058],[-79.4871893474089,43.6951931207967],[-79.4871899056267,43.6951933188877],[-79.4871904638445,43.6951935169786],[-79.4871910220624,43.6951937150696],[-79.4871915802821,43.6951939041592],[-79.4871921385,43.6951941022502],[-79.4871926967178,43.6951943003411],[-79.4871932549356,43.6951944984321],[-79.4871938131535,43.6951946965229],[-79.4871943713714,43.6951948946139],[-79.4871949295892,43.6951950927048],[-79.4871954878071,43.6951952907957],[-79.487196046025,43.6951954888867],[-79.4871966042428,43.6951956869776],[-79.4871971624607,43.6951958850685],[-79.4871977206805,43.6951960741581],[-79.4871982788964,43.6951962812503],[-79.4871988371143,43.6951964793412],[-79.4871993829264,43.6951966774307],[-79.4871999411443,43.6951968755216],[-79.4872004993622,43.6951970736125],[-79.4872010575801,43.6951972717034],[-79.487201615798,43.6951974697943],[-79.4872021740159,43.6951976678852],[-79.4872027322338,43.6951978659761],[-79.487203278046,43.6951980640656],[-79.4872038362639,43.6951982621564],[-79.4872043944799,43.6951984692486],[-79.4872049526978,43.6951986673395],[-79.4872055109158,43.6951988654304],[-79.4872060567279,43.6951990635199],[-79.4872066149439,43.695199270612],[-79.4872071731619,43.6951994687029],[-79.4872077313798,43.6951996667937],[-79.487208277192,43.6951998648832],[-79.487208835408,43.6952000719754],[-79.487209393626,43.6952002700662],[-79.4872099518439,43.6952004681571],[-79.4872104976542,43.6952006752478],[-79.4872110558722,43.6952008733387],[-79.4872116140901,43.6952010714295],[-79.4872121723062,43.6952012785216],[-79.4872127181184,43.6952014766111],[-79.4872132763345,43.6952016837032],[-79.4872138345524,43.695201881794],[-79.4872143803627,43.6952020888848],[-79.4872149385807,43.6952022869756],[-79.4872154967987,43.6952024850664],[-79.487216042609,43.6952026921571],[-79.487216600827,43.695202890248],[-79.4872171590431,43.6952030973401],[-79.4872177048534,43.6952033044308],[-79.4872182630715,43.6952035025216],[-79.4872188088818,43.6952037096123],[-79.4872193670998,43.6952039077031],[-79.4872199253159,43.6952041147952],[-79.4872204711262,43.6952043218859],[-79.4872210293443,43.6952045199767],[-79.4872215751546,43.6952047270674],[-79.4872221333708,43.6952049341595],[-79.487222679183,43.6952051322489],[-79.4872232373991,43.695205339341],[-79.4872237956153,43.695205546433],[-79.4872243414276,43.6952057445224],[-79.4872248996437,43.6952059516145],[-79.4872254454541,43.6952061587052],[-79.4872260036702,43.6952063657972],[-79.4872265494825,43.6952065638866],[-79.4872271076987,43.6952067709787],[-79.4872276535091,43.6952069780694],[-79.4872282117253,43.6952071851614],[-79.4872287575356,43.6952073922521],[-79.4872293157518,43.6952075993441],[-79.4872298615641,43.6952077974335],[-79.4872304073745,43.6952080045241],[-79.4872309655907,43.6952082116162],[-79.4872315114011,43.6952084187068],[-79.4872320696173,43.6952086257989],[-79.4872326154278,43.6952088328895],[-79.487233173644,43.6952090399815],[-79.4872337194544,43.6952092470722],[-79.4872342652648,43.6952094541628],[-79.487234823481,43.6952096612548],[-79.4872353692915,43.6952098683455],[-79.4872359151019,43.6952100754361],[-79.4872364733181,43.6952102825281],[-79.4872370191286,43.6952104896187],[-79.4872375773448,43.6952106967107],[-79.4872381231534,43.6952109128026],[-79.4872386689638,43.6952111198932],[-79.4872392271801,43.6952113269852],[-79.4872397729905,43.6952115340758],[-79.487240318801,43.6952117411665],[-79.4872408646115,43.6952119482571],[-79.4872414228258,43.6952121643503],[-79.4872419686363,43.695212371441],[-79.4872425144468,43.6952125785316],[-79.4872430726631,43.6952127856235],[-79.4872436184717,43.6952130017154],[-79.4872441642822,43.695213208806],[-79.4872447100927,43.6952134158966],[-79.487245268309,43.6952136229886],[-79.4872458141176,43.6952138390804],[-79.4872463599281,43.695214046171],[-79.4872469057386,43.6952142532616],[-79.4872474515472,43.6952144693534],[-79.4872480097635,43.6952146764454],[-79.4872485555721,43.6952148925373],[-79.4872491013827,43.6952150996278],[-79.4872496471932,43.6952153067184],[-79.4872501930018,43.6952155228102],[-79.4872507388124,43.6952157299008],[-79.4872512970268,43.695215945994],[-79.4872518428374,43.6952161530846],[-79.487252388646,43.6952163691764],[-79.4872529344566,43.6952165762669],[-79.4872534802652,43.6952167923588],[-79.4872540260758,43.6952169994493],[-79.4872545718845,43.6952172155411],[-79.4872551176931,43.695217431633],[-79.4872556635037,43.6952176387235],[-79.4872562217182,43.6952178548167],[-79.4872567675287,43.6952180619073],[-79.4872573133374,43.6952182779991],[-79.4872578591461,43.6952184940909],[-79.4872584049567,43.6952187011814],[-79.4872589507654,43.6952189172732],[-79.4872594965741,43.695219133365],[-79.4872600423847,43.6952193404555],[-79.4872605881934,43.6952195565473],[-79.4872611340022,43.6952197726391],[-79.4872616798109,43.6952199887309],[-79.4872622256196,43.6952202048227],[-79.4872627714302,43.6952204119132],[-79.4872633172389,43.695220628005],[-79.4872638630477,43.6952208440968],[-79.4872644088564,43.6952210601886],[-79.4872649546651,43.6952212762803],[-79.4872655004758,43.6952214833709],[-79.4872660338788,43.6952216994612],[-79.4872665796875,43.695221915553],[-79.4872671254962,43.6952221316448],[-79.487267671305,43.6952223477365],[-79.4872682171138,43.6952225638283],[-79.4872687629225,43.6952227799201],[-79.4872693087313,43.6952229960118],[-79.4872698545401,43.6952232121036],[-79.4872704003489,43.6952234281953],[-79.4872709337519,43.6952236442857],[-79.4872714795606,43.6952238603775],[-79.4872720253694,43.6952240764692],[-79.4872725711782,43.6952242925609],[-79.487273116987,43.6952245086527],[-79.4872736627958,43.6952247247444],[-79.4872741961989,43.6952249408348],[-79.4872747420058,43.6952251659278],[-79.4872752878146,43.6952253820195],[-79.4872758336234,43.6952255981113],[-79.4872763794322,43.695225814203],[-79.4872769128353,43.6952260302933],[-79.4872774586441,43.695226246385],[-79.487278004451,43.6952264714781],[-79.4872785502598,43.6952266875698],[-79.4872790836629,43.6952269036601],[-79.4872796294718,43.6952271197518],[-79.4872801752787,43.6952273448448],[-79.4872807086818,43.6952275609351],[-79.4872812544906,43.6952277770268],[-79.4872818002976,43.6952280021198],[-79.4872823337006,43.6952282182101],[-79.4872828795095,43.6952284343018],[-79.4872834253165,43.6952286593948],[-79.4872839587196,43.6952288754851],[-79.4872845045285,43.6952290915768],[-79.4872850503354,43.6952293166698],[-79.4872855837386,43.6952295327601],[-79.4872861295456,43.6952297578531],[-79.4872866753544,43.6952299739447],[-79.4872872087556,43.6952301990363],[-79.4872877545645,43.695230415128],[-79.4872882879658,43.6952306402196],[-79.4872888337747,43.6952308563112],[-79.4872893795817,43.6952310814042],[-79.4872899129848,43.6952312974945],[-79.4872904587919,43.6952315225874],[-79.487290992195,43.6952317386777],[-79.487291538002,43.6952319637706],[-79.4872920714052,43.6952321798609],[-79.4872926172122,43.6952324049538],[-79.4872931506135,43.6952326300454],[-79.4872936964224,43.695232846137],[-79.4872942298237,43.6952330712286],[-79.4872947756307,43.6952332963215],[-79.4872953090339,43.6952335124118],[-79.487295854841,43.6952337375047],[-79.4872963882423,43.6952339625962],[-79.4872969340493,43.6952341876892],[-79.4872974674525,43.6952344037794],[-79.4872980008538,43.6952346288709],[-79.4872985466609,43.6952348539638],[-79.4872990800622,43.6952350790554],[-79.4872996258712,43.695235295147],[-79.4873001592725,43.6952355202385],[-79.4873007050796,43.6952357453314],[-79.4873012384809,43.6952359704229],[-79.4873017718822,43.6952361955144],[-79.4873023176893,43.6952364206073],[-79.4873028510907,43.6952366456988],[-79.487303384492,43.6952368707903],[-79.487303930301,43.6952370868819],[-79.4873044637024,43.6952373119734],[-79.4873054312683,43.695237717139],[-79.4874233255526,43.6952870662434],[-79.487867241435,43.6963368265999],[-79.4880515206765,43.6967725803753],[-79.4882154044254,43.6975372207445],[-79.4882238701663,43.6975767462669],[-79.4884351951511,43.6985627056925],[-79.4886118435161,43.6993883842495],[-79.4886229252593,43.6994401877413],[-79.488447041097,43.6994789656329],[-79.4884280829123,43.6994831583134]]]]},"properties":{"_id":524,"AREA_ID":635,"AREA_ATTR_ID":635,"PARENT_AREA_ID":null,"AREA_CLASS_ID":891,"AREA_CLASS":"OTHER_CITY","AREA_SHORT_CODE":"None","AREA_LONG_CODE":"354500","AREA_NAME":"WESTVIEW GREENBELT","AREA_DESC":"WESTVIEW GREENBELT","OBJECTID":635}},{"type":"Feature","geometry":{"type":"MultiPolygon","coordinates":[[[[-79.4336888152435,43.6957303533626],[-79.4335401334258,43.6955369013131],[-79.4335299876185,43.6955236995231],[-79.4335888939589,43.6954644242641],[-79.4336043678182,43.6954722373714],[-79.4337237055457,43.6955569007468],[-79.433843080777,43.6956416090245],[-79.433727993043,43.6957078188522],[-79.4336888152435,43.6957303533626]]]]},"properties":{"_id":539,"AREA_ID":651,"AREA_ATTR_ID":651,"PARENT_AREA_ID":null,"AREA_CLASS_ID":891,"AREA_CLASS":"OTHER_CITY","AREA_SHORT_CODE":"None","AREA_LONG_CODE":"354540","AREA_NAME":"CEDARVALE PARK","AREA_DESC":"CEDARVALE PARK","OBJECTID":651}},{"type":"Feature","geometry":{"type":"MultiPolygon","coordinates":[[[[-79.4782528140153,43.6891694083777],[-79.4782877040555,43.6892490495104],[-79.4782268692584,43.689291281039],[-79.4781696944509,43.6891604992497],[-79.4781149615601,43.6890352716985],[-79.4781871119331,43.6890193981945],[-79.4782528140153,43.6891694083777]]]]},"properties":{"_id":557,"AREA_ID":688,"AREA_ATTR_ID":688,"PARENT_AREA_ID":null,"AREA_CLASS_ID":891,"AREA_CLASS":"OTHER_CITY","AREA_SHORT_CODE":"None","AREA_LONG_CODE":"355011","AREA_NAME":"KEELESDALE SOUTH PARK","AREA_DESC":"KEELESDALE SOUTH PARK","OBJECTID":688}},{"type":"Feature","geometry":{"type":"MultiPolygon","coordinates":[[[[-79.4619052687107,43.6886666463084],[-79.4618775986893,43.6886011526208],[-79.4618748366551,43.6885945987526],[-79.4624966564173,43.6884572915812],[-79.4624988478325,43.6884639712655],[-79.4625200300739,43.6885308938842],[-79.4619052687107,43.6886666463084]]]]},"properties":{"_id":559,"AREA_ID":690,"AREA_ATTR_ID":690,"PARENT_AREA_ID":null,"AREA_CLASS_ID":891,"AREA_CLASS":"OTHER_CITY","AREA_SHORT_CODE":"None","AREA_LONG_CODE":"355373","AREA_NAME":"BERT ROBINSON PARK","AREA_DESC":"BERT ROBINSON PARK","OBJECTID":690}},{"type":"Feature","geometry":{"type":"MultiPolygon","coordinates":[[[[-79.4840154567292,43.6864455752942],[-79.4847908067828,43.6868288125891],[-79.4849343287371,43.6868997528662],[-79.4852809557459,43.687071074827],[-79.485752275006,43.6872260289698],[-79.4859686981807,43.6872971840367],[-79.4858426000709,43.687339375598],[-79.4850601179564,43.6876012049142],[-79.484855720106,43.687655401863],[-79.4847029393899,43.6876959053828],[-79.4845695972327,43.6877312625789],[-79.4843949087231,43.6877775775682],[-79.4843499164966,43.6876899077346],[-79.4843088917335,43.6876099705454],[-79.4842627964712,43.6875196721432],[-79.4842270783151,43.6874497090961],[-79.4846883081801,43.6869417022563],[-79.4847369705596,43.6868881060016],[-79.484775657213,43.6868454989894],[-79.4843002089742,43.6866105006476],[-79.4839880895108,43.6864608016709],[-79.4840154567292,43.6864455752942]]]]},"properties":{"_id":560,"AREA_ID":692,"AREA_ATTR_ID":692,"PARENT_AREA_ID":null,"AREA_CLASS_ID":891,"AREA_CLASS":"OTHER_CITY","AREA_SHORT_CODE":"None","AREA_LONG_CODE":"3017","AREA_NAME":"CITY WIDE OPEN SPACE","AREA_DESC":"CITY WIDE OPEN SPACE","OBJECTID":692}},{"type":"Feature","geometry":{"type":"MultiPolygon","coordinates":[[[[-79.4589213761087,43.6868038916258],[-79.4587913249057,43.6868324689615],[-79.4586612487714,43.6868610461401],[-79.4585311849238,43.6868896141737],[-79.4583722026676,43.6869245354531],[-79.4583189150878,43.6867986778118],[-79.4584778722406,43.6867637475952],[-79.4586079482454,43.686735179626],[-79.458738024133,43.6867066025074],[-79.4588680998972,43.6866780252405],[-79.458893635808,43.6867383341602],[-79.4589213761087,43.6868038916258]]]]},"properties":{"_id":563,"AREA_ID":695,"AREA_ATTR_ID":695,"PARENT_AREA_ID":null,"AREA_CLASS_ID":891,"AREA_CLASS":"OTHER_CITY","AREA_SHORT_CODE":"None","AREA_LONG_CODE":"3017","AREA_NAME":"CITY WIDE OPEN SPACE","AREA_DESC":"CITY WIDE OPEN SPACE","OBJECTID":695}},{"type":"Feature","geometry":{"type":"MultiPolygon","coordinates":[[[[-79.485918538363,43.6865438677771],[-79.4861202770229,43.6863283112127],[-79.486169825183,43.6863527827638],[-79.4861828354568,43.6863592112685],[-79.486205408102,43.6863703666109],[-79.4862701370709,43.6864023470371],[-79.486276511995,43.6864054802565],[-79.4863546730382,43.6864440962077],[-79.4861517065416,43.6866609132151],[-79.486103026408,43.6866364777684],[-79.4860739547754,43.6866218831165],[-79.4860032477632,43.6865863823388],[-79.4859807991417,43.6865751099551],[-79.485918538363,43.6865438677771]]]]},"properties":{"_id":564,"AREA_ID":696,"AREA_ATTR_ID":696,"PARENT_AREA_ID":null,"AREA_CLASS_ID":891,"AREA_CLASS":"OTHER_CITY","AREA_SHORT_CODE":"None","AREA_LONG_CODE":"3017","AREA_NAME":"CITY WIDE OPEN SPACE","AREA_DESC":"CITY WIDE OPEN SPACE","OBJECTID":696}},{"type":"Feature","geometry":{"type":"MultiPolygon","coordinates":[[[[-79.4616405483222,43.6851588578366],[-79.4616397933882,43.6851562021979],[-79.4615322363755,43.6847749517198],[-79.4615247862938,43.6847485033728],[-79.4613884702653,43.6842653302444],[-79.4613833344669,43.684247145868],[-79.4613831241036,43.6842463716845],[-79.4613829879479,43.6842459305744],[-79.4613828641898,43.6842454984698],[-79.4613827404376,43.6842450573639],[-79.4613826166853,43.684244616258],[-79.4613824929331,43.6842441751522],[-79.4613823691808,43.6842437340463],[-79.4613822454286,43.6842432929404],[-79.4613821216763,43.6842428518345],[-79.4613819979241,43.6842424107286],[-79.4613818617683,43.6842419696186],[-79.4613817380161,43.6842415285127],[-79.4613816142638,43.6842410874068],[-79.4613814905116,43.6842406463009],[-79.4613813667594,43.684240205195],[-79.4613812430071,43.6842397640891],[-79.4613811068514,43.684239322979],[-79.4613809830991,43.6842388818732],[-79.4613808098483,43.6842382607244],[-79.4613806736926,43.6842378196143],[-79.4613805499404,43.6842373785084],[-79.4613804261881,43.6842369374025],[-79.4613803024359,43.6842364962967],[-79.4613801662802,43.6842360551866],[-79.461380042528,43.6842356140807],[-79.4613799187757,43.6842351729748],[-79.4613797826142,43.684234740866],[-79.461379658862,43.6842342997601],[-79.4613795351098,43.6842338586542],[-79.4613793989541,43.6842334175442],[-79.4613792752019,43.6842329764383],[-79.4613791514497,43.6842325353324],[-79.461379015294,43.6842320942223],[-79.4613788915418,43.6842316531164],[-79.4613787677896,43.6842312120106],[-79.4613786316339,43.6842307709004],[-79.4613785078817,43.6842303297946],[-79.461378371726,43.6842298886845],[-79.461378247968,43.6842294565799],[-79.4613781242158,43.684229015474],[-79.4613779880601,43.6842285743639],[-79.4613778643079,43.684228133258],[-79.4613777281522,43.684227692148],[-79.4613776044,43.6842272510421],[-79.4613774682444,43.684226809932],[-79.4613773444922,43.6842263688261],[-79.4613772083365,43.684225927716],[-79.4613770845785,43.6842254956115],[-79.4613769484228,43.6842250545013],[-79.4613768246707,43.6842246133955],[-79.461376688515,43.6842241722854],[-79.4613765647628,43.6842237311795],[-79.4613764286071,43.6842232900694],[-79.461376304855,43.6842228489635],[-79.4613761686935,43.6842224168547],[-79.4613760449471,43.6842219667476],[-79.4613759087799,43.6842215436401],[-79.4613757726243,43.68422110253],[-79.4613756488779,43.6842206524228],[-79.4613755127164,43.684220220314],[-79.4613753889701,43.6842197702068],[-79.4613752528144,43.6842193290967],[-79.461375116653,43.684218896988],[-79.4613749929008,43.6842184558821],[-79.4613748567394,43.6842180237733],[-79.4613747205895,43.6842175736619],[-79.4613745968316,43.6842171415573],[-79.4613744606759,43.6842167004472],[-79.4613743245261,43.6842162503358],[-79.4613742007624,43.6842158272325],[-79.4613740646125,43.6842153771212],[-79.4613739284511,43.6842149450124],[-79.4613737922955,43.6842145039023],[-79.4613736685491,43.6842140537951],[-79.4613735323877,43.6842136216863],[-79.4613733962321,43.6842131805762],[-79.4613732600706,43.6842127484674],[-79.4613731363185,43.6842123073615],[-79.4613730001629,43.6842118662514],[-79.4613728640073,43.6842114251413],[-79.4613727278517,43.6842109840312],[-79.4613725916903,43.6842105519225],[-79.4613724679381,43.6842101108166],[-79.4613723317825,43.6842096697065],[-79.4613721956269,43.6842092285964],[-79.4613720594713,43.6842087874863],[-79.4613719233099,43.6842083553775],[-79.4613717871543,43.6842079142674],[-79.4613716634022,43.6842074731615],[-79.4613715272466,43.6842070320515],[-79.461371391091,43.6842065909414],[-79.4613712549296,43.6842061588326],[-79.461371118774,43.6842057177225],[-79.4613709826184,43.6842052766124],[-79.4613708464628,43.6842048355023],[-79.4613707103072,43.6842043943922],[-79.4613705741459,43.6842039622834],[-79.4613704379903,43.6842035211733],[-79.4613703018347,43.6842030800632],[-79.4613701656791,43.6842026389531],[-79.4613700295235,43.6842021978431],[-79.4613698933621,43.6842017657343],[-79.4613697572066,43.6842013246242],[-79.461369621051,43.6842008835141],[-79.4613694848954,43.684200442404],[-79.4613693487341,43.6842000102952],[-79.4613692125785,43.6841995691851],[-79.4613690764229,43.684199128075],[-79.4613689402673,43.6841986869649],[-79.461368804106,43.6841982548561],[-79.4613686679505,43.6841978137461],[-79.4613685317949,43.6841973726359],[-79.4613683956393,43.6841969315258],[-79.461368259478,43.6841964994171],[-79.4613681109189,43.6841960583028],[-79.4613679747634,43.6841956171927],[-79.4613678386078,43.6841951760826],[-79.4613677024465,43.6841947439738],[-79.4613675662909,43.6841943028637],[-79.4613674301354,43.6841938617536],[-79.4613672939798,43.6841934206435],[-79.461367145415,43.6841929885305],[-79.4613670092595,43.6841925474204],[-79.4613668731039,43.6841921063103],[-79.4613667369484,43.6841916652002],[-79.4613666007871,43.6841912330914],[-79.4613664522281,43.6841907919772],[-79.4613663160725,43.6841903508671],[-79.4613661799112,43.6841899187583],[-79.4613660437557,43.6841894776482],[-79.4613658951967,43.6841890365339],[-79.4613657590411,43.6841885954238],[-79.4613656228798,43.684188163315],[-79.4613654867243,43.6841877222049],[-79.4613653381653,43.6841872810906],[-79.461365202004,43.6841868489818],[-79.4613650658485,43.6841864078717],[-79.4613649172895,43.6841859667574],[-79.461364781134,43.6841855256473],[-79.4613646449727,43.6841850935385],[-79.4613644964137,43.6841846524242],[-79.4613643602582,43.6841842113141],[-79.4613642240969,43.6841837792053],[-79.4613640755379,43.6841833380911],[-79.4613639393824,43.6841828969809],[-79.4613637908176,43.684182464868],[-79.4613636546621,43.6841820237579],[-79.4613635061031,43.6841815826436],[-79.4613633699419,43.6841811505348],[-79.4613632337864,43.6841807094247],[-79.4613630852274,43.6841802683104],[-79.4613629490661,43.6841798362016],[-79.4613628005071,43.6841793950873],[-79.4613626643517,43.6841789539772],[-79.4613625157869,43.6841785218642],[-79.4613623796314,43.6841780807541],[-79.4613622310725,43.6841776396398],[-79.4613620949112,43.684177207531],[-79.4613619463522,43.6841767664167],[-79.4613618101968,43.6841763253066],[-79.461361661632,43.6841758931936],[-79.4613615254766,43.6841754520835],[-79.4613613769176,43.6841750109692],[-79.4613612407564,43.6841745788604],[-79.4613610921974,43.6841741377461],[-79.4613609436385,43.6841736966318],[-79.4613608074772,43.684173264523],[-79.4613606589183,43.6841728234087],[-79.461360522757,43.6841723912999],[-79.4613603741981,43.6841719501856],[-79.4613602256392,43.6841715090713],[-79.4613600894779,43.6841710769625],[-79.461359940919,43.6841706358482],[-79.46135979236,43.6841701947339],[-79.4613596561988,43.6841697626251],[-79.4613595076399,43.6841693215108],[-79.4613593590752,43.6841688893978],[-79.4613592229198,43.6841684482877],[-79.4613590743608,43.6841680071734],[-79.4613589257961,43.6841675750604],[-79.4613587772372,43.6841671339461],[-79.4613586410818,43.684166692836],[-79.4613584925171,43.684166260723],[-79.4613583439582,43.6841658196087],[-79.461358207797,43.6841653874999],[-79.4613580592381,43.6841649463856],[-79.4613579106734,43.6841645142726],[-79.4613577621144,43.6841640731583],[-79.4613576135555,43.684163632044],[-79.4613574773944,43.6841631999352],[-79.4613573288354,43.6841627588209],[-79.4613571802708,43.6841623267079],[-79.4613570317119,43.6841618855936],[-79.461356883153,43.6841614444793],[-79.4613567345883,43.6841610123663],[-79.4613565984329,43.6841605712562],[-79.4613564498682,43.6841601391432],[-79.4613563013094,43.6841596980289],[-79.4613561527447,43.6841592659159],[-79.4613560041858,43.6841588248016],[-79.4613558556269,43.6841583836873],[-79.4613557070623,43.6841579515743],[-79.4613555585034,43.68415751046],[-79.4613554099387,43.6841570783469],[-79.4613552613799,43.6841566372327],[-79.4613551128152,43.6841562051196],[-79.4613549642563,43.6841557640053],[-79.4613548280952,43.6841553318965],[-79.4613546795363,43.6841548907822],[-79.4613545309775,43.6841544496679],[-79.4613543824128,43.6841540175549],[-79.461354233854,43.6841535764406],[-79.4613540852893,43.6841531443276],[-79.4613539367305,43.6841527032133],[-79.4613537757623,43.6841522710961],[-79.4613536272035,43.6841518299818],[-79.4613534786389,43.6841513978688],[-79.46135333008,43.6841509567545],[-79.4613531815154,43.6841505246415],[-79.4613530329566,43.6841500835272],[-79.4613528843919,43.6841496514142],[-79.4613527358331,43.6841492102998],[-79.4613525872685,43.6841487781868],[-79.4613524387097,43.6841483370725],[-79.4613522901451,43.6841479049595],[-79.4613521291827,43.684147463841],[-79.4613519806181,43.684147031728],[-79.4613518320593,43.6841465906137],[-79.4613516834947,43.6841461585007],[-79.4613515349359,43.6841457173864],[-79.4613513863713,43.6841452852734],[-79.461351225409,43.6841448441549],[-79.4613510768444,43.6841444120419],[-79.4613509282856,43.6841439709276],[-79.461350779721,43.6841435388146],[-79.4613506311622,43.6841430977002],[-79.4613504701941,43.684142665583],[-79.4613503216353,43.6841422244687],[-79.4613501730707,43.6841417923557],[-79.4613500245119,43.6841413512414],[-79.4613498635438,43.6841409191242],[-79.461349714985,43.6841404780099],[-79.4613495664205,43.6841400458969],[-79.4613494178617,43.6841396047826],[-79.4613492568936,43.6841391726654],[-79.461349108329,43.6841387405523],[-79.4613489597702,43.684138299438],[-79.4613487988022,43.6841378673208],[-79.4613486502435,43.6841374262065],[-79.4613485016789,43.6841369940935],[-79.4613483407166,43.684136552975],[-79.4613481921521,43.684136120862],[-79.4613480311898,43.6841356797435],[-79.4613478826252,43.6841352476304],[-79.4613477340665,43.6841348065161],[-79.4613475730984,43.6841343743989],[-79.4613474245339,43.6841339422859],[-79.4613472635717,43.6841335011674],[-79.4613471150071,43.6841330690544],[-79.4613469540449,43.6841326279359],[-79.4613468054803,43.6841321958229],[-79.4613466569216,43.6841317547085],[-79.4613464959536,43.6841313225913],[-79.461346347389,43.6841308904783],[-79.4613461864268,43.6841304493598],[-79.4613460378623,43.6841300172468],[-79.4613458769001,43.6841295761283],[-79.4613457283355,43.6841291440153],[-79.4613455673675,43.684128711898],[-79.4613454188088,43.6841282707837],[-79.4613452578408,43.6841278386665],[-79.4613450968786,43.684127397548],[-79.4613449483141,43.684126965435],[-79.4613447873461,43.6841265333178],[-79.4613446387874,43.6841260922035],[-79.4613444778194,43.6841256600862],[-79.4613443168571,43.6841252189677],[-79.4613441682927,43.6841247868547],[-79.4613440073247,43.6841243547375],[-79.461343858766,43.6841239136232],[-79.4613436977922,43.6841234905073],[-79.46134353683,43.6841230493888],[-79.4613433882655,43.6841226172757],[-79.4613432273033,43.6841221761572],[-79.4613430663411,43.6841217350387],[-79.4613429177766,43.6841213029257],[-79.4613427568029,43.6841208798098],[-79.4613425958407,43.6841204386913],[-79.4613424472763,43.6841200065782],[-79.4613422863141,43.6841195654597],[-79.4613421253519,43.6841191243412],[-79.4613419643781,43.6841187012253],[-79.4613418158137,43.6841182691123],[-79.4613416548515,43.6841178279937],[-79.4613414938894,43.6841173868752],[-79.4613413329214,43.684116954758],[-79.4613411843627,43.6841165136437],[-79.461341023389,43.6841160905278],[-79.4613408624269,43.6841156494092],[-79.4613407014589,43.684115217292],[-79.4613405404967,43.6841147761735],[-79.4613403795231,43.6841143530576],[-79.4613402309702,43.6841139029419],[-79.4613400699965,43.684113479826],[-79.4613399090285,43.6841130477088],[-79.4613397480664,43.6841126065903],[-79.4613395870985,43.6841121744731],[-79.4613394261306,43.6841117423559],[-79.4613392651684,43.6841113012373],[-79.461339116604,43.6841108691243],[-79.4613389556361,43.6841104370071],[-79.4613387946739,43.6841099958885],[-79.461338633706,43.6841095637713],[-79.4613384727381,43.6841091316541],[-79.4613383117702,43.6841086995369],[-79.4613381508081,43.6841082584184],[-79.4613379898402,43.6841078263011],[-79.4613378288723,43.6841073941839],[-79.4613376679102,43.6841069530654],[-79.4613375069423,43.6841065209482],[-79.4613373459744,43.684106088831],[-79.4613371850065,43.6841056567137],[-79.4613370240445,43.6841052155952],[-79.4613368630766,43.684104783478],[-79.4613367021087,43.6841043513607],[-79.4613365411466,43.6841039102422],[-79.4613363801787,43.684103478125],[-79.4613362192108,43.6841030460077],[-79.461336058243,43.6841026138905],[-79.4613358972809,43.684102172772],[-79.4613357239095,43.6841017406506],[-79.4613355629417,43.6841013085334],[-79.4613354019738,43.6841008764161],[-79.4613352410117,43.6841004352976],[-79.4613350800439,43.6841000031804],[-79.461334919076,43.6840995710632],[-79.4613347581082,43.6840991389459],[-79.4613345971461,43.6840986978274],[-79.4613344237748,43.684098265706],[-79.4613342628069,43.6840978335887],[-79.4613341018391,43.6840974014715],[-79.4613339408712,43.6840969693543],[-79.4613337799092,43.6840965282358],[-79.4613336065378,43.6840960961143],[-79.46133344557,43.6840956639971],[-79.4613332846022,43.6840952318799],[-79.4613331236401,43.6840947907613],[-79.4613329502688,43.6840943586399],[-79.461332789301,43.6840939265227],[-79.4613326283332,43.6840934944054],[-79.4613324673654,43.6840930622882],[-79.4613322939998,43.6840926211655],[-79.461332133032,43.6840921890482],[-79.4613319720642,43.684091756931],[-79.4613318110964,43.6840913248138],[-79.4613316377251,43.6840908926924],[-79.4613314767631,43.6840904515738],[-79.4613313157953,43.6840900194566],[-79.461331142424,43.6840895873352],[-79.4613309814562,43.6840891552179],[-79.4613308080849,43.6840887230965],[-79.4613306471171,43.6840882909793],[-79.4613304861551,43.6840878498607],[-79.4613303127838,43.6840874177393],[-79.4613301518161,43.6840869856221],[-79.4613299784448,43.6840865535006],[-79.461329817477,43.6840861213834],[-79.461329656515,43.6840856802648],[-79.4613294831437,43.6840852481434],[-79.461329322176,43.6840848160262],[-79.4613291488047,43.6840843839048],[-79.4613289878369,43.6840839517875],[-79.4613288144657,43.6840835196661],[-79.4613286534979,43.6840830875488],[-79.4613284801325,43.6840826464261],[-79.4613283191647,43.6840822143089],[-79.4613281457934,43.6840817821874],[-79.4613279848257,43.6840813500702],[-79.4613278114545,43.6840809179488],[-79.4613276504867,43.6840804858315],[-79.4613274771155,43.6840800537101],[-79.4613273161535,43.6840796125915],[-79.4613271427823,43.6840791804701],[-79.4613269818145,43.6840787483529],[-79.4613268084433,43.6840783162314],[-79.4613266350721,43.68407788411],[-79.4613264741044,43.6840774519928],[-79.4613263007331,43.6840770198713],[-79.4613261273619,43.6840765877499],[-79.4613259663942,43.6840761556326],[-79.4613257930288,43.6840757145099],[-79.461325632061,43.6840752823927],[-79.4613254586899,43.6840748502712],[-79.4613252853187,43.6840744181498],[-79.4613251243509,43.6840739860326],[-79.4613249509797,43.6840735539111],[-79.4613247776085,43.6840731217897],[-79.4613246042373,43.6840726896682],[-79.4613244432697,43.684072257551],[-79.4613242698985,43.6840718254295],[-79.4613240965273,43.6840713933081],[-79.4613239355654,43.6840709521896],[-79.4613237621942,43.6840705200681],[-79.461323588823,43.6840700879467],[-79.4613234154518,43.6840696558252],[-79.4613232544841,43.684069223708],[-79.461323081113,43.6840687915865],[-79.4613229077418,43.6840683594651],[-79.4613227343706,43.6840679273436],[-79.4613225609995,43.6840674952222],[-79.4613224000318,43.684067063105],[-79.4613222266606,43.6840666309835],[-79.4613220532895,43.6840661988621],[-79.4613218799183,43.6840657667407],[-79.4613217065472,43.6840653346192],[-79.461321533176,43.6840649024977],[-79.4613213598049,43.6840644703763],[-79.4613211988373,43.684064038259],[-79.4613210254661,43.6840636061376],[-79.461320852095,43.6840631740162],[-79.4613206787238,43.6840627418947],[-79.4613205053527,43.6840623097733],[-79.4613203319816,43.6840618776518],[-79.4613201586162,43.684061436529],[-79.4613199852451,43.6840610044076],[-79.4611940324881,43.6837459699386],[-79.4611016961453,43.683658184798],[-79.460943737061,43.6835079801063],[-79.4609076451037,43.6834096284691],[-79.4609066793377,43.6834070177592],[-79.4610849653996,43.6833681299289],[-79.4611057416453,43.6834247192284],[-79.4611140744247,43.6834474413672],[-79.4613630811115,43.6836841972142],[-79.4614687501792,43.6839485473003],[-79.4615376033825,43.6841207745121],[-79.4615952484852,43.6843251505828],[-79.4618193602721,43.6851196269998],[-79.4616405483222,43.6851588578366]]]]},"properties":{"_id":565,"AREA_ID":698,"AREA_ATTR_ID":698,"PARENT_AREA_ID":null,"AREA_CLASS_ID":891,"AREA_CLASS":"OTHER_CITY","AREA_SHORT_CODE":"None","AREA_LONG_CODE":"3017","AREA_NAME":"CITY WIDE OPEN SPACE","AREA_DESC":"CITY WIDE OPEN SPACE","OBJECTID":698}},{"type":"Feature","geometry":{"type":"MultiPolygon","coordinates":[[[[-79.4341096269125,43.6957833982687],[-79.43395347428,43.6958169279662],[-79.433898289854,43.6957292685165],[-79.433843080777,43.6956416090245],[-79.4337237055457,43.6955569007468],[-79.4340991031652,43.6952428737579],[-79.4341038141581,43.6952458018931],[-79.4341085251416,43.6952487390293],[-79.4341132113041,43.6952516851524],[-79.4341178850416,43.6952546492707],[-79.4341225463737,43.6952576133816],[-79.4341271828751,43.6952605954806],[-79.4341318193769,43.6952635775795],[-79.4341364434438,43.6952665866748],[-79.4341410551054,43.6952695957628],[-79.4341456419461,43.6952726138376],[-79.4341502287675,43.6952756499148],[-79.4341547907679,43.6952786949788],[-79.434159352759,43.6952817490439],[-79.4341638899192,43.6952848210971],[-79.4341684146741,43.695287893143],[-79.434172927004,43.6952909831841],[-79.4341774269188,43.6952940822192],[-79.4341819268241,43.6952971902554],[-79.4341863895027,43.6953003072712],[-79.4341908521719,43.6953034332882],[-79.4341952900104,43.6953065772933],[-79.4341997278492,43.6953097212982],[-79.434204153263,43.6953128832983],[-79.4342085538559,43.6953160542853],[-79.4342129420337,43.6953192342663],[-79.4342173177962,43.6953224232412],[-79.4342216811436,43.6953256212101],[-79.434226032066,43.6953288371743],[-79.4342303581772,43.695332053124],[-79.4342346842791,43.6953352780749],[-79.4342389855501,43.6953385210139],[-79.434243274406,43.6953417729468],[-79.4342475508467,43.6953450338738],[-79.4342518148722,43.6953483037947],[-79.4342560540768,43.6953515827025],[-79.434260293272,43.6953548706114],[-79.4342645076363,43.6953581765085],[-79.4342687095954,43.6953614823982],[-79.4342728991294,43.6953648062833],[-79.4342770762581,43.6953681301611],[-79.434281228556,43.6953714720269],[-79.4342853684387,43.6953748228869],[-79.4342935242063,43.6953814705272],[-79.4341052213755,43.6954901517202],[-79.4339651202443,43.6955711094812],[-79.4339989851751,43.6956078272973],[-79.4340408442016,43.6956742359689],[-79.4341096269125,43.6957833982687]]]]},"properties":{"_id":809,"AREA_ID":1002,"AREA_ATTR_ID":1002,"PARENT_AREA_ID":null,"AREA_CLASS_ID":893,"AREA_CLASS":"OTHER_PROVINCIAL_FEDERAL","AREA_SHORT_CODE":"None","AREA_LONG_CODE":"354540","AREA_NAME":"CEDARVALE PARK","AREA_DESC":"CEDARVALE PARK","OBJECTID":1002}},{"type":"Feature","geometry":{"type":"MultiPolygon","coordinates":[[[[-79.4349013567483,43.6956134394929],[-79.4348178458846,43.6956313494753],[-79.4348174619172,43.695630782175],[-79.4348171894271,43.6956303769616],[-79.4348169169369,43.6956299717482],[-79.4348166320409,43.6956295665278],[-79.434816359541,43.6956291703156],[-79.4348160870508,43.6956287651022],[-79.4348158021548,43.6956283598817],[-79.4348155296647,43.6956279546683],[-79.4348152571648,43.6956275584562],[-79.4348149846746,43.6956271532427],[-79.4348147121845,43.6956267480293],[-79.4348144272885,43.6956263428088],[-79.4348141547887,43.6956259465967],[-79.4348138822985,43.6956255413833],[-79.4348135974026,43.6956251361628],[-79.4348133249125,43.6956247309493],[-79.4348130524126,43.6956243347372],[-79.4348127675166,43.6956239295167],[-79.4348124826207,43.6956235242962],[-79.4348122101208,43.6956231280841],[-79.4348119252249,43.6956227228636],[-79.4348116527348,43.6956223176501],[-79.434811380235,43.695621921438],[-79.434811095339,43.6956215162175],[-79.4348108228489,43.6956211110041],[-79.4348105503491,43.6956207147919],[-79.4348102654532,43.6956203095714],[-79.4348099805572,43.6956199043509],[-79.4348097080574,43.6956195081388],[-79.4348094231615,43.6956191029183],[-79.4348041959643,43.6956116468693],[-79.4348013593534,43.6956076486789],[-79.434798510337,43.6956036504813],[-79.4347956489054,43.6955996612778],[-79.4347927626624,43.6955956720601],[-79.4347898640043,43.6955916918365],[-79.4347869529308,43.6955877206071],[-79.434784029452,43.6955837493705],[-79.4347810935579,43.695579787128],[-79.4347781328427,43.6955758338726],[-79.4347751597221,43.69557188061],[-79.4347721741863,43.6955679363415],[-79.4347691638294,43.6955640010601],[-79.4347661534729,43.6955600657786],[-79.4347647287914,43.6955582287025],[-79.4347631182856,43.6955561484855],[-79.4347600706929,43.6955522311851],[-79.4347570106947,43.6955483138777],[-79.4347539258755,43.6955444055572],[-79.4347508410469,43.695540506238],[-79.4347477313972,43.6955366159057],[-79.4347446093421,43.6955327255663],[-79.4347414748719,43.6955288442211],[-79.4347383155903,43.6955249628615],[-79.4347351562994,43.6955210905032],[-79.4347319721875,43.6955172271319],[-79.4347287756604,43.6955133727547],[-79.4347255667181,43.6955095273716],[-79.4347223329645,43.6955056819742],[-79.4347190992016,43.6955018455781],[-79.4347158406274,43.6954980091677],[-79.4347125696283,43.6954941907526],[-79.4347092862237,43.6954903723304],[-79.4347065603592,43.695487220322],[-79.4347059904138,43.695486553901],[-79.434702669773,43.6954827534599],[-79.4346993367269,43.6954789530116],[-79.4346960036714,43.6954751615645],[-79.434692645795,43.6954713791044],[-79.4346892755033,43.6954676056384],[-79.4346858804004,43.6954638321581],[-79.4346824728823,43.6954600676719],[-79.434679065355,43.6954563121869],[-79.4346756330065,43.6954525656889],[-79.4346721882528,43.6954488191837],[-79.434668718678,43.6954450816655],[-79.4346652490939,43.6954413531484],[-79.434661754679,43.6954376426197],[-79.4346582602743,43.6954339230896],[-79.4346547410389,43.6954302215477],[-79.4346512093981,43.6954265199986],[-79.4346476653422,43.6954228274436],[-79.4346441088808,43.6954191348814],[-79.4346434768881,43.6954184864272],[-79.4347032351047,43.6953962063814],[-79.4347935239196,43.69536253909],[-79.4348295712342,43.6954463976612],[-79.4348653711072,43.6955297250027],[-79.4349013567483,43.6956134394929]]]]},"properties":{"_id":810,"AREA_ID":1003,"AREA_ATTR_ID":1003,"PARENT_AREA_ID":null,"AREA_CLASS_ID":893,"AREA_CLASS":"OTHER_PROVINCIAL_FEDERAL","AREA_SHORT_CODE":"None","AREA_LONG_CODE":"354540","AREA_NAME":"CEDARVALE PARK","AREA_DESC":"CEDARVALE PARK","OBJECTID":1003}},{"type":"Feature","geometry":{"type":"MultiPolygon","coordinates":[[[[-79.4346434768881,43.6954184864272],[-79.4346405399945,43.6954154603146],[-79.4346369587029,43.6954117857405],[-79.4346333525903,43.6954081201535],[-79.4346282719562,43.6954028244896],[-79.4346247030914,43.6953991319197],[-79.4346211342075,43.6953954573522],[-79.4346175405124,43.6953917827705],[-79.4346139343924,43.6953881261841],[-79.434610315867,43.6953844695905],[-79.4346066849264,43.6953808219909],[-79.4346030415805,43.6953771743842],[-79.4345993858097,43.6953735447728],[-79.4345957052276,43.695369915147],[-79.4345920246363,43.6953662945225],[-79.4345883687983,43.6953627279197],[-79.4345846013966,43.6953590802414],[-79.4345808835598,43.695355486599],[-79.4345771409118,43.6953518929423],[-79.4345733734332,43.6953483172739],[-79.4345696059549,43.6953447416053],[-79.4345658260615,43.6953411749308],[-79.434562033753,43.6953376172503],[-79.4345594311585,43.6953352034146],[-79.4345840694775,43.6953234348287],[-79.4346441571424,43.6952947370822],[-79.4348730135563,43.6951854210159],[-79.4349092139339,43.6952195295213],[-79.4349842173439,43.6952902323335],[-79.4349318806195,43.6953100954045],[-79.4347935239196,43.69536253909],[-79.4347032351047,43.6953962063814],[-79.4346434768881,43.6954184864272]]]]},"properties":{"_id":811,"AREA_ID":1004,"AREA_ATTR_ID":1004,"PARENT_AREA_ID":null,"AREA_CLASS_ID":893,"AREA_CLASS":"OTHER_PROVINCIAL_FEDERAL","AREA_SHORT_CODE":"None","AREA_LONG_CODE":"354540","AREA_NAME":"CEDARVALE PARK","AREA_DESC":"CEDARVALE PARK","OBJECTID":1004}},{"type":"Feature","geometry":{"type":"MultiPolygon","coordinates":[[[[-79.4345594311585,43.6953352034146],[-79.4345582166138,43.6953340775581],[-79.4345543870888,43.695330519856],[-79.4345505575251,43.695326998159],[-79.43454670316,43.6953234674464],[-79.4345428363798,43.6953199457278],[-79.4345389571845,43.6953164330032],[-79.434535065574,43.6953129292728],[-79.4345311615484,43.6953094345363],[-79.4345302444109,43.6953086148936],[-79.4345272451077,43.6953059487939],[-79.4345233038558,43.6953024630371],[-79.4345193625848,43.6952989952828],[-79.4345154089085,43.6952955275212],[-79.4345114304112,43.6952920687466],[-79.4345074519046,43.6952886189731],[-79.4345034485771,43.6952851781865],[-79.4344994328345,43.695281746394],[-79.4344954170825,43.6952783236026],[-79.4344913765096,43.6952749097981],[-79.4344873235314,43.6952714959864],[-79.4344832581283,43.69526810017],[-79.4344791803198,43.6952647043463],[-79.4344750776806,43.6952613265108],[-79.4344709750419,43.6952579486752],[-79.4344689299305,43.6952562552602],[-79.4344668599783,43.6952545888349],[-79.4344627449151,43.6952512289944],[-79.4344585926252,43.6952478781338],[-79.4344544527317,43.6952445362813],[-79.4344502756116,43.6952412034087],[-79.4344460984822,43.6952378795372],[-79.4344419089376,43.6952345646597],[-79.4344376945721,43.6952312587691],[-79.4344334802071,43.6952279528784],[-79.4344292410114,43.6952246649758],[-79.4344250018161,43.6952213770731],[-79.4344207377901,43.6952181071586],[-79.4344164737646,43.6952148372438],[-79.4344121973142,43.6952115853244],[-79.4344078960527,43.6952083333906],[-79.4344045864292,43.695205838134],[-79.4343979556114,43.6952000825043],[-79.4343939026239,43.6951966866918],[-79.434389775163,43.6951933268416],[-79.4343855856344,43.6951900029607],[-79.4343813340284,43.6951867240505],[-79.4343770203351,43.6951834991123],[-79.434372644584,43.6951803011421],[-79.4343682067358,43.6951771661451],[-79.4343637192355,43.6951740581233],[-79.434359169648,43.6951710040734],[-79.4343545579929,43.6951679859929],[-79.4343498966562,43.6951650218913],[-79.4343421854174,43.6951603007862],[-79.4343373750753,43.6951574626167],[-79.4343330363195,43.6951544716959],[-79.4343285239916,43.695151381661],[-79.4343235157776,43.6951479762959],[-79.4343189786195,43.695144904249],[-79.4343144290364,43.6951418501973],[-79.4343098670481,43.6951387961383],[-79.4343053050504,43.6951357510804],[-79.434300718222,43.6951327240107],[-79.4342961189883,43.6951296969336],[-79.4342922759459,43.6951271833646],[-79.4342915197354,43.6951266878589],[-79.4342868956715,43.6951236787698],[-79.4342822715785,43.6951206966843],[-79.4342776226941,43.6951176965818],[-79.4342729737709,43.6951147324842],[-79.4342683124424,43.6951117683793],[-79.4342673206704,43.6951111377187],[-79.4342636387086,43.6951088042672],[-79.4342589525498,43.6951058581502],[-79.4342542539759,43.6951029210272],[-79.4342495429869,43.6950999928981],[-79.4342448195827,43.6950970737631],[-79.4342400837634,43.6950941636219],[-79.4342353479348,43.6950912624819],[-79.4342305872853,43.6950883703286],[-79.4342258266263,43.6950854871764],[-79.4342210535523,43.6950826130182],[-79.4342162680533,43.6950797568553],[-79.434211470149,43.6950769006849],[-79.4342066598296,43.6950740535085],[-79.4342051968866,43.6950731975439],[-79.4342018370852,43.6950712243274],[-79.4341970019256,43.6950684041402],[-79.4341945471534,43.6950669715218],[-79.4341921667666,43.6950655839527],[-79.4341873191825,43.6950627817605],[-79.4341824467677,43.6950599975564],[-79.4341775743534,43.6950572133521],[-79.4341726895239,43.6950544381417],[-79.4341677922793,43.6950516719252],[-79.4341602045752,43.6950474549511],[-79.4341552576595,43.6950447337119],[-79.4341503107443,43.6950420124725],[-79.4341453389983,43.6950393092212],[-79.4341403672331,43.6950366239722],[-79.4341353954684,43.695033938723],[-79.4341303988827,43.6950312624606],[-79.4341254022877,43.6950285951993],[-79.4341204056734,43.6950259459403],[-79.4341191038004,43.6950252790945],[-79.4340421822284,43.6949854490311],[-79.4340230634337,43.6949755545806],[-79.4339652483426,43.69494562791],[-79.4339241839282,43.6949243611342],[-79.4338883145685,43.6949057977355],[-79.4338113932921,43.6948659765176],[-79.4337344597119,43.6948261552404],[-79.4336421519676,43.6947783588449],[-79.4335982485,43.6947556230928],[-79.4335190586526,43.6947146391928],[-79.4333946885528,43.6946502525679],[-79.433397770894,43.6946450696202],[-79.4334060482811,43.6946313204701],[-79.4333630268394,43.6945068255441],[-79.433360157894,43.6944985516849],[-79.4334690985467,43.6944811976452],[-79.4335695894097,43.6944651977862],[-79.433693247227,43.6944440175346],[-79.4337179762969,43.6944397832671],[-79.4337297798505,43.6944683062018],[-79.4337451715431,43.6945054634533],[-79.4337886878899,43.6945078470062],[-79.4338958661194,43.694513732873],[-79.4338993767049,43.6945139239302],[-79.4339850076694,43.6945186180821],[-79.4340086637949,43.6945199189262],[-79.4341220693402,43.6945261322222],[-79.4340376091145,43.694619075854],[-79.4339972419693,43.6946635279317],[-79.4340013569663,43.6946668877892],[-79.4340054843695,43.6946702476538],[-79.4340095869519,43.6946736165051],[-79.4340136895249,43.6946769943576],[-79.4340177796828,43.6946803812041],[-79.4340218574356,43.6946837680432],[-79.4340259351789,43.6946871638835],[-79.434030000517,43.6946905597165],[-79.4340340658457,43.6946939645506],[-79.4340381063635,43.6946973693703],[-79.4340421468719,43.6947007831911],[-79.434046187371,43.694704206013],[-79.4340502154648,43.6947076288277],[-79.4340542311435,43.6947110606363],[-79.434058234417,43.6947144924376],[-79.4340622376811,43.6947179332401],[-79.43406622854,43.6947213740353],[-79.4340664640209,43.6947215812008],[-79.434070206974,43.6947248328257],[-79.4340741854281,43.6947282736134],[-79.4340781514474,43.6947317413977],[-79.4340821050714,43.6947352001734],[-79.434086058686,43.6947386679503],[-79.4340899998855,43.6947421447211],[-79.4340957133524,43.6947472157422],[-79.4340996421375,43.6947507015068],[-79.4341035461019,43.6947541962583],[-79.4341074500666,43.6947576910097],[-79.4341113416163,43.6947611947551],[-79.4341152331566,43.6947647075015],[-79.4341191246973,43.694768220248],[-79.4341229790215,43.6947717329727],[-79.4341268333264,43.6947752637],[-79.4341285064186,43.6947767948836],[-79.4341307000472,43.6947787854329],[-79.4341345419473,43.6947823161527],[-79.4341383714324,43.6947858558666],[-79.434142200908,43.6947894045816],[-79.4341476042909,43.6947944304149],[-79.434175864299,43.694817264964],[-79.4341921261957,43.6948304162118],[-79.4342575581058,43.6948833184431],[-79.4343178834851,43.69493208611],[-79.4343220237228,43.6949350859187],[-79.434330800045,43.6949414368708],[-79.4343899659003,43.6949842449787],[-79.4344126628914,43.6950006763579],[-79.4344445025672,43.6950174370226],[-79.4344467078952,43.6950200936681],[-79.4344498919625,43.6950239570477],[-79.4344530760303,43.6950278204271],[-79.4344562352869,43.6950316837923],[-79.4344593945342,43.6950355561586],[-79.4344625537721,43.6950394375262],[-79.4344656881989,43.6950433188794],[-79.434467856292,43.6950459935057],[-79.434468822636,43.6950471912313],[-79.4344719446382,43.6950510905798],[-79.4344750542548,43.6950549719185],[-79.4344781638522,43.6950588712597],[-79.4344812610442,43.6950627705938],[-79.4344835405453,43.6950656703158],[-79.4345053426837,43.6950494624845],[-79.4345661599868,43.6950911192814],[-79.4346526955076,43.6950290508796],[-79.4346593521491,43.6950338793766],[-79.4347319679316,43.6950864973994],[-79.4347415866313,43.6950940279699],[-79.4348050502474,43.6951437423049],[-79.4348195372355,43.6951350103137],[-79.4348321286476,43.6951468721922],[-79.4348730135563,43.6951854210159],[-79.4346441571424,43.6952947370822],[-79.4345840694775,43.6953234348287],[-79.4345594311585,43.6953352034146]]]]},"properties":{"_id":812,"AREA_ID":1005,"AREA_ATTR_ID":1005,"PARENT_AREA_ID":null,"AREA_CLASS_ID":893,"AREA_CLASS":"OTHER_PROVINCIAL_FEDERAL","AREA_SHORT_CODE":"None","AREA_LONG_CODE":"354540","AREA_NAME":"CEDARVALE PARK","AREA_DESC":"CEDARVALE PARK","OBJECTID":1005}},{"type":"Feature","geometry":{"type":"MultiPolygon","coordinates":[[[[-79.4341220693402,43.6945261322222],[-79.4340086637949,43.6945199189262],[-79.4339850076694,43.6945186180821],[-79.4338993767049,43.6945139239302],[-79.4338958661194,43.694513732873],[-79.4337886878899,43.6945078470062],[-79.4337451715431,43.6945054634533],[-79.4337297798505,43.6944683062018],[-79.4337179762969,43.6944397832671],[-79.4337767900212,43.6944297179065],[-79.434086070504,43.6943767620435],[-79.434098479857,43.694407328583],[-79.4341013505654,43.6944140812065],[-79.4341032935641,43.6944183579401],[-79.434105323432,43.6944226077198],[-79.4341074401592,43.694426839547],[-79.4341096437556,43.6944310444203],[-79.4341119342112,43.694435231341],[-79.4341143115459,43.6944393823066],[-79.4341174939746,43.6944446949028],[-79.4341200574534,43.6944487919679],[-79.4341227078113,43.6944528530777],[-79.4341254450286,43.694456896235],[-79.434128269125,43.6944609034371],[-79.434131167685,43.6944648836782],[-79.4341341531241,43.6944688279641],[-79.4341372130368,43.6944727362877],[-79.4341403598188,43.6944766176573],[-79.4341435810743,43.6944804630646],[-79.434146889209,43.6944842725167],[-79.4341502594116,43.6944880459993],[-79.4341537164935,43.6944917835267],[-79.4341572480489,43.6944954850917],[-79.4341608664933,43.6944991417002],[-79.4341645470058,43.6945027623391],[-79.4341704212076,43.6945083105176],[-79.4341743003195,43.6945118322564],[-79.4341782415191,43.6945153000231],[-79.4341822571923,43.6945187318273],[-79.4341863349434,43.6945221186607],[-79.4341904995836,43.6945254605375],[-79.4341947138959,43.6945287574363],[-79.434196659966,43.6945302347683],[-79.4341220693402,43.6945261322222]]]]},"properties":{"_id":814,"AREA_ID":1007,"AREA_ATTR_ID":1007,"PARENT_AREA_ID":null,"AREA_CLASS_ID":893,"AREA_CLASS":"OTHER_PROVINCIAL_FEDERAL","AREA_SHORT_CODE":"None","AREA_LONG_CODE":"354540","AREA_NAME":"CEDARVALE PARK","AREA_DESC":"CEDARVALE PARK","OBJECTID":1007}},{"type":"Feature","geometry":{"type":"MultiPolygon","coordinates":[[[[-79.4429927056684,43.7034872321673],[-79.4429128598221,43.703504168727],[-79.442833001532,43.7035210962235],[-79.4427059521138,43.7032049257551],[-79.4425788916135,43.7028887641238],[-79.442658736728,43.7028718367964],[-79.4427385817977,43.7028549094131],[-79.4428656430576,43.7031710798705],[-79.4429927056684,43.7034872321673]]]]},"properties":{"_id":1034,"AREA_ID":1242,"AREA_ATTR_ID":1242,"PARENT_AREA_ID":null,"AREA_CLASS_ID":894,"AREA_CLASS":"OTHER_HYDRO","AREA_SHORT_CODE":"None","AREA_LONG_CODE":"3013","AREA_NAME":"YORK HYDRO GREEN SPACE","AREA_DESC":"YORK HYDRO GREEN SPACE","OBJECTID":1242}},{"type":"Feature","geometry":{"type":"MultiPolygon","coordinates":[[[[-79.4915643581327,43.7014649030245],[-79.4914209413711,43.701314940016],[-79.4915604039119,43.7012620948769],[-79.4917310094272,43.701197577163],[-79.4919014905103,43.701133032181],[-79.4919480191165,43.7011154919712],[-79.4919553892395,43.7011127561007],[-79.4919628462001,43.7011101012473],[-79.4919703403653,43.7011075634127],[-79.4919779089599,43.7011051155957],[-79.4919855395781,43.701102748794],[-79.4919932198093,43.7011004900107],[-79.4920009620617,43.7010983302453],[-79.4920087415214,43.701096269496],[-79.4920165830036,43.7010942987634],[-79.4920244492849,43.7010924360473],[-79.4920323775876,43.7010906723491],[-79.4920403430977,43.7010890076671],[-79.4920483458153,43.7010874420011],[-79.4920563857392,43.7010859843526],[-79.4920644628706,43.7010846257202],[-79.4920725648026,43.701083366103],[-79.492080703941,43.7010822145032],[-79.492088855473,43.7010811619177],[-79.4920970442116,43.7010802173497],[-79.4921052577509,43.7010793717968],[-79.4921134836828,43.7010786342596],[-79.4921217220085,43.7010779957367],[-79.4921299727269,43.7010774652295],[-79.4921382482462,43.7010770337375],[-79.4921465361571,43.7010767192623],[-79.4921548116492,43.7010764947986],[-79.492163087126,43.7010763873509],[-79.4921713749968,43.7010763789175],[-79.4921796628548,43.7010764694976],[-79.4921879506988,43.7010766680925],[-79.4921962385277,43.7010769837035],[-79.492204513938,43.7010773893258],[-79.4922127521123,43.7010779119616],[-79.4922210026809,43.7010785336118],[-79.4922292284229,43.7010792542738],[-79.492237441743,43.701080091951],[-79.4922456426448,43.7010810196396],[-79.4922538063119,43.7010820553405],[-79.4922619451515,43.7010831990544],[-79.4922700467576,43.7010844417794],[-79.4922781359433,43.7010857925183],[-79.4922861754886,43.7010872422674],[-79.4922941902077,43.7010887910283],[-79.4923021552865,43.7010904387995],[-79.4923100831309,43.7010921945829],[-79.4923179737434,43.7010940403761],[-79.4923258147146,43.7010959941808],[-79.4923336060457,43.7010980469957],[-79.4923413477379,43.7011001898196],[-79.4923490273819,43.7011024406541],[-79.4923566697941,43.7011047814985],[-79.4923642377535,43.7011072123502],[-79.4923717560706,43.7011097602147],[-79.4923792123443,43.7011123800849],[-79.4923866065711,43.7011150989645],[-79.492399137021,43.7011199964953],[-79.4926753032109,43.7012318914471],[-79.4926760351913,43.7012321705337],[-79.492676581074,43.7012323865994],[-79.4926771269556,43.7012326116664],[-79.4926776604324,43.7012328187301],[-79.4926782187232,43.7012330257953],[-79.492678764607,43.7012332328597],[-79.4926793353049,43.7012334399257],[-79.4926798935968,43.7012336379897],[-79.4926804270747,43.701233836052],[-79.4926809853678,43.7012340251146],[-79.4926815560668,43.7012342231794],[-79.4926821143598,43.701234412242],[-79.4926826726518,43.7012346103059],[-79.4926832433529,43.7012347903681],[-79.492683801646,43.7012349794307],[-79.4926843847531,43.7012351684949],[-79.4926849430484,43.701235339555],[-79.4926855013414,43.7012355286176],[-79.4926860844518,43.701235690678],[-79.4926866551541,43.7012358617389],[-79.4926872382623,43.7012360418018],[-79.4926877965587,43.7012362038605],[-79.492688379668,43.7012363749222],[-79.4926889503714,43.7012365369817],[-79.4926895334818,43.7012366990421],[-79.4926901289993,43.7012368611032],[-79.4926906872968,43.7012370141607],[-79.4926912828153,43.7012371672206],[-79.4926918659268,43.7012373202796],[-79.4926924490384,43.7012374733387],[-79.492693032151,43.7012376173964],[-79.4926936276706,43.701237761455],[-79.4926942107833,43.7012379055127],[-79.4926947938959,43.7012380495705],[-79.4926954018237,43.7012381846286],[-79.4926959849374,43.7012383196851],[-79.4926965680512,43.7012384547415],[-79.4926971635719,43.7012385897988],[-79.4926977590938,43.7012387158547],[-79.4926983670227,43.7012388419116],[-79.4926989625456,43.7012389589662],[-79.4926995580675,43.7012390850222],[-79.4927001411834,43.7012392020761],[-79.4927007491134,43.7012393191316],[-79.4927013446364,43.7012394361862],[-79.4927019401604,43.7012395442396],[-79.4927025480915,43.7012396522938],[-79.4927031560226,43.701239760348],[-79.4927037515478,43.7012398594001],[-79.4927043594789,43.7012399674543],[-79.492704967411,43.7012400665072],[-79.4927055753443,43.7012401565588],[-79.4927061832765,43.7012402556117],[-79.4927067912098,43.7012403456633],[-79.4927073991431,43.7012404357149],[-79.4927080070775,43.7012405167652],[-79.4927086150107,43.7012406068168],[-79.4927092353521,43.7012406878679],[-79.4927098432876,43.7012407599169],[-79.492710451222,43.7012408409672],[-79.4927110715645,43.701240913017],[-79.4927116795,43.701240985066],[-79.4927122874355,43.701241057115],[-79.4927129077791,43.7012411201635],[-79.4927135157156,43.7012411832112],[-79.4927141360592,43.7012412462598],[-79.4927147439969,43.7012413003062],[-79.4927153643405,43.7012413633547],[-79.4927159846852,43.7012414174019],[-79.4927165926239,43.7012414624471],[-79.4927172129686,43.7012415164943],[-79.4927178333144,43.7012415615402],[-79.4927184536602,43.7012416065861],[-79.4927190616,43.70124164263],[-79.4927196819458,43.7012416876759],[-79.4927203022927,43.7012417237205],[-79.4927209226407,43.7012417507638],[-79.4927215429876,43.7012417868084],[-79.4927221633355,43.7012418138518],[-79.4927227836835,43.7012418408951],[-79.4927234040315,43.7012418679385],[-79.4927240119735,43.7012418859798],[-79.4927246323225,43.7012419040218],[-79.4927252526716,43.7012419220639],[-79.4927258730217,43.7012419311046],[-79.4927264933719,43.7012419401454],[-79.492727113722,43.7012419491861],[-79.4927277340722,43.7012419582269],[-79.4927283544234,43.7012419582663],[-79.4927289747746,43.7012419583058],[-79.4927295951259,43.7012419583452],[-79.4927302154771,43.7012419583847],[-79.4927308358295,43.7012419494229],[-79.4927314561818,43.701241940461],[-79.4927320765352,43.7012419224979],[-79.4927326968875,43.7012419135361],[-79.4927333172409,43.701241895573],[-79.4927339375943,43.7012418776098],[-79.4927345579488,43.7012418506454],[-79.4927351783022,43.7012418326823],[-79.4927357986578,43.7012417967166],[-79.4927364190123,43.7012417697522],[-79.4927370393668,43.7012417427877],[-79.4927376597224,43.701241706822],[-79.4927382676709,43.7012416708555],[-79.4927388880276,43.7012416258885],[-79.4927395083843,43.7012415809215],[-79.4927401287409,43.7012415359545],[-79.4927407366906,43.7012414909867],[-79.4927413570472,43.7012414460197],[-79.492741977405,43.7012413920514],[-79.4927425853557,43.7012413380824],[-79.4927432057145,43.7012412751128],[-79.4927438260723,43.7012412211445],[-79.4927444340241,43.7012411581741],[-79.492745054384,43.7012410862032],[-79.4927456623358,43.7012410232328],[-79.4927462702887,43.7012409512612],[-79.4927468906486,43.7012408792903],[-79.4927474986014,43.7012408073186],[-79.4927481065554,43.7012407263457],[-79.4927487145094,43.7012406453727],[-79.4927493348704,43.7012405644005],[-79.4927499428254,43.7012404744263],[-79.4927505507793,43.7012403934533],[-79.4927511587344,43.7012403034791],[-79.4927517666905,43.7012402045035],[-79.4927523746455,43.7012401145292],[-79.4927529701946,43.7012400155529],[-79.4927535781507,43.7012399165774],[-79.4927541861069,43.7012398176019],[-79.4927547816571,43.7012397096242],[-79.4927553896142,43.7012396016474],[-79.4927559851644,43.7012394936697],[-79.4927565931227,43.7012393766916],[-79.4927571886728,43.701239268714],[-79.4927577966311,43.7012391517358],[-79.4927583921834,43.7012390257556],[-79.4927589877347,43.7012389087767],[-79.492759583287,43.7012387827965],[-79.4927601788393,43.7012386568163],[-79.4927607743927,43.7012385218348],[-79.492761369945,43.7012383958546],[-79.4927619530914,43.7012382608723],[-79.4927625486448,43.7012381258908],[-79.4927631317922,43.7012379819072],[-79.4927637273467,43.7012378379245],[-79.4927643104942,43.7012376939409],[-79.4927649060486,43.7012375499581],[-79.4927654891961,43.7012374059745],[-79.4927660723446,43.7012372529896],[-79.4927666554931,43.7012371000047],[-79.4927672386427,43.7012369380186],[-79.4927678217912,43.7012367850337],[-79.4927683925337,43.7012366230468],[-79.4927689756833,43.7012364610606],[-79.492769546427,43.7012362900724],[-79.4927701295765,43.7012361280862],[-79.4927707003202,43.701235957098],[-79.4927712710638,43.7012357861097],[-79.4927718418085,43.7012356061202],[-79.4927724125521,43.701235435132],[-79.4927729832968,43.7012352551424],[-79.4927735540415,43.7012350751529],[-79.4927741247873,43.7012348861621],[-79.492774683126,43.7012346971704],[-79.4927752414648,43.7012345081788],[-79.4927758122106,43.701234319188],[-79.4927763705493,43.7012341301964],[-79.4927769288891,43.7012339322035],[-79.4927774872289,43.7012337342106],[-79.4927780455687,43.7012335362177],[-79.4927785915026,43.7012333292227],[-79.4927791498424,43.7012331312298],[-79.4927796957762,43.7012329242348],[-79.4927802417112,43.7012327082386],[-79.492780800052,43.7012325012444],[-79.4927813459869,43.7012322852481],[-79.4927818795148,43.7012320692511],[-79.4927824254497,43.7012318532548],[-79.4927829713857,43.7012316282573],[-79.4927835049136,43.7012314122602],[-79.4927840508496,43.7012311872626],[-79.4927845843796,43.701230953263],[-79.4927851179086,43.7012307282647],[-79.4927856514386,43.701230494265],[-79.4927861725616,43.7012302602646],[-79.4927867060916,43.701230026265],[-79.4927872272146,43.7012297922646],[-79.4927877607457,43.7012295492637],[-79.4927882818698,43.701229306262],[-79.4927888029938,43.7012290632602],[-79.4927893241179,43.7012288202585],[-79.492789820429,43.701228568254],[-79.4927903415541,43.701228316251],[-79.4927908626792,43.701228064248],[-79.4927913713973,43.7012278122442],[-79.4927918925235,43.7012275512399],[-79.4927923764275,43.7012272992346],[-79.4927928975537,43.7012270382303],[-79.4927933938669,43.7012267682231],[-79.4927939025861,43.7012265072181],[-79.4927943864922,43.7012262372101],[-79.4927948828055,43.701225967203],[-79.4927953915257,43.7012256971966],[-79.4927958754318,43.7012254271887],[-79.4927963841531,43.7012251481811],[-79.4927968680603,43.7012248691719],[-79.4927975132448,43.7012247071894],[-79.492505314381,43.7014327890145],[-79.4925069156815,43.7014264522179],[-79.4925076358471,43.7014219876299],[-79.4925080210254,43.7014174960161],[-79.492508058807,43.7014129953783],[-79.4925077491898,43.701408503719],[-79.4925071169881,43.7014040210398],[-79.4925061373832,43.7013995833442],[-79.4925048351905,43.7013951816326],[-79.4925031979998,43.701390842908],[-79.4925012382179,43.7013865671711],[-79.4924989558406,43.7013823904271],[-79.4924963632771,43.7013782946742],[-79.4924934605232,43.7013743159176],[-79.4924902723917,43.70137046316],[-79.4924867864757,43.7013667364007],[-79.492483039994,43.7013631536447],[-79.4924790205386,43.7013597238924],[-79.4922775281248,43.7012781498521],[-79.492276572833,43.7012777627325],[-79.4922760269513,43.7012775466649],[-79.4922754934767,43.7012773305981],[-79.4922749475939,43.7012771235317],[-79.4922744017133,43.7012768984628],[-79.4922738558317,43.7012766823952],[-79.4922732975418,43.701276475328],[-79.492272751659,43.7012762682617],[-79.4922722057762,43.7012760611953],[-79.4922716598934,43.7012758541289],[-79.4922711016036,43.7012756470617],[-79.4922705557208,43.7012754399953],[-79.492269997431,43.7012752329281],[-79.492269451547,43.701275034863],[-79.4922688932572,43.7012748277958],[-79.4922683349662,43.7012746297299],[-79.4922677890823,43.7012744316648],[-79.4922672307925,43.7012742245975],[-79.4922666725015,43.7012740265316],[-79.4922661142095,43.7012738374669],[-79.4922655559185,43.701273639401],[-79.4922649976275,43.701273441335],[-79.4922644393354,43.7012732522703],[-79.4922638686375,43.7012730542035],[-79.4922633103454,43.7012728651388],[-79.4922627520533,43.7012726760742],[-79.4922621937612,43.7012724870095],[-79.4922616230621,43.7012722979439],[-79.49226106477,43.7012721088793],[-79.4922604940709,43.7012719198137],[-79.4922599233706,43.7012717397494],[-79.4922593650774,43.701271559686],[-79.4922587943783,43.7012713706205],[-79.4922582236781,43.7012711905562],[-79.4922576653849,43.7012710104928],[-79.4922570946846,43.7012708304285],[-79.4922565239844,43.7012706503642],[-79.492255953283,43.7012704793012],[-79.4922553825827,43.701270299237],[-79.4922548118814,43.701270128174],[-79.49225424118,43.7012699571109],[-79.4922536580715,43.7012697860471],[-79.4922530873702,43.7012696149841],[-79.4922525166688,43.701269443921],[-79.4922519335604,43.7012692728572],[-79.492251362859,43.7012691017942],[-79.4922507921565,43.7012689397324],[-79.4922502090481,43.7012687686686],[-79.4922496259386,43.701268606606],[-79.492249055236,43.7012684445442],[-79.4922484721265,43.7012682824816],[-79.492247901424,43.7012681204199],[-79.4922473183133,43.7012679673585],[-79.4922467352038,43.7012678052959],[-79.4922461520942,43.7012676432333],[-79.4922455689835,43.701267490172],[-79.4922449858729,43.7012673371107],[-79.4922444027622,43.7012671840493],[-79.4922438196515,43.701267030988],[-79.4922432365408,43.7012668779266],[-79.4922426534302,43.7012667248653],[-79.4922420703183,43.7012665808052],[-79.4922414872077,43.7012664277439],[-79.4922408916888,43.701266283683],[-79.492240308577,43.7012661396229],[-79.4922397254652,43.7012659955628],[-79.4922391299463,43.7012658515019],[-79.4922385468345,43.7012657074418],[-79.4922379513145,43.7012655723822],[-79.4922373682027,43.7012654283221],[-79.4922367726827,43.7012652932624],[-79.4922361895709,43.7012651492023],[-79.4922355940509,43.7012650141427],[-79.4922349985309,43.701264879083],[-79.492234415418,43.7012647440242],[-79.4922338198968,43.7012646179658],[-79.4922332243768,43.7012644829061],[-79.4922326288557,43.7012643568477],[-79.4922320333357,43.701264221788],[-79.4922314378146,43.7012640957296],[-79.4922308422935,43.7012639696712],[-79.4922302467723,43.7012638436128],[-79.4922296512512,43.7012637175544],[-79.4922290557289,43.7012636004972],[-79.4922284602078,43.7012634744388],[-79.4922278646855,43.7012633573817],[-79.4922272691644,43.7012632313232],[-79.4922266612351,43.7012631142653],[-79.4922260657128,43.7012629972081],[-79.4922254701905,43.701262880151],[-79.4922248622601,43.7012627720942],[-79.4922242667378,43.7012626550371],[-79.4922236712155,43.7012625379799],[-79.4922230632851,43.7012624299232],[-79.4922224677617,43.7012623218673],[-79.4922218598312,43.7012622138105],[-79.4922212643078,43.7012621057547],[-79.4922206563773,43.7012619976979],[-79.4922200484469,43.7012618896412],[-79.4922194529223,43.7012617905865],[-79.4922188449919,43.7012616825298],[-79.4922182370603,43.7012615834743],[-79.4922176415357,43.7012614844197],[-79.4922170336041,43.7012613853642],[-79.4922164256725,43.7012612863087],[-79.4922158177409,43.7012611872532],[-79.4922152098082,43.701261097199],[-79.4922146018766,43.7012609981435],[-79.4922140063508,43.7012609080902],[-79.4922133984181,43.701260818036],[-79.4922127904853,43.7012607279817],[-79.4922121825526,43.7012606379275],[-79.4922115746198,43.7012605478732],[-79.4922109542801,43.7012604578182],[-79.4922103463462,43.7012603767652],[-79.4922097384134,43.701260286711],[-79.4922091304795,43.701260205658],[-79.4922085225456,43.7012601246051],[-79.4922079146117,43.7012600435521],[-79.4922073066778,43.7012599624991],[-79.4922066863357,43.7012598904466],[-79.4922060784018,43.7012598093936],[-79.4922054704668,43.7012597373419],[-79.4922048625329,43.7012596562889],[-79.4922042421908,43.7012595842364],[-79.4922036342557,43.7012595121847],[-79.4922030139136,43.7012594401321],[-79.4922024059786,43.7012593680804],[-79.4922017980424,43.7012593050299],[-79.4922011777003,43.7012592329774],[-79.4922005697641,43.7012591699269],[-79.4921999494208,43.7012591068756],[-79.4921993414846,43.7012590438252],[-79.4921987211414,43.7012589807739],[-79.4921981132051,43.7012589177234],[-79.4921974928619,43.7012588546721],[-79.4921968849245,43.7012588006229],[-79.4921962645813,43.7012587375716],[-79.4921956442369,43.7012586835216],[-79.4921950362995,43.7012586294724],[-79.4921944159551,43.7012585754223],[-79.4921938080178,43.7012585213731],[-79.4921931876734,43.7012584673231],[-79.4921925673278,43.7012584222743],[-79.4921919469834,43.7012583682243],[-79.4921913390449,43.7012583231763],[-79.4921907186993,43.7012582781275],[-79.4921900983538,43.7012582330788],[-79.4921894780082,43.70125818803],[-79.4921888700697,43.701258142982],[-79.4921882497241,43.7012580979332],[-79.4921876293774,43.7012580618857],[-79.4921870090306,43.7012580258382],[-79.4921864010921,43.7012579807902],[-79.4921857807454,43.7012579447427],[-79.4921851603987,43.7012579086952],[-79.4921845400508,43.7012578816489],[-79.4921839197041,43.7012578456014],[-79.4921832993573,43.7012578095538],[-79.4921826790095,43.7012577825076],[-79.4921820586616,43.7012577554613],[-79.4921814507207,43.7012577284158],[-79.4921808303728,43.7012577013696],[-79.4921802100249,43.7012576743233],[-79.4921795896771,43.701257647277],[-79.492178969328,43.701257629232],[-79.4921783489801,43.7012576021857],[-79.492177728631,43.7012575841407],[-79.492177108282,43.7012575660957],[-79.4921764879329,43.7012575480507],[-79.4921758675839,43.7012575300057],[-79.4921752472348,43.7012575119606],[-79.4921746268858,43.7012574939156],[-79.4921740065355,43.7012574848718],[-79.4921733861853,43.7012574758281],[-79.4921727658363,43.7012574577831],[-79.4921721454861,43.7012574487393],[-79.4921715251347,43.7012574486968],[-79.4921709047844,43.701257439653],[-79.4921702844342,43.7012574306093],[-79.4921696640828,43.7012574305668],[-79.4921690437326,43.701257421523],[-79.4921684233812,43.7012574214805],[-79.4921678030298,43.701257421438],[-79.4921671826784,43.7012574213955],[-79.492166562327,43.701257421353],[-79.4921659419744,43.7012574303117],[-79.4921653216231,43.7012574302692],[-79.4921647012705,43.701257439228],[-79.4921640809191,43.7012574391855],[-79.4921634605665,43.7012574481442],[-79.492162840214,43.7012574571029],[-79.4921622198614,43.7012574660617],[-79.4921615995077,43.7012574840217],[-79.4921609791551,43.7012574929805],[-79.4921603588014,43.7012575109405],[-79.4921597384488,43.7012575198992],[-79.492159118095,43.7012575378592],[-79.4921584977413,43.7012575558192],[-79.4921578773876,43.7012575737792],[-79.4921572694397,43.7012576007414],[-79.4921566490859,43.7012576187014],[-79.4921560287322,43.7012576366614],[-79.4921554083773,43.7012576636226],[-79.4921547880223,43.7012576905839],[-79.4921541676674,43.7012577175452],[-79.4921535473125,43.7012577445064],[-79.4921529269576,43.7012577714677],[-79.4921523066027,43.7012577984289],[-79.4921516862466,43.7012578343915],[-79.4921510658905,43.701257870354],[-79.4921504579426,43.7012578973161],[-79.4921498375865,43.7012579332786],[-79.4921492172304,43.7012579692411],[-79.4921485968743,43.7012580052036],[-79.492147976517,43.7012580501674],[-79.4921473561609,43.70125808613],[-79.4921467482107,43.7012581310946],[-79.4921461278534,43.7012581760584],[-79.4921455074973,43.7012582120209],[-79.49214488714,43.7012582569846],[-79.4921442791886,43.7012583109505],[-79.4921436588313,43.7012583559143],[-79.492143038474,43.7012584008781],[-79.4921424305226,43.701258454844],[-79.4921418101653,43.7012584998077],[-79.4921411898069,43.7012585537728],[-79.4921405818554,43.7012586077387],[-79.492139961497,43.7012586617037],[-79.4921393411373,43.70125872467],[-79.4921387331859,43.7012587786359],[-79.4921381128274,43.7012588326009],[-79.4921375048748,43.701258895568],[-79.4921368845152,43.7012589585343],[-79.4921362765625,43.7012590215015],[-79.4921356562029,43.7012590844678],[-79.4921350482503,43.7012591474349],[-79.4921344278906,43.7012592104012],[-79.4921338199368,43.7012592823696],[-79.4921331995772,43.7012593453359],[-79.4921325916234,43.7012594173043],[-79.4921319712625,43.7012594892718],[-79.4921313633087,43.7012595612402],[-79.4921307553549,43.7012596332086],[-79.4921301349941,43.7012597051761],[-79.4921295270391,43.7012597861458],[-79.4921289190853,43.7012598581142],[-79.4921283111303,43.7012599390839],[-79.4921276907683,43.7012600200527],[-79.4921270828133,43.7012601010223],[-79.4921264748583,43.701260181992],[-79.4921258669033,43.7012602629616],[-79.4921252589483,43.7012603439313],[-79.4921246509921,43.7012604339022],[-79.4921240430372,43.7012605148718],[-79.492123435081,43.7012606048428],[-79.4921228271248,43.7012606948137],[-79.4921222191686,43.7012607847846],[-79.4921216112124,43.7012608747555],[-79.492121003255,43.7012609737277],[-79.4921203952988,43.7012610636986],[-79.4921197873415,43.7012611626708],[-79.4921191793853,43.7012612526417],[-79.4921185714279,43.7012613516138],[-79.4921179758776,43.7012614505868],[-79.4921173679202,43.701261549559],[-79.4921167599628,43.7012616485312],[-79.4921161520042,43.7012617565046],[-79.4921155564539,43.7012618554776],[-79.4921149484953,43.7012619634511],[-79.4921143529438,43.7012620714253],[-79.4921137449852,43.7012621793988],[-79.4921131370266,43.7012622873722],[-79.4921125414751,43.7012623953465],[-79.4921119335165,43.7012625033199],[-79.4921113379638,43.7012626202955],[-79.4921107424122,43.7012627282697],[-79.4921101344524,43.7012628452444],[-79.4921095388997,43.70126296222],[-79.4921089433469,43.7012630791955],[-79.4921083353872,43.7012631961702],[-79.4921077398344,43.7012633131457],[-79.4921071442817,43.7012634301212],[-79.4921065487278,43.701263556098],[-79.4921059531738,43.7012636820749],[-79.4921053576211,43.7012637990504],[-79.4921047620671,43.7012639250272],[-79.4921041665132,43.7012640510039],[-79.4921035709581,43.701264185982],[-79.4921029754041,43.7012643119588],[-79.4921023798502,43.7012644379356],[-79.492101784295,43.7012645729137],[-79.4921011887399,43.7012647078917],[-79.4921006055918,43.7012648428706],[-79.4921000100378,43.7012649688474],[-79.4920994144815,43.7012651128268],[-79.4920988313322,43.701265256807],[-79.4920982357782,43.7012653827837],[-79.4920976402219,43.701265526763],[-79.4920970570726,43.7012656707432],[-79.4920964739233,43.7012658147234],[-79.4920958783681,43.7012659497014],[-79.4920952952188,43.7012660936816],[-79.4920946996625,43.7012662376609],[-79.492094116512,43.7012663906423],[-79.4920935333627,43.7012665346225],[-79.4920929502121,43.7012666876039],[-79.4920923670616,43.7012668405854],[-79.4920917715053,43.7012669845647],[-79.4920911883559,43.7012671285448],[-79.4920906052054,43.7012672815262],[-79.4920900220525,43.7012674525102],[-79.492089451309,43.7012676054925],[-79.4920888681585,43.7012677584739],[-79.4920882850068,43.7012679204566],[-79.492087701855,43.7012680824393],[-79.4920871187045,43.7012682354207],[-79.492086547961,43.701268388403],[-79.4920859648093,43.7012685503857],[-79.4920853940622,43.7012687303717],[-79.4920848109105,43.7012688923544],[-79.4920842401658,43.701269054338],[-79.492083657014,43.7012692163206],[-79.4920830862669,43.7012693963067],[-79.4920825031152,43.7012695582894],[-79.4920819323705,43.7012697202729],[-79.4920813616222,43.7012699092603],[-79.4920807908775,43.7012700712438],[-79.4920802201316,43.7012702422286],[-79.4920796493833,43.7012704312159],[-79.4920790786373,43.7012706022007],[-79.4920785078902,43.7012707821868],[-79.4920779371431,43.7012709621729],[-79.492077366396,43.7012711421589],[-79.4920767956489,43.701271322145],[-79.4920762249018,43.701271502131],[-79.4920756665605,43.7012716911192],[-79.4920750958133,43.7012718711052],[-79.492074537472,43.7012720600934],[-79.4920739667249,43.7012722400795],[-79.4920734083836,43.7012724290677],[-79.4920728376353,43.701272618055],[-79.492072279294,43.7012728070432],[-79.4920717209515,43.7012730050326],[-79.4920711626102,43.7012731940208],[-79.4920705918618,43.7012733830081],[-79.4920700335193,43.7012735809975],[-79.4920694751768,43.701273778987],[-79.4920689168343,43.7012739769764],[-79.4920683584918,43.7012741749659],[-79.4920678125563,43.7012743729562],[-79.4920672542138,43.7012745709456],[-79.4920666958713,43.701274768935],[-79.4920661375276,43.7012749759257],[-79.4920655915921,43.701275173916],[-79.4920650332483,43.7012753809067],[-79.4920644873116,43.7012755878983],[-79.4920639289679,43.701275794889],[-79.4920633830312,43.7012760018805],[-79.4918160981557,43.7013695977634],[-79.4915643581327,43.7014649030245]]]]},"properties":{"_id":1204,"AREA_ID":1424,"AREA_ATTR_ID":1424,"PARENT_AREA_ID":null,"AREA_CLASS_ID":895,"AREA_CLASS":"OTHER_ROAD","AREA_SHORT_CODE":"None","AREA_LONG_CODE":"354500","AREA_NAME":"WESTVIEW GREENBELT","AREA_DESC":"WESTVIEW GREENBELT","OBJECTID":1424}},{"type":"Feature","geometry":{"type":"MultiPolygon","coordinates":[[[[-79.4619329263878,43.6887321399844],[-79.4619052687107,43.6886666463084],[-79.4625200300739,43.6885308938842],[-79.4625412123622,43.6885978164981],[-79.4619329263878,43.6887321399844]]]]},"properties":{"_id":1384,"AREA_ID":1264,"AREA_ATTR_ID":1264,"PARENT_AREA_ID":null,"AREA_CLASS_ID":894,"AREA_CLASS":"OTHER_HYDRO","AREA_SHORT_CODE":"None","AREA_LONG_CODE":"3026","AREA_NAME":"CITY WIDE OPEN SPACE","AREA_DESC":"CITY WIDE OPEN SPACE","OBJECTID":4306643}},{"type":"Feature","geometry":{"type":"MultiPolygon","coordinates":[[[[-79.432342993016,43.6833764968912],[-79.4319433620885,43.6834600708473],[-79.4318564123318,43.6832428624701],[-79.4318300182957,43.6831769481487],[-79.4318036491239,43.6831110338354],[-79.4317772799486,43.683045173523],[-79.4317509232341,43.6829793132113],[-79.4317245541536,43.682913470888],[-79.4316981975441,43.6828476195639],[-79.4316402032955,43.6827027358195],[-79.4315874905128,43.6825710241198],[-79.4315389830421,43.6824498554458],[-79.431916117586,43.6823692489251],[-79.4319122463916,43.6823595342053],[-79.4319840156401,43.6823443737182],[-79.4320574224704,43.6823288541068],[-79.4321544008104,43.6823083527137],[-79.4322025984117,43.6822981648224],[-79.4322504734347,43.6822880487302],[-79.4322611054314,43.6822858047034],[-79.4323135958893,43.6824177770055],[-79.4323477815819,43.6825037417535],[-79.4323660865871,43.6825497402793],[-79.4324147309346,43.6826720698503],[-79.4324238092425,43.6826949115408],[-79.4324685330702,43.6828073733325],[-79.4324762880095,43.6828268837518],[-79.4324932697594,43.6828695869937],[-79.4325031521067,43.6828944184414],[-79.4325195031353,43.6829355100719],[-79.4325287794197,43.6829588469419],[-79.4325377712332,43.6829814725397],[-79.4325452046707,43.6830001456423],[-79.4325550128429,43.683024797015],[-79.4325718833874,43.6830672211374],[-79.4325723904698,43.6830685176251],[-79.4325814936532,43.6830914043227],[-79.4325991682012,43.6831358362068],[-79.4326070221995,43.6831555717073],[-79.432641641636,43.6832426167692],[-79.4326678629028,43.6833085668059],[-79.432565511478,43.6833299655923],[-79.4325509837667,43.6833330084648],[-79.4324519943488,43.6833537070311],[-79.432342993016,43.6833764968912]]]]},"properties":{"_id":1393,"AREA_ID":42174,"AREA_ATTR_ID":44801,"PARENT_AREA_ID":null,"AREA_CLASS_ID":800,"AREA_CLASS":"Building Grounds","AREA_SHORT_CODE":"44801","AREA_LONG_CODE":"44801","AREA_NAME":"ST. ALPHONSUS CATHOLIC SECONDARY SCHOOL - Building Grounds","AREA_DESC":"None","OBJECTID":4313467}},{"type":"Feature","geometry":{"type":"MultiPolygon","coordinates":[[[[-79.4746025223604,43.6851332994197],[-79.4745739966067,43.6850680156044],[-79.4744857977743,43.6850882848968],[-79.4743975988825,43.6851085541212],[-79.4743058521267,43.6851296325975],[-79.4742146957156,43.6849306471926],[-79.4738296102906,43.6850192765561],[-79.4734445361439,43.6851078866211],[-79.4730747810236,43.6851929884873],[-79.4730594484524,43.6851965133868],[-79.4730260299216,43.6851199763997],[-79.4729506062055,43.6849472415081],[-79.4728878587648,43.6848035297821],[-79.4728308237869,43.6846728892738],[-79.4727783364493,43.6845526913334],[-79.4727258617247,43.6844324933695],[-79.4726733872054,43.6843123043803],[-79.4726209128956,43.6841921153645],[-79.4726414555159,43.6841868185127],[-79.4730132435937,43.6840920061016],[-79.4731024100434,43.6840692538084],[-79.4734062056162,43.6839917786203],[-79.4733799492517,43.6839316527714],[-79.4733536805403,43.6838715179118],[-79.4732338116669,43.6835970130055],[-79.4734691924193,43.6835369481372],[-79.4735940215572,43.6835050944053],[-79.4736831869182,43.6834823416565],[-79.4737723398084,43.6834595888352],[-79.4738615050347,43.6834368359471],[-79.4739506701936,43.6834140829893],[-79.4740398228817,43.683391329959],[-79.4741289879059,43.6833685768619],[-79.4742538039464,43.6833367134043],[-79.4743737885188,43.6836113703018],[-79.4744000705241,43.683671540938],[-79.4744263525856,43.6837317025663],[-79.4744526346997,43.6837918641878],[-79.4744789168663,43.6838520258028],[-79.4745051990853,43.683912187411],[-79.4745314813569,43.6839723490126],[-79.4745577512775,43.6840325106047],[-79.4745840460538,43.684092681197],[-79.4746103284829,43.6841528427786],[-79.4746366109645,43.6842130043535],[-79.4747565990282,43.6844876608078],[-79.4748148772178,43.6846210550335],[-79.4748320149895,43.6846602955058],[-79.4748584961876,43.6847208981321],[-79.4748847791613,43.6847810686454],[-79.4749133298784,43.6848464604077],[-79.4749419054612,43.6849118611688],[-79.4749704687061,43.684977252918],[-79.4749990320092,43.6850426536607],[-79.4750276077819,43.6851080453968],[-79.4750561712129,43.6851734371224],[-79.4750847347021,43.6852388378415],[-79.4751133106609,43.685304229554],[-79.4747167004312,43.6853943986138],[-79.4746881496188,43.6853291238257],[-79.474659611272,43.6852638490325],[-79.4746310605834,43.6851985742286],[-79.4746025223604,43.6851332994197]]]]},"properties":{"_id":1450,"AREA_ID":42151,"AREA_ATTR_ID":44791,"PARENT_AREA_ID":null,"AREA_CLASS_ID":800,"AREA_CLASS":"Building Grounds","AREA_SHORT_CODE":"44791","AREA_LONG_CODE":"44791","AREA_NAME":"GEORGE HARVEY COLLEGIATE INSTITUTE - Building Grounds","AREA_DESC":"None","OBJECTID":4314504}},{"type":"Feature","geometry":{"type":"MultiPolygon","coordinates":[[[[-79.4780277859461,43.6909631981262],[-79.4761356101092,43.6913849255655],[-79.4761312697543,43.6913814141537],[-79.4760836752772,43.6913414474505],[-79.476037048695,43.6913008688419],[-79.4759914024014,43.6912597053356],[-79.4759467487934,43.691217974938],[-79.4759031126766,43.6911756866568],[-79.4758605064476,43.6911328584983],[-79.4758189301056,43.6910894904636],[-79.475778383642,43.6910456005564],[-79.4757389290731,43.6910012067937],[-79.4756904612767,43.6909442362885],[-79.475653438642,43.6908987448544],[-79.4756175326886,43.6908527945799],[-79.4755827310063,43.6908063944648],[-79.4755490335896,43.6907595535114],[-79.4755164900451,43.6907122987352],[-79.4754850879622,43.6906646391357],[-79.4754548273352,43.6906165837152],[-79.4754257205558,43.6905681594811],[-79.4753808104809,43.6904884523266],[-79.4753805873638,43.6904880382189],[-79.4753803518455,43.6904876151072],[-79.4753801287283,43.6904872009994],[-79.4753799056149,43.6904867778903],[-79.4753796824977,43.6904863637826],[-79.4753794469795,43.6904859406709],[-79.4753792238623,43.6904855265631],[-79.4753790007489,43.6904851034541],[-79.4753787776354,43.690484680345],[-79.4753785421135,43.6904842662346],[-79.4753783190001,43.6904838431255],[-79.4753780958829,43.6904834290177],[-79.4753778727695,43.6904830059087],[-79.4753776496524,43.6904825918009],[-79.475377426539,43.6904821686919],[-79.4753771910207,43.6904817455801],[-79.4753769679036,43.6904813314724],[-79.4753767447902,43.6904809083633],[-79.4753765216731,43.6904804942556],[-79.4753762985597,43.6904800711465],[-79.4753760754463,43.6904796480374],[-79.4753758399244,43.690479233927],[-79.475375616811,43.6904788108179],[-79.4753753936939,43.6904783967102],[-79.4753751705805,43.6904779736011],[-79.4753749474671,43.690477550492],[-79.4753747243501,43.6904771363843],[-79.4753745012367,43.6904767132752],[-79.4753742781196,43.6904762991674],[-79.4753740550062,43.6904758760583],[-79.4753738318928,43.6904754529493],[-79.4753736087758,43.6904750388415],[-79.4753733856624,43.6904746157325],[-79.4753731501443,43.6904741926207],[-79.4753729270272,43.6904737785129],[-79.4753727039138,43.6904733554039],[-79.4753724807968,43.6904729412961],[-79.4753722576834,43.690472518187],[-79.4753720345701,43.6904720950779],[-79.4753718114531,43.6904716809702],[-79.4753715883397,43.6904712578611],[-79.4753713652264,43.690470834752],[-79.4753711421093,43.6904704206443],[-79.475370918996,43.6904699975352],[-79.4753706958827,43.6904695744261],[-79.4753704727657,43.6904691603184],[-79.4753702620571,43.6904687372119],[-79.4753700389438,43.6904683141029],[-79.4753698158268,43.6904678999951],[-79.4753695927135,43.690467476886],[-79.4753693696002,43.6904670537769],[-79.4753691464832,43.6904666396692],[-79.4753689233699,43.6904662165601],[-79.4753687002566,43.690465793451],[-79.4753684771396,43.6904653793432],[-79.4753682540263,43.6904649562341],[-79.475368030913,43.6904645331251],[-79.475367807796,43.6904641190173],[-79.4753675970875,43.6904636959109],[-79.4753673739742,43.6904632728018],[-79.4753671508609,43.6904628496927],[-79.475366927744,43.6904624355849],[-79.4753667046307,43.6904620124758],[-79.4753664815174,43.6904615893667],[-79.4753662708053,43.6904611752617],[-79.475366047692,43.6904607521525],[-79.4753658245787,43.6904603290435],[-79.4753656014655,43.6904599059344],[-79.4753653783485,43.6904594918266],[-79.4753651552353,43.6904590687175],[-79.4753649445268,43.6904586456111],[-79.4753647214099,43.6904582315033],[-79.4753644982966,43.6904578083942],[-79.4753642751834,43.6904573852851],[-79.475364064475,43.6904569621787],[-79.4753638413581,43.6904565480709],[-79.4753636182448,43.6904561249618],[-79.4753633951316,43.6904557018528],[-79.4753631720184,43.6904552787437],[-79.4753629489014,43.6904548646359],[-79.475362738193,43.6904544415295],[-79.4753625150798,43.6904540184204],[-79.4753622919666,43.6904535953113],[-79.4753620688497,43.6904531812035],[-79.4753618581413,43.6904527580971],[-79.4753616350281,43.690452334988],[-79.4753614119149,43.6904519118789],[-79.4753611888017,43.6904514887698],[-79.4753609780896,43.6904510746647],[-79.4753607549764,43.6904506515556],[-79.4753605318632,43.6904502284465],[-79.4753603211548,43.6904498053401],[-79.475360098038,43.6904493912322],[-79.4753598749248,43.6904489681231],[-79.4753596766212,43.6904485450194],[-79.4753594411032,43.6904481219076],[-79.4753592427996,43.6904476988039],[-79.4753590196828,43.6904472846961],[-79.4753587965696,43.690446861587],[-79.4753585858613,43.6904464384806],[-79.4753583627481,43.6904460153715],[-79.4753581520398,43.690445592265],[-79.4753579289229,43.6904451781572],[-79.4753577058098,43.6904447550482],[-79.4753574951014,43.6904443319417],[-79.4753572595835,43.6904439088299],[-79.4753570488751,43.6904434857235],[-79.475356825762,43.6904430626144],[-79.47535661505,43.6904426485093],[-79.4753563919368,43.6904422254002],[-79.4753561812285,43.6904418022937],[-79.4753559581154,43.6904413791846],[-79.4753557474071,43.6904409560782],[-79.4753555242939,43.6904405329691],[-79.4753553135819,43.690440118864],[-79.4753550904688,43.6904396957548],[-79.4753548797605,43.6904392726484],[-79.4753546690522,43.690438849542],[-79.4753544459391,43.6904384264329],[-79.4753542352308,43.6904380033265],[-79.4753540121177,43.6904375802173],[-79.4753538014057,43.6904371661122],[-79.4753535782926,43.6904367430031],[-79.4753533675843,43.6904363198966],[-79.4753531444712,43.6904358967876],[-79.4753529337629,43.6904354736811],[-79.4753527230547,43.6904350505747],[-79.4753524999416,43.6904346274656],[-79.4753522892333,43.6904342043591],[-79.4753519793641,43.690433592204],[-79.4754920291954,43.6903429882469],[-79.4756958520051,43.6902203440708],[-79.4758782265673,43.6906539482199],[-79.4760373574882,43.6906187506105],[-79.4760687247134,43.6906927208442],[-79.4767727231298,43.6905362164798],[-79.4767398920082,43.6904605538954],[-79.4768310751307,43.6904402204788],[-79.4768183345685,43.6904101805644],[-79.4768937745457,43.6903934084179],[-79.4767036710527,43.6899450151604],[-79.4770106755643,43.6898782426728],[-79.4770900503058,43.6898856486751],[-79.4774482024407,43.6907354604439],[-79.4778895533928,43.6906382876453],[-79.4780277859461,43.6909631981262]]]]},"properties":{"_id":1458,"AREA_ID":50180,"AREA_ATTR_ID":31628,"PARENT_AREA_ID":null,"AREA_CLASS_ID":800,"AREA_CLASS":"Building Grounds","AREA_SHORT_CODE":"31628","AREA_LONG_CODE":"31628","AREA_NAME":"THE NEW GENERATION YOUTH RECREATION CENTRE - Building Grounds","AREA_DESC":"None","OBJECTID":4314580}},{"type":"Feature","geometry":{"type":"MultiPolygon","coordinates":[[[[-79.4551018429683,43.6920643538264],[-79.4549961336154,43.6920879226544],[-79.4549782024496,43.6920624329264],[-79.4549634429084,43.6920424262341],[-79.4549481994358,43.6920226083762],[-79.4549324844306,43.6920029883589],[-79.454916297893,43.6919835661818],[-79.4548996522149,43.6919643598523],[-79.4548825474035,43.6919453603689],[-79.4548649834521,43.6919265767327],[-79.4548469727526,43.6919080269509],[-79.4548285153119,43.6918897020221],[-79.4548096111169,43.6918716199486],[-79.4547902849777,43.6918537807401],[-79.4547705244894,43.6918361843913],[-79.4547503544557,43.6918188399132],[-79.4547297748697,43.6918017563069],[-79.4547087733266,43.6917849335672],[-79.4546873746297,43.6917683807051],[-79.4546655911842,43.6917520977251],[-79.4546434105715,43.6917361026249],[-79.4546657062226,43.6917311247516],[-79.4547560550413,43.6917109796427],[-79.4545909429901,43.6913173144942],[-79.4546812912125,43.6912971694427],[-79.4547716269695,43.6912770243147],[-79.4548619626661,43.6912568791153],[-79.4549523107072,43.6912367338492],[-79.4550426586879,43.6912165885117],[-79.4551329942032,43.6911964430977],[-79.455223342063,43.6911762976171],[-79.4553136898624,43.6911561520651],[-79.4555847080882,43.6910957149702],[-79.4555853036244,43.6910955801821],[-79.455585899154,43.6910954543954],[-79.4555864822787,43.6910953286038],[-79.4555870778083,43.691095202817],[-79.4555876857428,43.6910950770351],[-79.4555882812724,43.6910949512483],[-79.4555888767953,43.6910948344628],[-79.4555894723249,43.691094708676],[-79.4555900678479,43.6910945918905],[-79.4555906633708,43.691094475105],[-79.4555912712987,43.6910943583243],[-79.4555918668216,43.6910942415388],[-79.4555924623379,43.6910941337547],[-79.4555930702657,43.691094016974],[-79.455593665782,43.6910939091897],[-79.4555942737032,43.6910938014103],[-79.4555948692195,43.6910936936261],[-79.4555954771407,43.6910935858467],[-79.4555960850619,43.6910934780673],[-79.4555966805716,43.6910933792844],[-79.4555972884928,43.691093271505],[-79.4555978964073,43.6910931727268],[-79.455598491917,43.6910930739439],[-79.4555990998315,43.6910929751658],[-79.4555997077394,43.6910928853889],[-79.455600315654,43.6910927866108],[-79.4556009235619,43.6910926968339],[-79.4556015314698,43.6910926070571],[-79.4556021393843,43.6910925082789],[-79.4556027472856,43.6910924275034],[-79.4556033551935,43.6910923377265],[-79.4556039631014,43.6910922479497],[-79.4556045710027,43.6910921671741],[-79.4556051789039,43.6910920863985],[-79.4556057868052,43.6910920056229],[-79.4556064071113,43.6910919248522],[-79.4556070150126,43.6910918440766],[-79.4556076229138,43.691091763301],[-79.4556082308085,43.6910916915267],[-79.455608851108,43.6910916197572],[-79.4556094590092,43.6910915389816],[-79.4556100669038,43.6910914672073],[-79.4556106871967,43.6910914044391],[-79.4556112950913,43.6910913326648],[-79.4556119153842,43.6910912698966],[-79.4556125232788,43.6910911981223],[-79.4556131311668,43.6910911353492],[-79.4556137514597,43.691091072581],[-79.4556143717525,43.6910910098128],[-79.4556149796339,43.6910909560411],[-79.4556155999268,43.6910908932728],[-79.4556162078081,43.6910908395011],[-79.4556168280943,43.6910907857342],[-79.4556174483806,43.6910907319672],[-79.4556180562619,43.6910906781955],[-79.4556186765481,43.6910906244285],[-79.4556192968277,43.6910905796629],[-79.455619904709,43.6910905258911],[-79.4556205249886,43.6910904811254],[-79.4556211452682,43.6910904363597],[-79.4556217531429,43.6910903915893],[-79.4556223734158,43.6910903558249],[-79.4556229936954,43.6910903110592],[-79.4556236139684,43.6910902752948],[-79.455624234248,43.6910902305291],[-79.4556248545209,43.6910901947647],[-79.455625462389,43.6910901589955],[-79.4556260826553,43.6910901322324],[-79.4556267029282,43.691090096468],[-79.4556273231945,43.6910900697049],[-79.4556279434609,43.6910900429418],[-79.4556285637272,43.6910900161787],[-79.4556291839935,43.6910899894155],[-79.4556298042598,43.6910899626524],[-79.4556304245261,43.6910899358893],[-79.4556310447858,43.6910899181275],[-79.4556316526405,43.6910899003608],[-79.4556322729002,43.691089882599],[-79.4556328931599,43.6910898648371],[-79.4556335134196,43.6910898470753],[-79.4556341336792,43.6910898293134],[-79.4556347539323,43.6910898205529],[-79.4556353741853,43.6910898117923],[-79.4556359944384,43.6910898030317],[-79.4556366146914,43.6910897942711],[-79.4556372349444,43.6910897855106],[-79.4556378551975,43.69108977675],[-79.4556384754439,43.6910897769907],[-79.4556390956903,43.6910897772314],[-79.4556397159433,43.6910897684708],[-79.4556403361897,43.6910897687115],[-79.4556409564295,43.6910897779535],[-79.4556415766759,43.6910897781942],[-79.4556421969157,43.6910897874362],[-79.4556428171621,43.6910897876769],[-79.4556434374019,43.6910897969189],[-79.4556440576416,43.6910898061608],[-79.4556446778814,43.6910898154028],[-79.4556452981145,43.6910898336461],[-79.4556459183543,43.691089842888],[-79.4556465385875,43.6910898611313],[-79.4556471588206,43.6910898793745],[-79.4556477790537,43.6910898976178],[-79.4556483992869,43.691089915861],[-79.45564901952,43.6910899341043],[-79.4556496397465,43.6910899613488],[-79.455650259973,43.6910899885933],[-79.4556508802062,43.6910900068365],[-79.4556515004327,43.6910900340811],[-79.4556521206526,43.6910900703269],[-79.4556527284741,43.6910900975666],[-79.4556533487007,43.6910901248111],[-79.4556539689205,43.6910901610569],[-79.4556545891404,43.6910901973027],[-79.4556552093603,43.6910902335485],[-79.4556558295802,43.6910902697943],[-79.4556564498,43.6910903060401],[-79.4556570576084,43.6910903512823],[-79.4556576778283,43.6910903875282],[-79.4556582980415,43.6910904327752],[-79.4556589182548,43.6910904780223],[-79.4556595260631,43.6910905232645],[-79.4556601462697,43.6910905775129],[-79.455660766483,43.69109062276],[-79.4556613742847,43.6910906770035],[-79.4556619944979,43.6910907222506],[-79.4556626147046,43.6910907764989],[-79.4556632224996,43.6910908397437],[-79.4556638427063,43.6910908939921],[-79.4556644629129,43.6910909482404],[-79.455665070708,43.6910910114852],[-79.455665690908,43.6910910747348],[-79.4556662987097,43.6910911289783],[-79.4556669189031,43.6910912012293],[-79.4556675266982,43.6910912644741],[-79.4556681468981,43.6910913277237],[-79.4556687546866,43.6910913999698],[-79.4556693624751,43.6910914722159],[-79.4556699826751,43.6910915354655],[-79.4556705904635,43.6910916077115],[-79.4556712106503,43.6910916889637],[-79.4556718184387,43.6910917612098],[-79.4556724262206,43.6910918424572],[-79.455673034009,43.6910919147032],[-79.4556736541958,43.6910919959554],[-79.4556742619776,43.6910920772027],[-79.4556748697595,43.6910921584501],[-79.4556754775347,43.6910922486987],[-79.4556760853165,43.6910923299461],[-79.4556766930917,43.6910924201947],[-79.455677300867,43.6910925104434],[-79.4556779086422,43.691092600692],[-79.4556785164174,43.6910926909406],[-79.4556791241926,43.6910927811892],[-79.4556797319612,43.6910928804391],[-79.4556803397364,43.6910929706878],[-79.455680947505,43.6910930699377],[-79.4556815428687,43.6910931691827],[-79.4556821506373,43.6910932684326],[-79.4556827584059,43.6910933676826],[-79.455683353763,43.6910934759289],[-79.4556839615316,43.6910935751788],[-79.4556845692936,43.69109368343],[-79.4556851646506,43.6910937916764],[-79.4556857724126,43.6910938999276],[-79.4556863677697,43.6910940081739],[-79.455686975525,43.6910941254264],[-79.4556875708821,43.6910942336728],[-79.4556881662325,43.6910943509204],[-79.4556887739879,43.6910944681728],[-79.4556893693383,43.6910945854205],[-79.4556899646888,43.6910947026681],[-79.4556905600392,43.6910948199158],[-79.455691167788,43.6910949461695],[-79.4556917631318,43.6910950724184],[-79.4556923584823,43.6910951896661],[-79.4556929538261,43.691095315915],[-79.4556935491633,43.6910954511652],[-79.4556941445072,43.6910955774141],[-79.455694739851,43.691095703663],[-79.4556953227833,43.6910958389084],[-79.4556959181205,43.6910959741586],[-79.4556965134577,43.6910961094088],[-79.455697108795,43.691096244659],[-79.4556976917273,43.6910963799044],[-79.4556982870645,43.6910965151545],[-79.4556988699902,43.6910966594012],[-79.4556994653274,43.6910967946514],[-79.4557000482531,43.691096938898],[-79.4557006435837,43.6910970831495],[-79.4557012265028,43.6910972363975],[-79.4557018094284,43.6910973806441],[-79.4557023923542,43.6910975248908],[-79.4557029752732,43.6910976781387],[-79.4557035705972,43.6910978313915],[-79.4557041535163,43.6910979846394],[-79.4557047364354,43.6910981378873],[-79.4557053193545,43.6910982911352],[-79.4557058898686,43.6910984443784],[-79.4557064727811,43.6910986066276],[-79.4557070556936,43.6910987688768],[-79.4557076386127,43.6910989221247],[-79.4557082091202,43.6910990843691],[-79.4557087920261,43.6910992556196],[-79.4557093625336,43.691099417864],[-79.4557099454461,43.6910995801132],[-79.455710515947,43.6910997513589],[-79.4557110988529,43.6910999226094],[-79.4557116693538,43.6911000938551],[-79.4557122398548,43.6911002651008],[-79.4557128103557,43.6911004363464],[-79.4557133808567,43.6911006075921],[-79.455713951351,43.6911007878391],[-79.4557145218453,43.691100968086],[-79.4557150923397,43.691101148333],[-79.4557156628406,43.6911013195786],[-79.4557162333284,43.6911015088269],[-79.4557168038227,43.6911016890738],[-79.4557173619121,43.691101869316],[-79.4557179323999,43.6911020585642],[-79.4557184904827,43.6911022478076],[-79.4557190609704,43.6911024370559],[-79.4557196190532,43.6911026262993],[-79.455720177136,43.6911028155427],[-79.4557207476238,43.6911030047909],[-79.4557213057,43.6911032030356],[-79.4557218637828,43.691103392279],[-79.455722421859,43.6911035905237],[-79.4557229799352,43.6911037887684],[-79.4557235380114,43.6911039870131],[-79.4557240836827,43.691104185253],[-79.4557246417523,43.691104392499],[-79.4557251998286,43.6911045907437],[-79.4557257454932,43.6911047979849],[-79.4557263035694,43.6911049962296],[-79.4557268492341,43.6911052034707],[-79.4557274072972,43.691105419718],[-79.4557279529618,43.6911056269592],[-79.4557284986265,43.6911058342003],[-79.4557290442846,43.6911060504428],[-79.4557295899493,43.6911062576839],[-79.4557301356074,43.6911064739264],[-79.4557306812655,43.6911066901688],[-79.4557312269236,43.6911069064113],[-79.4557317725817,43.6911071226537],[-79.4557323058282,43.6911073478926],[-79.4557328514863,43.6911075641351],[-79.4557333847329,43.691107789374],[-79.4557339303844,43.6911080146177],[-79.4557344636309,43.6911082398566],[-79.4557349968775,43.6911084650956],[-79.4557355301241,43.6911086903345],[-79.455736075769,43.6911089245795],[-79.4557366090155,43.6911091498184],[-79.4557371298506,43.6911093840538],[-79.4557376630906,43.691109618294],[-79.4557381963306,43.6911098525342],[-79.4557387295705,43.6911100867744],[-79.4557392504056,43.6911103210098],[-79.4557397836455,43.69111055525],[-79.455740304474,43.6911107984866],[-79.4557408253091,43.691111032722],[-79.4557413585424,43.6911112759635],[-79.4557418793709,43.6911115192002],[-79.4557424001993,43.6911117624368],[-79.4557429210278,43.6911120056735],[-79.4557434418496,43.6911122579115],[-79.4557439502732,43.6911125011433],[-79.455744471095,43.6911127533813],[-79.4557449919169,43.6911130056192],[-79.4557455003404,43.691113248851],[-79.4557460211557,43.6911135100903],[-79.4557465295726,43.6911137623234],[-79.4557470379896,43.6911140145566],[-79.4557475464065,43.6911142667897],[-79.4557480548168,43.6911145280241],[-79.4557485632272,43.6911147892586],[-79.4557490716441,43.6911150414917],[-79.4557495800545,43.6911153027261],[-79.4557500760533,43.691115572957],[-79.4557505844636,43.6911158341914],[-79.455751092874,43.6911160954259],[-79.4557515888728,43.6911163656568],[-79.4557520848782,43.6911166268864],[-79.4557525808771,43.6911168971173],[-79.4557530768759,43.6911171673482],[-79.4557535728747,43.6911174375791],[-79.4557540688735,43.69111770781],[-79.4557545648724,43.6911179780409],[-79.4557550608646,43.691118257273],[-79.4557555444585,43.6911185274991],[-79.4557560404508,43.6911188067313],[-79.4557565240381,43.6911190859587],[-79.4557570076254,43.6911193651861],[-79.4557575036176,43.6911196444182],[-79.4557579872049,43.6911199236456],[-79.4557584707923,43.691120202873],[-79.455758954373,43.6911204911016],[-79.4557594255554,43.6911207703242],[-79.4557599091361,43.6911210585528],[-79.4557603927168,43.6911213467815],[-79.4557608638926,43.6911216350053],[-79.4557613350684,43.6911219232292],[-79.4557618186492,43.6911222114578],[-79.4557622898184,43.691122508683],[-79.4557627609942,43.6911227969068],[-79.4557632321634,43.6911230941319],[-79.4557637033392,43.6911233823558],[-79.4557641621035,43.6911236795761],[-79.4557646332727,43.6911239768012],[-79.455765092037,43.6911242740216],[-79.4557655632062,43.6911245712467],[-79.4557660219639,43.6911248774683],[-79.4557664807282,43.6911251746886],[-79.4557669394859,43.6911254809103],[-79.4557673982502,43.6911257781306],[-79.4557678570079,43.6911260843522],[-79.4557683157656,43.6911263905738],[-79.4557687621183,43.6911266967906],[-79.455769220876,43.6911270030122],[-79.4557696672222,43.6911273182303],[-79.455770113575,43.6911276244471],[-79.4557705723261,43.69112793967],[-79.4557710186789,43.6911282458868],[-79.4557714650251,43.6911285611049],[-79.4557718989663,43.6911288763182],[-79.4557723453125,43.6911291915362],[-79.4557727916587,43.6911295067543],[-79.4557732256,43.6911298219676],[-79.4557736719396,43.691130146187],[-79.4557741058809,43.6911304614003],[-79.4557745398155,43.6911307856148],[-79.4557749737568,43.6911311008281],[-79.4557754076915,43.6911314250427],[-79.4557758416262,43.6911317492572],[-79.4557762631559,43.691132073467],[-79.4557766970906,43.6911323976816],[-79.4557771186204,43.6911327218913],[-79.4557775525485,43.6911330551072],[-79.4557779740782,43.691133379317],[-79.4557783956014,43.691133712528],[-79.4557788171245,43.691134045739],[-79.4557792386543,43.6911343699488],[-79.4557796477725,43.6911347031551],[-79.4557800692957,43.6911350363661],[-79.4557804784073,43.6911353785736],[-79.4557808999305,43.6911357117847],[-79.4557813090488,43.6911360449909],[-79.4557817181604,43.6911363871985],[-79.4557821272787,43.6911367204047],[-79.4557825363903,43.6911370626122],[-79.4557829330971,43.691137404815],[-79.4557833422087,43.6911377470225],[-79.4557837513204,43.69113808923],[-79.4557841480271,43.6911384314328],[-79.4557845447339,43.6911387736355],[-79.4557849414406,43.6911391158382],[-79.4557853381407,43.6911394670422],[-79.4557857348475,43.6911398092449],[-79.4557861315476,43.691140160449],[-79.4557865158428,43.6911405116482],[-79.455786912543,43.6911408628522],[-79.4557872968382,43.6911412140514],[-79.4557876811334,43.6911415652506],[-79.4557880654286,43.6911419164498],[-79.4557884497239,43.691142267649],[-79.4557888340125,43.6911426278495],[-79.4557892183078,43.6911429790487],[-79.4557895901915,43.6911433392445],[-79.4557899744867,43.6911436904436],[-79.4557903463704,43.6911440506393],[-79.4557907182541,43.691144410835],[-79.4557910901378,43.6911447710307],[-79.4557914620215,43.6911451312264],[-79.4557918339053,43.6911454914221],[-79.455792205789,43.6911458516178],[-79.4557925652612,43.69114622081],[-79.4557929371449,43.6911465810057],[-79.4557932966171,43.6911469501979],[-79.4557936560959,43.6911473103888],[-79.4557940155681,43.691147679581],[-79.4557943750403,43.6911480487731],[-79.4557947221076,43.6911484179605],[-79.4557950815798,43.6911487871527],[-79.455795428647,43.6911491563401],[-79.4557957881193,43.6911495255323],[-79.4557961351799,43.6911499037209],[-79.4557964822472,43.6911502729083],[-79.4557968293079,43.691150651097],[-79.4557971763752,43.6911510202844],[-79.4557975110309,43.6911513984682],[-79.4557978580916,43.6911517766569],[-79.455798192754,43.6911521458395],[-79.4557985274098,43.6911525240234],[-79.4557988620655,43.6911529022072],[-79.4557991967147,43.6911532893924],[-79.4557995313704,43.6911536675763],[-79.4557998660262,43.6911540457601],[-79.4558001882771,43.6911544239392],[-79.4558005229262,43.6911548111243],[-79.4558008451771,43.6911551893034],[-79.4558011674213,43.6911555764838],[-79.4558014896656,43.6911559636641],[-79.4558018119098,43.6911563508445],[-79.4558021341541,43.6911567380248],[-79.4558024439934,43.6911571252004],[-79.4558027538327,43.691157512376],[-79.455803076077,43.6911578995563],[-79.4558033859163,43.6911582867319],[-79.4558036957556,43.6911586739074],[-79.4558040055883,43.6911590700843],[-79.4558043030228,43.691159457255],[-79.4558046128555,43.6911598534319],[-79.4558049102899,43.6911602406026],[-79.4558052201226,43.6911606367795],[-79.4558055175504,43.6911610329515],[-79.4558058149782,43.6911614291236],[-79.4558061124061,43.6911618252956],[-79.4558063974289,43.6911622214629],[-79.4558066948567,43.6911626176349],[-79.4558069798796,43.6911630138022],[-79.4558072649025,43.6911634099694],[-79.4558075623237,43.6911638151428],[-79.4558078349417,43.6911642113052],[-79.455808119958,43.6911646164738],[-79.4558084049809,43.691165012641],[-79.4558086775922,43.6911654178047],[-79.4558089626151,43.691165813972],[-79.4558092352265,43.6911662191357],[-79.4558095078378,43.6911666242995],[-79.4558097804492,43.6911670294632],[-79.4558100530606,43.6911674346269],[-79.4558103256719,43.6911678397907],[-79.4558105858784,43.6911682449496],[-79.4558108460782,43.6911686591099],[-79.4558111186896,43.6911690642736],[-79.455811378896,43.6911694694326],[-79.4558116266909,43.691169883588],[-79.4558118868974,43.6911702887469],[-79.4558121470972,43.6911707029072],[-79.4558123948987,43.6911711080613],[-79.4558126550986,43.6911715222215],[-79.4558129028935,43.691171936377],[-79.4558131506884,43.6911723505324],[-79.4558133984899,43.6911727556865],[-79.4558136338799,43.6911731698372],[-79.4558138816748,43.6911735839926],[-79.4558141170648,43.6911739981432],[-79.4558143524482,43.6911744212952],[-79.4558146002431,43.6911748354506],[-79.4558148232282,43.6911752495965],[-79.4558150710231,43.6911756637519],[-79.4558152940015,43.691176086899],[-79.4558155169866,43.6911765010449],[-79.45581575237,43.6911769241968],[-79.455815975355,43.6911773383427],[-79.4558161983335,43.6911777614898],[-79.455816421312,43.6911781846369],[-79.455816644297,43.6911785987828],[-79.4558168548705,43.6911790219251],[-79.455817077849,43.6911794450722],[-79.4558172884225,43.6911798682145],[-79.4558174989961,43.6911802913569],[-79.4558177219745,43.691180714504],[-79.4558179201431,43.6911811376416],[-79.4558181183117,43.6911815607791],[-79.4558183288786,43.6911819929227],[-79.4558185270472,43.6911824160603],[-79.4558187252158,43.6911828391978],[-79.4558189233844,43.6911832623353],[-79.4558191215464,43.6911836944741],[-79.45581933212,43.6911841176165],[-79.4558195054721,43.6911845497457],[-79.4558197160456,43.6911849728881],[-79.4558198893978,43.6911854050173],[-79.4558200751548,43.6911858371513],[-79.4558204219053,43.6911866384008],[-79.4558479499804,43.6912522504867],[-79.4558754657105,43.6913178625604],[-79.4559029815006,43.6913834746269],[-79.4559305097556,43.6914490866908],[-79.4559580256655,43.6915146987425],[-79.455985541642,43.6915803017855],[-79.4560130700768,43.6916459138273],[-79.4560405861666,43.691711525857],[-79.4560680899113,43.6917771378745],[-79.4560956061209,43.6918427498895],[-79.4556438998866,43.6919434800255],[-79.4555535634206,43.6919636258401],[-79.455463226894,43.6919837715833],[-79.455372877902,43.6920039172501],[-79.4552825288495,43.6920240628454],[-79.4551921921417,43.6920442083741],[-79.4551018429683,43.6920643538264]]]]},"properties":{"_id":1494,"AREA_ID":42107,"AREA_ATTR_ID":11166,"PARENT_AREA_ID":null,"AREA_CLASS_ID":800,"AREA_CLASS":"Building Grounds","AREA_SHORT_CODE":"11166","AREA_LONG_CODE":"11166","AREA_NAME":"FAIRBANK MEMORIAL COMMUNITY SCHOOL - Building Grounds","AREA_DESC":"None","OBJECTID":4314724}},{"type":"Feature","geometry":{"type":"MultiPolygon","coordinates":[[[[-79.4899917403644,43.6877944519627],[-79.4899839237113,43.6878063149943],[-79.4896171095062,43.6876368237479],[-79.4896988620878,43.6875130902388],[-79.489987274666,43.6876463171401],[-79.4900654897265,43.6876824551921],[-79.4900119768009,43.6877637142858],[-79.4899917403644,43.6877944519627]]]]},"properties":{"_id":1510,"AREA_ID":41259,"AREA_ATTR_ID":27841,"PARENT_AREA_ID":null,"AREA_CLASS_ID":800,"AREA_CLASS":"Building Grounds","AREA_SHORT_CODE":"27841","AREA_LONG_CODE":"27841","AREA_NAME":"MOUNT DENNIS COMMUNITY HALL - Building Grounds","AREA_DESC":"None","OBJECTID":4315068}},{"type":"Feature","geometry":{"type":"MultiPolygon","coordinates":[[[[-79.464718142353,43.690177751148],[-79.4644805520098,43.6896140792485],[-79.4653302901962,43.6894265280204],[-79.4653352450169,43.6894387082813],[-79.4653389855062,43.6894486018437],[-79.465342477879,43.6894585403372],[-79.4653457469443,43.6894685237694],[-79.4653487678928,43.6894785521327],[-79.4653515407296,43.689488616426],[-79.4653540778591,43.6894987166529],[-79.4653563668819,43.6895088438085],[-79.4653584202128,43.6895189798939],[-79.4653602254263,43.6895291609105],[-79.4653617825327,43.6895393688558],[-79.4653630915422,43.6895495857272],[-79.4653641772639,43.6895598115322],[-79.465364990074,43.6895700552571],[-79.4653655795961,43.6895803079155],[-79.4653659086162,43.6895905694964],[-79.4653659895491,43.6896008220007],[-79.4653658223844,43.6896110834312],[-79.4653654071271,43.6896213447865],[-79.465364756192,43.6896315880678],[-79.4653638447595,43.68964183127],[-79.465362697649,43.6896520563983],[-79.4653613024558,43.6896622634487],[-79.4653596591745,43.6896724614227],[-79.4653577678205,43.6896826233162],[-79.4653556407882,43.6896927671356],[-79.4653532656777,43.689702883876],[-79.4653506424943,43.6897129645358],[-79.4653477836372,43.6897230181202],[-79.4653446891168,43.6897330266266],[-79.4653413589277,43.6897429990562],[-79.4653377806703,43.6897529264041],[-79.4653339543496,43.6897627996687],[-79.4653299047699,43.689772627859],[-79.4653256071215,43.6897824109674],[-79.4653210862241,43.6897921309988],[-79.4653163296729,43.6898017879494],[-79.4653113374627,43.6898113908205],[-79.4653061220084,43.6898209216132],[-79.4653006709,43.689830389325],[-79.4652949965421,43.6898397939596],[-79.4652890865404,43.6898491175108],[-79.4652829657041,43.6898583599859],[-79.4652766216233,43.6898675303824],[-79.465270054303,43.6898766196991],[-79.4652632637484,43.6898856189345],[-79.4652562747636,43.6898945370975],[-79.4652490625444,43.6899033651793],[-79.4652416395006,43.6899120941821],[-79.465234005627,43.6899207331074],[-79.4652261609285,43.6899292729537],[-79.4652181178101,43.6899377137248],[-79.4652098762766,43.6899460464194],[-79.4652014363231,43.6899542800386],[-79.465192785555,43.6899623965762],[-79.4651839611813,43.6899704050446],[-79.4651749383926,43.6899783054363],[-79.4651657295986,43.6899860887537],[-79.4651563223948,43.689993754993],[-79.4651467415957,43.6900012951604],[-79.4651369747913,43.6900087182534],[-79.4651270467963,43.6900160152781],[-79.4651169203967,43.6900231862233],[-79.4651066452111,43.690030231104],[-79.4650961840307,43.6900371409075],[-79.4650855740697,43.690043915645],[-79.4650747905186,43.6900505553091],[-79.4650638581869,43.6900570599072],[-79.4650527646752,43.6900634204342],[-79.4650415223829,43.6900696458952],[-79.4650301313205,43.6900757182874],[-79.4650185914776,43.6900816556135],[-79.4650069152695,43.6900874398746],[-79.4649951026909,43.6900930800719],[-79.4649831537472,43.6900985672042],[-79.4649710808431,43.6901039012752],[-79.4649588715739,43.690109082281],[-79.4649465507492,43.6901141102292],[-79.4649340935595,43.6901189851122],[-79.4649215372297,43.6901236889387],[-79.4649088693445,43.6901282397076],[-79.4648960899041,43.6901326374187],[-79.464883198919,43.6901368640694],[-79.4648702211935,43.6901409286686],[-79.4648571319235,43.6901448222074],[-79.4648439683181,43.6901485536985],[-79.4648307055678,43.6901521231342],[-79.4648173684874,43.6901555215208],[-79.4648039446777,43.6901587398531],[-79.4647904465276,43.6901618051389],[-79.464718142353,43.690177751148]]]]},"properties":{"_id":1535,"AREA_ID":41225,"AREA_ATTR_ID":470,"PARENT_AREA_ID":null,"AREA_CLASS_ID":802,"AREA_CLASS":"Park","AREA_SHORT_CODE":"470","AREA_LONG_CODE":"470","AREA_NAME":"HAVERSON PARK","AREA_DESC":"None","OBJECTID":4328928}},{"type":"Feature","geometry":{"type":"MultiPolygon","coordinates":[[[[-79.4260231010636,43.6840263646267],[-79.4255526302205,43.6841223011692],[-79.4255511959022,43.6841186727081],[-79.4255190344543,43.6840378110128],[-79.4254987434566,43.6839868143827],[-79.4254820136668,43.6839447223636],[-79.4254463036438,43.6838549560385],[-79.4254101362843,43.6837639922283],[-79.4253938640604,43.6837230976673],[-79.4253786058241,43.6836847151306],[-79.4253414247063,43.6835912392692],[-79.4253335359688,43.6835713862314],[-79.4258032836919,43.6834752610842],[-79.4257988569821,43.683464150596],[-79.4267381522474,43.6832694910635],[-79.4267894388674,43.6833927968469],[-79.4268886981831,43.6836315390737],[-79.4269519569041,43.683783710627],[-79.4268436848037,43.6838062616733],[-79.4268342308591,43.683808343926],[-79.4268283375382,43.6838097353565],[-79.4268224689364,43.683811198813],[-79.426816637468,43.6838127253021],[-79.4268108307295,43.6838143148159],[-79.4268050611244,43.6838159673623],[-79.4267993286526,43.6838176829414],[-79.4267936457066,43.6838194705624],[-79.4267879874905,43.683821321208],[-79.4267823664186,43.6838232258851],[-79.4267767948725,43.683825202604],[-79.4267712604597,43.6838272423557],[-79.4267657755945,43.6838293361466],[-79.4267603402659,43.6838314929782],[-79.4267549420706,43.6838337128425],[-79.426749593412,43.6838359957474],[-79.4267442943009,43.6838383326917],[-79.4267390571299,43.6838407326846],[-79.426733857092,43.6838431957101],[-79.4267287190052,43.6838457127831],[-79.4267236304659,43.6838482838953],[-79.4267185914631,43.6838509180483],[-79.4267136268258,43.6838535972553],[-79.4267086993216,43.683856339495],[-79.4267038461717,43.6838591357901],[-79.4266990425584,43.6838619951258],[-79.4266943133105,43.6838648995155],[-79.42668963361,43.6838678579447],[-79.426685028275,43.683870861428],[-79.4266804724764,43.683873927952],[-79.4266760034466,43.683877039538],[-79.4266715839753,43.6838801961621],[-79.4266672388693,43.6838833978403],[-79.4266629681067,43.6838866625753],[-79.426658759306,43.6838899723563],[-79.4266546248707,43.6838933271914],[-79.4266505400047,43.6838967180635],[-79.4266489009959,43.683898157221],[-79.4266465666925,43.6839001720161],[-79.4266426553532,43.6839036620136],[-79.4266388059758,43.6839071970572],[-79.4266350433781,43.6839107681617],[-79.4266313551458,43.6839143843203],[-79.4265427843189,43.6839328881345],[-79.4260258244663,43.6840408224894],[-79.4260239048223,43.6840283724384],[-79.4260231010636,43.6840263646267]]]]},"properties":{"_id":1562,"AREA_ID":41292,"AREA_ATTR_ID":516,"PARENT_AREA_ID":null,"AREA_CLASS_ID":802,"AREA_CLASS":"Park","AREA_SHORT_CODE":"516","AREA_LONG_CODE":"516","AREA_NAME":"HUMEWOOD PARK","AREA_DESC":"None","OBJECTID":4328958}},{"type":"Feature","geometry":{"type":"MultiPolygon","coordinates":[[[[-79.4755013895711,43.696054563068],[-79.4754544299944,43.6960924214169],[-79.4754111830686,43.6961221433797],[-79.4753672056952,43.6961480846273],[-79.4753321820789,43.6961518666171],[-79.4752956646595,43.6961378077187],[-79.4752807781959,43.6961058949311],[-79.475275871697,43.696060455363],[-79.4752726011853,43.6960491130313],[-79.4752740954512,43.6960356024196],[-79.4752823000066,43.6960253247219],[-79.4752972163939,43.6960145173982],[-79.4753113762386,43.6960031608305],[-79.4753347016371,43.6959977380886],[-79.4753482874383,43.6959945815669],[-79.4753958039101,43.6959903972037],[-79.4754403065255,43.6959842678948],[-79.4754634176898,43.6959869732448],[-79.4754798052766,43.6959885969933],[-79.4755006689902,43.6959961625498],[-79.4755081194587,43.6960096840827],[-79.4755080014453,43.6960253102954],[-79.4755013895711,43.696054563068]]]]},"properties":{"_id":1599,"AREA_ID":41157,"AREA_ATTR_ID":1380,"PARENT_AREA_ID":null,"AREA_CLASS_ID":802,"AREA_CLASS":"Park","AREA_SHORT_CODE":"1380","AREA_LONG_CODE":"1380","AREA_NAME":"KING GEORGES - KEELE PARKETTE","AREA_DESC":"None","OBJECTID":4329004}},{"type":"Feature","geometry":{"type":"MultiPolygon","coordinates":[[[[-79.4500737841668,43.6993890298984],[-79.4500038979024,43.6994035364257],[-79.4498915487149,43.699426854563],[-79.4497116542053,43.6994690905958],[-79.4495317470367,43.6995113263394],[-79.4493518520224,43.699553561805],[-79.4491719443491,43.6995957969815],[-79.4489920488302,43.69963803188],[-79.4488121406522,43.6996802664894],[-79.4485747773694,43.6997362829497],[-79.4483950049944,43.6997786159769],[-79.4482152447733,43.6998209487267],[-79.4480354842995,43.6998632811933],[-79.4478557235729,43.6999056133767],[-79.447675950187,43.6999479452714],[-79.4474961889472,43.6999902858898],[-79.4473164150637,43.7000326082168],[-79.4471366533184,43.7000749482689],[-79.4469568913283,43.7001172790367],[-79.4467771290856,43.7001596095212],[-79.4465973665901,43.7002019397227],[-79.4464176038339,43.7002442786422],[-79.4462378408331,43.7002866082774],[-79.4460580775795,43.7003289376294],[-79.4459070916364,43.7003644933534],[-79.4458783140652,43.7003712756995],[-79.4457075102111,43.6999574867589],[-79.4457365104218,43.6999512626406],[-79.4458888079529,43.6999185881706],[-79.4460701178754,43.6998796802989],[-79.4462514275556,43.6998407811406],[-79.4464429006947,43.6998268560157],[-79.4466344109657,43.6998129305874],[-79.446815707682,43.6997740215262],[-79.4469970165707,43.6997351121828],[-79.447178337632,43.6996962025571],[-79.4473596336456,43.699657292632],[-79.4475409418316,43.6996183824247],[-79.4477222621823,43.6995794809364],[-79.4479035575009,43.6995405611462],[-79.4480848649765,43.6995016590763],[-79.4482661722255,43.6994627477171],[-79.4484474792403,43.69942383607],[-79.4486863757932,43.6993725552344],[-79.4488676946488,43.6993336699293],[-79.4490490008712,43.6992947753293],[-79.4492303192584,43.6992558894482],[-79.4494116374192,43.6992169942778],[-79.4495929553381,43.6991781078208],[-79.4497742606165,43.6991392210702],[-79.4498858654345,43.699115281632],[-79.4499555656681,43.6991003250305],[-79.4500737841668,43.6993890298984]]]]},"properties":{"_id":1669,"AREA_ID":41090,"AREA_ATTR_ID":1084,"PARENT_AREA_ID":null,"AREA_CLASS_ID":802,"AREA_CLASS":"Park","AREA_SHORT_CODE":"1084","AREA_LONG_CODE":"1084","AREA_NAME":"WALTER SAUNDERS MEMORIAL PARK","AREA_DESC":"None","OBJECTID":4329089}},{"type":"Feature","geometry":{"type":"MultiPolygon","coordinates":[[[[-79.5002934501479,43.6883569309991],[-79.4999142130788,43.6871697495944],[-79.499554774697,43.6860445947555],[-79.4992932110355,43.6852256636571],[-79.4992293964358,43.6850259152547],[-79.4992080381741,43.6849590984099],[-79.4991776628899,43.684863945382],[-79.4991494086278,43.6847754803314],[-79.4991485404133,43.6847726809185],[-79.4991477466208,43.6847698635035],[-79.4991470272504,43.6847670370877],[-79.4991463698981,43.6847642106724],[-79.4991457745643,43.684761366255],[-79.4991452536525,43.6847585128368],[-79.4991448071623,43.6847556684204],[-79.4991444226904,43.6847528150033],[-79.4991441126405,43.6847499525853],[-79.4991438646088,43.6847470811665],[-79.4991436909989,43.6847442097483],[-79.4991435794073,43.6847413293292],[-79.4991435422371,43.6847384669133],[-79.4991435794888,43.6847355954967],[-79.4991436787587,43.6847327240805],[-79.4991438400466,43.6847298526647],[-79.4991440881598,43.6847269812497],[-79.4991443858874,43.6847241188363],[-79.4991447704403,43.6847212564235],[-79.4991451922039,43.6847184030123],[-79.4991457255998,43.6847155586033],[-79.4991462962066,43.6847127141946],[-79.4991469412349,43.6847098787877],[-79.4991476606846,43.6847070613839],[-79.4991484421523,43.6847042439806],[-79.4991492980415,43.6847014355792],[-79.4991502159484,43.6846986451808],[-79.4991512082768,43.6846958637843],[-79.499152262623,43.6846930913896],[-79.4991533789871,43.6846903279966],[-79.4991545697724,43.684687591608],[-79.4991558225755,43.6846848642213],[-79.4991571373963,43.6846821548375],[-79.4991585266383,43.6846794724583],[-79.4991599654945,43.6846767990806],[-79.4991614787719,43.6846741437061],[-79.4991630540671,43.6846714973334],[-79.4991646913798,43.6846688869663],[-79.4991664031138,43.6846662856011],[-79.4991681644615,43.6846637202414],[-79.4991699878271,43.6846611638834],[-79.4991718732099,43.6846586525324],[-79.4991738206105,43.6846561501831],[-79.4991758300288,43.6846536568355],[-79.4991778890608,43.6846512084948],[-79.4991800101102,43.6846487871584],[-79.4991821931771,43.6846463928264],[-79.4991844382615,43.6846440254986],[-79.4991867205562,43.684641685175],[-79.4991890772718,43.6846393808571],[-79.4991914836015,43.6846370855408],[-79.4991939395449,43.6846348352314],[-79.4991964575055,43.6846326209276],[-79.4991990250801,43.6846304336279],[-79.4992016422684,43.6846282823339],[-79.4992043090705,43.684626158044],[-79.4992070378899,43.684624078761],[-79.4992098039195,43.6846220264821],[-79.4992126319664,43.6846200102088],[-79.4992154972235,43.6846180299409],[-79.4992184120943,43.6846160856785],[-79.4992213765788,43.6846141774216],[-79.499224390677,43.6846123141715],[-79.4992274419853,43.6846104869268],[-79.4992305305038,43.6846086956875],[-79.499233668636,43.6846069404537],[-79.4992368563818,43.6846052302267],[-79.499240068934,43.6846035650062],[-79.4992433311001,43.6846019357913],[-79.4992466304762,43.6846003425817],[-79.4992499670624,43.6845987943788],[-79.4992533408587,43.6845972911826],[-79.499256751865,43.684595832993],[-79.4992602000814,43.6845944198101],[-79.4992636731044,43.6845930426326],[-79.4992671833373,43.684591719463],[-79.4992707183768,43.6845904322986],[-79.4992742906264,43.684589190141],[-79.499277900086,43.6845880019913],[-79.4992815219486,43.6845868498468],[-79.4992851810212,43.6845857517102],[-79.4992888649003,43.6845846985803],[-79.499292573586,43.6845836904569],[-79.4992962946746,43.68458272734],[-79.4993000529733,43.6845818092297],[-79.4993052004769,43.6845806390912],[-79.5003284954738,43.6843578223668],[-79.5004144891233,43.6843396844525],[-79.5005009292574,43.6843226356297],[-79.5005877414593,43.6843066939004],[-79.5006749381369,43.6842918412611],[-79.5007624696809,43.6842781047152],[-79.5008503360958,43.6842654842619],[-79.5009384753686,43.6842539618983],[-79.5010268875044,43.6842435736291],[-79.5011155352972,43.6842343014514],[-79.5012043939449,43.6842261453648],[-79.5012934262422,43.6842191323733],[-79.5013826321939,43.6842132444738],[-79.5014719497872,43.6842084816667],[-79.5015613790275,43.6842048529531],[-79.5016508827088,43.6842023493319],[-79.5017816528936,43.6842007361344],[-79.5017835134204,43.6842007361054],[-79.5017853739469,43.684200727075],[-79.5017872344738,43.684200727046],[-79.5017890950003,43.6842007180156],[-79.5017909555272,43.6842007179864],[-79.5017940564049,43.6842007089365],[-79.5017959169318,43.6842007089073],[-79.5017977774586,43.684200708878],[-79.5017996379854,43.6842007088487],[-79.5018014985122,43.6842007088195],[-79.5018033590391,43.6842007087901],[-79.5018052195659,43.6842007087607],[-79.5018070800927,43.6842007087313],[-79.5018089406195,43.6842007087019],[-79.5018108011464,43.6842007086725],[-79.5018126616735,43.6842007176443],[-79.5018145222003,43.6842007176148],[-79.5018163827271,43.6842007175852],[-79.5018182432542,43.6842007265569],[-79.501820103781,43.6842007265273],[-79.5018219643081,43.684200735499],[-79.501823824835,43.6842007354693],[-79.5018256853621,43.684200744441],[-79.5018275458892,43.6842007534125],[-79.501829406416,43.6842007533828],[-79.5018312669431,43.6842007623543],[-79.5018331274702,43.6842007713258],[-79.5018349879973,43.6842007802972],[-79.5018368485244,43.6842007892687],[-79.5018387090515,43.68420079824],[-79.5018405695786,43.6842008072114],[-79.5018424301057,43.6842008161827],[-79.5018442906328,43.684200825154],[-79.5018461511602,43.6842008431266],[-79.5018480116873,43.6842008520979],[-79.5018498722144,43.6842008610691],[-79.5018517327418,43.6842008790416],[-79.5018539033567,43.6842008880077],[-79.5019434443506,43.684202101697],[-79.502032960579,43.6842044404801],[-79.5021223900301,43.6842079223607],[-79.5022117451115,43.6842125203351],[-79.5023009638115,43.6842182614084],[-79.5023900213275,43.6842251275789],[-79.5024146920124,43.6842273503834],[-79.5024789052612,43.6842331278485],[-79.5025675908095,43.6842422352144],[-79.5026178129181,43.6842480579214],[-79.5026560283646,43.6842524856833],[-79.5027442303328,43.6842638342489],[-79.5028232661216,43.6842750569549],[-79.502832134703,43.6842763169186],[-79.5029197166712,43.6842898976885],[-79.5030069638392,43.6843045945622],[-79.503031299795,43.6843090225628],[-79.5030938514036,43.6843203895385],[-79.5031803421585,43.6843372826193],[-79.503242013255,43.6843501707594],[-79.5032664113004,43.6843552648049],[-79.5033748196399,43.6843796101927],[-79.50366937091,43.6844483711064],[-79.5038833976153,43.6844983212919],[-79.5040060956707,43.684526968219],[-79.5039447193712,43.6846645463331],[-79.5039186259914,43.6847230917317],[-79.5039181919292,43.6847240818904],[-79.5039176214464,43.6847253690968],[-79.5039170633673,43.6847266563029],[-79.5039166913149,43.6847275204411],[-79.5039161332357,43.6847288076471],[-79.5039155875601,43.6847300948527],[-79.5039152155077,43.6847309589909],[-79.503914669832,43.6847322461965],[-79.5039143101832,43.6847331103343],[-79.5039137769111,43.6847343975394],[-79.5039134172623,43.6847352616772],[-79.5039130576134,43.684736125815],[-79.5039125367455,43.6847374220211],[-79.5039120034739,43.6847387182275],[-79.503911482606,43.6847400144335],[-79.5039109741416,43.6847413106392],[-79.5039104532736,43.6847426068452],[-79.5039099448093,43.6847439030508],[-79.5039094363448,43.6847451992564],[-79.5039091015037,43.6847460723946],[-79.5039086054429,43.6847473685998],[-79.5039082706017,43.684748241738],[-79.5039077869445,43.6847495379427],[-79.5039074521032,43.684750411081],[-79.503906968446,43.6847517072857],[-79.5039066460084,43.6847525804235],[-79.5039063235707,43.6847534535613],[-79.5039058523176,43.6847547587669],[-79.5039053810645,43.6847560639725],[-79.5039049098114,43.6847573691781],[-79.5039045997773,43.6847582423155],[-79.5039041285241,43.6847595475211],[-79.5039038184901,43.6847604206585],[-79.5039033720441,43.6847617258632],[-79.50390306201,43.6847625990006],[-79.5039026155646,43.6847639132067],[-79.5039021691186,43.6847652184114],[-79.5039017226732,43.6847665326174],[-79.5039012886313,43.6847678468231],[-79.5039008545895,43.6847691610287],[-79.503900420547,43.684770466233],[-79.5039001353207,43.6847713483708],[-79.5038997136824,43.684772662576],[-79.5038992920441,43.6847739767812],[-79.5038988704058,43.6847752909864],[-79.5038985975831,43.6847761731238],[-79.5038981883483,43.6847774873286],[-79.5038979155256,43.684778369466],[-79.5038975186945,43.6847796836703],[-79.5038972458717,43.6847805658077],[-79.5038968490399,43.6847818710107],[-79.5038965886213,43.684782762149],[-79.5038963282022,43.6847836442859],[-79.5038959437746,43.6847849584898],[-79.5038956833554,43.6847858406268],[-79.5038954353399,43.6847867227633],[-79.5038951749206,43.6847876049003],[-79.5038949269051,43.6847884870368],[-79.5038946788895,43.6847893691733],[-79.5038944308739,43.6847902513099],[-79.5038941828582,43.6847911334464],[-79.5038939348426,43.6847920155829],[-79.5038935752228,43.6847933387873],[-79.503893215603,43.6847946619916],[-79.5038928683868,43.6847959851956],[-79.5038926203717,43.6847968763334],[-79.5038922855591,43.684798199537],[-79.5038919383429,43.6847995227409],[-79.5038917027314,43.6848004138783],[-79.5038913679188,43.6848017370818],[-79.5038911447109,43.6848026282188],[-79.5038908098983,43.6848039514223],[-79.5038905990941,43.6848048425588],[-79.503890276685,43.6848061657619],[-79.5038900534771,43.6848070568989],[-79.5038897434723,43.6848083891029],[-79.5038894210632,43.6848097123059],[-79.5038892226626,43.6848106034421],[-79.5038890118583,43.6848114945786],[-79.503888714257,43.6848128267822],[-79.5038884042521,43.6848141589861],[-79.5038881066508,43.6848154911897],[-79.5038879082502,43.6848163823258],[-79.5038876230525,43.6848177145289],[-79.5038873502585,43.6848190467316],[-79.5038871518578,43.6848199378678],[-79.5038869658607,43.6848208290034],[-79.503886680663,43.6848221612066],[-79.5038864202726,43.6848234934088],[-79.5038861474791,43.6848248346128],[-79.503885961482,43.6848257257485],[-79.5038857010915,43.6848270579508],[-79.5038854531053,43.684828399154],[-79.5038852051184,43.6848297313558],[-79.5038849447285,43.6848310725594],[-79.5038847091458,43.6848324137621],[-79.5038844611589,43.6848337459639],[-79.5038842255763,43.6848350871667],[-79.5038839899936,43.6848364283694],[-79.5038837544109,43.6848377695721],[-79.5038835312318,43.6848391107744],[-79.5038833080528,43.6848404519767],[-79.5038830848731,43.6848417841777],[-79.5038829484911,43.684842684313],[-79.5038827377156,43.6848440255149],[-79.5038825269402,43.6848453667168],[-79.5038823161647,43.6848467079187],[-79.5038821177929,43.6848480491201],[-79.5038818574318,43.684849840389],[-79.5038816714636,43.68485118159],[-79.5038815474852,43.6848520817249],[-79.5038813615169,43.684853422926],[-79.5038811755487,43.684854764127],[-79.5038810639739,43.6848556642615],[-79.5038808904093,43.6848570054621],[-79.5038807788345,43.6848579055965],[-79.5038806052699,43.6848592467971],[-79.5038804936951,43.6848601469316],[-79.5038803449378,43.6848614881314],[-79.503880233363,43.6848623882658],[-79.5038800846056,43.6848637294656],[-79.5038799854345,43.6848646295997],[-79.5038798862633,43.6848655297337],[-79.503879737506,43.6848668709335],[-79.5038796383347,43.6848677710675],[-79.5038795515672,43.6848686712011],[-79.5038794152135,43.6848700124005],[-79.503879328446,43.6848709125341],[-79.5038792416784,43.6848718126677],[-79.5038791549109,43.6848727128013],[-79.5038790309608,43.6848740540002],[-79.5038789565969,43.6848749541335],[-79.503878882233,43.6848758542667],[-79.503878807869,43.6848767543999],[-79.5038786963226,43.6848780955984],[-79.5038786219587,43.6848789957315],[-79.5038785475948,43.6848798958647],[-79.5038784856345,43.6848807959975],[-79.5038784112706,43.6848816961307],[-79.5038783493103,43.6848825962635],[-79.5038782625711,43.6848839374612],[-79.5038782006109,43.6848848375939],[-79.5038781386506,43.6848857377267],[-79.503878089094,43.6848866378591],[-79.5038780023542,43.6848879700554],[-79.5038779527976,43.6848888701878],[-79.5038779032409,43.6848897703201],[-79.5038778536843,43.6848906704525],[-79.5038778041277,43.6848915705849],[-79.5038777669747,43.6848924707168],[-79.503877717418,43.6848933708491],[-79.5038776802651,43.6848942709811],[-79.5038776183332,43.6848956121779],[-79.5038775811802,43.6848965123098],[-79.5038775440272,43.6848974124418],[-79.5038775068742,43.6848983125737],[-79.5038774821249,43.6848992127052],[-79.5038774573756,43.6849001128367],[-79.5038774202226,43.6849010129687],[-79.5038773954732,43.6849019131002],[-79.5038773707239,43.6849028132317],[-79.5038773459745,43.6849037133632],[-79.5038773212542,43.68490506356],[-79.5038772965048,43.6849059636915],[-79.5038772841882,43.684907313888],[-79.5038772470352,43.6849082140199],[-79.5038772471221,43.6849095642159],[-79.5038772348054,43.6849109144123],[-79.5038772224887,43.6849122646088],[-79.5038772225757,43.6849136148048],[-79.5038772226627,43.6849149650008],[-79.5038772227496,43.6849163151968],[-79.5038772228366,43.6849176653928],[-79.5038772353272,43.6849190155884],[-79.5038772602215,43.6849203657835],[-79.5038772727121,43.6849217159791],[-79.5038772976064,43.6849230661743],[-79.5038773225007,43.6849244163694],[-79.503877347366,43.6849253164993],[-79.5038773722313,43.6849262166291],[-79.5038773971255,43.6849275668242],[-79.5038774343945,43.6849284669537],[-79.5038774592598,43.6849293670835],[-79.5038774841251,43.6849302672133],[-79.5038775213941,43.6849311673427],[-79.503877558663,43.6849320674721],[-79.5038775835284,43.6849329676019],[-79.5038776207973,43.6849338677313],[-79.50387767047,43.6849347678603],[-79.5038777077389,43.6849356679897],[-79.5038777450079,43.6849365681191],[-79.5038777946805,43.6849374682481],[-79.5038778443532,43.6849383683771],[-79.5038779064579,43.6849397095697],[-79.5038779561305,43.6849406096987],[-79.5038780182068,43.6849415098272],[-79.5038780678795,43.6849424099562],[-79.5038781299558,43.6849433100848],[-79.5038781796285,43.6849442102138],[-79.5038782417048,43.6849451103423],[-79.5038783037811,43.6849460104709],[-79.5038783658574,43.6849469105995],[-79.5038784651731,43.6849482517908],[-79.5038785272495,43.6849491519193],[-79.5038786017295,43.6849500520475],[-79.5038786762095,43.6849509521756],[-79.5038787382858,43.6849518523042],[-79.5038788127658,43.6849527524323],[-79.5038789368889,43.6849540936228],[-79.5038790113689,43.6849549937509],[-79.5038790982526,43.6849558938787],[-79.5038791727326,43.6849567940068],[-79.5038793092593,43.6849581351968],[-79.503879396143,43.6849590353246],[-79.5038808109695,43.6849715740967],[-79.5038823001107,43.6849824386232],[-79.5038840621321,43.6849932851378],[-79.5038860846297,43.6850041046396],[-79.5038883676041,43.6850149061298],[-79.50389089865,43.685025662605],[-79.5038913701057,43.685027453849],[-79.5038937025761,43.6850363920669],[-79.5038967545747,43.6850470855151],[-79.5039000670489,43.6850577339477],[-79.5039036275957,43.6850683463665],[-79.5039074610215,43.685078904768],[-79.503911530116,43.6850894181548],[-79.503915859686,43.6850998775246],[-79.503920437328,43.6851102828779],[-79.5039252754452,43.685120625213],[-79.5039303492303,43.6851309045305],[-79.5039356710866,43.6851411118288],[-79.5039412410147,43.6851512561092],[-79.5039470466105,43.6851613283707],[-79.5039531002777,43.6851713286128],[-79.5039593896122,43.6851812478346],[-79.5039659270177,43.6851910860358],[-79.503972687687,43.685200843217],[-79.5039796840231,43.6852105103766],[-79.5039869160263,43.6852200875144],[-79.5039943712917,43.6852295566283],[-79.5040020746285,43.6852389447212],[-79.5040099764208,43.6852482337923],[-79.5040181138798,43.6852574238402],[-79.5040264621975,43.6852665058643],[-79.5040350337776,43.6852754798643],[-79.5040438162166,43.6852843458405],[-79.5040528095144,43.6852931037929],[-79.5040620136699,43.6853017357187],[-79.5040714286843,43.6853102596207],[-79.5040810421528,43.6853186574964],[-79.5040908540758,43.6853269383473],[-79.5041008892592,43.6853350751684],[-79.5041110856866,43.6853431039671],[-79.5041214929707,43.6853509887365],[-79.5041320739019,43.6853587564816],[-79.504142853286,43.6853663801976],[-79.5041538063154,43.6853738598854],[-79.5041649329915,43.6853812135475],[-79.5041762457159,43.6853884141795],[-79.5041877196826,43.6853954797849],[-79.5041993672939,43.6854023923606],[-79.504211176146,43.685409151907],[-79.5042231586434,43.6854157674247],[-79.5042352899772,43.6854222209122],[-79.5042475701486,43.6854285303721],[-79.5042599991563,43.6854346778015],[-79.5042725770009,43.6854406722018],[-79.5042853036818,43.6854465045716],[-79.5042981667949,43.6854521749113],[-79.5043111539366,43.6854576832214],[-79.5043242775106,43.6854630295014],[-79.5043375251122,43.6854682047504],[-79.5043509215485,43.685473199966],[-79.5043644048016,43.6854780331532],[-79.5043780120822,43.6854826953093],[-79.5043917309865,43.6854871864346],[-79.5044055491105,43.6854915065297],[-79.5044194788573,43.6854956465926],[-79.5044334954192,43.6854996066244],[-79.5044476112005,43.6855033956258],[-79.5044618137968,43.6855070045959],[-79.5044761032072,43.6855104245335],[-79.5044904670285,43.6855136644402],[-79.5045049052605,43.6855167243161],[-79.5045194179032,43.6855196041611],[-79.5045340173595,43.6855222949733],[-79.5045486664187,43.6855248057556],[-79.5045633650799,43.6855271275067],[-79.5045781257475,43.6855292692273],[-79.5045929236124,43.6855312129157],[-79.5046077710797,43.6855329765741],[-79.5046226681484,43.6855345512011],[-79.5046375900102,43.6855359277965],[-79.5046525490701,43.6855371243623],[-79.5046675329236,43.6855381318977],[-79.5046825415697,43.6855389414013],[-79.504697562606,43.6855395708764],[-79.5047125960309,43.6855400023203],[-79.5047276418456,43.6855402537356],[-79.5047426876449,43.6855403071202],[-79.504757745833,43.6855401714748],[-79.5047727791978,43.6855398377998],[-79.5047878125474,43.6855393150954],[-79.5048028334786,43.6855386123634],[-79.5049249730328,43.6855319552014],[-79.506948092308,43.6854217461601],[-79.5076499792262,43.6853834907986],[-79.5076661908353,43.6853827065989],[-79.5076824148741,43.6853821294261],[-79.5076986513405,43.6853817412776],[-79.5077148878356,43.6853815781594],[-79.5077311367598,43.6853816130668],[-79.5077473733069,43.6853818550027],[-79.5077636098808,43.6853823039665],[-79.5077798216741,43.6853829599596],[-79.5077960210909,43.6853838229813],[-79.5078121957264,43.6853848840311],[-79.507828345583,43.6853861611117],[-79.5078444582536,43.68538762722],[-79.5078605461457,43.685389309359],[-79.5078765720447,43.6853911805275],[-79.5078925607617,43.6853932677277],[-79.5079084998908,43.6853955529578],[-79.5079243770284,43.6853980362186],[-79.5079401921758,43.6854007265117],[-79.5079559329283,43.6854036148364],[-79.5079716116896,43.685406701192],[-79.5079872160563,43.6854099855794],[-79.5080027336247,43.6854134679995],[-79.5080181643949,43.6854171484523],[-79.5080334959633,43.6854210269387],[-79.5080487407314,43.6854250854552],[-79.5080638862992,43.6854293510068],[-79.5080789326631,43.6854337965895],[-79.5080938674208,43.6854384312055],[-79.508108678171,43.6854432728584],[-79.5081233773115,43.6854482765408],[-79.5081379524436,43.6854534782589],[-79.5081524035648,43.6854588600101],[-79.5081667182727,43.6854644307966],[-79.5081809089688,43.685470172615],[-79.5081949384443,43.6854761034707],[-79.5082088439081,43.6854822053583],[-79.5082225881502,43.6854884872819],[-79.5082361835732,43.6854949402394],[-79.5082496177723,43.6855015552304],[-79.5082616502839,43.6855077112545],[-79.5082628907498,43.6855083502576],[-79.5082760025034,43.6855153073184],[-79.5082889406305,43.6855224354151],[-79.5083017175327,43.6855297165443],[-79.5083143084048,43.6855371687103],[-79.5083267132442,43.6855447739107],[-79.5083389320512,43.6855525321455],[-79.5083509772295,43.6855604434139],[-79.5083628115689,43.6855685167199],[-79.5083744598734,43.6855767250579],[-79.5083859097416,43.6855850864315],[-79.5083971611723,43.6855935918393],[-79.5084082017616,43.6856022412825],[-79.5084190315084,43.6856110257596],[-79.5084238447494,43.6856150669912],[-79.5084296504126,43.6856199452709],[-79.5084400460703,43.6856289998172],[-79.5084502308842,43.6856381803965],[-79.5084601924515,43.6856474960109],[-79.5084699307697,43.6856569286579],[-79.5084794334363,43.6856664873399],[-79.5084887004499,43.6856761630555],[-79.5084977566181,43.6856859558031],[-79.5085065523255,43.6856958655862],[-79.5085151123785,43.6857058834018],[-79.5085234367757,43.6857160002488],[-79.5085315131158,43.6857262341305],[-79.5085393413948,43.6857365580433],[-79.508546921614,43.6857469809885],[-79.5085542537731,43.685757502966],[-79.5085613254671,43.6857681149756],[-79.5085681366946,43.6857788080161],[-79.5085746998618,43.685789600089],[-79.5085810025609,43.6858004641916],[-79.508587032388,43.6858114003247],[-79.508592814152,43.6858224174879],[-79.5085983106411,43.685833515684],[-79.5086061895171,43.685850527558],[-79.5086131007628,43.6858666033686],[-79.5086196399081,43.6858827602185],[-79.5086257697424,43.6858990071119],[-79.508631527473,43.6859153170423],[-79.5086368882946,43.685931708014],[-79.5086400900159,43.6859423203107],[-79.5086418522042,43.6859481620245],[-79.5086464067965,43.6859646700736],[-79.50865057688,43.6859812411606],[-79.5086543500494,43.6859978662854],[-79.5086577138978,43.6860145274462],[-79.50866068083,43.6860312336435],[-79.5086632384394,43.6860479668755],[-79.5086653991307,43.6860647361428],[-79.508667162901,43.6860815234427],[-79.5086685173473,43.6860983377775],[-79.508669474872,43.6861151701449],[-79.5086700106643,43.6861320025442],[-79.508670149533,43.6861488439749],[-79.5086698790725,43.6861656854366],[-79.5086692116851,43.6861825179271],[-79.5086681349665,43.6861993414472],[-79.5086666613191,43.6862161469948],[-79.5086647659346,43.6862329345716],[-79.5086624860233,43.6862496951736],[-79.5086597967754,43.6862664198013],[-79.5086566981922,43.6862831174559],[-79.5086532026733,43.6862997611327],[-79.5086493102209,43.6863163688341],[-79.5086450208322,43.6863329225575],[-79.5086403345056,43.6863494133016],[-79.508635238838,43.6863658500686],[-79.5086297586332,43.6863822058526],[-79.5086238938935,43.6863984986561],[-79.5086176322133,43.6864147194787],[-79.5086109735897,43.6864308503179],[-79.5086039304278,43.6864469001738],[-79.5085917409949,43.6864726448209],[-79.5085836806655,43.6864884787206],[-79.5085752481969,43.6865042046319],[-79.5085664311849,43.6865198225558],[-79.5085572420319,43.6865353234898],[-79.5085476807388,43.6865507164353],[-79.5085377597058,43.6865659743872],[-79.5085274665298,43.6865811063477],[-79.5085168012106,43.6865961123167],[-79.5085057885535,43.6866109742897],[-79.5084944161544,43.6866256922674],[-79.5084826840129,43.6866402662498],[-79.508470616937,43.6866546962349],[-79.508458190116,43.6866689642219],[-79.5084454407617,43.6866830702078],[-79.508432344066,43.6866970141944],[-79.5084189124328,43.6867107961807],[-79.5084051458595,43.6867243981639],[-79.5083910567512,43.6867378291443],[-79.5083766575118,43.686751089121],[-79.5083619357335,43.6867641510907],[-79.5083468914188,43.6867770330559],[-79.5083315493719,43.6867897080108],[-79.5083159095965,43.6868022029593],[-79.5082999720889,43.6868144908972],[-79.508283736849,43.6868265718244],[-79.5082672038768,43.6868384457409],[-79.5082503979804,43.6868501126447],[-79.5082333191586,43.6868615635343],[-79.5082159674103,43.6868727894084],[-79.5081983303338,43.6868838082704],[-79.5081804451389,43.6868946021147],[-79.5081623118232,43.6869051529387],[-79.5081439179853,43.6869154787459],[-79.5081252760279,43.6869255705338],[-79.5081063983554,43.6869354283014],[-79.5080872849666,43.6869450430474],[-79.5080679358615,43.6869544147717],[-79.5080483758474,43.686963534471],[-79.5080285925214,43.6869724111474],[-79.5080085982854,43.6869810267974],[-79.5079884055461,43.6869893994225],[-79.507968001897,43.6869975110209],[-79.5079474121479,43.6870053705922],[-79.5079266487005,43.6870129601327],[-79.50792176171,43.6870146437152],[-79.5078914846882,43.6870250693187],[-79.507661495678,43.6869881346145],[-79.5069079073736,43.6868553324002],[-79.5065271202898,43.6867882320559],[-79.5062042646363,43.6866372081562],[-79.5060741700062,43.6866240372342],[-79.505784136586,43.686594654019],[-79.505509679932,43.6866686672975],[-79.5051670184468,43.6868083565317],[-79.5046335803211,43.6869438040124],[-79.5040371893715,43.6870853811289],[-79.5037952296666,43.6871996069546],[-79.5036853570573,43.6872514670567],[-79.5030040666379,43.6876405502987],[-79.5026746744916,43.6876842418011],[-79.5022386714584,43.687836166149],[-79.5022653681719,43.6879090581669],[-79.5022057165046,43.687922633297],[-79.5021258087777,43.6879407274278],[-79.5021004687276,43.6879951677701],[-79.5020902831912,43.6879487752469],[-79.5019748125679,43.6879750160952],[-79.5014724416188,43.688089133173],[-79.5002963651714,43.6883563099018],[-79.5002934501479,43.6883569309991]]],[[[-79.4935769101818,43.685646890521],[-79.493551383777,43.6856409482221],[-79.4935500688942,43.685641686255],[-79.4935485803503,43.6856424962885],[-79.4935470918064,43.685643306322],[-79.4935460870409,43.6856438373423],[-79.4935445984978,43.6856446383744],[-79.4935435937323,43.6856451693947],[-79.4935425889667,43.685645700415],[-79.4935415717983,43.6856462224332],[-79.4935400584495,43.6856470054613],[-79.4935385326978,43.6856477794873],[-79.493537006946,43.6856485535133],[-79.4935354811951,43.6856493185381],[-79.4935344516247,43.6856498225529],[-79.4935334220543,43.6856503265678],[-79.4935323924838,43.6856508305827],[-79.4935313629134,43.6856513345975],[-79.4935298123577,43.6856520726168],[-79.4935287703843,43.6856525676296],[-79.4935272198285,43.6856533056489],[-79.4935261654523,43.6856537916597],[-79.4935246024946,43.6856545116756],[-79.4935235481183,43.6856549976864],[-79.4935219727577,43.6856557087002],[-79.4935209183823,43.6856561857097],[-79.4935193306188,43.6856568877215],[-79.4935177428552,43.6856575897333],[-79.493516676077,43.6856580577407],[-79.4935150883143,43.6856587507512],[-79.4935140091341,43.6856592007552],[-79.4935124089686,43.6856598847636],[-79.4935113297884,43.6856603347677],[-79.4935097172209,43.6856610007727],[-79.4935086380406,43.6856614507767],[-79.4935070130703,43.6856621077797],[-79.4935053880998,43.6856627647827],[-79.4935042965176,43.6856631967834],[-79.4935026715481,43.685663844785],[-79.4935010341757,43.6856644837846],[-79.4934999301906,43.6856649067832],[-79.4934982804163,43.6856655277795],[-79.493496630641,43.685666157777],[-79.4934949808676,43.6856667697719],[-79.4934933186903,43.6856673817661],[-79.493491656514,43.6856679847589],[-79.4934905401279,43.6856683807528],[-79.4934888779525,43.6856689747443],[-79.4934876003109,43.6856694247368],[-79.4934860745842,43.6856699557269],[-79.4934844000068,43.685670531715],[-79.4934832712178,43.6856709187068],[-79.4934815842375,43.6856714856929],[-79.4934798972583,43.6856720436776],[-79.4934781978751,43.6856726016616],[-79.4934764984938,43.6856731416429],[-79.4934753573028,43.6856735106313],[-79.4934736579225,43.6856740416113],[-79.4934725167325,43.6856744015984],[-79.4934708049483,43.6856749325777],[-79.4934690807622,43.6856754455536],[-79.4934673689789,43.6856759675315],[-79.4934662153879,43.6856763005139],[-79.4934650617959,43.6856766424975],[-79.4934633376117,43.6856771374708],[-79.4934621840206,43.6856774704531],[-79.4934604474335,43.6856779564243],[-79.4934587108464,43.6856784423954],[-79.4934569742602,43.6856789193652],[-79.4934558082671,43.6856792343441],[-79.4934546422741,43.6856795493231],[-79.493452893286,43.6856800082895],[-79.4934511442989,43.6856804582546],[-79.4934493953117,43.6856809082196],[-79.4934482169167,43.6856812051952],[-79.4934464555267,43.6856816461582],[-79.4934446941376,43.6856820781199],[-79.4934429327495,43.6856825010802],[-79.4934411589585,43.6856829150385],[-79.4934393851674,43.6856833289968],[-79.4934376113774,43.6856837339537],[-79.4934358375883,43.6856841299093],[-79.4934346467923,43.6856843998801],[-79.4934328730041,43.6856847868343],[-79.4934310868131,43.6856851647865],[-79.4934293006221,43.6856855427387],[-79.4934280974252,43.6856857857048],[-79.493426311236,43.6856861456543],[-79.4934245126431,43.685686505603],[-79.4934227264549,43.6856868565512],[-79.493421523259,43.6856870905159],[-79.493420320064,43.6856873154793],[-79.493419116869,43.6856875404427],[-79.4934173182799,43.6856878643861],[-79.4934161150849,43.6856880893494],[-79.4934143040929,43.6856884042908],[-79.4934124931009,43.6856887192321],[-79.4934106821099,43.6856890251722],[-79.493409466514,43.6856892231308],[-79.4934076555239,43.6856895200695],[-79.4934064399289,43.6856897090268],[-79.4934046289398,43.685689996964],[-79.4934034133458,43.68569017692],[-79.4934021977509,43.6856903658773],[-79.4934009821569,43.6856905458332],[-79.4933991587668,43.6856908067658],[-79.4933978811537,43.6856909867181],[-79.4933733155702,43.6856330078877],[-79.4932817127812,43.68541674617],[-79.4931919692924,43.6854367777672],[-79.4931022505515,43.6854568092954],[-79.4930877997884,43.68546003089],[-79.4930119239512,43.6854769667343],[-79.4929215848856,43.6854971331022],[-79.4928311341223,43.6855173263956],[-79.4927406708945,43.6855375196165],[-79.492658543179,43.6855558680338],[-79.4925404487445,43.685539216974],[-79.4923495241555,43.6854847734593],[-79.4920938476622,43.6853708625379],[-79.4920007381977,43.6853293870432],[-79.4919489589479,43.6852816494818],[-79.4919032320463,43.6852395021365],[-79.4916864425122,43.6850396485729],[-79.4914748967172,43.6849587472508],[-79.4914727759526,43.6849568928234],[-79.4913663781402,43.6848644684208],[-79.4913175310017,43.6845313443495],[-79.4912269075093,43.6845514823559],[-79.4911543317674,43.6845676071054],[-79.4916270729589,43.6840091475724],[-79.4916365383616,43.6839979686406],[-79.4916477030759,43.6839865017903],[-79.4919692573981,43.6836564558538],[-79.4920559316839,43.6835675649848],[-79.4926763062686,43.683305740332],[-79.4929785406282,43.6831782017412],[-79.4930591039926,43.6831441907129],[-79.4930921107579,43.6831302586852],[-79.4938452589325,43.6829316248102],[-79.4940590717106,43.6828754589474],[-79.4942316919338,43.6828301191888],[-79.4943115335053,43.6828091501375],[-79.4943230819242,43.6827983761435],[-79.4947168048229,43.6824315646179],[-79.49515741005,43.6820210703448],[-79.4951858275858,43.6819945806859],[-79.4956549427703,43.6815575047863],[-79.4957720220431,43.6814484042725],[-79.4958197378136,43.6814247775829],[-79.4962139584867,43.6813354172896],[-79.4965186154508,43.6812663419013],[-79.4965395766374,43.681261598846],[-79.4966641641807,43.6812553556388],[-79.4969337420159,43.6812418702204],[-79.4971284804544,43.6812321268567],[-79.4973579718278,43.6812206467164],[-79.4975511225554,43.6812109746065],[-79.4978312723822,43.6820882121155],[-79.4981094088457,43.6829589498238],[-79.4981268213204,43.6830134980476],[-79.4984948966901,43.6841656980187],[-79.4984957524618,43.684168506438],[-79.4984965462159,43.6841713148565],[-79.4984972779523,43.6841741412768],[-79.4984979352674,43.6841769766974],[-79.4984985181615,43.6841798121171],[-79.4984990390377,43.6841826655385],[-79.4984994854929,43.684185518959],[-79.4984998699303,43.6841883813799],[-79.4985001923503,43.6841912438001],[-79.4985004279457,43.684194106219],[-79.4985006139268,43.6841969776387],[-79.4985007130834,43.6841998490572],[-79.4985007502222,43.6842027294762],[-79.4985007253436,43.6842056008931],[-79.498500626044,43.684208472309],[-79.4985004647268,43.684211343724],[-79.4985002165852,43.6842142061367],[-79.4984999188295,43.6842170685487],[-79.4984995466527,43.6842199309597],[-79.4984991000552,43.684222775367],[-79.4984985790364,43.6842256287748],[-79.4984979959999,43.6842284821817],[-79.4984973509466,43.6842312995826],[-79.498496631472,43.6842341259838],[-79.4984958499799,43.6842369433828],[-79.4984949940668,43.6842397517796],[-79.4984940761363,43.6842425511742],[-79.4984930837852,43.6842453235639],[-79.4984920294162,43.6842481049542],[-79.4984909130304,43.6842508503383],[-79.4984897222234,43.6842535957214],[-79.4984884693993,43.6842563140998],[-79.4984871545577,43.684259023476],[-79.4984857652951,43.68426172385],[-79.4984843140156,43.6842643882178],[-79.4984828007186,43.6842670435836],[-79.4984812254041,43.6842696899471],[-79.4984795880724,43.6842723093059],[-79.4984778887237,43.6842749016599],[-79.4984761273576,43.6842774760104],[-79.4984743039744,43.6842800233562],[-79.4984724185742,43.6842825436972],[-79.4984704711563,43.684285055036],[-79.4984684617215,43.6842875303687],[-79.4984663902697,43.6842899786966],[-79.4984642816077,43.6842924000201],[-79.4984620861213,43.6842948033397],[-79.498459853425,43.6842971706536],[-79.4984575711152,43.6842995109629],[-79.4984552143846,43.6843018242671],[-79.4984528080407,43.6843041015654],[-79.4984503396796,43.6843063518589],[-79.4984478341087,43.6843085661466],[-79.498445254117,43.6843107534293],[-79.4984426369153,43.6843129137075],[-79.4984399701004,43.6843150289784],[-79.4984372412683,43.6843171172445],[-79.4984344752264,43.6843191695048],[-79.4984316471677,43.6843211767576],[-79.498428781899,43.684323157006],[-79.4984258670169,43.6843251012483],[-79.4984229025214,43.6843270094847],[-79.4984198884127,43.6843288727138],[-79.4984168370939,43.6843307089383],[-79.4984137485655,43.6843325001557],[-79.4984105980204,43.6843342463656],[-79.498407422669,43.6843359565699],[-79.4984041977042,43.6843376307681],[-79.4984009355298,43.6843392599592],[-79.4983976361458,43.6843408441432],[-79.498394299552,43.6843423923212],[-79.4983909257486,43.6843438954922],[-79.4983875271391,43.6843453536561],[-79.4983840789165,43.6843467668127],[-79.498380593484,43.6843481439635],[-79.4983770832456,43.6843494761072],[-79.4983735482013,43.6843507542426],[-79.4983699759473,43.6843519963722],[-79.4983663788873,43.6843531934948],[-79.4983627446179,43.6843543366088],[-79.4983590855425,43.6843554347159],[-79.4983554016609,43.6843564968173],[-79.4983517053771,43.6843575049105],[-79.4983479718838,43.6843584679965],[-79.4983442135848,43.6843593770742],[-79.4983391032923,43.6843605381687],[-79.4982549447078,43.6843788545759],[-79.4981571916871,43.6844001501354],[-79.4981433988438,43.6844031383463],[-79.4978103606337,43.6844797965877],[-79.4977968654264,43.6844831718187],[-79.4976269596458,43.6845256275846],[-79.4974446746038,43.6845737626465],[-79.4972635799107,43.6846242107817],[-79.4970837375683,43.6846769359923],[-79.4969051723669,43.6847319382846],[-79.4965253789592,43.6848517797727],[-79.4962951876207,43.6849244130894],[-79.4960630483091,43.6849976669648],[-79.4959656525829,43.6850283940295],[-79.4958347660652,43.6850696963307],[-79.4952592452989,43.6852512932687],[-79.4947185517998,43.6854218983233],[-79.4946836838485,43.6854328963027],[-79.4941779296616,43.6855924738149],[-79.4941081561389,43.6856144784321],[-79.4937629966228,43.6857233579147],[-79.4936897572925,43.6856731626157],[-79.4935769101818,43.685646890521]]]]},"properties":{"_id":1671,"AREA_ID":41251,"AREA_ATTR_ID":329,"PARENT_AREA_ID":null,"AREA_CLASS_ID":802,"AREA_CLASS":"Park","AREA_SHORT_CODE":"329","AREA_LONG_CODE":"329","AREA_NAME":"EGLINTON FLATS","AREA_DESC":"None","OBJECTID":4329091}},{"type":"Feature","geometry":{"type":"MultiPolygon","coordinates":[[[[-79.4777163532396,43.6851199068072],[-79.4793031960431,43.6843260288194],[-79.4795067236886,43.6841133105778],[-79.4798568783172,43.6842867380054],[-79.4801327621483,43.68442338113],[-79.4804852889687,43.6845983552604],[-79.4806678655798,43.6846889754385],[-79.4812178923274,43.6856400821508],[-79.4813835434369,43.6859265217829],[-79.481389370082,43.6859367842195],[-79.4813900891224,43.6859380265167],[-79.4813905726145,43.6859388637168],[-79.4813912792511,43.6859401060119],[-79.4813919982916,43.685941348309],[-79.4813924817838,43.6859421855091],[-79.4813932008243,43.6859434278063],[-79.4813939198649,43.6859446701034],[-79.4813943909532,43.6859455073015],[-79.4813951099938,43.6859467495986],[-79.4813958290345,43.6859479918957],[-79.4813963125267,43.6859488290958],[-79.4813970315674,43.6859500713929],[-79.4813977382043,43.685951313688],[-79.4813982216966,43.685952150888],[-79.4813989407374,43.6859533931851],[-79.4813996597754,43.6859546444835],[-79.4814003664123,43.6859558867786],[-79.481401097857,43.6859571290777],[-79.4814015689456,43.6859579662757],[-79.4814022879865,43.6859592085728],[-79.4814029946208,43.6859604598692],[-79.4814037260656,43.6859617021683],[-79.4814044451066,43.6859629444654],[-79.4814049161953,43.6859637816634],[-79.4814056228324,43.6859650239584],[-79.4814063542746,43.6859662752588],[-79.4814070609118,43.6859675175538],[-79.481407779953,43.6859687598509],[-79.4814082634456,43.6859695970509],[-79.4814089700829,43.6859708393459],[-79.4814094535755,43.6859716765459],[-79.4814101602129,43.6859729188409],[-79.4814108792541,43.6859741611379],[-79.4814113627468,43.6859749983379],[-79.4814120693843,43.6859762406329],[-79.481412552877,43.6859770778329],[-79.4814132595145,43.6859783201279],[-79.4814139785531,43.6859795714262],[-79.4814146975945,43.6859808137232],[-79.4814154042293,43.6859820650195],[-79.4814161232708,43.6859833073165],[-79.4814168299056,43.6859845586128],[-79.4814175489472,43.6859858009097],[-79.481418267986,43.685987052208],[-79.4814189746237,43.685988294503],[-79.4814196936625,43.6859895458013],[-79.4814204003003,43.6859907880962],[-79.4814211193392,43.6859920393945],[-79.481421825977,43.6859932816894],[-79.481422545016,43.6859945329877],[-79.4814232516539,43.6859957752826],[-79.4814237351469,43.6859966124825],[-79.4814244417849,43.6859978547775],[-79.4814251608239,43.6859991060757],[-79.4814258674619,43.6860003483706],[-79.4814265865011,43.6860015996688],[-79.4814272931391,43.6860028419637],[-79.4814277766323,43.6860036791636],[-79.4814284832704,43.6860049214585],[-79.4814289543597,43.6860057586564],[-79.4814296734017,43.6860070009533],[-79.4814303800372,43.6860082522495],[-79.4814310990792,43.6860094945464],[-79.4814315701686,43.6860103317443],[-79.4814322768069,43.6860115740391],[-79.4814327603002,43.6860124112391],[-79.4814334669385,43.6860136535339],[-79.4814339380279,43.6860144907318],[-79.4814346570702,43.6860157330287],[-79.4814351281597,43.6860165702265],[-79.4814358347981,43.6860178125214],[-79.4814363182915,43.6860186497213],[-79.4814370249299,43.6860198920161],[-79.4814374960195,43.686020729214],[-79.481438202658,43.6860219715088],[-79.4814386861514,43.6860228087087],[-79.48143939279,43.6860240510035],[-79.4814398638796,43.6860248882013],[-79.4814405829221,43.6860261304982],[-79.4814410540118,43.686026967696],[-79.4814417606504,43.6860282099908],[-79.4814422317401,43.6860290471886],[-79.4814429507827,43.6860302894855],[-79.4814434218724,43.6860311266833],[-79.4814441285111,43.6860323689781],[-79.4814445996009,43.6860332061759],[-79.4814453062397,43.6860344484707],[-79.4814457897333,43.6860352856705],[-79.4814464963722,43.6860365279653],[-79.481446967462,43.6860373651632],[-79.4814476740981,43.6860386164592],[-79.4814483807371,43.686039858754],[-79.4814488642308,43.6860406959538],[-79.4814495708698,43.6860419382485],[-79.4814500419597,43.6860427754464],[-79.4814507485987,43.6860440177411],[-79.4814512196886,43.6860448549389],[-79.4814519263249,43.686046106235],[-79.4814526453679,43.6860473485317],[-79.4814535875507,43.686049013926],[-79.4814540586407,43.6860498511238],[-79.4814547032937,43.6860509853928],[-79.4814551743837,43.6860518225906],[-79.4814558934268,43.6860530648873],[-79.4814563645169,43.6860539020851],[-79.4814570711562,43.6860551443798],[-79.4814575422463,43.6860559815775],[-79.4814582612895,43.6860572238743],[-79.4814587323797,43.686058061072],[-79.481459439019,43.6860593033667],[-79.4814599101092,43.6860601405645],[-79.4814606291525,43.6860613828612],[-79.4814611002427,43.6860622200589],[-79.4814618068822,43.6860634623536],[-79.4814622779724,43.6860642995513],[-79.4814629970159,43.686065541848],[-79.4814634681061,43.6860663790458],[-79.4814641747429,43.6860676303417],[-79.4814648813825,43.6860688726364],[-79.4814653524729,43.6860697098341],[-79.4814660715164,43.6860709521308],[-79.4814665426068,43.6860717893285],[-79.4814672492465,43.6860730316232],[-79.4814677203369,43.6860738688209],[-79.4814684269738,43.6860751201168],[-79.4814691460175,43.6860763624135],[-79.481469617108,43.6860771996112],[-79.4814703237478,43.6860784419058],[-79.4814707948382,43.6860792791035],[-79.4814715014781,43.6860805213981],[-79.4814719725686,43.6860813585958],[-79.4814726792058,43.6860826098918],[-79.4814733858457,43.6860838521864],[-79.4814738693402,43.686084689386],[-79.4814745759802,43.6860859316807],[-79.4814750470708,43.6860867688784],[-79.4814757537081,43.6860880201742],[-79.4814764603481,43.6860892624688],[-79.4814769314388,43.6860900996665],[-79.4814776380762,43.6860913509624],[-79.4814783447163,43.6860925932569],[-79.481478815807,43.6860934304546],[-79.4814795224472,43.6860946727492],[-79.4814799935379,43.6860955099469],[-79.4814807001755,43.6860967612427],[-79.4814814068157,43.6860980035373],[-79.4814818779065,43.6860988407349],[-79.4814825845441,43.6861000920308],[-79.4814832911844,43.6861013343253],[-79.4814837622753,43.686102171523],[-79.4814844689129,43.6861034228188],[-79.4814851755534,43.6861046651133],[-79.4814856466442,43.686105502311],[-79.481486353282,43.6861067536068],[-79.4814870599225,43.6861079959013],[-79.4814875310134,43.6861088330989],[-79.4814882376512,43.6861100843948],[-79.4814889442918,43.6861113266893],[-79.4814894153828,43.6861121638869],[-79.4814898864738,43.6861130010845],[-79.4814905931145,43.686114243379],[-79.4814910642055,43.6861150805766],[-79.4814917708435,43.6861163318724],[-79.4814924774842,43.6861175741669],[-79.4814929485753,43.6861184113645],[-79.4814936180016,43.6861196626542],[-79.4814943494475,43.686120913954],[-79.4814950684922,43.6861221562505],[-79.4814955395834,43.6861229934481],[-79.4814962338176,43.6861242447419],[-79.4814969528597,43.6861254960396],[-79.4814976470968,43.686126738332],[-79.481498118188,43.6861275755296],[-79.4814988124223,43.6861288268234],[-79.4814995314645,43.6861300781211],[-79.4815002257017,43.6861313204135],[-79.481500696793,43.6861321576111],[-79.4815014158352,43.6861334089088],[-79.4815021100697,43.6861346602025],[-79.4815028167109,43.686135902497],[-79.4815032878022,43.6861367396945],[-79.4815037588936,43.6861375768921],[-79.4815044655349,43.6861388191865],[-79.4815049242224,43.686139656382],[-79.4815053953138,43.6861404935796],[-79.4815061019551,43.686141735874],[-79.4815065730466,43.6861425730716],[-79.481507044138,43.6861434102691],[-79.4815077383755,43.6861446525615],[-79.481508209467,43.686145489759],[-79.4815086805585,43.6861463269566],[-79.4815093747961,43.686147569249],[-79.4815098458876,43.6861484064465],[-79.4815103169792,43.686149243644],[-79.4815110236179,43.6861504949397],[-79.4815117178556,43.686151737232],[-79.4815121889472,43.6861525744296],[-79.4815126600388,43.6861534116271],[-79.4815133666804,43.6861546539214],[-79.4815138253682,43.6861554911169],[-79.4815142964598,43.6861563283145],[-79.4815150030988,43.6861575796101],[-79.4815156973338,43.6861588309037],[-79.4815164039755,43.686160073198],[-79.4815173089473,43.6861617475871],[-79.4815180403942,43.6861629988867],[-79.4815187346321,43.686164241179],[-79.4815192057239,43.6861650783765],[-79.4815196768158,43.686165915574],[-79.481520371051,43.6861671668675],[-79.4815210776901,43.6861684181632],[-79.4815217843293,43.6861696694588],[-79.4815224785674,43.686170911751],[-79.4815229496593,43.6861717489485],[-79.4815234083473,43.686172586144],[-79.4815241149866,43.6861738374395],[-79.4815248092221,43.6861750887331],[-79.4815255158614,43.6861763400287],[-79.4815262100969,43.6861775913222],[-79.4815269167363,43.6861788426178],[-79.4815276109746,43.68618008491],[-79.4815280820666,43.6861809221075],[-79.4815285531587,43.6861817593049],[-79.4815292473943,43.6861830105985],[-79.4815299416299,43.686184261892],[-79.4815306482695,43.6861855131875],[-79.4815313425052,43.686186764481],[-79.4815320491448,43.6861880157766],[-79.4815327433805,43.6861892670701],[-79.4815334376163,43.6861905183636],[-79.481534144256,43.6861917696591],[-79.4815348384919,43.6861930209526],[-79.4815355451316,43.6861942722481],[-79.4815362393675,43.6861955235416],[-79.4815369336034,43.686196774835],[-79.4815376402433,43.6861980261305],[-79.4815383344793,43.686199277424],[-79.4815390287153,43.6862005287175],[-79.4815394998076,43.6862013659149],[-79.4815401940437,43.6862026172084],[-79.4815408882798,43.6862038685018],[-79.4815415949198,43.6862051197973],[-79.4815422891559,43.6862063710907],[-79.4815429833921,43.6862076223842],[-79.4815436776283,43.6862088736776],[-79.4815443842684,43.686210124973],[-79.481544842957,43.6862109621684],[-79.4815455371933,43.6862122134618],[-79.4815462438335,43.6862134647573],[-79.4815469380698,43.6862147160507],[-79.4815476323062,43.6862159673441],[-79.4815483265426,43.6862172186375],[-79.4815487976352,43.6862180558349],[-79.4815494918717,43.6862193071283],[-79.4815501861081,43.6862205584217],[-79.4815508803446,43.6862218097151],[-79.4815513514373,43.6862226469125],[-79.4815520456739,43.6862238982058],[-79.4815527399104,43.6862251494992],[-79.481553434147,43.6862264007926],[-79.4815539052398,43.6862272379899],[-79.4815545994764,43.6862284892833],[-79.4815552937131,43.6862297405767],[-79.481555752402,43.686230577772],[-79.4815564466387,43.6862318290654],[-79.4815571408755,43.6862330803587],[-79.4815578475162,43.6862343316541],[-79.4815583062052,43.6862351688494],[-79.481559000442,43.6862364201428],[-79.4815596946789,43.6862376714361],[-79.4815601533679,43.6862385086314],[-79.4815608476048,43.6862397599247],[-79.4815613186978,43.686240597122],[-79.4815620129347,43.6862418484154],[-79.4815627071717,43.6862430997087],[-79.4815631658608,43.686243936904],[-79.4815638600979,43.6862451881973],[-79.4815645543349,43.6862464394906],[-79.481565025428,43.6862472766879],[-79.4815657196651,43.6862485279812],[-79.4815661783543,43.6862493651765],[-79.4815668725914,43.6862506164698],[-79.4815673312807,43.6862514536651],[-79.4815680255179,43.6862527049584],[-79.4815687197551,43.6862539562517],[-79.4815691784444,43.686254793447],[-79.4815698726817,43.6862560447402],[-79.4815703933603,43.6862569809598],[-79.4818578901362,43.6867974922551],[-79.481976625224,43.6870342093157],[-79.4822075696359,43.6875210359602],[-79.482234034446,43.687582527974],[-79.4824238140944,43.6880236031139],[-79.4824520147717,43.6880891369232],[-79.4825082179691,43.6882197634245],[-79.4812071361118,43.6885472402952],[-79.4811784424495,43.6885544906228],[-79.4809885157915,43.6886024631303],[-79.4807645483265,43.6886590438435],[-79.4807174821064,43.6886709356333],[-79.4806979187315,43.6886758740456],[-79.4804999866077,43.6886973895656],[-79.479333764663,43.688823931984],[-79.4792614191214,43.6888317770169],[-79.4791776172407,43.6888598458398],[-79.4791641568282,43.6888643530386],[-79.4782528140153,43.6891694083777],[-79.4781871119331,43.6890193981945],[-79.4782774240753,43.6889990454502],[-79.4782956105556,43.6889949353106],[-79.4783677609686,43.6889786836378],[-79.4784039354045,43.6889705352999],[-79.4784580853963,43.6889583217517],[-79.4785122477674,43.6889461171814],[-79.4785484221642,43.6889379687976],[-79.4786205600394,43.6889217079615],[-79.4786387464698,43.6889176067685],[-79.4787290707111,43.6888972536693],[-79.4785973802145,43.6885960455689],[-79.4784359790888,43.6884431461404],[-79.4784073484108,43.6883777642854],[-79.4784016222774,43.6883647023155],[-79.4783787177851,43.6883124094264],[-79.4783672655588,43.6882862494779],[-79.4783500872314,43.6882470275555],[-79.4783271828286,43.688194734655],[-79.4783214567301,43.6881816726807],[-79.4782928263007,43.688116290794],[-79.4782916860448,43.6881136802],[-79.4782641835226,43.6880509268997],[-79.4782498683607,43.6880182404501],[-79.4782355532143,43.6879855539985],[-79.4782069353692,43.6879201900931],[-79.4781783051851,43.6878548171762],[-79.4781668407221,43.6878286752059],[-79.4781496626558,43.6877894532502],[-79.4781296216062,43.6877436957986],[-79.4781210325961,43.6877240803174],[-79.4780924149995,43.6876587163804],[-79.4780637726599,43.6875933434294],[-79.4780351427834,43.6875279794742],[-79.478071279147,43.6875199212451],[-79.4781794028573,43.6874958184452],[-79.4782336383581,43.6874837130321],[-79.4782878738306,43.6874716255958],[-79.4785924233397,43.6871174097563],[-79.4785374095,43.6867392096734],[-79.4782551911125,43.6864350922854],[-79.4786385505804,43.6861489950952],[-79.4786783404434,43.6861193162209],[-79.4788758871939,43.6859718845196],[-79.4790358643573,43.6858525116587],[-79.4790731848874,43.6858244884327],[-79.4789829632502,43.6857776650925],[-79.4788549045901,43.6857111578343],[-79.4787703012008,43.6856672247836],[-79.4786856855376,43.685623273665],[-79.4785164297679,43.685535389237],[-79.4783625771059,43.6854554826306],[-79.4782702483382,43.6854075421641],[-79.4782496619572,43.6853968536988],[-79.4781779321181,43.6853596106264],[-79.4781385700358,43.6853391701406],[-79.4780856160483,43.6853116700124],[-79.4780049326178,43.6852697714388],[-79.4779933001256,43.6852637293235],[-79.4779009843499,43.6852157885596],[-79.4778988017082,43.6852146629743],[-79.4778086687179,43.6851678567222],[-79.4778049607187,43.6851659297227],[-79.4777163532396,43.6851199068072]]]]},"properties":{"_id":1746,"AREA_ID":41237,"AREA_ATTR_ID":571,"PARENT_AREA_ID":null,"AREA_CLASS_ID":802,"AREA_CLASS":"Park","AREA_SHORT_CODE":"571","AREA_LONG_CODE":"571","AREA_NAME":"KEELESDALE PARK","AREA_DESC":"None","OBJECTID":4329184}},{"type":"Feature","geometry":{"type":"MultiPolygon","coordinates":[[[[-79.4610301114895,43.6884937693615],[-79.4610120232828,43.6884977777737],[-79.460984304711,43.6884322568475],[-79.4609565861937,43.6883667449151],[-79.4609266259842,43.6882959394439],[-79.4604132342059,43.6884095572516],[-79.4603988055341,43.6883754643265],[-79.4603092983036,43.6880703521747],[-79.460300847763,43.6880187897842],[-79.460289691607,43.6879506910614],[-79.4602843668253,43.6879181585066],[-79.460271699673,43.6878841831915],[-79.4602268881287,43.6877638472043],[-79.4601717322866,43.6876612851653],[-79.4600337815659,43.6874047539037],[-79.4605053451586,43.6873001966488],[-79.4610187150418,43.6871863533648],[-79.4610974106624,43.6873723470918],[-79.4613361254679,43.6873196444444],[-79.4622522371305,43.6871173493111],[-79.4622527688646,43.6871199688659],[-79.4622579354313,43.6872283732646],[-79.4622595883462,43.6872628938071],[-79.4622680106826,43.6874411133811],[-79.4622700432358,43.6874834561794],[-79.4622747080501,43.6875810768445],[-79.462284835743,43.6877894963387],[-79.4623883737066,43.6881274933311],[-79.4624966564229,43.6884572825799],[-79.4618748366551,43.6885945987526],[-79.4617631044773,43.6883300221967],[-79.4615254643201,43.688384130291],[-79.461427840455,43.6884057365186],[-79.4613374493026,43.6884257428777],[-79.4612470580845,43.6884457581665],[-79.4611566668121,43.6884657643824],[-79.4610301114895,43.6884937693615]]]]},"properties":{"_id":1774,"AREA_ID":41243,"AREA_ATTR_ID":92,"PARENT_AREA_ID":null,"AREA_CLASS_ID":802,"AREA_CLASS":"Park","AREA_SHORT_CODE":"92","AREA_LONG_CODE":"92","AREA_NAME":"BERT ROBINSON PARK","AREA_DESC":"None","OBJECTID":4329219}},{"type":"Feature","geometry":{"type":"MultiPolygon","coordinates":[[[[-79.4341038141581,43.6952458018931],[-79.4340991031652,43.6952428737579],[-79.4337237055457,43.6955569007468],[-79.4336043678182,43.6954722373714],[-79.4335888939589,43.6954644242641],[-79.4334491829657,43.6953939529224],[-79.4334182600935,43.6953783716845],[-79.4332940604762,43.6953157313071],[-79.4332630137163,43.6953000689431],[-79.433138888817,43.6952374644451],[-79.4331078545336,43.6952218110473],[-79.4329837175616,43.6951591973715],[-79.4329372220645,43.6951357397442],[-79.4328285591156,43.6950809300938],[-79.432806476824,43.6951031953089],[-79.4327939416771,43.6950968600326],[-79.4326227518747,43.6950106799151],[-79.4325218634948,43.694959736108],[-79.4324985911227,43.6949479846846],[-79.4323744430352,43.6948852893261],[-79.4323278860095,43.694861786407],[-79.4322269981291,43.6948108423386],[-79.4321726920786,43.6947834191998],[-79.4320795783993,43.694736395175],[-79.4320703166336,43.6947317180014],[-79.4320174985519,43.6947050517811],[-79.4319321466286,43.694661947813],[-79.4318623054296,43.694626684151],[-79.4317847152229,43.6945875002603],[-79.4317071251275,43.6945483073154],[-79.431618661606,43.6945036440296],[-79.4315519328036,43.6944699482635],[-79.4314526084521,43.6944197875568],[-79.4313967284887,43.6943915799913],[-79.4312880931501,43.6943367238797],[-79.4312415369836,43.6943132115151],[-79.4311235783127,43.6942536509636],[-79.4310863334774,43.6942348428198],[-79.4309590763352,43.6941705778172],[-79.4309001096505,43.6941408019186],[-79.4307945748016,43.6940875134346],[-79.4307138740003,43.6940467607053],[-79.4306300613272,43.6940044398055],[-79.4305276389219,43.6939527281886],[-79.4304655483071,43.6939213659386],[-79.4303414168521,43.6938586773724],[-79.430294836625,43.6938351556044],[-79.4302118552285,43.6937932489628],[-79.4302039812147,43.6937902557261],[-79.4301982021406,43.6937886319647],[-79.4301922365253,43.6937874041458],[-79.43018613398,43.6937865813013],[-79.4301799689271,43.6937861724776],[-79.4301737661671,43.6937861866913],[-79.4301675877375,43.6937866149791],[-79.4301614956552,43.6937874663799],[-79.4301555519789,43.693788713928],[-79.4301497815088,43.6937903666398],[-79.4301442463038,43.6937923975493],[-79.4301389960064,43.6937947886844],[-79.430134080249,43.6937975310742],[-79.430129523874,43.6938005977299],[-79.4300281603451,43.6936604036057],[-79.4299933160626,43.6936367898831],[-79.4298728053943,43.6935551102947],[-79.4298694155754,43.6935577996015],[-79.4298446627895,43.6935398898425],[-79.4297521219236,43.6934729624048],[-79.4297025049522,43.6934370617497],[-79.4296348534239,43.6933881161005],[-79.4295603476112,43.6933342244774],[-79.4295335250496,43.6933148281614],[-79.4295175356122,43.6933032876469],[-79.429424016073,43.693235828261],[-79.4294222945189,43.6932017122966],[-79.4294168753738,43.6930942335076],[-79.429415275284,43.6930623319354],[-79.4294098443178,43.6929543760676],[-79.4294082801421,43.6929235906771],[-79.4294005942561,43.6927709329879],[-79.4293945210492,43.6926500328562],[-79.4293888166963,43.6926482740802],[-79.4293831372177,43.6926464613116],[-79.4293774825921,43.6926446125529],[-79.4293718528407,43.6926427098014],[-79.4293662603477,43.6926407710676],[-79.4293606927184,43.6926387873424],[-79.4293551499527,43.6926367586258],[-79.4293496444559,43.6926346849255],[-79.4293441762176,43.6926325752427],[-79.4293387328535,43.6926304115674],[-79.4293333267478,43.6926282119096],[-79.4293279331005,43.6926259672528],[-79.4293226015327,43.6926236776276],[-79.4293172948182,43.6926213520125],[-79.4293108474882,43.6926184586101],[-79.4293056401221,43.6926160430429],[-79.4293004452146,43.6926135824766],[-79.4292939981612,43.6926104550398],[-79.4285476627766,43.6929018759133],[-79.4284492979696,43.6927688742756],[-79.4284185699077,43.6927273140655],[-79.4284006234502,43.6927031253499],[-79.4283417431734,43.6926238860668],[-79.4283362440366,43.6926165015581],[-79.428331240296,43.692609801458],[-79.4283282429349,43.6926058480105],[-79.4283252455528,43.6926019125656],[-79.4283222109446,43.6925979860984],[-79.4283191639316,43.6925940596234],[-79.4283160920871,43.6925901511354],[-79.428313007827,43.6925862516408],[-79.4283098987569,43.6925823521305],[-79.4283067648553,43.6925784706071],[-79.4283036185488,43.6925745890759],[-79.4283004474109,43.6925707255316],[-79.4282972514629,43.6925668619717],[-79.4282940430887,43.6925630164064],[-79.4282908099044,43.6925591708256],[-79.4282875642938,43.6925553432394],[-79.428284281468,43.6925515156297],[-79.4282809986212,43.6925477060226],[-79.4282776785591,43.6925438963919],[-79.4282743460707,43.692540104756],[-79.4282710011776,43.6925363131122],[-79.4282676314529,43.6925325394553],[-79.4282642369398,43.6925287477802],[-79.4282608299574,43.6925250101049],[-79.4282573857706,43.6925212634048],[-79.4282539291789,43.6925175166969],[-79.428250460161,43.6925137879836],[-79.4282469787276,43.6925100682637],[-79.4282434600683,43.6925063575217],[-79.4282399289934,43.692502655773],[-79.428236385503,43.6924989630177],[-79.4282328171812,43.6924952882494],[-79.4282292240494,43.6924916134653],[-79.4282256185021,43.6924879476746],[-79.4282220005285,43.6924842998785],[-79.4282170567226,43.692479373066],[-79.4282133891078,43.6924757432411],[-79.4282096966722,43.6924721224018],[-79.4282059918104,43.6924685195571],[-79.4282022621387,43.6924649166968],[-79.4281985200407,43.6924613318311],[-79.428194753122,43.692457755951],[-79.4281909737878,43.6924541890643],[-79.428187169633,43.6924506311631],[-79.4281833406466,43.6924470912488],[-79.4281795116608,43.6924435513343],[-79.4281756454383,43.692440029399],[-79.4281717668003,43.692436516457],[-79.4281678757468,43.6924330125083],[-79.4281639598619,43.6924295265465],[-79.4281600315723,43.6924260405767],[-79.4281560784512,43.6924225725938],[-79.4281521129254,43.692419104603],[-79.4281481225573,43.6924156636003],[-79.4281441197846,43.6924122225897],[-79.4281401045964,43.6924087905724],[-79.4281360645767,43.6924053765419],[-79.4281319997364,43.692401971497],[-79.4281279224699,43.6923985844467],[-79.42866023159,43.6921039184663],[-79.4285917262263,43.6921074402043],[-79.4283623336096,43.6918962703086],[-79.4283138332293,43.6918516294829],[-79.428270175057,43.6917930936747],[-79.4282205080679,43.6914057817448],[-79.4282195125607,43.6913979859973],[-79.4282180007681,43.6913862293552],[-79.428212106737,43.6913876208547],[-79.4282062003328,43.6913889853422],[-79.4282002691613,43.6913903138087],[-79.428192923467,43.691391938429],[-79.4281869799543,43.6913932128793],[-79.4281810116745,43.6913944513085],[-79.4281750434159,43.6913956717348],[-79.4281690627842,43.6913968651491],[-79.4281630697796,43.6913980315515],[-79.428157076807,43.6913991709497],[-79.4281510590672,43.6914002743268],[-79.4281450413594,43.6914013506997],[-79.4281390112786,43.6914024000607],[-79.4281329688249,43.6914034224096],[-79.4281269139982,43.6914044177466],[-79.4281208592036,43.6914053860794],[-79.4281147920468,43.6914063183989],[-79.4281087125171,43.6914072237064],[-79.4281026330195,43.6914081020097],[-79.4280965411489,43.691408953301],[-79.4280904493105,43.6914097775881],[-79.4280843327049,43.6914105658541],[-79.4280782285365,43.6914113271238],[-79.4280721119951,43.6914120613815],[-79.4280659830809,43.6914127686271],[-79.4280598541989,43.6914134488685],[-79.4280537129547,43.6914140930967],[-79.4280475717427,43.6914147103207],[-79.4280414181579,43.6914153005326],[-79.4280352646052,43.6914158637404],[-79.4280291110955,43.6914163909426],[-79.4280229452022,43.6914169001341],[-79.4280167917569,43.691417373328],[-79.4280106011395,43.691417810493],[-79.4280044353536,43.6914182296706],[-79.4279982448007,43.6914186128271],[-79.42799207909,43.6914189689951],[-79.4279858886016,43.6914192981432],[-79.4279796981669,43.6914195822845],[-79.4279735077322,43.6914198664256],[-79.4279673173621,43.6914200965585],[-79.4279611146085,43.6914203086807],[-79.4279549243029,43.6914204848052],[-79.4279487216247,43.6914206339177],[-79.4279425189787,43.691420756026],[-79.427936316365,43.6914208511301],[-79.4279301137837,43.69142091923],[-79.4279239112455,43.6914209513244],[-79.4279177087396,43.6914209564146],[-79.427911506266,43.6914209345006],[-79.4279053038356,43.6914208765811],[-79.4278991138425,43.6914207916652],[-79.4278929114768,43.6914206797373],[-79.4278867091435,43.6914205408052],[-79.4278805068426,43.6914203748689],[-79.4278743169898,43.6914201729349],[-79.4278681147645,43.6914199439889],[-79.4278619249766,43.6914196880465],[-79.4278557352319,43.6914193960986],[-79.4278495455196,43.6914190771465],[-79.4278433682447,43.691418731198],[-79.4278371910023,43.6914183582454],[-79.4278310137924,43.6914179582885],[-79.4278248366257,43.6914175223261],[-79.4278186594915,43.6914170593596],[-79.4278078433988,43.6914161704021],[-79.4278016787562,43.6914156354322],[-79.4277955265727,43.6914150554633],[-79.427789386816,43.6914144574993],[-79.4277832471025,43.6914138235299],[-79.4277771074108,43.6914131715575],[-79.4277709801674,43.6914124835875],[-79.4277648529674,43.691411759612],[-79.4277587382049,43.6914110086401],[-79.427752623475,43.6914102306641],[-79.4277465211827,43.6914094256917],[-79.4277404313279,43.6914085937229],[-79.4277343415057,43.6914077347499],[-79.4277282641211,43.6914068487806],[-79.4277221867799,43.6914059268059],[-79.4277161218764,43.6914049778347],[-79.4277100694104,43.6914040018673],[-79.4277040293821,43.6914029989035],[-79.4276979893864,43.6914019689355],[-79.4276919742441,43.6914009029777],[-79.4276859467296,43.6913998100079],[-79.4276799316526,43.6913986900417],[-79.4276739414183,43.6913975430871],[-79.4276679512167,43.6913963691283],[-79.4276619858578,43.691395168181],[-79.4276560205315,43.6913939402295],[-79.4276500676538,43.6913926762804],[-79.4276441272138,43.691391385335],[-79.4276381867956,43.6913900763866],[-79.427632271231,43.6913887314486],[-79.4276263681041,43.6913873595142],[-79.42762046501,43.6913859605756],[-79.4276145867693,43.6913845256473],[-79.4276087209557,43.691383072724],[-79.4276028675797,43.6913815928043],[-79.4275970142474,43.6913800768792],[-79.4275911857469,43.691378542967],[-79.4275853696951,43.6913769730571],[-79.4275795784752,43.6913753851601],[-79.4275703894934,43.691372795966],[-79.4274295293718,43.6913328578872],[-79.427420948062,43.6913304220889],[-79.4272050885824,43.6912692200332],[-79.427164215836,43.6912576273311],[-79.4271484049208,43.6912531526126],[-79.4270425649173,43.6912231467974],[-79.4268858822377,43.6911787153022],[-79.4267621235555,43.6911436120318],[-79.4267551047954,43.6911416092468],[-79.4267493136639,43.6911399853025],[-79.4267435225108,43.6911383793605],[-79.4267336638336,43.6911357086583],[-79.4267278353898,43.6911341657006],[-79.4267220069245,43.6911326407453],[-79.4267161536276,43.6911311337763],[-79.4267103002982,43.691129653811],[-79.4267044345422,43.6911281918399],[-79.4266985563596,43.6911267478631],[-79.4266926781444,43.69112533089],[-79.4266907807385,43.6911248796083],[-79.4266867750977,43.6911239319032],[-79.4266808720293,43.6911225509186],[-79.4266749565234,43.6911211969297],[-79.4266690409959,43.691119860943],[-79.4266631006368,43.6911185429427],[-79.426657160245,43.691117251946],[-79.4266512074266,43.6911159789436],[-79.4266452545866,43.6911147239434],[-79.426639289309,43.6911134959388],[-79.4266333116047,43.6911122859286],[-79.4266273338677,43.6911111029219],[-79.4266213437041,43.6911099379095],[-79.4266153411139,43.6911087908914],[-79.426609338491,43.6911076708768],[-79.4266033234414,43.6911065688566],[-79.4265972959542,43.6911054938319],[-79.4265912684452,43.6911044368095],[-79.4265852285096,43.6911033977814],[-79.4265791885522,43.6911023767556],[-79.4265731361462,43.6911013917266],[-79.4265670837293,43.6911004156986],[-79.4265610188858,43.6910994576649],[-79.4265549539986,43.691098535636],[-79.4265488766956,43.6910976226001],[-79.4265427993598,43.6910967365678],[-79.4265367095864,43.691095877531],[-79.4265306197911,43.6910950364965],[-79.4265245175691,43.6910942134563],[-79.4265184153143,43.6910934174196],[-79.4265123006328,43.6910926393771],[-79.4265061859185,43.6910918883383],[-79.4265000711823,43.6910911553017],[-79.4264939440084,43.6910904492606],[-79.4264878168126,43.6910897612218],[-79.4264816771901,43.6910890911773],[-79.4264755375347,43.6910884481363],[-79.4264693978574,43.6910878230975],[-79.4264632581473,43.6910872250623],[-79.4264571060104,43.6910866450214],[-79.4264509414356,43.6910860919761],[-79.426444789244,43.6910855569409],[-79.4264386246255,43.6910850399],[-79.4264324599741,43.6910845498627],[-79.4264262952897,43.6910840868289],[-79.4264201181786,43.6910836417893],[-79.4264139410455,43.691083214752],[-79.4264077762845,43.6910828147262],[-79.4264015866916,43.6910824326867],[-79.4263898276311,43.6910817680203],[-79.4263836379614,43.6910814489888],[-79.4263774482697,43.6910811479596],[-79.4263712461402,43.6910808739259],[-79.4263650563936,43.6910806179025],[-79.4263588790189,43.6910803888906],[-79.4263526768125,43.6910801778649],[-79.4263464869889,43.6910799848496],[-79.4263402847275,43.6910798188297],[-79.426334082433,43.6910796798133],[-79.4263278801165,43.6910795587992],[-79.4263216901829,43.6910794557954],[-79.4263154878113,43.691079379787],[-79.4263092854067,43.6910793307823],[-79.4263030829801,43.6910792997797],[-79.4262968805315,43.6910792867794],[-79.4262906780497,43.6910793007826],[-79.4262844755349,43.6910793417894],[-79.4262782730091,43.6910793917971],[-79.4262720704391,43.6910794778096],[-79.4262658678581,43.6910795728231],[-79.426259665233,43.6910797038414],[-79.4262534625968,43.6910798438607],[-79.4262472723324,43.6910800108915],[-79.42624106963,43.6910802049178],[-79.4262348793103,43.6910804169543],[-79.4262286889576,43.6910806559945],[-79.4262224861778,43.6910809130288],[-79.4262162957808,43.6910811880734],[-79.4262101177555,43.6910814901295],[-79.4262039273032,43.6910818101799],[-79.4261977368177,43.6910821572338],[-79.426191558715,43.6910825222979],[-79.4261853805791,43.6910829143656],[-79.4261756518969,43.691065310548],[-79.4261633610573,43.6910430964107],[-79.426089690595,43.6909098476103],[-79.4260808651482,43.6908941796469],[-79.4260215008408,43.6907887810615],[-79.4258349304151,43.6904575384403],[-79.4258638565031,43.6904590874249],[-79.4260523846751,43.6904691829793],[-79.4262409253155,43.6904792782308],[-79.4262644929056,43.6904805356147],[-79.4264294536148,43.6904893731634],[-79.4264520785032,43.6904905848954],[-79.4266179943716,43.6904994767943],[-79.426649492581,43.6905076881915],[-79.4268024075534,43.6905477789778],[-79.4269870318042,43.6905961710112],[-79.4271718051557,43.6906446078474],[-79.4273565788051,43.6906930443848],[-79.4275414767572,43.6907415167071],[-79.4277300184821,43.6907516275054],[-79.4279186471155,43.6907617290461],[-79.4281071641689,43.6907718302055],[-79.4281266079979,43.6905803218306],[-79.4281624482816,43.6902246580813],[-79.4283509637051,43.6902347498371],[-79.4285394667768,43.6902448502756],[-79.4290009938267,43.6902695673922],[-79.4289277641976,43.6900841311496],[-79.429071079354,43.6900917902588],[-79.429260313947,43.6901019169665],[-79.4294482585975,43.6901119705545],[-79.4294550807615,43.6901123438182],[-79.42946125788,43.6901127166834],[-79.4294674473822,43.6901131075585],[-79.4294736244587,43.6901135164283],[-79.4294797890989,43.6901139522939],[-79.4294859661123,43.6901144151707],[-79.4294921307,43.6901148960421],[-79.4294982952666,43.6901153949158],[-79.4295044473971,43.6901159207853],[-79.4295106119112,43.6901164646648],[-79.4295167639892,43.6901170355401],[-79.4295229160356,43.690117633419],[-79.4295290556669,43.6901182402912],[-79.4295351952562,43.6901188831683],[-79.429541334814,43.6901195530489],[-79.4295474619567,43.6901202319228],[-79.4295535890679,43.6901209378002],[-79.4295597037534,43.6901216616723],[-79.4295658184075,43.6901224125479],[-79.4295719330407,43.6901231814258],[-79.4295780352378,43.6901239772995],[-79.4295841374139,43.6901247911756],[-79.4295902271538,43.6901256320475],[-79.4295963168729,43.6901264909217],[-79.4296024065711,43.6901273677982],[-79.4296084838332,43.6901282716706],[-79.4296145486592,43.6901292025388],[-79.4296206134643,43.6901301514094],[-79.4296266658438,43.6901311182746],[-79.429637741127,43.690132952356],[-79.429643768624,43.690133982214],[-79.4296498084943,43.6901350390832],[-79.4296558359391,43.6901361139471],[-79.4296618509478,43.6901372158069],[-79.429667853531,43.6901383356613],[-79.4296738560934,43.690139473518],[-79.4296798462197,43.6901406383706],[-79.4296858239205,43.6901418212178],[-79.42969180159,43.6901430310686],[-79.429697766834,43.6901442589141],[-79.4297037320466,43.6901455137631],[-79.4297096724291,43.6901467865992],[-79.4297156127908,43.6901480774374],[-79.4297215531212,43.6901493952793],[-79.4297274686213,43.6901507311082],[-79.4297333840903,43.6901520939407],[-79.4297392871337,43.6901534747678],[-79.4297451777517,43.6901548735896],[-79.4297510683279,43.6901563084162],[-79.4297569340949,43.6901577432273],[-79.4297627998202,43.6901592140433],[-79.4297686531201,43.6901607028539],[-79.4297745063887,43.6901622186681],[-79.4297803348377,43.690163743468],[-79.4297861508507,43.6901652952639],[-79.4297919668431,43.6901668650621],[-79.4297977703995,43.6901684618562],[-79.4298035615304,43.690170076645],[-79.429809340236,43.6901717094285],[-79.4298151065057,43.690173369208],[-79.4298263165543,43.6901766615641],[-79.4298320455268,43.6901783933302],[-79.4298377620634,43.6901801520923],[-79.4298434537803,43.6901819198401],[-79.4298491454661,43.6901837145916],[-79.429854824716,43.6901855363389],[-79.4298604791463,43.6901873670722],[-79.4298661335455,43.6901892248089],[-79.4298717755194,43.6901911005404],[-79.4298773926526,43.6901930032603],[-79.4298830097757,43.6901949149812],[-79.4298886020583,43.6901968536904],[-79.4298941943097,43.6901988194033],[-79.4298997741463,43.6902007941095],[-79.4299053167376,43.6902027957966],[-79.4299108593083,43.6902048154859],[-79.4299163894536,43.69020685317],[-79.4299218947585,43.6902089178425],[-79.4299274124579,43.6902109915236],[-79.429932892912,43.6902130921855],[-79.4299383733352,43.690215219851],[-79.4299438289387,43.6902173565023],[-79.429949272117,43.6902195111484],[-79.4299546904547,43.6902216927828],[-79.4299601087718,43.6902238924196],[-79.429965502259,43.6902261100435],[-79.4299708833103,43.6902283546635],[-79.4299762519468,43.6902306082768],[-79.4299815957324,43.6902328978799],[-79.4299869271031,43.6902351964765],[-79.4299922460486,43.6902375130677],[-79.4299975525688,43.6902398476537],[-79.430002834259,43.6902422002269],[-79.4300081035239,43.6902445707948],[-79.4300140546422,43.6902472928305],[-79.4300192866519,43.6902496993803],[-79.4300245062154,43.6902521419274],[-79.4300297133641,43.6902545934679],[-79.4300348956828,43.6902570629956],[-79.4300400531715,43.6902595505105],[-79.4300452106292,43.690262065029],[-79.4300503308626,43.6902645885258],[-79.4300554510651,43.6902671390263],[-79.4300605464376,43.6902697075139],[-79.4300656293954,43.690272284995],[-79.4300706875126,43.6902748894645],[-79.4300757332047,43.6902775119289],[-79.4300807540667,43.6902801523804],[-79.4300857625036,43.6902828108267],[-79.4300907461104,43.6902854872602],[-79.4300957173025,43.6902881726871],[-79.4301006636542,43.6902908851026],[-79.4301055975806,43.6902936155128],[-79.4301105066771,43.6902963639102],[-79.4301180686054,43.6903006531512],[-79.4301229280317,43.6903034465243],[-79.4301277750328,43.6903062578921],[-79.4301325972039,43.6903090872471],[-79.4301374069499,43.690311934597],[-79.4301421918762,43.6903147909327],[-79.4301469519623,43.690317674257],[-79.430151699623,43.690320575576],[-79.4301564224539,43.6903234948823],[-79.4301611328699,43.6903264231821],[-79.4301658184456,43.6903293784705],[-79.4301704792018,43.6903323427448],[-79.4301751275328,43.6903353250138],[-79.4301797510338,43.6903383252702],[-79.4301843497048,43.6903413435137],[-79.4301889359507,43.6903443797521],[-79.4301934973666,43.6903474339778],[-79.4302016532957,43.690352965755],[-79.4302061898721,43.6903560469689],[-79.4302106892241,43.6903591371611],[-79.430215176151,43.6903622453482],[-79.4302196382479,43.6903653715226],[-79.4302240755149,43.6903685156841],[-79.4302285003567,43.6903716778406],[-79.4302328879742,43.6903748489754],[-79.4302372631665,43.6903780381051],[-79.4302416135288,43.690381245222],[-79.430245951466,43.6903844703339],[-79.4302502521789,43.690387704424],[-79.4302545404666,43.6903909565091],[-79.4302588039243,43.6903942265815],[-79.4302630425521,43.6903975146411],[-79.4302672687652,43.6904008116943],[-79.4302714577435,43.6904041267273],[-79.4302756342966,43.6904074597551],[-79.4302797860302,43.6904108017688],[-79.430283900529,43.6904141617624],[-79.4302880150075,43.6904175397583],[-79.4302920922617,43.6904209267327],[-79.4302961446859,43.6904243316945],[-79.4303001722801,43.6904277546435],[-79.4303041874596,43.6904311865861],[-79.4303081654043,43.6904346365085],[-79.4303125522594,43.6904384737358],[-79.430316492949,43.6904419596403],[-79.4303203964143,43.6904454545233],[-79.4303242874648,43.6904489583999],[-79.4303281412806,43.6904524802563],[-79.4303319826712,43.6904560201076],[-79.4303357992422,43.6904595689449],[-79.4303395785785,43.690463135762],[-79.4303433455001,43.6904667115726],[-79.430347087602,43.6904702963694],[-79.4303507924588,43.6904739081472],[-79.4303544849112,43.6904775199173],[-79.4303581525232,43.6904811586761],[-79.4303617829213,43.690484797412],[-79.4303654008942,43.6904884541429],[-79.4303689940267,43.6904921378624],[-79.4303725499452,43.6904958215592],[-79.4303760934489,43.6904995142495],[-79.4303795997075,43.690503233921],[-79.4303830811672,43.690506944576],[-79.4303865377866,43.6905106822196],[-79.4303899819808,43.6905144378581],[-79.4303933889714,43.6905181844726],[-79.4303967711111,43.690521967077],[-79.4304001284313,43.6905257586675],[-79.4304034485375,43.6905295502353],[-79.4304067562185,43.6905333597979],[-79.430410026675,43.6905371783392],[-79.4304140403695,43.6905419064638],[-79.4304172487613,43.6905457609722],[-79.4304204447487,43.690549615473],[-79.4304236035013,43.6905534879536],[-79.430426749839,43.6905573694278],[-79.4304298589419,43.6905612688819],[-79.4304329432356,43.6905651683208],[-79.4304360026992,43.6905690857471],[-79.4304390249384,43.6905730121521],[-79.4304420347628,43.6905769475506],[-79.4304450073523,43.690580900929],[-79.4304479551221,43.6905848632935],[-79.4304508656675,43.6905888346366],[-79.4304537637981,43.6905928149733],[-79.4304566247041,43.6905968042886],[-79.4304594607905,43.6906008025901],[-79.4304622720469,43.690604818879],[-79.4304650584835,43.6906088441539],[-79.4304678077061,43.6906128694062],[-79.4304705445034,43.6906169126535],[-79.4304732316713,43.6906209648717],[-79.4304759064141,43.690625035085],[-79.4304785439426,43.6906291052756],[-79.4304817510228,43.6906341029461],[-79.430532813797,43.6906517315255],[-79.4307132573266,43.6907140310046],[-79.4308937012301,43.6907763301984],[-79.4310741331025,43.6908386290994],[-79.4310809406866,43.6908409825426],[-79.4312716153522,43.6909068158148],[-79.4314656632455,43.690973811958],[-79.43156702117,43.6910088067157],[-79.4316795606959,43.6909850656043],[-79.4318683216824,43.6909452305126],[-79.4320280480351,43.6909115347347],[-79.4321478333838,43.6908862582484],[-79.4322012108045,43.6910191310594],[-79.4322270274887,43.6910834066262],[-79.4322424022188,43.6911230214459],[-79.4326861194004,43.6910298681461],[-79.4329325305423,43.6915643659426],[-79.4329445962744,43.6915905487896],[-79.4330283761264,43.69177228906],[-79.4328021601206,43.691758591347],[-79.4327160452978,43.6918241241301],[-79.4326455864511,43.6918777393572],[-79.4325411829885,43.6919571682306],[-79.4325882390428,43.6920758960708],[-79.4326509807739,43.692234166819],[-79.4327122619135,43.6923787547009],[-79.4327337009906,43.6924427575221],[-79.4327346035924,43.6924454224365],[-79.4327620450011,43.6925110760205],[-79.4327855531169,43.6925775283996],[-79.4328288815604,43.6926914112396],[-79.4328861871256,43.6928420725538],[-79.4329584035283,43.6930155878647],[-79.4330751258217,43.6933051288568],[-79.4331017862828,43.6933709349142],[-79.4331284343868,43.6934367499586],[-79.433155082559,43.6935025559948],[-79.43317392437,43.6935490766916],[-79.4331817307994,43.6935683530228],[-79.4331892029865,43.6935869990677],[-79.4331920113268,43.6935939317045],[-79.4332083418517,43.693634177026],[-79.4332350398302,43.6936999740692],[-79.4332616758297,43.6937657800704],[-79.4332883491139,43.6938315770851],[-79.4333150596328,43.6938974101198],[-79.4333417578246,43.6939632251377],[-79.4333684560648,43.6940290491499],[-79.4333951543532,43.6940948821564],[-79.4334218651255,43.6941606971606],[-79.4334316786961,43.6941824319944],[-79.4334432619192,43.6942081014223],[-79.4334513058683,43.6942258926581],[-79.4334780415812,43.6942916986609],[-79.4334836965166,43.6943047448232],[-79.4335494847173,43.6943484753559],[-79.4336317356046,43.6944031429778],[-79.433693247227,43.6944440175346],[-79.4335695894097,43.6944651977862],[-79.4334690985467,43.6944811976452],[-79.433360157894,43.6944985516849],[-79.4333630268394,43.6945068255441],[-79.4334060482811,43.6946313204701],[-79.433397770894,43.6946450696202],[-79.4333946637415,43.6946502525534],[-79.4335190586526,43.6947146391928],[-79.4335982485,43.6947556230928],[-79.4336421519676,43.6947783588449],[-79.4337344597119,43.6948261552404],[-79.4338113932921,43.6948659765176],[-79.4338883145685,43.6949057977355],[-79.4339241839282,43.6949243611342],[-79.4339652483525,43.6949456189087],[-79.4340230634337,43.6949755545806],[-79.4340421822284,43.6949854490311],[-79.4341191038004,43.6950252790945],[-79.4341204056734,43.6950259459403],[-79.4341254022877,43.6950285951993],[-79.4341303988827,43.6950312624606],[-79.4341353954684,43.695033938723],[-79.4341403672331,43.6950366239722],[-79.4341453514041,43.6950393092284],[-79.4341503107443,43.6950420124725],[-79.4341552576595,43.6950447337119],[-79.4341602045752,43.6950474549511],[-79.4341677922891,43.6950516629239],[-79.4341726895337,43.6950544291404],[-79.4341775743632,43.6950572043508],[-79.4341824467775,43.6950599885551],[-79.4341873191825,43.6950627817605],[-79.4341921667666,43.6950655839527],[-79.4341945471534,43.6950669715218],[-79.4341970019256,43.6950684041402],[-79.4342018370852,43.6950712243274],[-79.4342051968866,43.6950731975439],[-79.4342066598296,43.6950740535085],[-79.434211470149,43.6950769006849],[-79.4342162680533,43.6950797568553],[-79.4342210535523,43.6950826130182],[-79.4342258266263,43.6950854871764],[-79.4342305872853,43.6950883703286],[-79.4342353479348,43.6950912624819],[-79.4342400837634,43.6950941636219],[-79.4342448195827,43.6950970737631],[-79.4342495429869,43.6950999928981],[-79.4342542539759,43.6951029210272],[-79.4342589525498,43.6951058581502],[-79.4342636387086,43.6951088042672],[-79.4342673206704,43.6951111377187],[-79.4342683124522,43.6951117593781],[-79.4342729737807,43.695114723483],[-79.4342776226941,43.6951176965818],[-79.4342822715883,43.695120687683],[-79.4342868956715,43.6951236787698],[-79.4342915197354,43.6951266878589],[-79.4342961189883,43.6951296969336],[-79.434300718222,43.6951327240107],[-79.4343053050504,43.6951357510804],[-79.4343098670481,43.6951387961383],[-79.4343144290364,43.6951418501973],[-79.4343189786195,43.695144904249],[-79.4343235157776,43.6951479762959],[-79.4343285239916,43.695151381661],[-79.4343330363195,43.6951544716959],[-79.4343373750753,43.6951574626167],[-79.4343421854174,43.6951603007862],[-79.4343498966562,43.6951650218913],[-79.4343545579929,43.6951679859929],[-79.434359169648,43.6951710040734],[-79.4343637192454,43.695174049122],[-79.4343682067358,43.6951771661451],[-79.434372644584,43.6951803011421],[-79.4343770203449,43.695183490111],[-79.4343813340284,43.6951867240505],[-79.4343855856344,43.6951900029607],[-79.434389775163,43.6951933268416],[-79.4343939026239,43.6951966866918],[-79.4343979556114,43.6952000825043],[-79.4344045864292,43.695205838134],[-79.4344078960527,43.6952083333906],[-79.4344121973142,43.6952115853244],[-79.4344164737646,43.6952148372438],[-79.4344207377901,43.6952181071586],[-79.4344250018161,43.6952213770731],[-79.4344292410114,43.6952246649758],[-79.4344334802071,43.6952279528784],[-79.4344376945721,43.6952312587691],[-79.4344419089376,43.6952345646597],[-79.4344460984822,43.6952378795372],[-79.4344502756116,43.6952412034087],[-79.4344544527415,43.69524452728],[-79.434458592635,43.6952478691325],[-79.4344627449249,43.6952512199932],[-79.434466859988,43.6952545798336],[-79.4344689299305,43.6952562552602],[-79.4344709750419,43.6952579486752],[-79.4344750776806,43.6952613265108],[-79.4344791803198,43.6952647043463],[-79.4344832581283,43.69526810017],[-79.4344873235314,43.6952714959864],[-79.4344913765096,43.6952749097981],[-79.4344954170825,43.6952783236026],[-79.4344994328345,43.695281746394],[-79.4345034485771,43.6952851781865],[-79.4345074519046,43.6952886189731],[-79.4345114304112,43.6952920687466],[-79.4345154089085,43.6952955275212],[-79.4345193625848,43.6952989952828],[-79.4345233038558,43.6953024630371],[-79.4345272451077,43.6953059487939],[-79.4345302444109,43.6953086148936],[-79.4345311615484,43.6953094345363],[-79.434535065574,43.6953129292728],[-79.4345389571845,43.6953164330032],[-79.4345428363798,43.6953199457278],[-79.4345467031698,43.6953234584451],[-79.4345505575349,43.6953269891577],[-79.4345543870888,43.695330519856],[-79.4345582166236,43.6953340685568],[-79.4345594311683,43.6953351944134],[-79.434562033753,43.6953376172503],[-79.4345658260615,43.6953411749308],[-79.4345696059549,43.6953447416053],[-79.4345733734332,43.6953483172739],[-79.4345771409118,43.6953518929423],[-79.4345808835598,43.695355486599],[-79.4345846013966,43.6953590802414],[-79.4345883687983,43.6953627279197],[-79.4345920246363,43.6953662945225],[-79.4345957052276,43.695369915147],[-79.4345993858097,43.6953735447728],[-79.4346030415805,43.6953771743842],[-79.4346066849264,43.6953808219909],[-79.434610315867,43.6953844695905],[-79.4346139343924,43.6953881261841],[-79.4346175405124,43.6953917827705],[-79.4346211342075,43.6953954573522],[-79.4346247030914,43.6953991319197],[-79.4346282719562,43.6954028244896],[-79.4346333525903,43.6954081201535],[-79.4346369587029,43.6954117857405],[-79.4346405399945,43.6954154603146],[-79.4346434768881,43.6954184864272],[-79.4346476653422,43.6954228274436],[-79.4346512094079,43.6954265109973],[-79.4346547410389,43.6954302215477],[-79.4346582602743,43.6954339230896],[-79.4346617546888,43.6954376336184],[-79.4346652490939,43.6954413531484],[-79.434668718678,43.6954450816655],[-79.4346721882528,43.6954488191837],[-79.4346756330065,43.6954525656889],[-79.434679065355,43.6954563121869],[-79.4346824728823,43.6954600676719],[-79.4346858804004,43.6954638321581],[-79.4346892755033,43.6954676056384],[-79.434692645795,43.6954713791044],[-79.4346960036714,43.6954751615645],[-79.4346993367269,43.6954789530116],[-79.434702669773,43.6954827534599],[-79.4347059904138,43.695486553901],[-79.4347092862237,43.6954903723304],[-79.4347125696283,43.6954941907526],[-79.4347158406274,43.6954980091677],[-79.4347190992016,43.6955018455781],[-79.4347223329645,43.6955056819742],[-79.4347255667181,43.6955095273716],[-79.4347287756604,43.6955133727547],[-79.4347319721875,43.6955172271319],[-79.4347351562994,43.6955210905032],[-79.4347383155903,43.6955249628615],[-79.4347414748719,43.6955288442211],[-79.4347446093421,43.6955327255663],[-79.4347477313972,43.6955366159057],[-79.4347508410469,43.695540506238],[-79.4347539258852,43.6955443965559],[-79.4347570107045,43.6955483048764],[-79.4347600707027,43.6955522221839],[-79.4347631182954,43.6955561394842],[-79.4347647287914,43.6955582287025],[-79.4347661286613,43.6955600657645],[-79.4347691638294,43.6955640010601],[-79.4347721741863,43.6955679363415],[-79.4347751597221,43.69557188061],[-79.4347781328427,43.6955758338726],[-79.4347810935579,43.695579787128],[-79.434784029452,43.6955837493705],[-79.4347869529308,43.6955877206071],[-79.4347898764101,43.6955916918436],[-79.4347927626624,43.6955956720601],[-79.4347956489054,43.6955996612778],[-79.434798510337,43.6956036504813],[-79.4348013593534,43.6956076486789],[-79.4348041959643,43.6956116468693],[-79.4348094231615,43.6956191029183],[-79.4348102654532,43.6956203095714],[-79.434811095339,43.6956215162175],[-79.4348119252249,43.6956227228636],[-79.4348127675166,43.6956239295167],[-79.4348135974026,43.6956251361628],[-79.4348141547887,43.6956259465967],[-79.4348149846746,43.6956271532427],[-79.4348158021548,43.6956283598817],[-79.434816359541,43.6956291703156],[-79.4348171894271,43.6956303769616],[-79.4348178458846,43.6956313494753],[-79.4347481086715,43.6956463238383],[-79.4346802699805,43.695660876183],[-79.4346659254473,43.6956639554274],[-79.4345863355891,43.6956810483641],[-79.4345831558228,43.6956731884188],[-79.4345248315629,43.6955288553529],[-79.4344771939619,43.695493894051],[-79.4343705022881,43.6954156026346],[-79.4342935242063,43.6953814705272],[-79.4342853684387,43.6953748228869],[-79.434281228556,43.6953714720269],[-79.4342770762581,43.6953681301611],[-79.4342728991294,43.6953648062833],[-79.4342687095954,43.6953614823982],[-79.4342645076363,43.6953581765085],[-79.434260293272,43.6953548706114],[-79.4342560540768,43.6953515827025],[-79.4342518148722,43.6953483037947],[-79.4342475508467,43.6953450338738],[-79.434243274406,43.6953417729468],[-79.4342389855501,43.6953385210139],[-79.4342346842791,43.6953352780749],[-79.434230358187,43.6953320441227],[-79.4342260320758,43.695328828173],[-79.4342216811534,43.6953256122088],[-79.4342173177962,43.6953224232412],[-79.4342129420337,43.6953192342663],[-79.4342085538559,43.6953160542853],[-79.434204153263,43.6953128832983],[-79.4341997278492,43.6953097212982],[-79.4341952900104,43.6953065772933],[-79.4341908521719,43.6953034332882],[-79.4341863895027,43.6953003072712],[-79.4341819268241,43.6952971902554],[-79.4341774269188,43.6952940822192],[-79.434172927004,43.6952909831841],[-79.4341684146741,43.695287893143],[-79.4341638899192,43.6952848210971],[-79.434159352759,43.6952817490439],[-79.4341547907679,43.6952786949788],[-79.4341502287675,43.6952756499148],[-79.4341456419461,43.6952726138376],[-79.4341410551054,43.6952695957628],[-79.4341364434536,43.6952665776735],[-79.4341318193769,43.6952635775795],[-79.4341271828751,43.6952605954806],[-79.4341225463737,43.6952576133816],[-79.4341178850416,43.6952546492707],[-79.4341132113041,43.6952516851524],[-79.4341085251416,43.6952487390293],[-79.4341038141581,43.6952458018931]]],[[[-79.4227121750761,43.6907148960868],[-79.4227062970415,43.6907134429035],[-79.422707368219,43.6907293669225],[-79.4226998408588,43.6907275075652],[-79.4226939503838,43.6907260813767],[-79.4226880723023,43.6907246641976],[-79.4226821817931,43.6907232650124],[-79.4226762664513,43.6907218838126],[-79.4226703758964,43.6907205206319],[-79.4226644605206,43.6907191664355],[-79.4226585327169,43.6907178302329],[-79.4226526048905,43.6907165120326],[-79.4226466646478,43.6907152028248],[-79.4226407243708,43.6907139206207],[-79.4226347716775,43.6907126474091],[-79.4226288189614,43.6907113921997],[-79.4226228538291,43.690710145983],[-79.4226216508719,43.6907099021337],[-79.4226168886739,43.6907089177685],[-79.422610911091,43.6907077075479],[-79.4226049334851,43.6907065153296],[-79.4225989558564,43.6907053411135],[-79.4225929534066,43.6907041758816],[-79.4225869633387,43.6907030286604],[-79.4225809608431,43.690701899433],[-79.4225749459313,43.6907007791982],[-79.4225689309965,43.6906996769657],[-79.4225629160388,43.6906985927354],[-79.4225568886533,43.690697526499],[-79.4225508612449,43.6906964782648],[-79.4225448214202,43.6906954390232],[-79.4225387815726,43.6906944177839],[-79.422532741702,43.6906934145468],[-79.4225266894036,43.6906924293036],[-79.422520624689,43.6906914530529],[-79.4225145723447,43.6906905038142],[-79.4225085075841,43.6906895635681],[-79.4225024304073,43.6906886323145],[-79.4224963531958,43.6906877280645],[-79.422490275973,43.6906868328154],[-79.4224841987272,43.6906859555686],[-79.4224781090535,43.6906850963156],[-79.4224720193569,43.6906842550649],[-79.4224659172439,43.6906834228067],[-79.4224598275012,43.6906826175605],[-79.4224537129374,43.6906818212984],[-79.4224476107669,43.6906810340457],[-79.4224415085619,43.6906802737966],[-79.4224353815357,43.6906795225316],[-79.4224292668797,43.6906787982785],[-79.4224231398074,43.6906780830179],[-79.4224170127236,43.6906773767584],[-79.4224108856052,43.6906766975023],[-79.4224047460705,43.6906760272389],[-79.4223986189059,43.6906753839873],[-79.4223924793251,43.6906747497283],[-79.4223863273279,43.6906741244619],[-79.4223801877008,43.6906735262074],[-79.4223740356575,43.6906729369454],[-79.422367883591,43.6906723656857],[-79.4223617315015,43.6906718124283],[-79.4223555669839,43.6906712771646],[-79.4223494024433,43.6906707599032],[-79.422343250296,43.6906702516512],[-79.4223370733159,43.6906697613846],[-79.4223309087175,43.6906692891287],[-79.422324744096,43.6906688348749],[-79.4223185670464,43.6906683986151],[-79.4223123899854,43.6906679713561],[-79.422306212878,43.6906675801021],[-79.4223000357939,43.690667170845],[-79.4222938586634,43.6906667975929],[-79.4222876691049,43.6906664423345],[-79.4222814919397,43.6906660960855],[-79.4222753147396,43.69066577684],[-79.4222691251232,43.6906654665871],[-79.4222629354836,43.6906651743364],[-79.4222567458324,43.6906648910866],[-79.4222522059078,43.6906646989716],[-79.4222505561465,43.6906646348404],[-79.4222443664489,43.6906643875952],[-79.4222381643233,43.6906641583438],[-79.4222319745793,43.690663947103],[-79.4222257724073,43.690663753856],[-79.4222195826168,43.6906635786197],[-79.42221338041,43.690663412376],[-79.4222071781799,43.6906632641344],[-79.4222009759265,43.6906631338952],[-79.4221947860548,43.6906630216666],[-79.4221885837549,43.6906629274318],[-79.4221823814319,43.6906628511992],[-79.4221761790972,43.6906627839676],[-79.4221699767392,43.6906627347382],[-79.4221637743579,43.6906627035111],[-79.4221575719534,43.6906626902863],[-79.4221513695373,43.6906626860623],[-79.4221451670862,43.6906627088419],[-79.4221389646234,43.6906627406225],[-79.4221327621374,43.6906627904053],[-79.4221217464716,43.6906629179203],[-79.4221155439273,43.6906630127086],[-79.4221093413597,43.6906631254992],[-79.4221031511735,43.6906632563004],[-79.4220969485709,43.6906633960942],[-79.4220907583381,43.6906635628999],[-79.4220845680937,43.6906637387066],[-79.4220783654211,43.6906639325071],[-79.4220721751416,43.690664135317],[-79.4220659724222,43.6906643651219],[-79.422059782096,43.6906646039363],[-79.4220535917348,43.6906648697542],[-79.4220474013619,43.6906651445731],[-79.4220412109655,43.6906654373942],[-79.4220350205575,43.6906657392163],[-79.4220288301144,43.6906660680418],[-79.4220226520644,43.6906664058769],[-79.4220164739911,43.6906667617141],[-79.4220102834895,43.6906671355451],[-79.4220041053693,43.6906675273869],[-79.4219979272257,43.6906679372309],[-79.4219917614752,43.6906683560843],[-79.4219855832965,43.6906687929315],[-79.4219794174874,43.6906692567906],[-79.4219732392852,43.6906697116397],[-79.4219670734293,43.6906702115034],[-79.4219609199781,43.6906707113752],[-79.4219547540987,43.6906712292408],[-79.4219486006123,43.6906717561158],[-79.421942434686,43.6906723099859],[-79.4219381986821,43.6906577699982],[-79.4219302710259,43.6906585116917],[-79.4219241174705,43.6906590925732],[-79.4219179762849,43.6906597004666],[-79.4219118350641,43.6906603353636],[-79.4219056938431,43.6906609702603],[-79.4218995525986,43.6906616231592],[-79.4218934485452,43.6906622940857],[-79.4218872948489,43.6906629829807],[-79.4218811659388,43.6906636898948],[-79.4218750494217,43.6906644058184],[-79.4218659552421,43.6906655067621],[-79.4218598510827,43.6906662586985],[-79.4218537344833,43.6906670376299],[-79.4218476302769,43.6906678255708],[-79.4218415260469,43.690668631514],[-79.4218354341982,43.6906694554678],[-79.4218293299211,43.6906702974154],[-79.4218232628467,43.6906711483895],[-79.4218171585342,43.6906720173404],[-79.4218110790078,43.6906729043105],[-79.4218050118627,43.6906738092913],[-79.4217989323009,43.6906747232646],[-79.4217928775251,43.6906756552572],[-79.421786810321,43.6906766052435],[-79.4217807554981,43.6906775732405],[-79.4217747006633,43.6906785502385],[-79.421768658198,43.6906795542486],[-79.421762603316,43.6906805672511],[-79.4217565732318,43.6906815892716],[-79.4217505431123,43.6906826382957],[-79.4217445129808,43.6906836963207],[-79.4217384828257,43.690684772348],[-79.4217324898732,43.6906858574017],[-79.4217264596709,43.6906869694335],[-79.4217204542663,43.6906880904832],[-79.4217144488381,43.6906892295352],[-79.4217084558028,43.6906903775967],[-79.4217024627321,43.6906915526617],[-79.4216964820543,43.6906927367362],[-79.4216905013529,43.690693938813],[-79.4216845330443,43.6906951498992],[-79.4216785647121,43.6906963789877],[-79.421672608761,43.690697626087],[-79.4216666527863,43.6906988911886],[-79.4215962824446,43.6905256579832],[-79.4215765228784,43.6904770554247],[-79.421520323263,43.6903388379341],[-79.4214763405977,43.6902306661369],[-79.4214594993922,43.6901892305935],[-79.4214202651362,43.6900927187154],[-79.4211887941475,43.6895233892481],[-79.4213098353327,43.6894972068463],[-79.4214435326741,43.6894682876185],[-79.4215772298872,43.689439368234],[-79.4217114481046,43.6894103410343],[-79.4218458895452,43.6893812598216],[-79.4219892087838,43.6894412073592],[-79.421933963544,43.6895809598176],[-79.4220650594946,43.6896258307353],[-79.4221964886227,43.6896722049459],[-79.4223311936259,43.6897179241361],[-79.4224658864407,43.6897636341578],[-79.422635607505,43.6898211234288],[-79.4228130537067,43.6898715156395],[-79.4229911078164,43.6899220790085],[-79.423031346085,43.6898755693966],[-79.4231952489232,43.6899437834656],[-79.4233591397284,43.6900119972906],[-79.4235230433101,43.6900802108884],[-79.4236870093442,43.6901483792857],[-79.4238834219272,43.6902300349989],[-79.4240801450036,43.690311816598],[-79.4242206050646,43.6903702652139],[-79.4242740288304,43.6903731540294],[-79.4245301950532,43.6903870054173],[-79.424786522668,43.690400847336],[-79.4250426147106,43.6904146885254],[-79.425298744075,43.6904285381667],[-79.4255571682991,43.6904425057456],[-79.4257995702699,43.6908753287078],[-79.4258366042173,43.6909414492645],[-79.4258797280571,43.6910184563251],[-79.4258974034087,43.6910500263311],[-79.4259327665612,43.6911131753436],[-79.4257836859029,43.6911317833423],[-79.4256569747173,43.6911475972928],[-79.4255353998998,43.6911627753568],[-79.4254634897301,43.6911717387871],[-79.42527207656,43.691195602268],[-79.4250982189732,43.6912172806168],[-79.4250067554229,43.691228679298],[-79.4250006388404,43.6912294313939],[-79.4249945222803,43.6912301654869],[-79.4249884057311,43.6912308905783],[-79.4249822767882,43.6912316066599],[-79.4249761478675,43.6912323047386],[-79.4249700189691,43.6912329848144],[-79.4249638900706,43.6912336648898],[-79.4249577488007,43.6912343179529],[-79.4249516075418,43.6912349620144],[-79.424945466294,43.6912355970743],[-79.4249393250574,43.6912362231326],[-79.4249331838543,43.6912368221866],[-79.4249270302461,43.6912374212322],[-79.4249208766603,43.6912380022749],[-79.4249147355017,43.6912385653228],[-79.4249085695444,43.6912391193528],[-79.4249024160031,43.6912396643893],[-79.4248962624842,43.691240191423],[-79.4248900965715,43.6912407094468],[-79.4248839306811,43.6912412094678],[-79.4248777648018,43.6912417004871],[-79.4248715989449,43.6912421735035],[-79.4248627409773,43.6912428337772],[-79.4248565627489,43.6912432797808],[-79.4248503969479,43.6912437077896],[-79.4248442187531,43.6912441267887],[-79.4248380405695,43.6912445367861],[-79.4248318624082,43.6912449287806],[-79.4248256842694,43.6912453027722],[-79.4248194937368,43.691245667754],[-79.4248133156315,43.6912460147411],[-79.4248071251212,43.6912463617196],[-79.4248009470495,43.6912466817021],[-79.4247947565841,43.6912469926749],[-79.4247885661299,43.691247294646],[-79.4247823756981,43.6912475786142],[-79.4247761852775,43.6912478535808],[-79.4247699948793,43.6912481105444],[-79.4247638044923,43.6912483585065],[-79.4247576017228,43.6912485884574],[-79.4247514113695,43.6912488094149],[-79.4247452086224,43.6912490213626],[-79.4247390307078,43.6912492153238],[-79.4247305578203,43.6912494527799],[-79.4247243675343,43.6912496197282],[-79.4247181648659,43.6912497686654],[-79.42471196222,43.6912498995997],[-79.4247057595853,43.6912500215324],[-79.4246995693668,43.6912501344716],[-79.4246933667658,43.6912502293997],[-79.4246871641761,43.6912503153263],[-79.4246809616089,43.6912503832499],[-79.424674759053,43.6912504421718],[-79.4246685565195,43.6912504830909],[-79.4246586573098,43.6912505215732],[-79.4246524548101,43.6912505354875],[-79.424646252333,43.6912505313989],[-79.4246400498785,43.6912505093074],[-79.4246338474352,43.6912504782143],[-79.4246276450032,43.6912504381195],[-79.4246214425937,43.6912503800218],[-79.4246152401956,43.6912503129225],[-79.42460903782,43.6912502278203],[-79.4246028478606,43.6912501337247],[-79.4245966455189,43.6912500216179],[-79.4245904431884,43.6912499005095],[-79.4245842408806,43.6912497613982],[-79.4245780385841,43.6912496132853],[-79.4245718487151,43.6912494471777],[-79.4245656464525,43.6912492720602],[-79.4245594442012,43.6912490879411],[-79.4245532543887,43.691248876826],[-79.4245470645763,43.6912486657106],[-79.4245408623815,43.6912484365841],[-79.4245346726031,43.6912481984641],[-79.4245284828472,43.6912479423412],[-79.4245222807091,43.6912476682072],[-79.4245160909759,43.6912473940811],[-79.4245099012767,43.6912470929508],[-79.4245037239825,43.6912467918283],[-79.4244975343172,43.6912464636934],[-79.4244913446521,43.6912461355582],[-79.4244851674145,43.6912457894283],[-79.4244789777946,43.6912454252873],[-79.4244666482202,43.6912446610318],[-79.4244604586345,43.6912442698859],[-79.4244542938926,43.6912438517522],[-79.4244481167572,43.6912434246087],[-79.4244419396332,43.6912429884636],[-79.4244357749368,43.6912425343237],[-79.4244295978469,43.691242071174],[-79.4244234331846,43.6912415900296],[-79.4244172685337,43.6912410998836],[-79.4244111039055,43.6912405917347],[-79.4244049392888,43.6912400745841],[-79.4243987870997,43.6912395394389],[-79.4243926225171,43.6912389952838],[-79.4243864703508,43.6912384421353],[-79.4243803182073,43.6912378709839],[-79.4243741660866,43.6912372818296],[-79.4243680263709,43.6912366926832],[-79.4243618742843,43.6912360765243],[-79.424353067889,43.6912351795684],[-79.4243469158366,43.691234536405],[-79.4243407762007,43.691233884248],[-79.4243346489925,43.6912332140964],[-79.4243285093907,43.691232534935],[-79.4243223822167,43.6912318377788],[-79.4243162674591,43.6912311316293],[-79.4243101527243,43.6912304074768],[-79.4243040131911,43.6912296743064],[-79.4242979108842,43.6912289321589],[-79.4242886830397,43.6912277828826],[-79.4242825807785,43.6912270047292],[-79.42427647854,43.6912262085729],[-79.4242703763131,43.6912254034149],[-79.4242642740976,43.6912245892553],[-79.424258171905,43.6912237570928],[-79.4242520821401,43.6912229069357],[-79.4242459923755,43.6912220567782],[-79.4242399026449,43.6912211796165],[-79.4242338253195,43.6912203024628],[-79.424227748017,43.6912194073061],[-79.4242216707373,43.6912184941465],[-79.4242156058741,43.6912175719936],[-79.4242095410223,43.691216640839],[-79.4242034761935,43.6912156916815],[-79.4241974113761,43.6912147335224],[-79.4241913589866,43.6912137573687],[-79.4241853066086,43.6912127722133],[-79.4241792542535,43.691211769055],[-79.4241732143149,43.6912107569034],[-79.4241671743879,43.6912097357501],[-79.4241611344837,43.691208696594],[-79.424155106996,43.6912076484445],[-79.4241490795312,43.691206582292],[-79.424143064483,43.6912055071462],[-79.4241370370526,43.6912044139893],[-79.4241310220389,43.691203311839],[-79.4241250194416,43.6912022006953],[-79.4241190168672,43.6912010715488],[-79.4241130143044,43.6911999334006],[-79.4241070117645,43.6911987772495],[-79.4241010216412,43.6911976121051],[-79.4240950439344,43.6911964379673],[-79.4240890538455,43.6911952458184],[-79.4240830885896,43.6911940356831],[-79.4240771109288,43.6911928255392],[-79.4240711457074,43.6911915883994],[-79.4240651804862,43.6911903512592],[-79.4240592276929,43.6911890961244],[-79.4240532749112,43.691187831988],[-79.4240473345575,43.691186549857],[-79.4240413942153,43.6911852587244],[-79.4240354538961,43.6911839495889],[-79.4240275665697,43.6911821890942],[-79.4240216386902,43.6911808529624],[-79.4240157232272,43.6911795078371],[-79.4240098077872,43.6911781447091],[-79.4240039047638,43.6911767725876],[-79.423998001752,43.6911753914646],[-79.4239921111681,43.6911739923469],[-79.4239851044926,43.6911723134466],[-79.4239792263484,43.6911708873326],[-79.4239733482159,43.6911694522171],[-79.4239674701063,43.6911679990987],[-79.4239616044134,43.6911665369869],[-79.4239557511485,43.6911650568805],[-79.4239498978952,43.6911635677726],[-79.4239440446536,43.691162069663],[-79.4239382038285,43.6911605625601],[-79.4239323754315,43.6911590374626],[-79.4239265346525,43.6911574943539],[-79.4239207186951,43.6911559422602],[-79.4239149027494,43.6911543811649],[-79.4239090868154,43.691152811068],[-79.4239032833094,43.6911512229765],[-79.4238974922314,43.6911496168904],[-79.4238917011537,43.691148010804],[-79.423885910099,43.6911463867147],[-79.4238801314724,43.6911447446308],[-79.4238743652624,43.6911430935536],[-79.4238685990641,43.6911414334748],[-79.4238628452825,43.6911397644026],[-79.4238570915239,43.6911380773277],[-79.423851350182,43.6911363812594],[-79.4238456088632,43.6911346671882],[-79.4238398799611,43.6911329441237],[-79.4238341634755,43.6911312120659],[-79.4238284470131,43.6911294620053],[-79.4238227305624,43.6911277029431],[-79.4238170265284,43.6911259348875],[-79.4238113349225,43.6911241488374],[-79.4238056433282,43.6911223537857],[-79.4237999641507,43.6911205497407],[-79.4237942974012,43.6911187277011],[-79.4237886306634,43.6911168966599],[-79.4237829763537,43.6911150476242],[-79.4237773220443,43.6911131985881],[-79.423771680163,43.6911113315575],[-79.4237660383049,43.691109446524],[-79.4237604088635,43.6911075524973],[-79.4237547918387,43.6911056494772],[-79.4237491872307,43.6911037374638],[-79.4237435826457,43.6911018074476],[-79.4237379780726,43.6910998684299],[-79.4237323859161,43.6910979204188],[-79.4237262854206,43.6910957650385],[-79.423720718109,43.6910937900395],[-79.4237151508091,43.691091806039],[-79.4237095959374,43.691089804044],[-79.4237040410774,43.6910877930473],[-79.4236985110505,43.6910857640644],[-79.423692968619,43.6910837350729],[-79.423687451032,43.6910816790939],[-79.4236819334453,43.6910796231146],[-79.4236764282868,43.6910775491407],[-79.423670935545,43.6910754661736],[-79.423665442815,43.6910733742049],[-79.4236599625017,43.6910712732429],[-79.4236544822116,43.6910691542781],[-79.4236490267431,43.6910670263283],[-79.4236384754243,43.6910628696824],[-79.4233424828873,43.690944898601],[-79.423307060076,43.6909307788095],[-79.4229756585882,43.690798686982],[-79.4229677978236,43.6907956212439],[-79.4229623299879,43.6907935022542],[-79.4229568497247,43.6907914012585],[-79.4229513446405,43.690789309247],[-79.4229458395338,43.6907872352379],[-79.4229403344044,43.6907851792311],[-79.4229348044541,43.6907831322086],[-79.4229292620762,43.69078110318],[-79.4229237196757,43.6907790921538],[-79.4229181648592,43.6907770901202],[-79.42291261002,43.6907751060889],[-79.4229070303599,43.6907731310419],[-79.4229014382723,43.6907711739888],[-79.4228958461735,43.6907692259368],[-79.4228902416356,43.6907673048799],[-79.4228846370981,43.6907653838228],[-79.4228790201214,43.690763489761],[-79.4228733783239,43.6907616046833],[-79.4228677365037,43.690759737608],[-79.4228620946723,43.6907578795337],[-79.4228564280084,43.690756039445],[-79.4228507613219,43.6907542173586],[-79.4228450822192,43.6907524042648],[-79.422839390689,43.6907506091649],[-79.4228336991476,43.690748823066],[-79.4228279951786,43.690747054961],[-79.422822278782,43.69074530485],[-79.4228165623627,43.6907435727412],[-79.422810808706,43.6907418586096],[-79.4228050922642,43.6907401445029],[-79.4227993385851,43.6907384483733],[-79.4227935848832,43.690736770246],[-79.4227878187537,43.6907351101127],[-79.4227820526015,43.6907334679816],[-79.4227762740332,43.6907318348431],[-79.4227704830256,43.6907302286998],[-79.4227646796251,43.6907286135465],[-79.4227588761902,43.6907270253968],[-79.422753072721,43.6907254642507],[-79.4227472444424,43.6907239030876],[-79.422741416141,43.6907223599267],[-79.4227355878053,43.6907208437694],[-79.4227297470649,43.6907193276034],[-79.422723893897,43.6907178294313],[-79.4227180406946,43.6907163582628],[-79.4227121750761,43.6907148960868]]]]},"properties":{"_id":1793,"AREA_ID":95656,"AREA_ATTR_ID":170,"PARENT_AREA_ID":null,"AREA_CLASS_ID":802,"AREA_CLASS":"Park","AREA_SHORT_CODE":"170","AREA_LONG_CODE":"170","AREA_NAME":"CEDARVALE PARK","AREA_DESC":"None","OBJECTID":4329242}},{"type":"Feature","geometry":{"type":"MultiPolygon","coordinates":[[[[-79.4308461736539,43.700884794178],[-79.4312777184156,43.7007924672625],[-79.4313311289784,43.7009240350832],[-79.4308995957821,43.7010163442026],[-79.4308461736539,43.700884794178]]],[[[-79.4315169083862,43.7007408354451],[-79.4318795388643,43.7006632540521],[-79.4319222607869,43.7007685314878],[-79.4315596421564,43.7008460950194],[-79.4315169083862,43.7007408354451]]]]},"properties":{"_id":1799,"AREA_ID":41081,"AREA_ATTR_ID":1572,"PARENT_AREA_ID":null,"AREA_CLASS_ID":802,"AREA_CLASS":"Park","AREA_SHORT_CODE":"1572","AREA_LONG_CODE":"1572","AREA_NAME":"WEMBLEY PARKETTE","AREA_DESC":"None","OBJECTID":4329250}},{"type":"Feature","geometry":{"type":"MultiPolygon","coordinates":[[[[-79.4479544259755,43.6904880313931],[-79.4479906548129,43.6904801627458],[-79.4480175784884,43.6905459024684],[-79.44804448981,43.6906116511796],[-79.4480714011982,43.6906773908824],[-79.4480983250577,43.6907431215825],[-79.4481497837657,43.6908688300489],[-79.4488090983325,43.6924791710001],[-79.4487728436567,43.6924869588808],[-79.447247967445,43.6928145425409],[-79.447137239714,43.6925440835067],[-79.4471186148278,43.69249288453],[-79.4471179465359,43.6924910749606],[-79.4471000263976,43.6924425856962],[-79.4470983928033,43.6924381563032],[-79.4470793162986,43.692392753944],[-79.4470763824177,43.6923857585797],[-79.4470587301115,43.6923431202735],[-79.4470524911547,43.6923280492163],[-79.4470380325414,43.6922932255097],[-79.4470285378958,43.6922703578212],[-79.4470173598239,43.6922433217519],[-79.4470046715665,43.692212612453],[-79.4469977169587,43.6921932024364],[-79.4469856763664,43.6921595680145],[-79.4469791660325,43.6921427955822],[-79.4469651923137,43.6921068289257],[-79.4469599326408,43.6920926314428],[-79.4469455892274,43.6920539012144],[-79.4469407861171,43.69204246734],[-79.4469235915281,43.6920014944625],[-79.4469203988917,43.6919925546937],[-79.4469046336971,43.6919484320234],[-79.4468962899,43.691928886335],[-79.446882313476,43.6918960971231],[-79.4468680839426,43.691854945588],[-79.4468639264595,43.6918429089233],[-79.446843442621,43.6917901698099],[-79.4468259738206,43.6917367840015],[-79.4468024626387,43.691684700566],[-79.4467971773238,43.6916715292104],[-79.4467813709336,43.6916321051778],[-79.4467753064828,43.6916162510721],[-79.4467611850154,43.6915793031773],[-79.4467440189396,43.6915344327215],[-79.4467409867276,43.6915265011669],[-79.446718406252,43.6914742201173],[-79.4467157102805,43.6914648215074],[-79.4467029848686,43.691420394178],[-79.4466926748518,43.691394033575],[-79.4466823276529,43.6913676459496],[-79.4466616084963,43.6913148436803],[-79.4466408770029,43.6912620053958],[-79.4466306040796,43.6912358428323],[-79.4466199097322,43.6912093020165],[-79.4465986696133,43.6911565715014],[-79.4465774543096,43.6911038769987],[-79.4465657697887,43.6910748873617],[-79.446556226646,43.6910511734845],[-79.4465418933306,43.6910156116596],[-79.4465349990196,43.6909984699658],[-79.4465175961048,43.6909552646007],[-79.4465153804993,43.6909497817741],[-79.4465001808182,43.6909120502254],[-79.4464917269562,43.6908910372411],[-79.4464888677179,43.6908839608831],[-79.4464651647191,43.6908250903026],[-79.4464623425976,43.6908181309782],[-79.446459025443,43.6908098662336],[-79.4465778498007,43.690784088105],[-79.4468793954694,43.6907186631852],[-79.447120428145,43.6906690877804],[-79.4475555483675,43.6905746215945],[-79.4479187802634,43.6904957742764],[-79.4479544259755,43.6904880313931]]],[[[-79.4478932220493,43.6928649216979],[-79.4488434436178,43.6926599053645],[-79.4490574648094,43.6931953889042],[-79.4481072355118,43.6934004069937],[-79.4478932220493,43.6928649216979]]]]},"properties":{"_id":1841,"AREA_ID":41195,"AREA_ATTR_ID":354,"PARENT_AREA_ID":null,"AREA_CLASS_ID":802,"AREA_CLASS":"Park","AREA_SHORT_CODE":"354","AREA_LONG_CODE":"354","AREA_NAME":"FAIRBANK MEMORIAL PARK","AREA_DESC":"None","OBJECTID":4329301}},{"type":"Feature","geometry":{"type":"MultiPolygon","coordinates":[[[[-79.4376734488286,43.7049058560539],[-79.4377814232478,43.7048800092079],[-79.4379272085468,43.7051624494536],[-79.4379285335371,43.7051650155364],[-79.4380754388244,43.7054335582201],[-79.4380806032014,43.7054429943529],[-79.4381727322472,43.7056115660716],[-79.4381470539143,43.7056177270533],[-79.4379675909116,43.7056607639055],[-79.437899651391,43.7054863543391],[-79.4377865557641,43.7051961097635],[-79.4376734488286,43.7049058560539]]],[[[-79.436993074451,43.7032057990668],[-79.4370218667378,43.7031990639757],[-79.4371419206442,43.7034844165411],[-79.4371551659188,43.7035138399975],[-79.4371845284017,43.7035790523864],[-79.4372138785406,43.7036442647602],[-79.4372432411413,43.7037094861339],[-79.4372726038149,43.703774698498],[-79.437301941737,43.7038399108403],[-79.4373313045377,43.7039051231879],[-79.4373606673927,43.7039703445286],[-79.4373935335574,43.7040433538838],[-79.4374451292553,43.704157977378],[-79.4375037688554,43.7042882399141],[-79.4375624087092,43.7044185024174],[-79.4376937520049,43.7047102694164],[-79.4376055234189,43.7047314462974],[-79.4374898305326,43.7044358892195],[-79.4374381904837,43.7043039472722],[-79.4373865382535,43.7041720052918],[-79.4373405786392,43.7040545674616],[-79.437310863599,43.7039820008822],[-79.4372839332577,43.7039162227844],[-79.4372570153827,43.7038504446863],[-79.4372300851778,43.7037846485719],[-79.4372031426054,43.7037188704461],[-79.4371762124994,43.70365309232],[-79.4371492824521,43.7035873141869],[-79.4371223524637,43.7035215360467],[-79.436993074451,43.7032057990668]]]]},"properties":{"_id":1848,"AREA_ID":41015,"AREA_ATTR_ID":1433,"PARENT_AREA_ID":null,"AREA_CLASS_ID":802,"AREA_CLASS":"Park","AREA_SHORT_CODE":"1433","AREA_LONG_CODE":"1433","AREA_NAME":"NEWGATE PARKETTE","AREA_DESC":"None","OBJECTID":4329308}},{"type":"Feature","geometry":{"type":"MultiPolygon","coordinates":[[[[-79.4365943209221,43.6932604993959],[-79.4364904401254,43.6932822608618],[-79.4364895108621,43.6932811801903],[-79.4364888541751,43.6932804237168],[-79.4364878753664,43.6932792710074],[-79.4364868841332,43.6932781362937],[-79.4364862150505,43.693277370812],[-79.436485211412,43.6932762360914],[-79.4364845423293,43.6932754706097],[-79.436483538691,43.6932743358891],[-79.4364825226378,43.6932732101628],[-79.4364815065846,43.6932720844366],[-79.4364804905315,43.6932709587103],[-79.4364798090435,43.6932701932217],[-79.4364787805851,43.6932690674885],[-79.4364780866727,43.6932683199956],[-79.4364770582144,43.6932671942624],[-79.4364763642926,43.6932664557707],[-79.4364753234194,43.6932653390319],[-79.4364742701409,43.6932642222862],[-79.4364732044476,43.6932631145349],[-79.4364725229408,43.6932623670488],[-79.4364714696529,43.6932612593043],[-79.4364707509205,43.6932605207988],[-79.4364696852273,43.6932594130475],[-79.4364686195341,43.6932583052961],[-79.4364675414261,43.6932572065391],[-79.4364668226938,43.6932564680336],[-79.4364657445859,43.6932553692766],[-79.4364646664685,43.6932542795209],[-79.4364639353309,43.6932535410084],[-79.4364628448082,43.6932524512458],[-79.4364621136611,43.6932517217346],[-79.4364610107331,43.6932506319651],[-79.4364599077956,43.6932495511968],[-79.4364591766486,43.6932488216856],[-79.4364580613059,43.6932477409104],[-79.4364569459631,43.6932466601353],[-79.4364558306204,43.69324557936],[-79.4364547028629,43.6932445075792],[-79.4364539468958,43.6932437870555],[-79.4361531712228,43.6929583774627],[-79.4357862585311,43.6926101819083],[-79.4361230106595,43.6925406645627],[-79.4360971692919,43.6924834468931],[-79.4366258247515,43.692370711954],[-79.4366524638729,43.6924365171824],[-79.436679103062,43.6925023134025],[-79.4367057423093,43.6925681096158],[-79.4368184246668,43.6928463749522],[-79.4369556696842,43.6931847823538],[-79.4369663479491,43.6932110990232],[-79.4368928051744,43.6932265046647],[-79.4368191010545,43.6932419461749],[-79.4368083856135,43.6932156474739],[-79.436733639198,43.6932313133851],[-79.4366639676763,43.6932459019042],[-79.4365943209221,43.6932604993959]]]]},"properties":{"_id":1922,"AREA_ID":41189,"AREA_ATTR_ID":608,"PARENT_AREA_ID":null,"AREA_CLASS_ID":802,"AREA_CLASS":"Park","AREA_SHORT_CODE":"608","AREA_LONG_CODE":"608","AREA_NAME":"LAUGHLIN PARK","AREA_DESC":"None","OBJECTID":4329390}},{"type":"Feature","geometry":{"type":"MultiPolygon","coordinates":[[[[-79.4878001539666,43.6996201465637],[-79.4874697487645,43.699692355123],[-79.487292346361,43.6993935469315],[-79.4868174732646,43.6989241121876],[-79.4869453560101,43.6988279031314],[-79.486838261354,43.6983810850623],[-79.4868123431453,43.698273192667],[-79.486798708624,43.6982160689345],[-79.4867964403326,43.6982065903187],[-79.4867564664018,43.6980398188719],[-79.4867610901797,43.6977187435284],[-79.4867619849107,43.6976556356122],[-79.4866004462507,43.6974167046372],[-79.4864703232924,43.6972242597941],[-79.4864532208424,43.6971989641513],[-79.48643393339,43.6971804462159],[-79.4862336298584,43.6969881727706],[-79.4859698455208,43.696849241827],[-79.4856718738477,43.6967513608659],[-79.485348970801,43.6966885179481],[-79.4850066813632,43.6966609116195],[-79.4849605685539,43.696410354701],[-79.4849203285626,43.6961917170983],[-79.4849041611592,43.6960529510933],[-79.4847891149438,43.6960758801279],[-79.4844516058361,43.6961431553579],[-79.484451432392,43.6961422282015],[-79.4844512465327,43.6961413370486],[-79.4844510606734,43.6961404458957],[-79.4844508624081,43.6961395547412],[-79.484450552603,43.6961382225082],[-79.484450230392,43.6961368902736],[-79.4844498957727,43.6961355670386],[-79.4844493256679,43.6961333616453],[-79.4844490529645,43.6961324794819],[-79.484448805073,43.6961315973218],[-79.4844485323697,43.6961307151584],[-79.4844482720722,43.6961298329967],[-79.4844478506089,43.6961285187512],[-79.4844474167396,43.6961272045039],[-79.484446982868,43.696125899258],[-79.4844466729444,43.6961250260908],[-79.4844463630209,43.6961241529236],[-79.4844460406914,43.6961232797547],[-79.4844455571936,43.6961219835033],[-79.4844452224581,43.6961211103327],[-79.4844447017425,43.6961198140762],[-79.484444168621,43.6961185178181],[-79.4844436354971,43.6961172305612],[-79.4844432387295,43.6961163663834],[-79.4847858840069,43.6960481197224],[-79.4849009301682,43.6960251996922],[-79.4848667015992,43.6957314200846],[-79.484756100123,43.6957921550917],[-79.4847387583572,43.6956387618011],[-79.4848746103362,43.6956080944612],[-79.4838933723833,43.6948986587304],[-79.4838093084833,43.6947705944884],[-79.4837591852889,43.6946942384261],[-79.4837832101695,43.6946664278471],[-79.4838514873677,43.6945873971738],[-79.483883106516,43.6945517565222],[-79.4840567877944,43.6943559847832],[-79.4840610441875,43.6943511876883],[-79.4844121233143,43.6942054511795],[-79.484421006658,43.6942017708622],[-79.4845379990607,43.6940746614985],[-79.4846258423878,43.6939789175995],[-79.4846288689179,43.6939805562418],[-79.4848075585131,43.6940773530242],[-79.4848268712698,43.6940879861155],[-79.4848459358589,43.6940988712067],[-79.4848647274738,43.6941099902923],[-79.4848832461123,43.6941213523735],[-79.4849014917791,43.6941329394479],[-79.4849194520664,43.6941447605154],[-79.4849371269765,43.6941568065747],[-79.4849545165093,43.694169077626],[-79.4849715958561,43.6941815646648],[-79.4849883774246,43.6941942586917],[-79.4850048488048,43.6942071777077],[-79.4850210100033,43.694220294709],[-79.4850368610202,43.6942336096959],[-79.4850523770419,43.6942471316664],[-79.4850675704785,43.6942608426199],[-79.4850824289221,43.6942747515559],[-79.4850969647826,43.6942888404738],[-79.4851111408431,43.6943031093688],[-79.4851249819148,43.6943175582442],[-79.4851444286421,43.6943388218244],[-79.4853460760258,43.6945658874315],[-79.4853707443651,43.6945926064242],[-79.4853839282932,43.6946061190491],[-79.4853974472193,43.6946194696921],[-79.4854112763323,43.6946326583497],[-79.4854254156409,43.6946456490168],[-79.4854398651365,43.6946584776983],[-79.4854546248278,43.6946711083891],[-79.4854696947128,43.6946835500902],[-79.4854850499823,43.6946957937972],[-79.4855007030399,43.6947078485127],[-79.4855166414798,43.6947197142351],[-79.485532852903,43.6947313639589],[-79.4855493621186,43.6947428066882],[-79.4855661443152,43.6947540424199],[-79.485583162278,43.6947650621479],[-79.4856004656296,43.6947758658783],[-79.4856180419664,43.6947864446081],[-79.4856358540713,43.6947967983325],[-79.4856539143478,43.6948069360543],[-79.4856721979909,43.6948168307664],[-79.4856907298075,43.6948265004744],[-79.4857095098019,43.6948359271754],[-79.4857284883489,43.6948451198646],[-79.4857477026656,43.6948540785465],[-79.4857671155411,43.6948627762124],[-79.4857867393745,43.6948712398677],[-79.4858065617644,43.6948794515081],[-79.4858265827125,43.6948874021322],[-79.4858467898089,43.694895109741],[-79.4858671830596,43.6949025473305],[-79.4858877500545,43.6949097329016],[-79.4859084907956,43.6949166574531],[-79.485929380471,43.6949233209816],[-79.4859504438944,43.694929714489],[-79.4859716438481,43.6949358379705],[-79.4859929927355,43.6949417004289],[-79.4860144905607,43.6949472838615],[-79.4860361001041,43.694952597265],[-79.4862653170939,43.6952947100831],[-79.4866676531639,43.695894333633],[-79.4869443815706,43.6963429988191],[-79.4872873211001,43.6970473702635],[-79.4875008906754,43.6976565109104],[-79.4876407348086,43.6982581720785],[-79.4877223735876,43.6987220261065],[-79.4878775006712,43.6996032863874],[-79.4878001539666,43.6996201465637]]]]},"properties":{"_id":1924,"AREA_ID":41101,"AREA_ATTR_ID":1055,"PARENT_AREA_ID":null,"AREA_CLASS_ID":802,"AREA_CLASS":"Park","AREA_SHORT_CODE":"1055","AREA_LONG_CODE":"1055","AREA_NAME":"TRETHEWEY PARK EAST","AREA_DESC":"None","OBJECTID":4329392}},{"type":"Feature","geometry":{"type":"MultiPolygon","coordinates":[[[[-79.481890808633,43.7031288544388],[-79.4824592007853,43.7030145188283],[-79.4824044729662,43.7028832177733],[-79.4823935249543,43.7028569413561],[-79.4825746963224,43.7028171114575],[-79.482755606881,43.7027773352398],[-79.4829365047905,43.7027375677349],[-79.4831173900537,43.7026977999416],[-79.4832078201871,43.7026779204362],[-79.4832982998925,43.7026580318653],[-79.48347918468,43.7026182544975],[-79.4835171076258,43.7025955857511],[-79.4835550305454,43.7025729079908],[-79.4837358032028,43.7025332742207],[-79.48391655081,43.7024936311595],[-79.4840973105839,43.7024539968153],[-79.4843009504291,43.702409342616],[-79.4845214896087,43.7023609818161],[-79.4847420904724,43.7023126115972],[-79.4849702101798,43.7022625857057],[-79.485130817031,43.7021314400673],[-79.4852881222159,43.7020029761568],[-79.4854152713705,43.7018991446861],[-79.4855412039464,43.7017963120603],[-79.4856191685249,43.7018560993959],[-79.4853683701349,43.7020611167209],[-79.4852429578894,43.7021636341739],[-79.4850342136839,43.7023342622885],[-79.4846139182372,43.7024792260947],[-79.4846412967632,43.7025448310971],[-79.4842870062081,43.7026409526063],[-79.4843218986441,43.7027243902489],[-79.4841441660445,43.7027623241247],[-79.484138222595,43.7027635924804],[-79.4835857164499,43.7028815122348],[-79.4833825835362,43.7029248690459],[-79.482198342453,43.7033680756968],[-79.4818733224103,43.7034309705507],[-79.4818730007977,43.7034277120372],[-79.4818726915954,43.7034244445245],[-79.4818724072053,43.7034211860169],[-79.4818721228153,43.7034179275094],[-79.4818718632429,43.7034146600045],[-79.4818716160781,43.7034113925016],[-79.4818713937255,43.7034081340039],[-79.4818711837831,43.7034048665069],[-79.4818709862482,43.7034015990119],[-79.4818708011208,43.7033983315188],[-79.4818706408084,43.7033950640296],[-79.4818704929034,43.7033917965424],[-79.4818703698134,43.7033885290592],[-79.4818702467234,43.7033852615759],[-79.4818701608558,43.7033819940986],[-79.4818700749882,43.7033787266212],[-79.4818700139356,43.7033754591478],[-79.4818699652904,43.7033721916764],[-79.4818699290527,43.7033689242069],[-79.4818699176299,43.7033656567413],[-79.4818699186146,43.7033623892777],[-79.4818699320068,43.7033591218161],[-79.481869982624,43.7033558453591],[-79.4818700084236,43.7033525778995],[-79.481870083853,43.7033493104477],[-79.4818701592824,43.7033460429959],[-79.4818702595268,43.703342775548],[-79.4818703721785,43.7033395081021],[-79.4818705096452,43.7033362406602],[-79.4818706595194,43.7033329732202],[-79.4818708218009,43.7033297057822],[-79.4818709964899,43.7033264383461],[-79.4818711959938,43.703323170914],[-79.4818714079024,43.7033199124851],[-79.4818716446286,43.7033166450589],[-79.4818718813547,43.7033133776327],[-79.4818721428931,43.7033101192116],[-79.481872429249,43.7033068517933],[-79.4818727156022,43.7033035933762],[-79.4818730267702,43.703300334963],[-79.4818733627531,43.7032970765538],[-79.4818736987387,43.7032938091433],[-79.4818740595364,43.703290550738],[-79.4818744327388,43.7032873013359],[-79.4818748307588,43.7032840429365],[-79.4818752411861,43.7032807845391],[-79.4818756640182,43.7032775351449],[-79.4818760992604,43.7032742767514],[-79.4818765593147,43.7032710273631],[-79.4818770317764,43.7032677779768],[-79.4818775290529,43.7032645285944],[-79.4818780263456,43.7032612252043],[-79.4818785236356,43.7032579308155],[-79.4818790085208,43.7032546274235],[-79.4818794809958,43.7032513330307],[-79.481879941066,43.7032480296347],[-79.4818804011362,43.7032447262387],[-79.4818808487988,43.7032414228408],[-79.481881284054,43.7032381194409],[-79.4818817193091,43.7032348160409],[-79.4818821421568,43.703231512639],[-79.481882552597,43.7032282092351],[-79.4818829506297,43.7032249058293],[-79.4818833610698,43.7032216024254],[-79.4818837466977,43.7032182900163],[-79.4818841075079,43.7032149866046],[-79.4818844931357,43.7032116741955],[-79.4818848415385,43.7032083707817],[-79.4818851899439,43.7032050583667],[-79.4818855383466,43.703201754953],[-79.4818858619371,43.703198442534],[-79.4818861855276,43.7031951301151],[-79.4818865091153,43.7031918266974],[-79.4818868202983,43.7031885142765],[-79.4818871066664,43.7031852018517],[-79.4818874054418,43.7031818894287],[-79.4818876794024,43.7031785770019],[-79.481887953363,43.7031752645751],[-79.4818882149161,43.7031719521463],[-79.4818884640618,43.7031686397155],[-79.4818887132074,43.7031653272848],[-79.4818889499456,43.703162014852],[-79.4818891742791,43.703158693416],[-79.4818893986098,43.7031553809813],[-79.4818895981256,43.7031520685427],[-79.4818897976415,43.703148756104],[-79.48188999716,43.7031454346641],[-79.481890171861,43.7031421222215],[-79.4818903465619,43.703138809779],[-79.4818905088581,43.7031354883331],[-79.4818906711516,43.7031321758886],[-79.481890808633,43.7031288544388]]]]},"properties":{"_id":1956,"AREA_ID":41059,"AREA_ATTR_ID":1477,"PARENT_AREA_ID":null,"AREA_CLASS_ID":802,"AREA_CLASS":"Park","AREA_SHORT_CODE":"1477","AREA_LONG_CODE":"1477","AREA_NAME":"REDBANK GREENBELT","AREA_DESC":"None","OBJECTID":4329427}},{"type":"Feature","geometry":{"type":"MultiPolygon","coordinates":[[[[-79.4519595231241,43.7024609671328],[-79.452046559169,43.7028513711259],[-79.4516718180603,43.702930739594],[-79.4515202305661,43.7025540259105],[-79.4519595231241,43.7024609671328]]]]},"properties":{"_id":1983,"AREA_ID":42223,"AREA_ATTR_ID":49802,"PARENT_AREA_ID":null,"AREA_CLASS_ID":802,"AREA_CLASS":"Park","AREA_SHORT_CODE":"49802","AREA_LONG_CODE":"49802","AREA_NAME":"DUFFERIN HILL PARK","AREA_DESC":"None","OBJECTID":4329458}},{"type":"Feature","geometry":{"type":"MultiPolygon","coordinates":[[[[-79.4868353912015,43.6827475137382],[-79.4867991054035,43.6826635723359],[-79.4862861023468,43.6826938283544],[-79.4862821973853,43.6826848445782],[-79.4862896520853,43.6826831892315],[-79.4862394956992,43.6825652390355],[-79.4861614474852,43.6823817468989],[-79.4860510707372,43.6821193812753],[-79.4861233472198,43.6821032597225],[-79.4856244934421,43.68091646509],[-79.485732899938,43.6808923551527],[-79.4858412815435,43.6808682361081],[-79.4859496878658,43.680844125965],[-79.4860580941012,43.6808200157189],[-79.4861664878512,43.6807958873659],[-79.4862748691116,43.6807717589084],[-79.4863832750886,43.6807476393523],[-79.486491668574,43.6807235286931],[-79.4865919253392,43.680701226241],[-79.4866000743774,43.6806994089312],[-79.486708480094,43.6806752890664],[-79.4868168609182,43.6806511690958],[-79.4869252664592,43.6806270580264],[-79.4870336595126,43.6806029378515],[-79.4871420648799,43.6805788265763],[-79.4872504453587,43.6805546971929],[-79.4873588505544,43.6805305767106],[-79.4874672556613,43.6805064651267],[-79.4875756482805,43.6804823444372],[-79.4876840532156,43.6804582236462],[-79.4877273035345,43.6804486058934],[-79.4877924332566,43.6804341117509],[-79.4878999449799,43.6804101976898],[-79.4879792763733,43.6803925454819],[-79.4880868747726,43.68036860425],[-79.4880879780966,43.6803712237473],[-79.4882129395264,43.6806675959518],[-79.4878540360926,43.6807492272963],[-79.487865156122,43.6807754403016],[-79.4878874086091,43.6808278843124],[-79.4879152273777,43.6808934168163],[-79.4879207936175,43.6809065323177],[-79.4879485009917,43.6809712726853],[-79.487959608695,43.680997512683],[-79.4879817869328,43.681049938663],[-79.4879984485376,43.6810892851517],[-79.4880150977648,43.6811286136338],[-79.4880428299875,43.6811941640967],[-79.4880483838799,43.68120727959],[-79.4880816700802,43.6812859545366],[-79.4881105553936,43.68135416949],[-79.488114981175,43.6813646204738],[-79.4881394035725,43.6814223394248],[-79.488148267551,43.6814432863977],[-79.4881682518167,43.6814905093515],[-79.4881815664152,43.6815219613133],[-79.4881971001263,43.6815586792701],[-79.4882037078517,43.6815742792259],[-79.4882148653681,43.6816006272169],[-79.4882259609041,43.6816268491819],[-79.4882314528861,43.6816398386405],[-79.4882481520033,43.6816793021097],[-79.4882559127,43.6816976385795],[-79.4882591979809,43.6817053980477],[-79.4882814511302,43.6817579679917],[-79.4882858769692,43.6817684279696],[-79.4882869803259,43.6817710564656],[-79.4883147503424,43.6818366428643],[-79.4883424460308,43.6819020762256],[-79.4883480496416,43.6819153177261],[-79.4883701789642,43.6819676356016],[-79.4883813366264,43.6819939835745],[-79.4883980235908,43.6820331679774],[-79.4884148345574,43.6820726134283],[-79.4884259426982,43.682098691352],[-79.4884483325724,43.6821512612738],[-79.4884516179115,43.6821589757293],[-79.4880000630449,43.682260923073],[-79.4879743386225,43.6822006655941],[-79.487946308328,43.6821351601013],[-79.4879440644184,43.6821299211016],[-79.4877024429314,43.6821758470562],[-79.4877304233671,43.682241352603],[-79.4872801814546,43.6823430092005],[-79.4873080498745,43.6824085418402],[-79.4873359307601,43.6824740654724],[-79.4873638241076,43.6825395980998],[-79.4873917051146,43.6826051217169],[-79.4873972713966,43.6826182462413],[-79.487393674303,43.6826190559625],[-79.4873914796102,43.682615851254],[-79.4873899544652,43.6826137177752],[-79.487388379702,43.6826116112949],[-79.4873867553186,43.6826095408143],[-79.4873850813225,43.6826074703281],[-79.4873833577082,43.6826054268405],[-79.4873815844737,43.6826034193525],[-79.4873797616247,43.6826014208604],[-79.4873778891593,43.6825994403654],[-79.487375979477,43.6825974958714],[-79.4873740077732,43.6825955783746],[-79.4873719988581,43.6825936698749],[-79.4873699527242,43.6825918063776],[-79.4873678445707,43.682589960876],[-79.4873657116072,43.6825881333742],[-79.4873635166204,43.6825863418709],[-79.4873612844166,43.6825845863685],[-79.4873590149996,43.6825828488647],[-79.4873567083676,43.6825811383606],[-79.4873543521154,43.6825794638562],[-79.48735195865,43.6825778073503],[-79.4873495279639,43.6825762048481],[-79.4873470476614,43.682574620343],[-79.4873445425489,43.6825730538376],[-79.4873420002156,43.682571541336],[-79.4873394082642,43.6825700558327],[-79.4873367915026,43.6825685883292],[-79.4873341499235,43.6825671748309],[-79.4873314587262,43.6825657883308],[-79.4873287427169,43.6825644288319],[-79.4873259894907,43.6825631053341],[-79.4873231990456,43.6825618268386],[-79.4873203961917,43.6825605753455],[-79.4873175437177,43.6825593598522],[-79.487314678833,43.6825581803626],[-79.4873117767313,43.6825570368741],[-79.4873088498139,43.6825559383893],[-79.4873058980846,43.6825548669056],[-79.4873029215396,43.6825538404257],[-79.4872999201807,43.6825528499481],[-79.4872968940079,43.6825518954729],[-79.4872938430213,43.6825509770002],[-79.487290767219,43.6825501035311],[-79.487287679006,43.6825492660659],[-79.4872845783823,43.6825484646044],[-79.4872814405396,43.6825477081452],[-79.4872783026894,43.6825469876912],[-79.4872751400235,43.6825463122409],[-79.4872719525437,43.682545672793],[-79.4872687650544,43.6825450783515],[-79.4872655527512,43.6825445199125],[-79.4872623280373,43.6825439974772],[-79.4872591033139,43.6825435200483],[-79.4872558537747,43.6825430876232],[-79.4872526042279,43.6825426912032],[-79.4872493422723,43.6825423217857],[-79.4872460678964,43.6825420333784],[-79.4872427935167,43.6825417629738],[-79.4872395067262,43.6825415285728],[-79.4872362199243,43.6825413481797],[-79.4872329331148,43.6825412037916],[-79.4872296338945,43.6825410954074],[-79.4872263346647,43.6825410320296],[-79.4872230354253,43.6825410136582],[-79.4872197361764,43.6825410402934],[-79.487216436916,43.6825411209362],[-79.4872131500568,43.6825412105817],[-79.487209850783,43.6825413542336],[-79.4872065639028,43.6825415428933],[-79.487203277013,43.6825417765594],[-79.4872000025187,43.6825420462321],[-79.4871967280147,43.6825423609113],[-79.4871934659063,43.682542711597],[-79.4871902161914,43.6825431072905],[-79.4871869788701,43.6825435479919],[-79.487183741541,43.6825440246984],[-79.4871805166055,43.6825445464128],[-79.4871773164686,43.6825451041351],[-79.4871741163221,43.6825457068639],[-79.4871709409742,43.6825463456006],[-79.4871677780198,43.6825470293452],[-79.4871646398639,43.6825477490977],[-79.4871615017003,43.6825485048554],[-79.4871584007366,43.6825493056237],[-79.4871553121663,43.6825501513999],[-79.4871522359934,43.6825510241813],[-79.4871491970203,43.6825519419733],[-79.4871461704426,43.6825528957719],[-79.4871431686615,43.6825538945798],[-79.487140191679,43.6825549293956],[-79.4871372394969,43.6825559912181],[-79.4871343121115,43.6825570980499],[-79.4871314219277,43.6825582408909],[-79.4871285441394,43.6825594197386],[-79.4871257035508,43.6825606435969],[-79.4871228877627,43.6825618944619],[-79.4871201091763,43.6825631813363],[-79.4871173677916,43.68256450422],[-79.4871146512074,43.6825658541104],[-79.4871119594197,43.68256724901],[-79.4871093048357,43.6825686709177],[-79.4871066998565,43.6825701288362],[-79.4871041072727,43.6825716227613],[-79.4871015642957,43.6825731436958],[-79.4870990585203,43.6825747006398],[-79.4870965899486,43.6825762845918],[-79.4870941585785,43.6825779045532],[-79.4870917644121,43.6825795515226],[-79.4870894198505,43.6825812345029],[-79.4870871124925,43.6825829444913],[-79.4870848423382,43.6825846814877],[-79.4870826093874,43.6825864454922],[-79.4870804260435,43.6825882365062],[-79.4870782799012,43.6825900635297],[-79.4870761833677,43.6825919085613],[-79.487074136441,43.6825937806024],[-79.4870721267178,43.6825956796516],[-79.4870701666015,43.6825976057104],[-79.487068256092,43.6825995587786],[-79.487066382788,43.6826015298536],[-79.487064571494,43.6826035279396],[-79.4870627974056,43.6826055440323],[-79.487061072924,43.6826075871346],[-79.4870593980511,43.6826096482451],[-79.4870577727851,43.6826117363651],[-79.487056209531,43.6826138424947],[-79.4870546834825,43.6826159666311],[-79.4870532070427,43.6826181087758],[-79.4870517926149,43.68262026893],[-79.4870504277959,43.6826224470925],[-79.4870491125857,43.6826246432632],[-79.4870478469842,43.6826268574422],[-79.4870466433966,43.6826290806295],[-79.4870454894178,43.6826313218249],[-79.4870443850479,43.6826335810287],[-79.4870433426919,43.6826358492407],[-79.4870423499446,43.682638135461],[-79.4870414192113,43.6826404306896],[-79.4870405380887,43.6826427349252],[-79.4870397189782,43.6826450571704],[-79.4870389494785,43.6826473884225],[-79.4870382295914,43.6826497196802],[-79.4870375841196,43.682652068949],[-79.4870369758553,43.6826544272233],[-79.4870364420102,43.6826567855061],[-79.4870359453727,43.6826591527944],[-79.4870355231524,43.6826615290924],[-79.4870351505448,43.682663905396],[-79.4870348399512,43.682666290708],[-79.4870345789704,43.6826686760257],[-79.4870343800056,43.6826710613503],[-79.4870342306515,43.6826734556819],[-79.4870341557167,43.6826758500219],[-79.4870341179914,43.6826782443662],[-79.4870341546854,43.6826806387189],[-79.4870342409921,43.6826830330772],[-79.4870343893168,43.6826854184412],[-79.4870345872524,43.6826878128122],[-79.4870348472059,43.6826901981889],[-79.4870351691773,43.6826925745713],[-79.4870355407597,43.6826949599606],[-79.487035974362,43.6826973273544],[-79.4870364575771,43.6826996947538],[-79.4868704945483,43.6827371752702],[-79.4868692169548,43.6827374631653],[-79.4868674556086,43.6827378770232],[-79.4868662648376,43.6827381649284],[-79.4868645034874,43.6827385967889],[-79.4868627545385,43.6827390376521],[-79.4868615885719,43.6827393345613],[-79.4868598396189,43.6827397934271],[-79.4868580906621,43.6827402702955],[-79.4868569370947,43.6827405852087],[-79.4868551881358,43.6827410710783],[-79.4868540469676,43.6827414039956],[-79.486852310408,43.6827419078692],[-79.4868505986528,43.682742420747],[-79.4868494574806,43.6827427716668],[-79.4868477581247,43.6827433025486],[-79.4868466169505,43.6827436624697],[-79.4868449051873,43.6827442113526],[-79.4868437888156,43.6827445892792],[-79.4868421018569,43.6827451471663],[-79.4868409606768,43.6827455340912],[-79.4868392861152,43.6827461189836],[-79.4868376115517,43.6827467128773],[-79.4868353912015,43.6827475137382]]]]},"properties":{"_id":1994,"AREA_ID":41310,"AREA_ATTR_ID":1108,"PARENT_AREA_ID":null,"AREA_CLASS_ID":802,"AREA_CLASS":"Park","AREA_SHORT_CODE":"1108","AREA_LONG_CODE":"1108","AREA_NAME":"WESTLAKE PARK","AREA_DESC":"None","OBJECTID":4329471}},{"type":"Feature","geometry":{"type":"MultiPolygon","coordinates":[[[[-79.4911543317674,43.6845676071054],[-79.4912269075093,43.6845514823559],[-79.4913175310017,43.6845313443495],[-79.4913663781402,43.6848644684208],[-79.4914727759526,43.6849568928234],[-79.4914748967172,43.6849587472508],[-79.4916864425122,43.6850396485729],[-79.4915466486365,43.6850705938134],[-79.4912857038181,43.6851283626056],[-79.4911905504897,43.6849049698873],[-79.4910562161236,43.6845895806631],[-79.4911543317674,43.6845676071054]]]]},"properties":{"_id":2020,"AREA_ID":41290,"AREA_ATTR_ID":1324,"PARENT_AREA_ID":null,"AREA_CLASS_ID":802,"AREA_CLASS":"Park","AREA_SHORT_CODE":"1324","AREA_LONG_CODE":"1324","AREA_NAME":"GLADHURST PARK","AREA_DESC":"None","OBJECTID":4329505}},{"type":"Feature","geometry":{"type":"MultiPolygon","coordinates":[[[[-79.4336318079109,43.6912890553846],[-79.4336271807797,43.6912891247083],[-79.4336537912748,43.691354984639],[-79.4336601748112,43.6913708036214],[-79.4338424045164,43.6918218381526],[-79.4338440620273,43.6918261777364],[-79.433845607873,43.691830535258],[-79.4338470544585,43.6918349107248],[-79.4338483769736,43.6918393041224],[-79.4338496002286,43.6918437154651],[-79.4338507242232,43.6918481447529],[-79.4338517241475,43.6918525919715],[-79.4338526124262,43.6918570391255],[-79.4338534014445,43.6918615042246],[-79.4338540664022,43.6918659782532],[-79.4338546321095,43.6918704612257],[-79.4338550737561,43.6918749531277],[-79.433855416162,43.6918794449722],[-79.4338556345073,43.6918839457463],[-79.4338557531667,43.691888851521],[-79.4335384785934,43.6919579144555],[-79.4335022098962,43.6919656614801],[-79.4334916381017,43.6919680496742],[-79.4334857565005,43.6919694774579],[-79.4334799120347,43.6919709772732],[-79.4334741047043,43.6919725491203],[-79.4334683221142,43.6919741839905],[-79.4334625890646,43.6919758908996],[-79.4334568807552,43.6919776608318],[-79.4334512219863,43.6919795028031],[-79.4334456127578,43.6919814168132],[-79.4334400406746,43.6919833938538],[-79.4334313907304,43.691986629283],[-79.433425930113,43.6919887684111],[-79.4334205314412,43.6919909795853],[-79.4334151699145,43.6919932537901],[-79.4334098703433,43.6919955910397],[-79.4334046327275,43.6919979913342],[-79.4333792101318,43.6919460300453],[-79.4333236988881,43.6918325993595],[-79.4333017035376,43.6917888492325],[-79.4329933689521,43.6911260925017],[-79.4329419000409,43.6910154903909],[-79.4332501354418,43.690950141358],[-79.4334308552334,43.6909118202091],[-79.4334782612075,43.6910290626945],[-79.433518661053,43.6910205259648],[-79.4335216141173,43.6910198975914],[-79.4335416431184,43.6910693083545],[-79.4335748114968,43.6911501592774],[-79.433606866537,43.6912282731488],[-79.4336318079109,43.6912890553846]]]]},"properties":{"_id":2068,"AREA_ID":41206,"AREA_ATTR_ID":45,"PARENT_AREA_ID":null,"AREA_CLASS_ID":802,"AREA_CLASS":"Park","AREA_SHORT_CODE":"45","AREA_LONG_CODE":"45","AREA_NAME":"ARLINGTON PARKETTE","AREA_DESC":"None","OBJECTID":4329562}},{"type":"Feature","geometry":{"type":"MultiPolygon","coordinates":[[[[-79.4791573083866,43.6986464526389],[-79.4791561050351,43.6986462273874],[-79.4791549016837,43.6986460021359],[-79.4791531028582,43.6986456687602],[-79.4791518995068,43.6986454435087],[-79.4791506961553,43.6986452182571],[-79.4791488973299,43.6986448848814],[-79.4791470985014,43.698644560507],[-79.479145870337,43.6986443352508],[-79.479144083915,43.6986440108786],[-79.4791422726801,43.6986436865019],[-79.4791404738516,43.6986433621274],[-79.4791386626167,43.6986430377506],[-79.4791368513787,43.698642722375],[-79.4791350525503,43.6986423980004],[-79.4791338367862,43.698642190749],[-79.4791320379548,43.6986418753756],[-79.4791308221908,43.6986416681241],[-79.4791290109528,43.6986413527484],[-79.4791271997118,43.698641046374],[-79.4791253884707,43.6986407399996],[-79.4791235772297,43.6986404336251],[-79.4791217659888,43.6986401272506],[-79.4791199547447,43.6986398298774],[-79.4791187389807,43.6986396226257],[-79.4791169277367,43.6986393252524],[-79.4791157119696,43.6986391270021],[-79.4791139007256,43.6986388296287],[-79.4791126849586,43.6986386313783],[-79.4791108737115,43.6986383430062],[-79.4791090748865,43.6986380096299],[-79.4791072884836,43.6986376312494],[-79.4791060975578,43.6986373519919],[-79.4791043483962,43.6986369106092],[-79.4791026116601,43.6986364152211],[-79.4791008997493,43.6986358838322],[-79.4790992126642,43.6986353164428],[-79.4790975628141,43.6986347040537],[-79.479095925383,43.6986340556618],[-79.479094325184,43.6986333712715],[-79.4790932708016,43.6986328850093],[-79.4790917326569,43.6986321376212],[-79.4790907155065,43.6986316153607],[-79.4790892270097,43.6986308049727],[-79.479087775745,43.6986299585864],[-79.4790863617122,43.6986290762018],[-79.4790849973149,43.6986281668224],[-79.479084104267,43.698627536569],[-79.4790828019209,43.6986265731932],[-79.4790815492133,43.6986255738214],[-79.4790803461411,43.6986245474547],[-79.4790791802977,43.698623494091],[-79.4790780640897,43.6986224137325],[-79.4790773447703,43.6986216754954],[-79.4790763154203,43.6986205591477],[-79.4790756581428,43.6986197939181],[-79.4790747156539,43.6986186325798],[-79.4790741080117,43.6986178403555],[-79.4790732523807,43.698616643028],[-79.4790724587885,43.6986154277092],[-79.4790719504107,43.6986145994979],[-79.4790712436733,43.6986133571912],[-79.4790707973342,43.6986125109887],[-79.4790701898581,43.6986112416962],[-79.4790698179642,43.6986103775048],[-79.4790694584769,43.6986095133156],[-79.4790689874846,43.698608208043],[-79.4790685661214,43.6986068937783],[-79.4790683182987,43.6986060116069],[-79.479068008597,43.6986046883613],[-79.4790678228098,43.6986037972001],[-79.4790676742451,43.6986028970444],[-79.479067501021,43.6986015558212],[-79.4790674144888,43.6986006556768],[-79.4790673527695,43.698599755537],[-79.479066695528,43.6985275651101],[-79.4790654691967,43.6984864200108],[-79.4790639886777,43.6984626923517],[-79.4790619250444,43.6984390005909],[-79.4790593031167,43.6984153267301],[-79.4790561104824,43.6983916887699],[-79.4790523223293,43.6983680867054],[-79.479048000681,43.6983445475519],[-79.4790430959122,43.6983210713002],[-79.4790376452462,43.6982976489559],[-79.4790316114547,43.6982743075158],[-79.4790250317578,43.6982510469867],[-79.4790178937496,43.6982278673662],[-79.4790101850213,43.6982047776532],[-79.4790019427862,43.6981817958571],[-79.4789931298259,43.6981589219707],[-79.4789837833569,43.6981361650023],[-79.4788545290734,43.6978314386315],[-79.479035241213,43.697791065144],[-79.479215940704,43.6977506913682],[-79.4793966399494,43.6977103263077],[-79.4794689245448,43.6976941730033],[-79.4795772768936,43.6976700419618],[-79.4797578763621,43.6976298023298],[-79.4799384631798,43.6975895714113],[-79.4801190497591,43.6975493312059],[-79.4802996485003,43.6975090997183],[-79.480351696526,43.697497506018],[-79.4803599259717,43.69752295407],[-79.4804482318467,43.6977959782294],[-79.4807302093897,43.6978133805926],[-79.4807305936079,43.6978145598259],[-79.4807310274082,43.6978158740868],[-79.4807314736177,43.6978171793485],[-79.480731783496,43.6978180525255],[-79.4807320933744,43.6978189257026],[-79.4807325768029,43.6978202309705],[-79.4807330726406,43.6978215272393],[-79.4807335932909,43.6978228235123],[-79.4807341139413,43.6978241197853],[-79.4807344734479,43.6978249839694],[-79.4807350313202,43.6978262712473],[-79.4807355891925,43.6978275585253],[-79.480735985921,43.6978284137144],[-79.4807365686088,43.6978296919952],[-79.4807369777436,43.6978305471863],[-79.4807375852471,43.6978318164701],[-79.4807380067883,43.6978326716633],[-79.4807386515136,43.697833931952],[-79.480739085464,43.6978347781461],[-79.4807395194144,43.6978356243401],[-79.4807401889553,43.6978368756317],[-79.4807406477213,43.6978377128286],[-79.4807411064873,43.6978385500255],[-79.4807415776596,43.6978393872246],[-79.4807422968287,43.6978406295232],[-79.4804572917554,43.6978240187855],[-79.4805505809129,43.6981123998969],[-79.4805802562192,43.698191616257],[-79.4806109108747,43.6982734251447],[-79.4807095666204,43.6985057650124],[-79.4803243799584,43.6985916796351],[-79.4797894097358,43.6987110603547],[-79.479787635473,43.6987114560975],[-79.4797864443611,43.6987117169241],[-79.4797846576947,43.6987121036634],[-79.4797828834378,43.6987124814036],[-79.4797810967744,43.6987128591415],[-79.4797792977076,43.698713227876],[-79.4797775110471,43.6987135966126],[-79.4797757243867,43.6987139653492],[-79.4797745208773,43.6987141991696],[-79.4797727342198,43.6987145589049],[-79.4797715307104,43.6987147927253],[-79.4797703272009,43.6987150265457],[-79.479768528143,43.6987153682762],[-79.479766729085,43.6987157100065],[-79.4797655255785,43.6987159348256],[-79.4797637265236,43.6987162675547],[-79.4797619274716,43.6987165912824],[-79.4797607115616,43.698716807098],[-79.4797589125096,43.6987171308257],[-79.4797571010541,43.6987174455499],[-79.4797552896017,43.6987177512728],[-79.4797534781492,43.6987180569956],[-79.4797522622422,43.6987182638098],[-79.4797504507927,43.6987185605313],[-79.4797492348886,43.6987187583442],[-79.4797474234421,43.6987190460643],[-79.4797462075411,43.6987192348759],[-79.4797443960946,43.698719522596],[-79.4797431801966,43.6987197024063],[-79.4797419642956,43.6987198912178],[-79.4797407483976,43.698720071028],[-79.4797395324996,43.6987202508382],[-79.4797377086556,43.6987205115522],[-79.4797364927576,43.6987206913623],[-79.4797346565101,43.6987209430728],[-79.4797328326691,43.6987211947854],[-79.479731008828,43.6987214464979],[-79.4797297805295,43.6987216083033],[-79.4797279566945,43.6987218420132],[-79.479726728396,43.6987220038185],[-79.4797248921545,43.6987222375262],[-79.4797230683225,43.6987224622348],[-79.47972184003,43.6987226060375],[-79.4797206117345,43.6987227588414],[-79.479718775499,43.6987229745465],[-79.4797175472095,43.6987231093478],[-79.479715710974,43.6987233250528],[-79.4797144826846,43.6987234598542],[-79.4797126464551,43.6987236575565],[-79.4797108102256,43.6987238552589],[-79.4797089615926,43.6987240439577],[-79.4797071253692,43.6987242236575],[-79.4797052767363,43.6987244123562],[-79.4797034281093,43.6987245830524],[-79.4797015794794,43.6987247627499],[-79.4796997432619,43.6987249244469],[-79.479698502575,43.698725032242],[-79.4796966539541,43.6987251849355],[-79.4796948053332,43.6987253376289],[-79.4796929567123,43.6987254903224],[-79.479691120501,43.6987256340167],[-79.4796892594735,43.6987257867079],[-79.4796880187926,43.6987258765003],[-79.4796861825904,43.6987259931907],[-79.479684321569,43.6987261278792],[-79.4796830933007,43.6987261996712],[-79.4796812322793,43.6987263343597],[-79.4796799916075,43.6987263971481],[-79.4796787633361,43.6987264779413],[-79.4796769023238,43.6987265856259],[-79.4796756740585,43.6987266484165],[-79.4796738130462,43.698726756101],[-79.4796725723774,43.6987268098881],[-79.4796713441121,43.6987268726787],[-79.4796700910337,43.6987269354648],[-79.4796682548405,43.6987270251511],[-79.4796670017652,43.6987270789359],[-79.4796657735029,43.6987271327251],[-79.4796645328372,43.6987271775108],[-79.4796632797649,43.6987272222943],[-79.4796620515057,43.6987272670822],[-79.4796601905055,43.6987273387614],[-79.4796589622493,43.6987273745479],[-79.4796577215865,43.6987274103323],[-79.4796564685173,43.6987274461144],[-79.4796552402611,43.6987274819009],[-79.4796539871949,43.6987275086818],[-79.4796527589387,43.6987275444683],[-79.479651518279,43.6987275712513],[-79.4796502652159,43.6987275890308],[-79.4796490369627,43.698727615816],[-79.4796477838995,43.6987276335955],[-79.4796465556494,43.6987276513793],[-79.4796453149927,43.698727669161],[-79.4796440743361,43.6987276869426],[-79.4796422133542,43.6987277046138],[-79.4796403523752,43.6987277132836],[-79.4796384913964,43.6987277219534],[-79.4796366304205,43.6987277216219],[-79.4796347694447,43.6987277212904],[-79.4796329084719,43.6987277119575],[-79.4796310474991,43.6987277026246],[-79.4796291865294,43.6987276842904],[-79.4796273255596,43.6987276659562],[-79.4796260849152,43.6987276477325],[-79.4796248442707,43.6987276295088],[-79.4796236036263,43.6987276112851],[-79.4796223629849,43.69872758406],[-79.4796211223434,43.698727556835],[-79.479619881702,43.69872752961],[-79.479618033148,43.6987274842739],[-79.4796167925096,43.6987274480476],[-79.4796155518712,43.6987274118212],[-79.4796143112329,43.6987273755948],[-79.4796130705945,43.6987273393684],[-79.4796118299592,43.6987272941407],[-79.4796093486886,43.6987272036853],[-79.4796081080533,43.6987271584575],[-79.4796062595084,43.6987270861175],[-79.4796050188762,43.6987270318884],[-79.479603778244,43.6987269776593],[-79.4796025376148,43.6987269144289],[-79.4796012969825,43.6987268601999],[-79.4795994484468,43.6987267608558],[-79.4795982078176,43.6987266976254],[-79.4795969671915,43.6987266253937],[-79.4795951186558,43.6987265260496],[-79.4795938780297,43.6987264538178],[-79.4795926374066,43.6987263725848],[-79.479590788874,43.6987262642393],[-79.4795895482509,43.6987261830063],[-79.4795876997244,43.6987260566582],[-79.4795864591044,43.6987259664238],[-79.4795846105779,43.6987258400757],[-79.4795827620544,43.6987257047262],[-79.4795809135341,43.6987255603755],[-79.4795796729171,43.6987254611397],[-79.4795778243998,43.6987253077876],[-79.4795759758825,43.6987251544355],[-79.4795741273652,43.6987250010834],[-79.479572278854,43.6987248297287],[-79.4795704427463,43.6987246673774],[-79.4795692021355,43.6987245501389],[-79.4795673660339,43.698724369785],[-79.4795655175258,43.6987241894289],[-79.4795636814273,43.6987240000737],[-79.4795618329223,43.6987238107162],[-79.4795606047242,43.6987236754773],[-79.4795587686288,43.6987234771207],[-79.4795575404307,43.6987233418818],[-79.4795563122326,43.6987232066429],[-79.4795550840345,43.6987230714039],[-79.4795532479452,43.6987228550447],[-79.4795520197502,43.6987227108044],[-79.4795501960705,43.698722485446],[-79.4795489678786,43.6987223322045],[-79.4795477396867,43.6987221789629],[-79.479545916007,43.6987219536045],[-79.4795446878182,43.6987217913615],[-79.4795428641446,43.6987215480005],[-79.4795416359558,43.6987213857576],[-79.4795398122823,43.6987211423965],[-79.4795379762054,43.6987208900318],[-79.4795361525381,43.6987206286681],[-79.4795343288708,43.6987203673043],[-79.4795331130946,43.6987201870609],[-79.4795318973184,43.6987200068176],[-79.4795306815423,43.6987198265741],[-79.4795294657692,43.6987196373295],[-79.4795282499931,43.698719457086],[-79.4795264387415,43.6987191687205],[-79.4795252229685,43.6987189794758],[-79.4795240071954,43.698718790231],[-79.479522195947,43.6987184928642],[-79.479520980177,43.6987182946181],[-79.4795191689317,43.6987179882499],[-79.4795173576863,43.6987176818817],[-79.479515546441,43.6987173755134],[-79.4795137351988,43.6987170601438],[-79.4795119363661,43.6987167357752],[-79.479510125127,43.6987164114043],[-79.4795089217728,43.6987161861564],[-79.4795071229433,43.6987158527864],[-79.4795059195891,43.6987156275385],[-79.479504716235,43.6987154022907],[-79.4795035128808,43.6987151770428],[-79.4795017140575,43.6987148256701],[-79.4794999276407,43.6987144742996],[-79.4791707189035,43.6986490474535],[-79.4791693046604,43.6986487681559],[-79.4791681013119,43.6986485339033],[-79.4791663024925,43.6986481825253],[-79.4791645036732,43.6986478311473],[-79.4791627048538,43.6986474797693],[-79.4791609060314,43.6986471373926],[-79.479159107209,43.6986467950157],[-79.4791573083866,43.6986464526389]]]]},"properties":{"_id":2094,"AREA_ID":41122,"AREA_ATTR_ID":449,"PARENT_AREA_ID":null,"AREA_CLASS_ID":802,"AREA_CLASS":"Park","AREA_SHORT_CODE":"449","AREA_LONG_CODE":"449","AREA_NAME":"GULLIVER PARK","AREA_DESC":"None","OBJECTID":4329591}},{"type":"Feature","geometry":{"type":"MultiPolygon","coordinates":[[[[-79.4386404469125,43.6851368359124],[-79.4380788807549,43.6852582307503],[-79.4380262013025,43.6851264860907],[-79.4379703054371,43.684986674488],[-79.438531844426,43.6848653251695],[-79.4386042356779,43.6848496747965],[-79.4387434474951,43.6851975689593],[-79.4386709814294,43.6852132283807],[-79.4386404469125,43.6851368359124]]]]},"properties":{"_id":2198,"AREA_ID":41279,"AREA_ATTR_ID":179,"PARENT_AREA_ID":null,"AREA_CLASS_ID":802,"AREA_CLASS":"Park","AREA_SHORT_CODE":"179","AREA_LONG_CODE":"179","AREA_NAME":"CHARLES BRERETON PARK","AREA_DESC":"None","OBJECTID":4329714}},{"type":"Feature","geometry":{"type":"MultiPolygon","coordinates":[[[[-79.4250120231638,43.6890317809315],[-79.4251075041691,43.6890588654304],[-79.4251686958692,43.6891185391163],[-79.4251770139848,43.689192670264],[-79.4251299310034,43.6892587359777],[-79.4250417618413,43.6892966456757],[-79.4249392899397,43.6892948951906],[-79.4248536502751,43.6892540090289],[-79.424810889384,43.6891864171556],[-79.4248239938879,43.6891126421214],[-79.4248889785287,43.6890551305299],[-79.4250120231638,43.6890317809315]]]]},"properties":{"_id":2282,"AREA_ID":41229,"AREA_ATTR_ID":1246,"PARENT_AREA_ID":null,"AREA_CLASS_ID":802,"AREA_CLASS":"Park","AREA_SHORT_CODE":"1246","AREA_LONG_CODE":"1246","AREA_NAME":"CONNAUGHT CIRCLE PARKETTE","AREA_DESC":"None","OBJECTID":4329807}},{"type":"Feature","geometry":{"type":"MultiPolygon","coordinates":[[[[-79.4347147356171,43.6985405066548],[-79.4346645244967,43.6984168003104],[-79.4346110964947,43.6982851979739],[-79.4346032023383,43.6982657506815],[-79.4348572201711,43.6982116179757],[-79.4350968428447,43.6981605369692],[-79.4351045515463,43.698179525057],[-79.4355815504149,43.6980772162173],[-79.4355835234894,43.6980767852675],[-79.4356369410277,43.6982083871485],[-79.4356871539841,43.6983320840702],[-79.4356903587994,43.6983399890017],[-79.4357063581143,43.6983794776387],[-79.4358238732189,43.6986690069972],[-79.4356642518477,43.6987032751723],[-79.4355046302948,43.6987375431241],[-79.4353450085314,43.6987718378565],[-79.4351817630502,43.6988069044215],[-79.4351143304019,43.6988213762343],[-79.4350185173886,43.6988419617517],[-79.434851610763,43.6988777998739],[-79.4347339762962,43.6985878734019],[-79.434717940345,43.6985483846094],[-79.4347147356171,43.6985405066548]]]]},"properties":{"_id":2308,"AREA_ID":41104,"AREA_ATTR_ID":84,"PARENT_AREA_ID":null,"AREA_CLASS_ID":802,"AREA_CLASS":"Park","AREA_SHORT_CODE":"84","AREA_LONG_CODE":"84","AREA_NAME":"BEN NOBLEMAN PARK","AREA_DESC":"None","OBJECTID":4329835}},{"type":"Feature","geometry":{"type":"MultiPolygon","coordinates":[[[[-79.4453723148509,43.6945753315454],[-79.4452848536186,43.6945495820264],[-79.4451973800637,43.6945238234331],[-79.4453396927143,43.6942696500941],[-79.4454271659608,43.6942954085794],[-79.4454735256971,43.6943090586587],[-79.4455146268849,43.6943211579906],[-79.4453723148509,43.6945753315454]]]]},"properties":{"_id":2344,"AREA_ID":41170,"AREA_ATTR_ID":933,"PARENT_AREA_ID":null,"AREA_CLASS_ID":802,"AREA_CLASS":"Park","AREA_SHORT_CODE":"933","AREA_LONG_CODE":"933","AREA_NAME":"SENATOR PETER BOSA PARKETTE","AREA_DESC":"None","OBJECTID":4329883}},{"type":"Feature","geometry":{"type":"MultiPolygon","coordinates":[[[[-79.4787222672394,43.6948436343556],[-79.4788482340195,43.694669302725],[-79.4788491772584,43.694668141733],[-79.4788501577111,43.6946669897491],[-79.4788508402886,43.694666233767],[-79.478851882757,43.6946651177997],[-79.4788529500303,43.6946640198396],[-79.4788536946266,43.6946632908728],[-79.4788548363212,43.6946622289316],[-79.478856002824,43.6946611759963],[-79.4788572065342,43.6946601500718],[-79.4788584474551,43.6946591421567],[-79.4788592912744,43.6946584762172],[-79.4788605818052,43.6946575043164],[-79.4788618971378,43.694656559424],[-79.4788632496842,43.6946556235398],[-79.4788646270293,43.6946547236654],[-79.4788655700685,43.6946541297545],[-79.4788669970235,43.6946532658944],[-79.478868461186,43.694652429045],[-79.4788699377478,43.6946516102004],[-79.4788714515139,43.6946508273679],[-79.4788729776793,43.6946500625402],[-79.4788740199289,43.6946495676618],[-79.4788755957011,43.6946488478497],[-79.4788771962751,43.6946481550461],[-79.4788788092453,43.6946474892486],[-79.4788799010954,43.6946470573884],[-79.4788810053448,43.694646643533],[-79.4788826679154,43.6946460407536],[-79.4788837969635,43.6946456629079],[-79.4788849260116,43.6946452850623],[-79.4788866257739,43.6946447543001],[-79.4788877796174,43.6946444214654],[-79.478888933461,43.6946440886307],[-79.4788906828206,43.6946436298879],[-79.4788918614628,43.694643333063],[-79.4788936232122,43.6946429193289],[-79.4788948142475,43.6946426585114],[-79.4788966007893,43.6946422987895],[-79.4788978042175,43.6946420739794],[-79.4788996155548,43.6946417592686],[-79.4789008313792,43.6946415614646],[-79.4789026551032,43.6946413007638],[-79.4789038833175,43.6946411479685],[-79.4789057194282,43.6946409412776],[-79.4789075555325,43.6946407525894],[-79.4789087961367,43.6946406448028],[-79.4789106446215,43.694640528127],[-79.478911885213,43.6946404563456],[-79.4789131257982,43.6946404025667],[-79.4789143663739,43.6946403757917],[-79.4789162148303,43.6946403401275],[-79.4789180756797,43.6946403404707],[-79.4789193162429,43.6946403497008],[-79.4789205567966,43.6946403859347],[-79.4789217973439,43.6946404401712],[-79.4789230378913,43.6946404944077],[-79.4789242784292,43.6946405756481],[-79.4789261268289,43.6946407020069],[-79.4789279752096,43.6946408823735],[-79.4789298111815,43.6946410717391],[-79.4789310392886,43.6946412249874],[-79.4793211258422,43.6947051063754],[-79.4793227383512,43.6947057727626],[-79.4793238050816,43.6947062320215],[-79.4793253803552,43.6947069524097],[-79.4793264222619,43.6947074476691],[-79.4793274517599,43.6947079519276],[-79.4793289773954,43.6947087173133],[-79.4793304658015,43.6947095186973],[-79.4793319417926,43.694710347083],[-79.4793333805575,43.6947112024658],[-79.4793347945019,43.694712084848],[-79.4793361836287,43.6947129852282],[-79.4793375355323,43.6947139036043],[-79.4793384285248,43.6947145338561],[-79.4793397307903,43.6947154972297],[-79.4793405865566,43.6947161544786],[-79.4793418391871,43.6947171538483],[-79.4793430545945,43.6947181712138],[-79.4793438483201,43.6947188644567],[-79.4793450140924,43.6947199178184],[-79.4793461426416,43.694720989176],[-79.4793472339676,43.6947220785294],[-79.4793479532437,43.6947228167652],[-79.4793486477054,43.6947235639979],[-79.4793496521763,43.694724698342],[-79.4793503094148,43.6947254635705],[-79.4793512518481,43.6947266249073],[-79.479352169467,43.6947277952409],[-79.4793527522591,43.6947285964611],[-79.4793536078404,43.6947297937874],[-79.4793544137928,43.6947310091073],[-79.479355182522,43.694732242423],[-79.4793559140311,43.6947334847333],[-79.4793565959144,43.6947347360359],[-79.479357029823,43.6947355822356],[-79.4793576496718,43.6947368515296],[-79.4793580463604,43.6947377067239],[-79.4793585917689,43.6947389940071],[-79.479359112363,43.694740290287],[-79.4793594222056,43.6947411634682],[-79.4793598683595,43.6947424777373],[-79.4793602648907,43.6947437919973],[-79.4793606117929,43.6947451242511],[-79.4793609214812,43.6947464474968],[-79.4793611072609,43.6947473386582],[-79.4793613425089,43.694748679893],[-79.4793614786628,43.6947495800467],[-79.4793616518824,43.6947509212704],[-79.4793617384073,43.6947518394177],[-79.479361837199,43.6947531626253],[-79.4793618741074,43.6947540627611],[-79.4793618986101,43.6947549628947],[-79.4793618857413,43.694756313086],[-79.4793618606213,43.6947572132106],[-79.4793618106898,43.6947581133307],[-79.479361735947,43.6947590134463],[-79.4793616487985,43.6947599135597],[-79.4793615492443,43.6947608136708],[-79.4793613502933,43.6947621548272],[-79.4793611141284,43.6947634869757],[-79.4793609277374,43.6947643780699],[-79.4793607289408,43.6947652691618],[-79.4793603935303,43.6947666012923],[-79.4793600085032,43.6947679154113],[-79.4793597228698,43.6947687974862],[-79.4793592758173,43.6947701025927],[-79.4793589529699,43.6947709756597],[-79.4793584314863,43.6947722717514],[-79.479357860383,43.6947735588329],[-79.4793572520689,43.6947748279051],[-79.4793566065376,43.6947760969706],[-79.4793559237923,43.694777357028],[-79.4793551914304,43.6947785990739],[-79.4793544218576,43.6947798231105],[-79.4793536150707,43.6947810381391],[-79.4793530565366,43.6947818481544],[-79.4793521877305,43.6947830361679],[-79.4793512693046,43.6947842151712],[-79.4793503260736,43.6947853761673],[-79.4793496683093,43.6947861411582],[-79.479348663059,43.6947872751393],[-79.4793479680838,43.6947880221209],[-79.4793469008141,43.6947891290869],[-79.479345783931,43.69479020904],[-79.4793446546452,43.6947912799896],[-79.4793438728455,43.694791981949],[-79.4793426691409,43.6947930078787],[-79.4793418501303,43.6947936918288],[-79.4793406092178,43.6947946907478],[-79.4793393186918,43.694795662654],[-79.4793380033606,43.6947966165531],[-79.4793371099342,43.694797246482],[-79.4793357449924,43.6947981643669],[-79.4793343552485,43.6947990552435],[-79.4793333998091,43.6947996401547],[-79.4793319604546,43.6948004950171],[-79.4793304962981,43.6948013228711],[-79.4793289949337,43.6948021237146],[-79.4793274811728,43.6948028975518],[-79.4793264513269,43.6948034014379],[-79.4793254090783,43.6948038963204],[-79.4793238333074,43.6948046161386],[-79.4793222327375,43.6948052999472],[-79.4793211532872,43.6948057498165],[-79.4793200614374,43.694806181681],[-79.4793184112662,43.6948068024715],[-79.4793167486955,43.6948074052572],[-79.4793156196471,43.6948077831071],[-79.4793138950634,43.6948083408751],[-79.4788111888226,43.6949212420011],[-79.4788094022689,43.6949216107229],[-79.4788081988316,43.6949218445333],[-79.4788063874853,43.6949221592427],[-79.4788045761518,43.6949224379469],[-79.4788033479252,43.6949226087437],[-79.4788015242018,43.694922842439],[-79.4788002959878,43.6949229772306],[-79.478798447472,43.6949231569136],[-79.4787965989719,43.69492329159],[-79.4787953583713,43.6949233723716],[-79.478794117777,43.6949234351504],[-79.4787922693023,43.6949234978165],[-79.4787910287207,43.6949235245902],[-79.4787891678593,43.6949235332462],[-79.4787879272935,43.6949235150135],[-79.4787866867309,43.6949234877794],[-79.4787854461715,43.694923451544],[-79.4787842056184,43.694923397306],[-79.4787829650717,43.6949233250654],[-79.4787811166668,43.6949231897029],[-79.4787792682747,43.6949230183353],[-79.4787774322978,43.694922819966],[-79.4787762041854,43.6949226667161],[-79.4787743806333,43.6949224143413],[-79.4787731649393,43.6949222250885],[-79.478771353812,43.6949219187082],[-79.478770125725,43.6949216934479],[-79.4787683642397,43.6949213330691],[-79.4787671733826,43.6949210718104],[-79.4787653995106,43.6949206574216],[-79.4787636504629,43.6949202070321],[-79.4787624844363,43.6949198917703],[-79.4787607602159,43.6949193963789],[-79.478759048414,43.6949188649847],[-79.4787573490273,43.6949183065889],[-79.4787562326523,43.6949179103246],[-79.4787545704987,43.6949173069292],[-79.4787529331693,43.6949166675332],[-79.4787513206641,43.6949159921366],[-79.478749720571,43.6949152987398],[-79.4787481577079,43.6949145693447],[-79.4787466072568,43.6949138219493],[-79.4787450940356,43.6949130385556],[-79.4787436056355,43.6949122281626],[-79.4787421420532,43.6949113997717],[-79.4787411746075,43.6949108325105],[-79.4787397606672,43.694909950121],[-79.4787383839505,43.6949090497358],[-79.4787374661436,43.6949084374773],[-79.4787361390657,43.6949074920949],[-79.4787348368057,43.6949065287145],[-79.4787335717724,43.6949055383372],[-79.4787323315569,43.6949045299619],[-79.4787311409739,43.6949034945919],[-79.4787303596619,43.6949027923458],[-79.4787292187114,43.6949017299812],[-79.4787281149876,43.6949006406196],[-79.4787273957169,43.6948999023799],[-79.478726366437,43.6948987860283],[-79.47872568439,43.6948980297929],[-79.4787250271575,43.6948972645609],[-79.4787240847336,43.6948961032189],[-79.4787234647248,43.6948953199912],[-79.4787225843391,43.6948941316569],[-79.4787220139594,43.6948933304359],[-79.4787212080176,43.6948921151116],[-79.4787204268905,43.6948908907906],[-79.4787199309547,43.6948900625795],[-79.478719236674,43.6948888202721],[-79.4787187903675,43.6948879740677],[-79.4787183564667,43.6948871278655],[-79.4787177490356,43.6948858585704],[-79.4787173771698,43.6948849943773],[-79.4787168441794,43.6948837070934],[-79.4787165095339,43.6948828339059],[-79.4787161996999,43.694881960723],[-79.4787157659648,43.6948806464537],[-79.4787153818525,43.6948793321938],[-79.4787151588649,43.6948784410244],[-79.4787148491901,43.694877117777],[-79.4787146634196,43.6948762266146],[-79.4787144281855,43.6948748853785],[-79.4787143044468,43.6948739852263],[-79.4787141436469,43.694872644004],[-79.478714069531,43.6948717438611],[-79.4787140078209,43.6948708437205],[-79.4787139585164,43.6948699435822],[-79.4787139465883,43.6948685933864],[-79.4787139718773,43.6948672431974],[-79.4787140094128,43.6948663430753],[-79.4787141091329,43.6948650019016],[-79.4787142086969,43.694864101791],[-79.4787143206667,43.6948632016828],[-79.4787145320381,43.6948618605298],[-79.4787147806235,43.694860528385],[-79.47871497943,43.6948596372942],[-79.4787151906422,43.6948587462057],[-79.4787155508758,43.6948574230831],[-79.4787159483232,43.6948561089686],[-79.4787163953935,43.6948547948633],[-79.4787168920802,43.6948534987699],[-79.478717425984,43.6948522026834],[-79.4787180095074,43.6948509156074],[-79.4787186302415,43.694849646541],[-79.4787190647404,43.6948488005005],[-79.4787197599024,43.6948475494505],[-79.4787205046808,43.6948463164123],[-79.4787212742706,43.6948450833787],[-79.4787222672394,43.6948436343556]]]]},"properties":{"_id":2345,"AREA_ID":41172,"AREA_ATTR_ID":1332,"PARENT_AREA_ID":null,"AREA_CLASS_ID":802,"AREA_CLASS":"Park","AREA_SHORT_CODE":"1332","AREA_LONG_CODE":"1332","AREA_NAME":"GREEN HILLS PARK","AREA_DESC":"None","OBJECTID":4329885}},{"type":"Feature","geometry":{"type":"MultiPolygon","coordinates":[[[[-79.4349926058631,43.6893965223833],[-79.4351386077398,43.689166352079],[-79.4352243912625,43.6891952048814],[-79.435310187272,43.6892240576264],[-79.4353922633529,43.6892516480223],[-79.4353939829857,43.6892559336129],[-79.4354340288695,43.6893562937249],[-79.4354740873106,43.6894566358256],[-79.4355458042993,43.6896363512184],[-79.435500079677,43.6896605749263],[-79.4353832684482,43.6895997861916],[-79.4353052993699,43.689559218242],[-79.4352273427917,43.6895186592474],[-79.4351491135727,43.6894779560238],[-79.4350708596601,43.6894372437311],[-79.4349926058631,43.6893965223833]]]]},"properties":{"_id":2385,"AREA_ID":41226,"AREA_ATTR_ID":251,"PARENT_AREA_ID":null,"AREA_CLASS_ID":802,"AREA_CLASS":"Park","AREA_SHORT_CODE":"251","AREA_LONG_CODE":"251","AREA_NAME":"CY TOWNSEND PARK","AREA_DESC":"None","OBJECTID":4329935}},{"type":"Feature","geometry":{"type":"MultiPolygon","coordinates":[[[[-79.4793933853194,43.689462107914],[-79.4798723187937,43.6896343791043],[-79.4799485099315,43.6898148865441],[-79.4809824704488,43.6901867718682],[-79.4809635066724,43.6902554756216],[-79.4809527320733,43.6903568374455],[-79.4809741877463,43.6905283517499],[-79.4810064082817,43.6906297117208],[-79.481103089629,43.6907544587248],[-79.4811245381775,43.6908713981227],[-79.4812319771448,43.6909104004317],[-79.4813501540685,43.6909649856373],[-79.4814468434852,43.6910273713591],[-79.4816693259917,43.6913930039217],[-79.4816703677096,43.6913939942314],[-79.4816714838301,43.6913950745659],[-79.4816726123584,43.6913961459012],[-79.4816737284818,43.6913972172344],[-79.4816748818201,43.6913982885736],[-79.4816760227562,43.6913993509095],[-79.4816771636897,43.6914004222466],[-79.4816779325829,43.6914011334723],[-79.4816790735192,43.6914021958081],[-79.4816802268632,43.6914032491447],[-79.4816809957565,43.6914039603703],[-79.4816817770575,43.6914046625966],[-79.4816829304017,43.6914057159331],[-79.4816840961508,43.6914067692716],[-79.4816848774519,43.6914074714979],[-79.4816860432039,43.6914085158351],[-79.4816868245051,43.6914092180614],[-79.4816880026621,43.6914102624005],[-79.4816891808191,43.6914113067396],[-79.4816899745281,43.6914119999666],[-79.4816907682371,43.6914126931936],[-79.4816915619461,43.6914133864205],[-79.4816923556552,43.6914140796475],[-79.4816935462201,43.6914151149872],[-79.4816943399292,43.6914158082142],[-79.4816951336383,43.6914165014411],[-79.4816963366111,43.6914175277815],[-79.4816975395839,43.6914185541219],[-79.4816987549618,43.6914195804643],[-79.4816999579347,43.6914206068047],[-79.4817011733127,43.6914216331471],[-79.4817024010984,43.6914226504901],[-79.4817036164791,43.6914236678311],[-79.481704844265,43.6914246851741],[-79.4817060720508,43.6914257025171],[-79.4817072998395,43.6914267108588],[-79.4817085400331,43.6914277192025],[-79.481709370963,43.6914283944326],[-79.4817110204206,43.6914297358897],[-79.4817122730221,43.691430735234],[-79.4817135132187,43.6914317345763],[-79.4817147658203,43.6914327339206],[-79.4817156091581,43.6914334001515],[-79.4817164524959,43.6914340663823],[-79.4817177051003,43.6914350567252],[-79.4817189701098,43.6914360470702],[-79.4817202351193,43.6914370374151],[-79.481721090865,43.6914376946466],[-79.4817223558773,43.6914386759901],[-79.481723211623,43.6914393332216],[-79.4817244890431,43.6914403055658],[-79.4817253447888,43.6914409627973],[-79.481726622209,43.6914419351415],[-79.4817279120343,43.6914429074877],[-79.4817292018596,43.6914438798339],[-79.4817304916849,43.6914448521801],[-79.4817313598358,43.6914455094134],[-79.4817326620689,43.6914464727603],[-79.4817339643048,43.6914474271058],[-79.4817352665381,43.6914483904526],[-79.4817361470968,43.6914490386866],[-79.4817374493301,43.6914500020334],[-79.4817387639739,43.6914509473795],[-79.481740078615,43.6914519017269],[-79.4817414056639,43.691452847075],[-79.4817422862254,43.6914534863077],[-79.4817436132744,43.6914544316558],[-79.4817449403234,43.6914553770039],[-79.4817462797802,43.6914563133526],[-79.4817476068293,43.6914572587006],[-79.4817489462862,43.6914581950493],[-79.4817502981481,43.6914591314],[-79.4817516376078,43.6914600587473],[-79.481752542985,43.6914606799813],[-79.4817538948498,43.6914616073306],[-79.4817552467146,43.6914625346799],[-79.4817561520919,43.6914631559139],[-79.4817575039595,43.6914640742619],[-79.4817588682321,43.6914649926118],[-79.4817602325048,43.6914659109617],[-79.4817615967775,43.6914668293117],[-79.4817629734581,43.6914677386622],[-79.4817638912433,43.6914683508968],[-79.4817652679266,43.6914692512461],[-79.4817666446072,43.6914701605966],[-79.4817680336956,43.6914710609478],[-79.481769410379,43.691471961297],[-79.4817707994675,43.6914728616481],[-79.4817717296606,43.6914734648833],[-79.4817731311569,43.6914743562352],[-79.4817745202482,43.691475247585],[-79.4817759217446,43.6914761389367],[-79.4817773232437,43.6914770212872],[-79.4817787371479,43.6914779036396],[-79.4817801386472,43.6914787859901],[-79.4817810812482,43.6914793802259],[-79.4817824951552,43.691480253577],[-79.4817839090623,43.691481126928],[-79.4817848640711,43.6914817121645],[-79.4817862903833,43.6914825855175],[-79.4817877166982,43.6914834498692],[-79.4817891306081,43.6914843142189],[-79.4817900856198,43.691484890454],[-79.4817910406315,43.6914854666891],[-79.4817919956432,43.6914860429242],[-79.4817929754676,43.691486610162],[-79.4817943893804,43.6914874655103],[-79.4817953567972,43.6914880417473],[-79.4817968079279,43.6914888881003],[-79.4817977629424,43.691489455334],[-79.4817992264781,43.6914903016889],[-79.4818006652038,43.6914911480398],[-79.4818016326235,43.6914917152755],[-79.481803083757,43.6914925526271],[-79.4818040759894,43.6914931108654],[-79.481805514718,43.691493948215],[-79.4818065069505,43.6914945064533],[-79.4818079580869,43.6914953348035],[-79.4818094340333,43.6914961631577],[-79.4818109099798,43.6914969915118],[-79.4818123859264,43.6914978198659],[-79.4818138618757,43.6914986392187],[-79.481814854111,43.6914991884556],[-79.4818163300631,43.6914999988071],[-79.4818173222985,43.691500548044],[-79.4818187982507,43.6915013583954],[-79.4818202866079,43.6915021687488],[-79.4818217873702,43.6915029791042],[-79.4818232757302,43.6915037804562],[-79.4818242803734,43.6915043206937],[-79.4818257687335,43.6915051220457],[-79.4818272695014,43.6915059143984],[-79.4818287826743,43.691506706753],[-79.4818302834422,43.6915074991057],[-79.4818312880883,43.6915080303419],[-79.481832801264,43.6915088136951],[-79.4818338059102,43.6915093449313],[-79.481834822964,43.6915098671681],[-79.4818363361426,43.69151064152],[-79.4818373531965,43.6915111637568],[-79.4818388787801,43.6915119381107],[-79.4818403919588,43.6915127124626],[-79.4818414214178,43.6915132347013],[-79.4818429470042,43.6915140000538],[-79.4818444725907,43.6915147654063],[-79.4818455020525,43.6915152786437],[-79.4818470276391,43.6915160439962],[-79.4818480571036,43.6915165482322],[-79.4818490865682,43.6915170524683],[-79.4818501160328,43.6915175567043],[-79.4818511454974,43.6915180609404],[-79.481852174962,43.6915185651764],[-79.4818537129592,43.6915193125282],[-79.4818552633614,43.6915200598819],[-79.4818568137637,43.6915208072356],[-79.4818578556362,43.6915213024722],[-79.4818594060412,43.6915220408246],[-79.4818604479137,43.6915225360612],[-79.4818620107265,43.6915232654142],[-79.4818635735367,43.6915240037684],[-79.4818651363496,43.6915247331214],[-79.4818666991626,43.6915254624743],[-79.4818682743833,43.6915261828279],[-79.4818693286636,43.6915266690651],[-79.4818708914794,43.6915273894167],[-79.4818719457625,43.6915278666526],[-79.4818735209861,43.6915285780048],[-79.4818751086147,43.6915292893589],[-79.4818766838384,43.6915300007111],[-79.4818777505293,43.6915304689476],[-79.4818788048125,43.6915309461835],[-79.481880392444,43.6915316485362],[-79.481881459135,43.6915321167727],[-79.4818830467692,43.6915328101242],[-79.4818841134603,43.6915332783606],[-79.4818857010946,43.691533971712],[-79.4818873011366,43.6915346560641],[-79.481888901176,43.6915353494174],[-79.4818899802749,43.6915358086545],[-79.4818915803197,43.6915364840052],[-79.48189303161,43.6915368082818],[-79.4818942596667,43.6915369434958],[-79.4818960955533,43.6915371328138],[-79.4818973360177,43.6915372590284],[-79.481899171907,43.691537439345],[-79.4819010202014,43.6915376196636],[-79.4819028560907,43.6915377999802],[-79.4819040965579,43.6915379171934],[-79.48190593245,43.6915380885087],[-79.4819077807471,43.6915382598259],[-79.4819096290469,43.6915384221417],[-79.4819114773467,43.6915385844575],[-79.4819133256466,43.6915387467733],[-79.4819151739491,43.6915389000878],[-79.4819170222517,43.6915390534023],[-79.4819188705543,43.6915392067167],[-79.4819207188596,43.6915393510297],[-79.4819225671649,43.6915394953428],[-79.4819238076402,43.691539585552],[-79.4819256559455,43.691539729865],[-79.4819275042535,43.6915398651766],[-79.4819287447316,43.6915399463844],[-79.4819305930423,43.6915400726948],[-79.4819324413531,43.6915401990051],[-79.4819336818312,43.6915402802128],[-79.4819355301419,43.6915404065231],[-79.4819367706227,43.6915404787294],[-79.4819380111008,43.6915405599371],[-79.481939859417,43.6915406682447],[-79.4819410998978,43.6915407404511],[-79.481942948214,43.6915408487586],[-79.4819441886948,43.6915409209649],[-79.4819454291784,43.6915409841699],[-79.4819472774972,43.6915410834761],[-79.4819485179835,43.6915411376798],[-79.481949758467,43.6915412008848],[-79.4819509989478,43.691541273091],[-79.4819528472721,43.6915413543945],[-79.4819543360019,43.6915409315686],[-79.4819560604514,43.6915404277682],[-79.4819577849009,43.6915399239679],[-79.481959509353,43.6915394111661],[-79.48196066312,43.6915390783003],[-79.4819623751725,43.6915385474939],[-79.4819640872249,43.6915380166876],[-79.4819663575573,43.6915373059434],[-79.4819674989273,43.6915369460716],[-79.4819691985827,43.6915363882594],[-79.4819708982354,43.6915358394484],[-79.481972585483,43.6915352906354],[-79.481973714456,43.6915349037577],[-79.481975401709,43.6915343369422],[-79.4819770889619,43.6915337701265],[-79.4819787638178,43.691533176305],[-79.4819804386684,43.6915326004861],[-79.4819815552416,43.6915321956038],[-79.4819826718122,43.6915317997228],[-79.481984321858,43.6915312058973],[-79.4819854384313,43.6915308010149],[-79.4819870884824,43.6915301891868],[-79.4819882050583,43.6915297753031],[-79.4819892968241,43.6915293614155],[-79.4819904134027,43.6915289385305],[-79.4819920510541,43.6915283086978],[-79.4819936887027,43.6915276878663],[-79.4819953387645,43.6915270400329],[-79.4819964305329,43.6915266171439],[-79.4819980557872,43.6915259603053],[-79.4819996686365,43.6915253034647],[-79.4820012938934,43.6915246376246],[-79.4820029067453,43.6915239717827],[-79.4820045195999,43.6915232969394],[-79.4820061324571,43.6915226130948],[-79.4820077329092,43.6915219292482],[-79.4820093333613,43.6915212454016],[-79.482010400333,43.6915207775021],[-79.4820119883854,43.6915200756509],[-79.4820135764377,43.6915193737997],[-79.4820151520877,43.6915186629452],[-79.482016206657,43.6915181860424],[-79.4820172612288,43.6915177001383],[-79.4820188244764,43.6915169802805],[-79.4820203877266,43.6915162514214],[-79.4820219509795,43.691515513561],[-79.4820235018301,43.6915147666973],[-79.4820245439995,43.6915142717899],[-79.4820260824449,43.6915135249242],[-79.482027112212,43.6915130210135],[-79.4820286506627,43.6915122561453],[-79.4820301891135,43.6915114912769],[-79.4820317151591,43.6915107264066],[-79.4820327325264,43.6915102044914],[-79.4820342461697,43.6915094306178],[-79.4820352635397,43.6915088997012],[-79.4820367647805,43.6915081168244],[-79.4820377697454,43.6915075859058],[-79.4820392709916,43.6915067850263],[-79.4820402759565,43.6915062541078],[-79.4820417648002,43.691505444225],[-79.482043253644,43.6915046343422],[-79.4820447300853,43.6915038154562],[-79.4820457226504,43.691503266533],[-79.4820471866867,43.691502447645],[-79.4820486507283,43.6915016107544],[-79.482049630891,43.6915010528279],[-79.4820510825275,43.6915002159353],[-79.4820528937565,43.691499892173],[-79.4820546801673,43.6914995954107],[-79.4820559207252,43.6914994065783],[-79.4820571364704,43.6914992267432],[-79.4820589600829,43.6914989749931],[-79.4820607960922,43.6914987502489],[-79.4820626320962,43.6914985435072],[-79.4820644804999,43.69149835477],[-79.4820663288955,43.6914981930367],[-79.482068177283,43.6914980583072],[-79.4820694178086,43.6914979774901],[-79.4820712661881,43.6914978697645],[-79.4820725067057,43.6914978159513],[-79.4820737472207,43.6914977711393],[-79.4820749877356,43.6914977263274],[-79.4820762282452,43.691497699518],[-79.4820774687521,43.6914976817099],[-79.4820793295043,43.6914976820017],[-79.482081190254,43.6914976912947],[-79.4820824307474,43.691497718493],[-79.4820836712409,43.6914977456913],[-79.4820849117291,43.6914977908922],[-79.4820867600522,43.6914978721936],[-79.4820880005404,43.6914979173944],[-79.4820898488475,43.6914980527035],[-79.4820911265373,43.6914981429167],[-79.4820930614037,43.6914992053727],[-79.4820945497645,43.6915000157226],[-79.4820960381281,43.691500817071],[-79.4820970427764,43.6915013483049],[-79.4820985435477,43.691502140654],[-79.4820995481961,43.6915026718878],[-79.4821010613752,43.6915034552376],[-79.4821020784313,43.691503977472],[-79.4821036040182,43.6915047518223],[-79.482105129605,43.6915055261726],[-79.4821066551947,43.6915062915216],[-79.482108193192,43.6915070478713],[-79.4821092226586,43.691507552105],[-79.4821107730637,43.6915082994552],[-79.4821123234688,43.6915090468054],[-79.4821138862817,43.6915097851563],[-79.4821149281561,43.6915102803906],[-79.4821164909717,43.6915110097401],[-79.48211805379,43.6915117300883],[-79.4821191080721,43.6915122163232],[-79.4821201623569,43.6915126935568],[-79.4821212166418,43.6915131707905],[-79.4821227918706,43.6915138731379],[-79.4821243795045,43.6915145754873],[-79.4821254461971,43.6915150437215],[-79.4821270462387,43.6915157370715],[-79.482128646283,43.6915164214202],[-79.4821302463274,43.6915171057689],[-79.4821313254304,43.6915175560024],[-79.4821324045335,43.6915180062359],[-79.4821340169883,43.6915186725838],[-79.4821356418508,43.6915193299324],[-79.4821372667134,43.691519987281],[-79.482138891576,43.6915206446295],[-79.482140528849,43.6915212839773],[-79.482142166122,43.6915219233251],[-79.4821432700433,43.6915223465585],[-79.482144907319,43.691522976905],[-79.4821465570025,43.6915235982521],[-79.4821476609266,43.6915240124842],[-79.4821493230178,43.6915246248319],[-79.4821509851091,43.6915252371796],[-79.4821526472057,43.6915258315247],[-79.4821537635402,43.691526227756],[-79.4821548798746,43.6915266239873],[-79.4821559962091,43.6915270202186],[-79.4821576707136,43.6915276055642],[-79.4821587994558,43.6915279927962],[-79.4821604739656,43.6915285601392],[-79.4821621608804,43.6915291274841],[-79.4821632896254,43.6915295057147],[-79.482164988948,43.6915300640602],[-79.4821666882733,43.6915306134044],[-79.4821683875987,43.6915311627486],[-79.4821695287541,43.6915315229784],[-79.4821712404898,43.6915320543219],[-79.4821729522256,43.6915325856653],[-79.4821748127017,43.6915335220903],[-79.4821758421666,43.6915340353247],[-79.4821773677579,43.6915348006727],[-79.4821783972255,43.6915353049058],[-79.4821794266905,43.6915358181402],[-79.4821809646922,43.6915365654876],[-79.4821819941599,43.6915370697207],[-79.4821835445666,43.6915378170699],[-79.4821850949735,43.6915385644191],[-79.4821866453829,43.691539302767],[-79.4821882081975,43.6915400411169],[-79.482189250073,43.6915405363505],[-79.4821908128903,43.691541265699],[-79.4821923757077,43.6915419950474],[-79.4821934299909,43.6915424812817],[-79.482194992811,43.6915432016288],[-79.4821960470969,43.6915436788617],[-79.4821976223248,43.6915443902095],[-79.4821986766108,43.6915448674423],[-79.4821997308968,43.6915453446752],[-79.4822013185324,43.6915460470236],[-79.482202906168,43.6915467493719],[-79.4822044938037,43.6915474517201],[-79.4822060938471,43.691548145069],[-79.4822076938905,43.6915488384179],[-79.4822092939366,43.6915495227654],[-79.4822108939827,43.691550207113],[-79.4822119730843,43.691550666347],[-79.4822135731332,43.6915513416932],[-79.4822151855871,43.6915520170413],[-79.4822168104488,43.69155268339],[-79.4822184229054,43.6915533497368],[-79.4822200477672,43.6915540160855],[-79.4822216726316,43.6915546734328],[-79.4822232974961,43.6915553307801],[-79.4822243890109,43.6915557630121],[-79.482226013878,43.6915564113581],[-79.4822276511529,43.6915570507047],[-79.4822287426678,43.6915574829366],[-79.4822303799427,43.6915581222832],[-79.4822314838653,43.6915585455157],[-79.482233121143,43.6915591758609],[-79.4822347708284,43.6915597972067],[-79.482235874751,43.6915602204392],[-79.4822380826043,43.6915610399003],[-79.4822391865296,43.6915614541314],[-79.4822408362178,43.6915620664759],[-79.482242498311,43.6915626788222],[-79.4822441604069,43.6915632821673],[-79.4822452767427,43.6915636783977],[-79.4822469388387,43.6915642817427],[-79.4822480551745,43.6915646779731],[-79.4822491715103,43.6915650742035],[-79.4822508460167,43.6915656595477],[-79.4822525205231,43.691566244892],[-79.4822541950295,43.6915668302362],[-79.4822549763102,43.6915676314729],[-79.4822552861785,43.6915685046467],[-79.4822556084519,43.6915693778224],[-79.4822560794609,43.6915706740822],[-79.4822565628723,43.6915719793452],[-79.4822568975507,43.6915728525229],[-79.4822573933698,43.6915741487865],[-79.4822578891863,43.6915754540514],[-79.4822584098155,43.6915767503189],[-79.4822589056347,43.6915780465825],[-79.4822592651233,43.691578919764],[-79.4822597733449,43.6915802250308],[-79.4822602939821,43.6915814942943],[-79.4822606534734,43.6915823584746],[-79.4822610253697,43.6915832226567],[-79.4822613724533,43.6915840958363],[-79.4822619054929,43.6915853741031],[-79.4822624757451,43.6915866613769],[-79.4822628476415,43.691587525559],[-79.4822634054887,43.691588812831],[-79.4822639757409,43.6915901001048],[-79.4822645459958,43.6915913783773],[-79.4822649302973,43.6915922425613],[-79.4822655005523,43.6915935208339],[-79.4822660956173,43.6915947991103],[-79.4822664923265,43.691595654295],[-79.482266889033,43.6915965184809],[-79.4822672857422,43.6915973736656],[-79.4822678932177,43.6915986339413],[-79.4822689098022,43.6916007674062],[-79.4822695296801,43.6916020366851],[-79.4822701495581,43.691603305964],[-79.4822707818411,43.6916045752448],[-79.4822712157681,43.6916054214339],[-79.4822718480512,43.6916066907148],[-79.4822722819783,43.6916075369039],[-79.4822729266691,43.6916087971853],[-79.4822733730013,43.6916096433764],[-79.4822740300971,43.6916109036597],[-79.4822746995981,43.691612163945],[-79.4822753690991,43.6916134242303],[-79.4822760386001,43.6916146845155],[-79.4822767205088,43.6916159358014],[-79.4822771792488,43.6916167729931],[-79.4822776379887,43.6916176101847],[-79.4822781091338,43.6916184473783],[-79.4822785678737,43.69161928457],[-79.4822792745953,43.6916205268584],[-79.4822797457404,43.691621364052],[-79.482280464867,43.6916226063423],[-79.4822811839911,43.691623857634],[-79.4822819031178,43.6916250999243],[-79.4822826346496,43.6916263422165],[-79.4822833661814,43.6916275845088],[-79.4822841101209,43.6916288178017],[-79.4822846060788,43.6916296459977],[-79.4822853624235,43.6916308792925],[-79.4822861187681,43.6916321125873],[-79.4822868751128,43.6916333458821],[-79.4822876438626,43.6916345791788],[-79.482288412615,43.6916358034741],[-79.4822891937725,43.6916370277714],[-79.4822899749301,43.6916382520687],[-79.4822907684927,43.6916394763679],[-79.4822915620554,43.6916407006671],[-79.4822923556207,43.6916419159651],[-79.4822931615911,43.6916431312648],[-79.4822939799666,43.6916443465666],[-79.4822945255503,43.6916451567678],[-79.482295071134,43.6916459669689],[-79.4822956167177,43.69164677717],[-79.482296447501,43.6916479834724],[-79.4822972782843,43.6916491897747],[-79.4822981090677,43.691650396077],[-79.4822986794642,43.6916511972807],[-79.4822995226527,43.691652403585],[-79.48229998138,43.691653285783],[-79.4823006384769,43.6916545460662],[-79.4823013079789,43.6916558063513],[-79.4823019774809,43.6916570666364],[-79.4823026469829,43.6916583269215],[-79.4823031057236,43.6916591641131],[-79.4823037876334,43.6916604153988],[-79.4823042587791,43.6916612525923],[-79.482304953094,43.6916625038799],[-79.4823054118347,43.6916633410714],[-79.4823058829805,43.6916641782649],[-79.4823065897031,43.6916654205531],[-79.4823073088282,43.6916666718446],[-79.482308027956,43.6916679141348],[-79.4823087470837,43.6916691564249],[-79.4823094786166,43.691670398717],[-79.4823099745752,43.691671226913],[-79.4823104705339,43.691672055109],[-79.4823112144745,43.6916732884016],[-79.4823117104332,43.6916741165976],[-79.482312466779,43.6916753498922],[-79.4823132231247,43.6916765831868],[-79.4823139918756,43.6916778164833],[-79.482314500242,43.6916786356799],[-79.4823152814006,43.691679859977],[-79.4823160501542,43.6916810842722],[-79.4823165709258,43.6916819034707],[-79.4823171041024,43.6916827226711],[-79.4823178976688,43.6916839379688],[-79.4823184308455,43.6916847571692],[-79.482319236817,43.6916859724688],[-79.4823200427885,43.6916871877685],[-79.4823208487601,43.6916884030681],[-79.4823213943446,43.6916892132691],[-79.4823219523341,43.691690023472],[-79.4823227707134,43.6916912297723],[-79.4823236014979,43.6916924360744],[-79.4823244322824,43.6916936423765],[-79.4823252754719,43.6916948486806],[-79.4823258458692,43.6916956498841],[-79.4823264162666,43.6916964510876],[-79.4823272594589,43.6916976483904],[-79.4823278422613,43.6916984495958],[-79.4823284126587,43.6916992507993],[-79.4823292806638,43.6917004391046],[-79.4823301486663,43.6917016364111],[-79.4823310290766,43.6917028247183],[-79.4823319094869,43.6917040130254],[-79.4823325046971,43.6917048052315],[-79.4823330999074,43.6917055974375],[-79.4823339927254,43.6917067767453],[-79.4823345879357,43.6917075689513],[-79.4823354931589,43.691708748261],[-79.4823364107872,43.6917099275725],[-79.4823373160131,43.6917110978809],[-79.4823379360363,43.6917118810894],[-79.4823388536673,43.6917130513997],[-79.4823394736905,43.6917138346082],[-79.4823400937137,43.6917146178168],[-79.4823410361575,43.6917157791295],[-79.4823416561808,43.6917165623381],[-79.4823426110298,43.6917177236528],[-79.4823435534737,43.6917188849655],[-79.4823445083254,43.6917200372789],[-79.4823451531615,43.6917208114899],[-79.4823461204184,43.6917219638052],[-79.4823470876752,43.6917231161205],[-79.4823477325114,43.6917238903315],[-79.482348712176,43.6917250336474],[-79.4823493694199,43.691725798859],[-79.4823500266638,43.6917265640706],[-79.4823506839078,43.6917273292823],[-79.4823518620852,43.6917283646132],[-79.4823528543292,43.6917289138455],[-79.4823543426992,43.6917297241918],[-79.482355831072,43.6917305255369],[-79.4823573194421,43.6917313358833],[-79.4823588202226,43.691732128229],[-79.4823598248771,43.6917326594604],[-79.4823608295316,43.6917331906919],[-79.4823623303122,43.6917339830376],[-79.4823638434979,43.6917347753851],[-79.4823653566862,43.6917355587313],[-79.4823668698747,43.6917363420775],[-79.4823683954708,43.6917371164242],[-79.482369921067,43.691737890771],[-79.4823714466633,43.6917386651177],[-79.482372476136,43.6917391693491],[-79.4823740017349,43.6917399346945],[-79.482375539739,43.6917407000418],[-79.4823770777457,43.6917414563877],[-79.4823786281601,43.6917422037343],[-79.482379657633,43.6917427079656],[-79.4823812080475,43.6917434553121],[-79.4823827584647,43.6917441936574],[-79.4823838003453,43.6917446888892],[-79.482384842226,43.691745184121],[-79.482386405051,43.6917459134668],[-79.4823874469317,43.6917464086986],[-79.4823890097594,43.6917471290431],[-79.4823905849895,43.6917478583907],[-79.4823921478173,43.6917485787352],[-79.4823932021084,43.6917490559662],[-79.4823942563996,43.6917495331973],[-79.4823958316351,43.6917502445423],[-79.4823968983314,43.6917507217753],[-79.4823984735696,43.6917514241189],[-79.4823995402685,43.6917518923505],[-79.4824011279119,43.6917525946961],[-79.482402727963,43.6917532880422],[-79.4824043280141,43.6917539813883],[-79.4824059280679,43.6917546657331],[-79.4824075281218,43.6917553500778],[-79.4824091281756,43.6917560344225],[-79.4824107406373,43.6917567097678],[-79.4824123530989,43.6917573851131],[-79.4824139779683,43.691758051459],[-79.4824150570778,43.6917585016898],[-79.4824166695448,43.6917591590325],[-79.4824182944169,43.691759816377],[-79.4824193859342,43.6917602576084],[-79.482421010809,43.6917609059516],[-79.4824221023289,43.6917613381816],[-79.4824231938488,43.6917617704117],[-79.4824248187237,43.6917624187548],[-79.4824259226514,43.6917628419855],[-79.4824275599341,43.6917634813292],[-79.4824291972194,43.6917641116716],[-79.4824308469098,43.6917647420158],[-79.4824320997273,43.6917650662551],[-79.4824339107782,43.6917653725774],[-79.4824357218318,43.6917656698985],[-79.4824369374762,43.6917658501112],[-79.4824387485298,43.6917661474322],[-79.482439964169,43.6917663456475],[-79.4824411798108,43.6917665348614],[-79.4824423954552,43.6917667150741],[-79.4824442065115,43.6917670033937],[-79.4824454221585,43.691767174605],[-79.4824466378003,43.6917673638189],[-79.4824478534474,43.6917675350302],[-79.4824490690892,43.6917677242441],[-79.482450297144,43.6917678864559],[-79.4824521206134,43.6917681477735],[-79.4824539440853,43.6917684000897],[-79.4824557675573,43.6917686524058],[-79.4824569956121,43.6917688146176],[-79.4824588190841,43.6917690669338],[-79.4824600471416,43.6917692201442],[-79.4824618706162,43.691769463459],[-79.4824630986737,43.6917696166694],[-79.4824643267312,43.6917697698799],[-79.4824661502138,43.6917699861907],[-79.4824679861014,43.6917702025034],[-79.4824698219865,43.6917704278174],[-79.4824710500492,43.6917705630251],[-79.4824728859369,43.6917707793377],[-79.4824741139996,43.6917709145455],[-79.4824753420624,43.6917710497532],[-79.4824771779554,43.6917712480631],[-79.482479026256,43.6917714373737],[-79.482480862149,43.6917716356836],[-79.4824827104523,43.6917718159928],[-79.4824845587556,43.6917719963019],[-79.4824863946538,43.6917721766091],[-79.482487635127,43.691772293816],[-79.4824894710279,43.6917724651219],[-79.4824907115036,43.6917725733274],[-79.4824925474072,43.691772735632],[-79.4824943957158,43.6917728979384],[-79.482496244027,43.6917730512435],[-79.4824974845054,43.6917731504477],[-79.4824993328192,43.6917732947514],[-79.4825011811331,43.6917734390551],[-79.4825030294496,43.6917735743574],[-79.4825042699307,43.6917736645603],[-79.4825061182472,43.6917737998626],[-79.4825073587309,43.6917738810641],[-79.48250920705,43.6917740073651],[-79.4825104475363,43.6917740795652],[-79.4825122958581,43.6917741968649],[-79.4825135363392,43.6917742870676],[-79.4825153846688,43.6917743773633],[-79.4825166251551,43.6917744495634],[-79.4825178656414,43.6917745217635],[-79.4825197139684,43.6917746210604],[-79.4825209544574,43.6917746842592],[-79.4825221949489,43.6917747384566],[-79.4825234354379,43.6917748016553],[-79.4825252837701,43.6917748829496],[-79.4825265242617,43.691774937147],[-79.4825277647533,43.6917749913444],[-79.4825290052449,43.6917750455418],[-79.482530245739,43.6917750907379],[-79.4825314862385,43.6917751179313],[-79.4825339672425,43.6917751543156],[-79.4825352077445,43.6917751725077],[-79.4825364482466,43.6917751906999],[-79.482537688746,43.6917752178933],[-79.4825395370913,43.6917752541808],[-79.4825407775907,43.6917752813742],[-79.4825420180876,43.6917753175688],[-79.482543258587,43.6917753447621],[-79.4825444990838,43.6917753809568],[-79.4825457395806,43.6917754171514],[-79.4825469800774,43.691775453346],[-79.4825482205716,43.6917754985419],[-79.4825494610658,43.6917755437377],[-79.4825507015627,43.6917755799323],[-79.4825519420543,43.6917756341294],[-79.4825537903892,43.6917757064219],[-79.4825550308834,43.6917757516177],[-79.482556271375,43.6917758058148],[-79.4825575118666,43.6917758600118],[-79.4825587523556,43.6917759232102],[-79.482560600688,43.6917760045038],[-79.482561841177,43.6917760677022],[-79.482563081666,43.6917761309005],[-79.4825649299932,43.6917762301967],[-79.4825661704796,43.6917763023962],[-79.482567410966,43.6917763745958],[-79.4825692592906,43.6917764828932],[-79.482570499777,43.6917765550927],[-79.4825723480989,43.6917766723914],[-79.4825735885828,43.6917767535922],[-79.4825754369021,43.6917768798921],[-79.482576677386,43.6917769610928],[-79.4825785257027,43.691777096394],[-79.482579766184,43.691777186596],[-79.4825816144982,43.6917773308984],[-79.482583462815,43.6917774661994],[-79.4825853111266,43.6917776195031],[-79.4825871594382,43.6917777728067],[-79.4825890077498,43.6917779261102],[-79.4825902482258,43.6917780343147],[-79.4825920841298,43.6917781966176],[-79.4825939324362,43.6917783679238],[-79.4825957807427,43.6917785392298],[-79.4825976290465,43.6917787195371],[-79.4825994649453,43.6917788998425],[-79.4826013132466,43.6917790891511],[-79.4826031491428,43.6917792784577],[-79.4826049974441,43.6917794677662],[-79.4826068333377,43.6917796660741],[-79.482608061401,43.6917798012804],[-79.482609884887,43.6917800085876],[-79.4826111129476,43.6917801527951],[-79.4826129612412,43.6917803691074],[-79.4826147971297,43.6917805854177],[-79.4826160127853,43.6917807296234],[-79.4826172408434,43.6917808828321],[-79.4826190643242,43.6917811081418],[-79.4826209126126,43.6917813424565],[-79.4826221406708,43.6917814956653],[-79.4826239641464,43.6917817389774],[-79.4826251797969,43.6917819011856],[-79.48262700327,43.691782153499],[-79.4826288267458,43.6917823968111],[-79.4826306626214,43.6917826581277],[-79.4826320767427,43.691782856371],[-79.4826335776345,43.69178327966],[-79.4826353017996,43.6917837659919],[-79.4826370383698,43.6917842523257],[-79.4826387873477,43.69178472966],[-79.4826399409287,43.6917850448806],[-79.4826416899092,43.6917855132135],[-79.4826434388898,43.6917859815465],[-79.4826445924709,43.691786296767],[-79.4826463414541,43.6917867560986],[-79.4826480904399,43.6917872064289],[-79.4826498518282,43.6917876657624],[-79.4826516008166,43.6917881070913],[-79.4826533622076,43.6917885574234],[-79.4826545530118,43.6917888456456],[-79.4826563020003,43.6917892869745],[-79.4826574679944,43.6917895751929],[-79.4826586587987,43.691789863415],[-79.4826604201975,43.6917902867431],[-79.4826621815964,43.6917907100712],[-79.4826639429978,43.6917911243979],[-79.4826651462098,43.6917914036206],[-79.4826669076113,43.6917918179473],[-79.4826686690155,43.6917922232727],[-79.4826698722301,43.691792493494],[-79.4826716336369,43.691792889818],[-79.4826728368515,43.6917931600393],[-79.4826745982609,43.691793547362],[-79.4826758014782,43.6917938085819],[-79.4826775752927,43.6917941959065],[-79.4826787661049,43.6917944571245],[-79.4826805647322,43.6917948354514],[-79.482682338552,43.6917952047733],[-79.4826841247768,43.6917955740971],[-79.4826859110017,43.6917959434208],[-79.4826877220393,43.6917963037469],[-79.4826895082669,43.6917966640692],[-79.4826913069021,43.6917970153922],[-79.4826931055373,43.691797366715],[-79.48269489177,43.6917977090347],[-79.482696702813,43.6917980513581],[-79.4826985014534,43.6917983846783],[-79.4827003000939,43.6917987179985],[-79.4827015033217,43.6917989432129],[-79.4827033143699,43.6917992675336],[-79.4827051130156,43.6917995828511],[-79.4827069240664,43.6917998981705],[-79.4827087351172,43.6918002134898],[-79.4827105461707,43.6918005198078],[-79.4827123572241,43.6918008261258],[-79.4827135728648,43.6918010243382],[-79.4827153839209,43.6918013216548],[-79.4827165995617,43.6918015198671],[-79.4827184106203,43.6918018081824],[-79.4827196262637,43.6918019973934],[-79.4827208419071,43.6918021866043],[-79.4827220575531,43.691802366814],[-79.4827232731965,43.691802556025],[-79.4827244888424,43.6918027362346],[-79.4827263867264,43.6918030605681],[-79.4827276023672,43.6918032587803],[-79.4827294134234,43.6918035560967],[-79.4827306290669,43.6918037453076],[-79.4827324401257,43.6918040336226],[-79.4827336557665,43.6918042318348],[-79.48273487141,43.6918044210456],[-79.4827360870561,43.6918046012551],[-79.4827373026996,43.6918047904659],[-79.4827385183456,43.6918049706754],[-79.4827397339917,43.6918051508849],[-79.4827409496378,43.6918053310943],[-79.4827427731095,43.6918055924072],[-79.4827439887556,43.6918057726167],[-79.48274581223,43.6918060249282],[-79.4827476357043,43.6918062772397],[-79.4827488637581,43.6918064484497],[-79.4827506872351,43.6918066917599],[-79.4827519152914,43.6918068539685],[-79.482753738771,43.6918070882773],[-79.4827549668274,43.6918072504859],[-79.482756790307,43.6918074847947],[-79.4827586261942,43.691807710104],[-79.4827604620841,43.691807926412],[-79.4827622979714,43.6918081517213],[-79.4827641338638,43.6918083590279],[-79.4827653619254,43.6918085032338],[-79.4827665899896,43.6918086384384],[-79.4827678180538,43.691808773643],[-79.482769046118,43.6918089088475],[-79.4827708820131,43.6918091071528],[-79.4827721100773,43.6918092423573],[-79.4827739583801,43.6918094316631],[-79.4827757942803,43.6918096119656],[-79.4827776425831,43.6918098012713],[-79.482779478486,43.6918099725725],[-79.4827807189605,43.6918100897762],[-79.4827825548633,43.6918102610774],[-79.4827844031739,43.6918104233791],[-79.4827862514844,43.6918105856808],[-79.482788099795,43.6918107479824],[-79.4827899481107,43.6918108922815],[-79.4827917964239,43.6918110455818],[-79.4827930369035,43.6918111447828],[-79.4827948852244,43.6918112710791],[-79.4827967335427,43.6918114063767],[-79.4827979740224,43.6918115055777],[-79.4827998223459,43.6918116228726],[-79.4828016706642,43.6918117581702],[-79.4828029111517,43.6918118303672],[-79.482804151634,43.6918119205668],[-79.4828059999601,43.6918120288604],[-79.4828072404449,43.6918121100586],[-79.4828090887736,43.6918122093508],[-79.482810329261,43.6918122815478],[-79.482811569751,43.6918123447434],[-79.4828134180823,43.6918124350343],[-79.4828146585723,43.6918124982298],[-79.4828158990598,43.6918125704267],[-79.4828171395524,43.6918126246209],[-79.4828189878888,43.6918126969091],[-79.4828202283814,43.6918127511033],[-79.482821468874,43.6918128052976],[-79.4828227093692,43.6918128504904],[-79.4828239498618,43.6918129046846],[-79.4828256243807,43.6918134900205],[-79.4828267531351,43.6918138682445],[-79.4828284276541,43.6918144535802],[-79.4828295439983,43.691814849805],[-79.4828312061097,43.6918154441401],[-79.482832322454,43.6918158403648],[-79.4828334387983,43.6918162365895],[-79.4828351009072,43.6918168399259],[-79.482836763016,43.6918174432623],[-79.4828384251275,43.6918180375974],[-79.4828400748237,43.6918186679357],[-79.4828411787579,43.6918190821611],[-79.4828422826921,43.6918194963864],[-79.4828433866263,43.6918199106117],[-79.4828444905606,43.691820324837],[-79.4828461278518,43.6918209551734],[-79.4828477775481,43.6918215855116],[-79.4828494148368,43.6918222248493],[-79.4828510521256,43.6918228641869],[-79.4828521436498,43.6918232964129],[-79.4828532351739,43.6918237286388],[-79.4828543266981,43.6918241608648],[-79.4828559515793,43.6918248092018],[-79.482857576458,43.6918254665401],[-79.4828592013367,43.6918261238783],[-79.4828608262129,43.6918267902178],[-79.4828624386841,43.6918274565555],[-79.4828640511526,43.6918281318944],[-79.4828656636213,43.6918288072333],[-79.48286727609,43.6918294825722],[-79.4828688761511,43.6918301669104],[-79.4828699552627,43.6918306261383],[-79.4828715553238,43.6918313104765],[-79.4828731429774,43.6918320038142],[-79.4828742096814,43.6918324720414],[-79.482875797335,43.691833165379],[-79.4828773849861,43.6918338677179],[-79.4828784516876,43.6918343449464],[-79.4828800269337,43.6918350472834],[-79.4828810812302,43.6918355245099],[-79.4828826564712,43.6918362448495],[-79.4828842317122,43.691836965189],[-79.4828852860088,43.6918374424156],[-79.4828868488422,43.6918381717545],[-79.4828884240808,43.6918389010953],[-79.4828899869143,43.6918396304342],[-79.4828915373402,43.6918403687725],[-79.4828925792267,43.6918408639997],[-79.4828941296527,43.691841602338],[-79.4828951715392,43.6918420975652],[-79.4828977390366,43.6918433491294],[-79.4828987685155,43.691843853356],[-79.4828997979945,43.6918443575826],[-79.4829008274735,43.6918448618091],[-79.48290185695,43.691845375037],[-79.4829033825583,43.6918461403753],[-79.4829049081667,43.6918469057136],[-79.4829067934767,43.691847833129],[-79.4829078229558,43.6918483373555],[-79.4829088524349,43.691848841582],[-79.4829103780409,43.6918496159215],[-79.4829118912392,43.6918503992605],[-79.4829129083082,43.6918509214877],[-79.4829143966914,43.6918517228255],[-79.4829154013502,43.6918522630534],[-79.4829168773258,43.6918530733906],[-79.4829183532963,43.6918539017304],[-79.4829198044541,43.6918547390677],[-79.4829207718902,43.6918553062939],[-79.4829222106378,43.6918561616319],[-79.4829231656663,43.6918567378576],[-79.4829241206947,43.6918573140831],[-79.4829255222195,43.6918581964195],[-79.4829264648378,43.6918587906458],[-79.4829278539551,43.6918596819816],[-79.4829292306622,43.691860591318],[-79.4829306073694,43.6918615006545],[-79.4829319592613,43.6918624279898],[-79.4829332987456,43.6918633643246],[-79.4829341917335,43.6918639945486],[-79.4829355064102,43.6918649218783],[-79.4829368210717,43.6918659032158],[-79.4829381109256,43.6918668755483],[-79.4829394007795,43.6918678478807],[-79.4829406658182,43.691868838212],[-79.4829419184493,43.6918698375428],[-79.4829431586754,43.6918708368717],[-79.4829443988963,43.6918718542032],[-79.4829456018995,43.6918728805304],[-79.4829468049028,43.6918739068576],[-79.4829475986323,43.6918746000757],[-79.4829487768204,43.6918756444018],[-79.4829495581423,43.6918763466194],[-79.4829503270567,43.6918770578364],[-79.4829514680244,43.6918781201596],[-79.4829525965845,43.691879191482],[-79.482953712737,43.691880271804],[-79.4829548164819,43.6918813611253],[-79.4829558954142,43.6918824594443],[-79.4829566147007,43.6918831976578],[-79.4829576688202,43.6918843049743],[-79.4829585493908,43.6918849802028],[-79.4829593802009,43.6918861504951],[-79.4830793395325,43.6920553386636],[-79.481535305495,43.6923938724214],[-79.4815226637451,43.6923966427775],[-79.4804576026028,43.6926264577345],[-79.4804543769869,43.6926272312944],[-79.4804511265722,43.6926279688447],[-79.4804478637638,43.6926286703876],[-79.4804445885648,43.6926293269218],[-79.4804412885698,43.6926299384453],[-79.4804379761812,43.6926305139613],[-79.4804346514019,43.6926310444686],[-79.4804313142319,43.6926315299673],[-79.4804279646654,43.6926319884598],[-79.480424590306,43.6926323929403],[-79.4804212407716,43.6926327524184],[-79.4804178664443,43.6926330578844],[-79.4804144921227,43.6926333453477],[-79.4804110930112,43.6926335697976],[-79.4804077063137,43.6926337672457],[-79.4804043072285,43.6926339106837],[-79.480400908155,43.6926340181165],[-79.480397509099,43.6926340715414],[-79.4803940976525,43.6926340799577],[-79.4803906986171,43.6926340703733],[-79.4803872996023,43.6926339977798],[-79.4803839005992,43.6926338891811],[-79.4803805016136,43.6926337265744],[-79.480377102637,43.6926335369638],[-79.4803737160832,43.6926332933474],[-79.4803703419493,43.6926330047266],[-79.4803669678272,43.6926326801006],[-79.4803635937199,43.6926323104679],[-79.4803602444349,43.6926319048343],[-79.4803568951675,43.6926314451927],[-79.4803535707224,43.6926309495502],[-79.4803502462921,43.6926304089011],[-79.4803469342788,43.6926298322489],[-79.4803436470908,43.6926292105944],[-79.4803403599176,43.6926285439332],[-79.4803370975667,43.6926278412711],[-79.4803338600411,43.6926270936067],[-79.4803306349355,43.6926263009379],[-79.480327422247,43.692625472266],[-79.4803242343808,43.692624607593],[-79.48032107134,43.6926236979178],[-79.4803179331157,43.6926227702441],[-79.4803148197284,43.692621761563],[-79.4803117187524,43.6926207348814],[-79.4803086550069,43.6926196631996],[-79.4803056036786,43.6926185555147],[-79.480302589578,43.6926174118309],[-79.4802996002997,43.6926162321462],[-79.480296648249,43.6926150164627],[-79.4802937086185,43.6926137557747],[-79.4802908186208,43.69261245909],[-79.4802879534427,43.6926111354057],[-79.4802851130898,43.692609766719],[-79.4802823099646,43.6926083620336],[-79.4802795440671,43.6926069213493],[-79.4802768153914,43.6926054626688],[-79.4802741115439,43.6926039499848],[-79.4802714573294,43.6926024013041],[-79.4802688279285,43.6926008436263],[-79.4802662481664,43.6925992319492],[-79.4802637056289,43.6925975932746],[-79.4802612003192,43.6925959186013],[-79.4802587322341,43.6925942169304],[-79.4802563137791,43.6925924882641],[-79.4802539325517,43.6925907235991],[-79.480251588552,43.6925889229352],[-79.4802492693688,43.692587104273],[-79.4802470494395,43.6925852496228],[-79.4802448419244,43.6925833679707],[-79.4802426840393,43.6925814593233],[-79.4802405633789,43.6925795236784],[-79.4802384923485,43.6925775610382],[-79.4802364833503,43.6925755804061],[-79.4802345115797,43.6925735637751],[-79.4802325894361,43.6925715291502],[-79.4802307045173,43.6925694675277],[-79.4802288816336,43.6925673789121],[-79.480227108377,43.6925652723024],[-79.4802253847502,43.6925631386975],[-79.4802237231557,43.6925609871006],[-79.4802220987828,43.6925588175075],[-79.4802205364452,43.6925566209213],[-79.4802190237316,43.6925544153424],[-79.4802175606479,43.6925521827681],[-79.4802161595963,43.692549932202],[-79.4802148081718,43.6925476636418],[-79.4802135063712,43.692545386089],[-79.4802122666057,43.6925430815429],[-79.4802110764642,43.6925407680042],[-79.4802099483548,43.6925384364736],[-79.4802086839272,43.6925356818585],[-79.4801484166297,43.6923934059443],[-79.4801479579995,43.6923923077067],[-79.4801474125923,43.6923910294281],[-79.4801470407214,43.6923901652392],[-79.4801464953173,43.6923888779593],[-79.4801459499161,43.6923875816781],[-79.4801454169142,43.6923863034017],[-79.4798939013792,43.6917925519997],[-79.4796807295223,43.691838240888],[-79.4796553468769,43.6918436821571],[-79.4795740749604,43.6918619222911],[-79.4792941696883,43.6919247369806],[-79.479226010767,43.6919400358178],[-79.4789822561245,43.691994728137],[-79.4788736531663,43.6920190926261],[-79.4788514912381,43.6919666379791],[-79.4788126601742,43.6919753350411],[-79.4786561820315,43.6920104019815],[-79.4785892882857,43.6920253856297],[-79.4784892701606,43.6920477980801],[-79.4781976257684,43.6913623751508],[-79.478124300501,43.6911900313177],[-79.4780277859461,43.6909631981262],[-79.4778895533928,43.6906382876453],[-79.4774482024407,43.6907354604439],[-79.4770900503058,43.6898856486751],[-79.4770609005232,43.6898173409732],[-79.4772031940758,43.689785675866],[-79.4772862006468,43.6897672037219],[-79.4786536741704,43.6894628452978],[-79.479112071824,43.6893608102373],[-79.4793933853194,43.689462107914]]]]},"properties":{"_id":2420,"AREA_ID":41205,"AREA_ATTR_ID":230,"PARENT_AREA_ID":null,"AREA_CLASS_ID":802,"AREA_CLASS":"Park","AREA_SHORT_CODE":"230","AREA_LONG_CODE":"230","AREA_NAME":"CORONATION PARK - YORK","AREA_DESC":"None","OBJECTID":4329980}},{"type":"Feature","geometry":{"type":"MultiPolygon","coordinates":[[[[-79.4633640034197,43.6921135941168],[-79.4642762867395,43.6919101295417],[-79.4635181772031,43.6924775567799],[-79.4633640034197,43.6921135941168]]]]},"properties":{"_id":2433,"AREA_ID":41202,"AREA_ATTR_ID":1290,"PARENT_AREA_ID":null,"AREA_CLASS_ID":802,"AREA_CLASS":"Park","AREA_SHORT_CODE":"1290","AREA_LONG_CODE":"1290","AREA_NAME":"EGLINTON - GILBERT PARKETTE","AREA_DESC":"None","OBJECTID":4329996}},{"type":"Feature","geometry":{"type":"MultiPolygon","coordinates":[[[[-79.4536639580627,43.6886400373065],[-79.4535699287638,43.6886609721829],[-79.4535588842317,43.68863476491],[-79.4535312605492,43.6885692332157],[-79.4535036493312,43.6885037015189],[-79.4534760257689,43.6884381698098],[-79.4534484022737,43.6883726290919],[-79.453420791236,43.688307097373],[-79.453393167847,43.6882415746429],[-79.4534834498232,43.6882214395014],[-79.4535737441434,43.6882013042934],[-79.4536640384032,43.6881811690141],[-79.4537543326027,43.6881610336633],[-79.4538446267418,43.6881408982412],[-79.4539124527587,43.6881257764172],[-79.4539349208205,43.6881207627475],[-79.4539801174511,43.6881106994946],[-79.4540252148389,43.6881006271825],[-79.454047769719,43.6880956045242],[-79.4541155211944,43.6880805005524],[-79.4542058150921,43.6880603648445],[-79.4542961089295,43.6880402290652],[-79.4543864151107,43.6880200932194],[-79.4544767088274,43.6879999572972],[-79.4545045317475,43.688065488849],[-79.4545323671256,43.6881310293995],[-79.4545602025643,43.6881965699425],[-79.4545880256525,43.6882621194743],[-79.4546158612123,43.6883276600023],[-79.4546436720307,43.6883931915117],[-79.4546687340643,43.6884521779776],[-79.4541262353196,43.6885729840431],[-79.454112379771,43.6885402047456],[-79.4539966517754,43.6885659739604],[-79.4538881690992,43.6885901257469],[-79.4537760636308,43.6886150770811],[-79.4536639580627,43.6886400373065]]]]},"properties":{"_id":2535,"AREA_ID":41241,"AREA_ATTR_ID":180,"PARENT_AREA_ID":null,"AREA_CLASS_ID":802,"AREA_CLASS":"Park","AREA_SHORT_CODE":"180","AREA_LONG_CODE":"180","AREA_NAME":"CHARLES CACCIA PARK","AREA_DESC":"None","OBJECTID":4330124}},{"type":"Feature","geometry":{"type":"MultiPolygon","coordinates":[[[[-79.4504102273858,43.7014213417977],[-79.4511350017769,43.701264293542],[-79.4511585245936,43.7013723999745],[-79.4511938027624,43.7015345731096],[-79.4505416928421,43.701677638201],[-79.4505404394872,43.7016779256997],[-79.45053924819,43.7016781862213],[-79.4505374736329,43.7016785995123],[-79.4505356990831,43.7016790038021],[-79.4505339369404,43.7016794080971],[-79.4505327456284,43.7016796866213],[-79.4505309834782,43.7016800999175],[-79.4505297921662,43.7016803784416],[-79.450528030016,43.7016807917379],[-79.4505262554513,43.70168121403],[-79.4505244932937,43.7016816363274],[-79.4505227187289,43.7016820586195],[-79.4505209565638,43.7016824899182],[-79.4505191944061,43.7016829122156],[-79.4505180154937,43.7016831997462],[-79.4505168365812,43.7016834872768],[-79.4505150744087,43.7016839275767],[-79.4505133122435,43.7016843588752],[-79.450511562478,43.7016847991804],[-79.450510383558,43.7016850957123],[-79.4505086213854,43.701685536012],[-79.4505068716198,43.7016859763171],[-79.4505056926998,43.7016862728489],[-79.4505039429268,43.7016867221553],[-79.4505021931463,43.7016871804629],[-79.4505010142263,43.7016874769946],[-79.4504992644458,43.7016879353021],[-79.4504975146653,43.7016883936096],[-79.4504957648847,43.7016888519172],[-79.4504940151042,43.7016893102246],[-79.4504922653161,43.7016897775333],[-79.4504905279426,43.7016902358461],[-79.4504893614148,43.7016905503857],[-79.4504881948869,43.7016908649252],[-79.4504870283591,43.7016911794647],[-79.450485290978,43.7016916467787],[-79.4504841244427,43.7016919703195],[-79.4504823870543,43.7016924466347],[-79.4504812205264,43.7016927611741],[-79.4504794831304,43.7016932464906],[-79.4504777457419,43.7016937228057],[-79.4504760083459,43.7016942081221],[-79.4504742709499,43.7016946934385],[-79.4504731168142,43.7016950259858],[-79.4504698902162,43.701695933717],[-79.4504681652198,43.70169642804],[-79.450467011084,43.7016967605872],[-79.4504652860802,43.7016972639114],[-79.4504641319444,43.7016975964586],[-79.4504629778085,43.7016979290058],[-79.4504612528046,43.7016984323299],[-79.4504595278007,43.701698935654],[-79.4504583736574,43.7016992772024],[-79.4504572195141,43.7016996187508],[-79.4504555069097,43.7017001310815],[-79.4504543527664,43.7017004726299],[-79.4504526401621,43.7017009849605],[-79.4504507662207,43.7017015512288],[-79.4504490536014,43.701702081562],[-79.4504473409896,43.7017026028938],[-79.4504456283702,43.7017031332269],[-79.4504439157509,43.7017036635599],[-79.4504427739997,43.7017040231161],[-79.4504410737874,43.7017045534545],[-79.4504399320362,43.7017049130107],[-79.4504382318165,43.7017054523503],[-79.4504370900652,43.7017058119065],[-79.450435389838,43.7017063602473],[-79.4504342480867,43.7017067198034],[-79.4504325478594,43.7017072681443],[-79.4504308476247,43.7017078254863],[-79.4504291473974,43.7017083738271],[-79.4504274471626,43.7017089311691],[-79.4504257593498,43.7017094705139],[-79.450424059115,43.7017100278559],[-79.4504229297484,43.7017104144211],[-79.4504212295135,43.701710971763],[-79.4504201125615,43.7017113493323],[-79.4504189832097,43.7017117178949],[-79.4504172953744,43.7017122842435],[-79.4504156075317,43.7017128595932],[-79.4504144781724,43.7017132371571],[-79.4504133488132,43.7017136147209],[-79.4504116733701,43.7017141990773],[-79.4504099855347,43.7017147654257],[-79.450408310099,43.7017153407808],[-79.4504066222487,43.7017159251317],[-79.4504049468054,43.701716509488],[-79.4504032713696,43.7017170848429],[-79.4504015959189,43.7017176782005],[-79.4504004789518,43.7017180737721],[-79.4503993619846,43.7017184693437],[-79.4503976865413,43.7017190536999],[-79.450396569574,43.7017194492715],[-79.4503954525994,43.7017198538444],[-79.4503937895557,43.7017204472072],[-79.4503926725884,43.7017208427788],[-79.4503910095372,43.7017214451428],[-79.450389346486,43.7017220475068],[-79.4503876834347,43.7017226498707],[-79.4503860203759,43.7017232612359],[-79.4503843573246,43.7017238635998],[-79.4503832527495,43.7017242771793],[-79.4503821357747,43.701724681752],[-79.4503804851229,43.7017252931225],[-79.4503793805478,43.7017257067019],[-79.4503777298885,43.7017263270737],[-79.4503766253134,43.701726740653],[-79.4503749746541,43.7017273610248],[-79.4503733239948,43.7017279813964],[-79.4503716733355,43.7017286017681],[-79.4503700226687,43.701729231141],[-79.4503689180859,43.7017296537216],[-79.4503672798262,43.7017302830999],[-79.4503661752434,43.7017307056804],[-79.4503646362777,43.7017312900953],[-79.4503629856182,43.7017319104669],[-79.4503618810428,43.7017323240461],[-79.4503607764674,43.7017327376253],[-79.4503591382075,43.7017333670034],[-79.4503580336246,43.7017337895839],[-79.4503563953647,43.701734418962],[-79.4503552907818,43.7017348415424],[-79.4503536525217,43.7017354709205],[-79.4503520266614,43.7017361093052],[-79.4503503759868,43.7017367476791],[-79.4503492714038,43.7017371702595],[-79.450347657943,43.7017378176508],[-79.4503460196754,43.7017384560301],[-79.4503449150849,43.7017388876117],[-79.4503438229015,43.7017393191987],[-79.4503421970335,43.7017399665845],[-79.4503411048427,43.7017404071728],[-79.4503394913817,43.701741054564],[-79.4503378655062,43.701741710951],[-79.4503362396307,43.701742367338],[-79.4503351350326,43.7017428079208],[-79.4503335339712,43.7017434643186],[-79.450331895681,43.7017441297015],[-79.4503302697979,43.7017447950897],[-79.4503286563219,43.7017454604833],[-79.450327055253,43.7017461258823],[-79.4503254417694,43.7017468002771],[-79.4503238282859,43.7017474746719],[-79.4503222148023,43.7017481490667],[-79.4503211350108,43.7017485986614],[-79.4503195339343,43.7017492730616],[-79.4503179204432,43.7017499564576],[-79.4503163193591,43.7017506398589],[-79.4503152395601,43.7017510984549],[-79.450313638476,43.7017517818562],[-79.4503120373919,43.7017524652575],[-79.4503104363003,43.7017531576601],[-79.4503088476157,43.701753850068],[-79.4503072465241,43.7017545424705],[-79.450305657832,43.7017552438797],[-79.4503045904326,43.7017557114822],[-79.4503030017479,43.7017564038901],[-79.4503014130558,43.7017571052992],[-79.4503003456489,43.7017575819029],[-79.4502987693638,43.7017582833174],[-79.4502977019642,43.7017587509198],[-79.4502955053971,43.7017593620517],[-79.4502325618893,43.7014769555048],[-79.4504137873241,43.7014374736366],[-79.4504102273858,43.7014213417977]]]]},"properties":{"_id":2658,"AREA_ID":41078,"AREA_ATTR_ID":536,"PARENT_AREA_ID":null,"AREA_CLASS_ID":802,"AREA_CLASS":"Park","AREA_SHORT_CODE":"536","AREA_LONG_CODE":"536","AREA_NAME":"J.T. WATSON PARKETTE","AREA_DESC":"None","OBJECTID":4330261}},{"type":"Feature","geometry":{"type":"MultiPolygon","coordinates":[[[[-79.4292133237117,43.6952287279761],[-79.4292976107159,43.6953536460357],[-79.4293819104652,43.6954785730396],[-79.429424041878,43.6955410230038],[-79.4294661857947,43.6956034639583],[-79.4295504862538,43.6957283818316],[-79.4296347746463,43.6958533086338],[-79.4291814971572,43.6959504226548],[-79.4290971971115,43.6958255405197],[-79.4290129098319,43.6957006493264],[-79.4289286352971,43.6955757670774],[-79.428844348706,43.6954508847561],[-79.4287600624751,43.6953259933688],[-79.4292133237117,43.6952287279761]]]]},"properties":{"_id":2770,"AREA_ID":41150,"AREA_ATTR_ID":415,"PARENT_AREA_ID":null,"AREA_CLASS_ID":802,"AREA_CLASS":"Park","AREA_SHORT_CODE":"415","AREA_LONG_CODE":"415","AREA_NAME":"GLEN CEDAR PARK","AREA_DESC":"None","OBJECTID":4330386}},{"type":"Feature","geometry":{"type":"MultiPolygon","coordinates":[[[[-79.4700108073937,43.6974569512981],[-79.4695554891931,43.6974012479895],[-79.4695503875948,43.6974064583758],[-79.4694546041375,43.6973475824064],[-79.4693536366911,43.6972855275121],[-79.4692526446405,43.6972234725212],[-79.4691516776152,43.697161408446],[-79.4690507107981,43.697099344281],[-79.4689497441894,43.6970372800262],[-79.4688944178926,43.6970032851237],[-79.4688487529767,43.6969752156747],[-79.4687477867799,43.6969131602416],[-79.4687078021898,43.6968885847885],[-79.4686468207961,43.6968510957174],[-79.4685458426145,43.6967890310999],[-79.4684194279426,43.6967113421332],[-79.4685356254901,43.6966124140157],[-79.4687137810762,43.6964607462021],[-79.4688756767407,43.6963229086613],[-79.4691448806296,43.6960937098175],[-79.4691887341954,43.6961208965379],[-79.4692922664629,43.6961850945864],[-79.4693960720113,43.6962490405773],[-79.4694998281701,43.6963129594564],[-79.4696032744897,43.6963766981323],[-79.4697070931007,43.6964406528435],[-79.4698108251172,43.696504553429],[-79.4699145697556,43.6965684629244],[-79.4700186246675,43.6966325704346],[-79.4701220348813,43.6966962816241],[-79.4702258173902,43.6967602088473],[-79.4704809454369,43.6966154262897],[-79.4704819384302,43.696614391398],[-79.4704829562842,43.6966132574985],[-79.470483899715,43.6966120965759],[-79.4704844955948,43.6966113046164],[-79.4704850666669,43.6966105036492],[-79.4704858488496,43.696609279676],[-79.4704865690108,43.6966080376842],[-79.4704872147444,43.6966067776706],[-79.470487612158,43.6966059226508],[-79.4704879723577,43.6966050586201],[-79.4704884568344,43.6966037535584],[-79.470488854473,43.696602439473],[-79.4704890906253,43.6966015484064],[-79.4704893642121,43.6966002162864],[-79.470489575773,43.6965988751491],[-79.4704896630569,43.6965979750428],[-79.4704897255286,43.6965970749301],[-79.4704897507822,43.6965961748078],[-79.4704897266322,43.6965948246083],[-79.4704896280414,43.696593483391],[-79.4704895168283,43.6965925832334],[-79.4704892941768,43.696591241984],[-79.4704890961168,43.6965903508053],[-79.470488749396,43.6965890275265],[-79.4704883158282,43.6965877132264],[-79.4704878202214,43.696586416913],[-79.4704874484633,43.6965855526933],[-79.4704868287826,43.6965842833517],[-79.4704863701689,43.6965834461135],[-79.4704856264144,43.6965822037437],[-79.4704848206164,43.6965809883617],[-79.4704839403688,43.6965797999644],[-79.4704829980776,43.6965786385549],[-79.4704819813369,43.69657750413],[-79.4704809149544,43.6965764056975],[-79.4704797741222,43.6965753342495],[-79.4704785836482,43.696574298794],[-79.4704777527733,43.6965736234827],[-79.4704764754261,43.6965726510137],[-79.4704781998905,43.6965726064527],[-79.4704792914119,43.6965730387964],[-79.4704803829332,43.6965734711401],[-79.4704820078093,43.6965741196525],[-79.4704830993307,43.6965745519962],[-79.4704847366172,43.6965751915104],[-79.4704858281387,43.6965756238541],[-79.4704869196601,43.6965760561977],[-79.4704885569468,43.6965766957119],[-79.4704901942335,43.6965773352261],[-79.470491285755,43.6965777675697],[-79.4704929230417,43.6965784070838],[-79.4704945603329,43.6965790375966],[-79.4704956518544,43.6965794699402],[-79.4704972891457,43.696580100453],[-79.4704983930778,43.6965805237984],[-79.4705000303647,43.6965811633125],[-79.4705016800621,43.6965817938284],[-79.4705033173534,43.6965824243411],[-79.4705044212856,43.6965828476865],[-79.470506058577,43.6965834781991],[-79.4705071625093,43.6965839015445],[-79.4705087998052,43.6965845230558],[-79.4705099037374,43.6965849464012],[-79.4705110076741,43.6965853607452],[-79.4705126573717,43.696585991261],[-79.4705143070694,43.6965866217767],[-79.4705159567759,43.6965872342898],[-79.470517606478,43.6965878558042],[-79.4705187104148,43.6965882701482],[-79.470520360117,43.6965888916626],[-79.4705214640538,43.6965893060065],[-79.4705225679907,43.6965897203505],[-79.470524217693,43.6965903418647],[-79.4705258673997,43.6965909543777],[-79.4705269713366,43.6965913687216],[-79.4705286334494,43.6965919812378],[-79.4705302955623,43.6965925937539],[-79.4705319452691,43.6965932062668],[-79.4705330616166,43.6965936116125],[-79.4705347113235,43.6965942241254],[-79.470535827671,43.6965946294711],[-79.470537489784,43.6965952419872],[-79.4705391519014,43.6965958455018],[-79.4705408140189,43.6965964490165],[-79.4705424885381,43.6965970615357],[-79.4705441382496,43.6965976650471],[-79.4705458003716,43.6965982595604],[-79.4705469291253,43.6965986649092],[-79.4705485788369,43.6965992684206],[-79.4705497075951,43.6965996647681],[-79.4705513573067,43.6966002682794],[-79.4705524736588,43.6966006646237],[-79.470553602417,43.6966010609712],[-79.4705552521332,43.6966016554812],[-79.4705563808914,43.6966020518286],[-79.4705574848375,43.6966024481696],[-79.4705586135958,43.696602844517],[-79.4705602757181,43.6966034390302],[-79.4705613796643,43.6966038353711],[-79.4705630541971,43.6966044208861],[-79.4705641829554,43.6966048172335],[-79.4705652869017,43.6966052135745],[-79.4705669738406,43.6966057990926],[-79.4705686483735,43.6966063846074],[-79.4705703229065,43.6966069701223],[-79.4705714392633,43.6966073574651],[-79.4705731137963,43.6966079429799],[-79.4705747883293,43.6966085284948],[-79.4705759294983,43.6966089158439],[-79.4705776040358,43.6966094923574],[-79.4705792909794,43.696610068874],[-79.4705809531064,43.6966106543856],[-79.4705820818738,43.6966110327302],[-79.4705837564114,43.6966116092435],[-79.4705848975805,43.6966119965926],[-79.4705865721182,43.6966125731059],[-79.4705876884796,43.6966129514473],[-79.470588817247,43.6966133297918],[-79.4705905041909,43.6966139063083],[-79.470592178733,43.6966144738203],[-79.4705933199066,43.696614852168],[-79.4705944362681,43.6966152305093],[-79.4705955650356,43.6966156088537],[-79.470597251984,43.6966161763688],[-79.4705983931577,43.6966165547165],[-79.4706000801061,43.6966171222315],[-79.4706012088737,43.6966175005759],[-79.4706028958265,43.6966180590897],[-79.4706040245942,43.6966184374341],[-79.4706057239531,43.6966189959509],[-79.4706074109061,43.6966195544646],[-79.4706091102651,43.6966201129814],[-79.4706107972181,43.696620671495],[-79.4706124965771,43.6966212300118],[-79.4706141959406,43.6966217795272],[-79.4706158952998,43.6966223380439],[-79.4706175946634,43.6966228875593],[-79.4706192816209,43.6966234370715],[-79.4706204227992,43.6966238064177],[-79.4706221221629,43.696624355933],[-79.4705796538318,43.6967052755916],[-79.4705297705299,43.696778038155],[-79.4704666117308,43.6968524895086],[-79.4705465286384,43.6968846087208],[-79.4706055205902,43.6969083242966],[-79.4706631853954,43.6969314994239],[-79.4707094512289,43.6969500989475],[-79.4707309096581,43.6969587186764],[-79.4707798423343,43.6969783900075],[-79.4708839096567,43.6970202185421],[-79.470896524263,43.6970252894794],[-79.4710131567576,43.6970721708167],[-79.4707112490022,43.6973856987041],[-79.4705695599154,43.6975328603551],[-79.4704925770869,43.6976128079392],[-79.4700108073937,43.6974569512981]]],[[[-79.4683620395823,43.6955981008623],[-79.4683608865662,43.6955967143446],[-79.4684001937944,43.6956099391109],[-79.4684628157766,43.6956389855647],[-79.4685125264322,43.6956620515718],[-79.4685816848324,43.6956941421964],[-79.4686248716658,43.6957141729265],[-79.4687005417049,43.6957492896993],[-79.4687372046881,43.695766294167],[-79.4688130485036,43.6958014829229],[-79.4688495503064,43.6958184243014],[-79.4689255182845,43.6958536670239],[-79.4689618961285,43.6958705363223],[-79.4690380378795,43.6959058600285],[-79.4686875516245,43.6962044183258],[-79.4686861750334,43.6962035088185],[-79.4686848108529,43.6962025903134],[-79.4686834590785,43.6962016718116],[-79.4686825537649,43.6962010504746],[-79.4686812144059,43.6962001139736],[-79.4686798750469,43.6961991774726],[-79.4686789821441,43.6961985471377],[-79.468678101652,43.696197907805],[-79.4686767871144,43.6961969533081],[-79.4686754849829,43.6961959988147],[-79.4686746169015,43.696195350484],[-79.4686737488201,43.6961947021533],[-79.46867247151,43.6961937296641],[-79.4686716158394,43.6961930723355],[-79.4686703385341,43.6961920908449],[-79.4686694952741,43.6961914245184],[-79.4686682427855,43.6961904340333],[-79.4686670027076,43.6961894345504],[-79.4686661718584,43.696188759226],[-79.4686649441912,43.696187750745],[-79.4686641257527,43.6961870664228],[-79.4686629104963,43.696186048944],[-79.4686620920579,43.6961853646216],[-79.4686609016229,43.6961843291471],[-79.4686596987819,43.6961832936691],[-79.4686585207529,43.6961822581979],[-79.4686577395419,43.6961815558831],[-79.4686569583309,43.6961808535684],[-79.4686557927174,43.696179800098],[-79.4686546519206,43.6961787376331],[-79.4686538831203,43.6961780263204],[-79.4686527547295,43.6961769638589],[-79.46865199834,43.6961762435484],[-79.4686508823646,43.6961751630876],[-79.4686497663893,43.6961740826269],[-79.4686490348165,43.6961733533219],[-79.4686483032436,43.6961726240168],[-79.4686472244957,43.6961715255637],[-79.4686461457479,43.6961704271106],[-79.4686450794107,43.6961693196596],[-79.4686440254796,43.6961682122119],[-79.4686433187282,43.6961674649111],[-79.4686426243828,43.6961667176136],[-79.4686415952684,43.6961656011715],[-79.4686409133338,43.6961648448761],[-79.4686402313991,43.6961640885808],[-79.4686392271061,43.6961629541429],[-79.4686382352192,43.6961618197083],[-79.4686375656952,43.6961610544151],[-79.4686369085773,43.6961602891252],[-79.4686359415117,43.6961591366949],[-79.4686349744463,43.6961579842646],[-79.4686340197914,43.6961568228364],[-79.4686330775426,43.6961556614116],[-79.4686321477046,43.6961544909888],[-79.4686312302725,43.6961533205695],[-79.4686303128451,43.6961521411489],[-79.4686294078238,43.6961509617317],[-79.4686285276144,43.6961497823213],[-79.4686279325454,43.6961489810432],[-79.4686270647467,43.6961477926349],[-79.4686264944897,43.6961469913637],[-79.4686259242279,43.6961461990938],[-79.4686253539756,43.6961453888213],[-79.468624510989,43.6961442004197],[-79.4686239655486,43.696143390154],[-79.468623407707,43.6961425708836],[-79.4686226019478,43.6961413644897],[-79.4686220565121,43.6961405452227],[-79.468621263159,43.6961393388322],[-79.4686207425353,43.696138519572],[-79.4686202219117,43.6961377003118],[-79.4686194533799,43.6961364759255],[-79.4686186972588,43.6961352425414],[-79.4686182014566,43.6961344052854],[-79.4686174577415,43.6961331719046],[-79.4686167264371,43.696131929526],[-79.4686162430362,43.6961311012747],[-79.4686155365485,43.6961298499015],[-79.4686150655583,43.6961290126524],[-79.4686146069693,43.6961281844079],[-79.4686141483898,43.6961273381608],[-79.4686134791154,43.6961260957991],[-79.4686130329466,43.6961252405542],[-79.4686123760829,43.6961239891947],[-79.4686119423201,43.6961231339531],[-79.4686113102778,43.6961218645978],[-79.4686108269803,43.6961208383181],[-79.4686102569726,43.6961195599786],[-79.4686097117815,43.6961182726446],[-79.4686093524592,43.6961174084221],[-79.4686088196741,43.6961161210915],[-79.4686083117104,43.6961148157651],[-79.468607803742,43.69611351944],[-79.4686073205902,43.6961122141204],[-79.4686068374385,43.6961109088008],[-79.4686065277449,43.6961100355908],[-79.468606081811,43.6961087302814],[-79.4686056358819,43.6961074159707],[-79.4686052147648,43.6961061016669],[-79.4686047936476,43.696104787363],[-79.4686045335826,43.6961039051653],[-79.4686041248715,43.6961025908648],[-79.4686038896184,43.6961017086739],[-79.4686036419594,43.6961008264796],[-79.4686033818944,43.6960999442818],[-79.4686030352226,43.6960986119958],[-79.468602700952,43.6960972887145],[-79.468602379092,43.6960959564354],[-79.4686020696381,43.6960946241596],[-79.4686017601841,43.6960932918838],[-79.4686014879481,43.6960919596183],[-79.4686013023236,43.6960910684397],[-79.4686010548996,43.6960897361809],[-79.4686008074802,43.6960883949209],[-79.4686005600608,43.6960870536609],[-79.4686003374533,43.6960857124077],[-79.4686001396578,43.6960843711613],[-79.4685999418623,43.6960830299149],[-79.4685997564727,43.6960816886719],[-79.4685996576948,43.6960807885159],[-79.4685994847112,43.6960794472763],[-79.4685993983392,43.6960785471237],[-79.4685993119671,43.696077646971],[-79.4685992131892,43.696076746815],[-79.4685991146414,43.6960754055959],[-79.4685990282694,43.6960745054432],[-79.4685989791153,43.6960736053008],[-79.4685989175552,43.696072705155],[-79.4685988684011,43.6960718050126],[-79.468598806841,43.6960709048668],[-79.4685987700928,43.6960700047278],[-79.4685987333446,43.6960691045888],[-79.4685987090024,43.6960682044532],[-79.4685986848951,43.6960668542533],[-79.4685986607878,43.6960655040533],[-79.4685986614923,43.6960641538601],[-79.4685986746122,43.6960627856678],[-79.4685987001146,43.6960614624853],[-79.4685987253962,43.6960605623633],[-79.4685987506778,43.6960596622414],[-79.4685987883654,43.6960587621228],[-79.4685988384589,43.6960578620077],[-79.4685988885525,43.6960569618926],[-79.468598938646,43.6960560617774],[-79.4685990011455,43.6960551616657],[-79.4685990636449,43.6960542615539],[-79.4685991385503,43.6960533614456],[-79.4685992134558,43.6960524613373],[-79.4685993506211,43.6960511201829],[-79.4685994379325,43.696050220078],[-79.4685995376498,43.6960493199764],[-79.468599699627,43.6960479788289],[-79.4685998241562,43.6960470787342],[-79.4685999985394,43.69604573759],[-79.4686001977344,43.6960443964527],[-79.4686004093354,43.6960430553187],[-79.4686006333424,43.6960417141882],[-79.4686008821612,43.6960403730645],[-79.4686011309753,43.696039040942],[-79.4686013922001,43.6960376998217],[-79.4686015787543,43.6960368087453],[-79.4686018647862,43.6960354766331],[-79.4686020637464,43.6960345855601],[-79.4686023745855,43.696033262456],[-79.4686025983575,43.6960323713899],[-79.4686029216073,43.6960310392879],[-79.4686032696642,43.696029716194],[-79.4686035182434,43.6960288341359],[-79.4686038787063,43.6960275110455],[-79.4686041396914,43.6960266289908],[-79.4686043882706,43.6960257469327],[-79.4686046616617,43.6960248648815],[-79.4686050717436,43.6960235508059],[-79.4686054942314,43.6960222367338],[-79.4686059291251,43.696020922665],[-79.4686063764201,43.6960196176009],[-79.4686066870242,43.6960187445612],[-79.4686069976284,43.6960178715215],[-79.4686073082325,43.6960169984817],[-79.4686078796902,43.6960154954234],[-79.4686122406093,43.6960031648548],[-79.4686141915816,43.695996954501],[-79.4686159936964,43.6959907171025],[-79.4686176469443,43.6959844706617],[-79.4686191513346,43.6959781971762],[-79.4686205068628,43.6959719056471],[-79.4686217135288,43.6959655960747],[-79.4686219873512,43.6959638859049],[-79.4686227589269,43.6959592684554],[-79.4686236554535,43.6959529407951],[-79.4686244031182,43.6959465950914],[-79.4686249895103,43.6959402403422],[-79.4686254270358,43.6959338765508],[-79.4686257156902,43.6959275127186],[-79.4686258554733,43.6959211488454],[-79.4686258339794,43.695914784928],[-79.4686256636191,43.6959084119685],[-79.4686253319772,43.6959020479659],[-79.4686248514596,43.6958956929238],[-79.4686242220711,43.6958893378408],[-79.4686234313964,43.6958830007161],[-79.468622504252,43.6958766725552],[-79.4686214158263,43.6958703533513],[-79.4686201661193,43.6958640431044],[-79.4686187799333,43.6958577598239],[-79.4686172324614,43.6958514945017],[-79.4686155361142,43.6958452381398],[-79.468613690873,43.6958390267435],[-79.4686116967566,43.6958328243076],[-79.4686095537557,43.6958266488345],[-79.4686072618702,43.6958205003245],[-79.4686048335015,43.695814387782],[-79.4686022438424,43.6958083021991],[-79.4685995177001,43.6958022525837],[-79.4685966302677,43.6957962299279],[-79.4685936187533,43.6957902522443],[-79.468590445944,43.6957843105214],[-79.4685871490529,43.6957784137709],[-79.4685836908624,43.6957725619823],[-79.4685800961888,43.6957667461613],[-79.468576365023,43.6957609843104],[-79.4685725097754,43.6957552674316],[-79.4685685056344,43.6957495955183],[-79.4685643649964,43.6957439865763],[-79.4685600878709,43.695738422603],[-79.4685556866591,43.6957329126032],[-79.4685511489505,43.6957274655746],[-79.4685491280142,43.6957251246833],[-79.4685464871556,43.6957220725195],[-79.4685416888686,43.6957167334344],[-79.4685367664859,43.6957114663252],[-79.4685317076065,43.6957062621873],[-79.4685265370467,43.6957011120261],[-79.4685212423867,43.6956960428421],[-79.4685158236405,43.6956910276314],[-79.4685102807941,43.6956860933978],[-79.4685046262627,43.6956812221423],[-79.4684988476358,43.6956764228626],[-79.4684929697204,43.6956717045668],[-79.4684869677095,43.6956670582468],[-79.4684808540089,43.695662483906],[-79.4684746286139,43.6956579905458],[-79.4684683039305,43.6956535781693],[-79.4684618799586,43.6956492467767],[-79.4684563984326,43.6956456807535],[-79.4684551830491,43.6956449333111],[-79.4684537692377,43.6956440597958],[-79.4684528142926,43.6956434744484],[-79.4684514004766,43.6956426099344],[-79.4684504455267,43.6956420335883],[-79.4684494905769,43.6956414572422],[-79.4684485356271,43.6956408808961],[-79.4684475806773,43.69564030455],[-79.468446613317,43.6956397372017],[-79.4684451746847,43.695638881682],[-79.4684437360477,43.6956380351637],[-79.4684427686875,43.6956374678154],[-79.4684418013272,43.695636900467],[-79.4684403502798,43.6956360629464],[-79.4684393705043,43.6956355135973],[-79.4684379070557,43.695634667072],[-79.4684364435978,43.6956338385492],[-79.4684349801399,43.6956330100265],[-79.4684335042809,43.695632172499],[-79.4684320284126,43.695631352974],[-79.4684305525442,43.6956305334491],[-79.4684290766759,43.6956297139241],[-79.4684275883923,43.6956289123982],[-79.4684261001135,43.6956281018711],[-79.4684250955218,43.6956275615162],[-79.4684236072336,43.6956267689916],[-79.4684226026466,43.6956262196354],[-79.4684215980455,43.6956256972831],[-79.4684200973563,43.6956248957537],[-79.4684185842518,43.6956241122235],[-79.468417071152,43.6956233196919],[-79.4684155580476,43.6956225361617],[-79.4684140449385,43.6956217616326],[-79.4684125194235,43.6956209871002],[-79.4684109939086,43.6956202125677],[-79.468409468389,43.6956194470365],[-79.4684084389717,43.6956189336785],[-79.4684069134474,43.6956181771485],[-79.4684058840301,43.6956176637905],[-79.4684048546081,43.6956171594337],[-79.4684038251862,43.6956166550769],[-79.4684022748456,43.6956159075413],[-79.4684012454236,43.6956154031845],[-79.4683996950783,43.6956146646502],[-79.4683981447379,43.6956139171146],[-79.4683971029054,43.6956134217556],[-79.4683955401497,43.695612692219],[-79.4683944983173,43.6956121968601],[-79.4683929355616,43.6956114673235],[-79.4683913728012,43.6956107467882],[-79.4683903185583,43.695610260427],[-79.4683887433921,43.6956095398882],[-79.4683876891445,43.6956090625283],[-79.4683861139737,43.6956083509908],[-79.468384526397,43.6956076394498],[-79.4683829512215,43.6956069369136],[-79.4683818845634,43.6956064685515],[-79.4683802969821,43.6956057660117],[-79.4683786969903,43.6956050724698],[-79.4683770969985,43.6956043789279],[-79.468375497002,43.6956036943872],[-79.4683738970055,43.6956030098465],[-79.4683722846032,43.6956023253024],[-79.4683706846021,43.6956016497629],[-79.4683696055288,43.6956011993998],[-79.4683685264556,43.6956007490367],[-79.468366914044,43.6956000824951],[-79.4683652892218,43.6955994249513],[-79.4683636644044,43.6955987584062],[-79.4683620395823,43.6955981008623]]]]},"properties":{"_id":2901,"AREA_ID":41137,"AREA_ATTR_ID":1147,"PARENT_AREA_ID":null,"AREA_CLASS_ID":802,"AREA_CLASS":"Park","AREA_SHORT_CODE":"1147","AREA_LONG_CODE":"1147","AREA_NAME":"WOODBOROUGH PARK","AREA_DESC":"None","OBJECTID":4330540}},{"type":"Feature","geometry":{"type":"MultiPolygon","coordinates":[[[[-79.3671724918361,43.6859664145978],[-79.36673187612,43.6849378717427],[-79.3665825480676,43.6845910392617],[-79.3666905737903,43.6845673478381],[-79.3667019658137,43.6845648497587],[-79.3664870420048,43.6840590135468],[-79.3665596192952,43.6839226744846],[-79.3666041469365,43.6838390503041],[-79.3668557291333,43.6833664599199],[-79.3673788877224,43.6823819558462],[-79.3680642708225,43.6826431208415],[-79.3679607700109,43.6830202911958],[-79.3678068728881,43.6832563436626],[-79.367744542812,43.6833595255695],[-79.3675210762586,43.6837295445967],[-79.3673367680839,43.6839348306894],[-79.3672513714501,43.6840299293727],[-79.3672841694388,43.6841691366619],[-79.3673244812084,43.6843378049344],[-79.3674341292305,43.6845177152385],[-79.3675208203046,43.6849674939782],[-79.3677044241584,43.6852757582885],[-79.3677476824068,43.6852954131874],[-79.3680271912649,43.6853675666421],[-79.3681594742283,43.6854765630668],[-79.3684565143921,43.6856947368468],[-79.3684862849022,43.685688443185],[-79.3687625105785,43.686095763615],[-79.3680709574479,43.6874646777749],[-79.3682096507695,43.6877809634648],[-79.3682984524943,43.6879908591325],[-79.3685304918595,43.6885225630125],[-79.36858382444,43.6886447809788],[-79.368632541086,43.6887564080846],[-79.3686658788507,43.6888327864134],[-79.3686907248927,43.688889694168],[-79.3687356896438,43.6889927566797],[-79.3687815803129,43.6890979175374],[-79.369021490727,43.6896476409511],[-79.368847520762,43.6898559745478],[-79.3688356806062,43.6898701560089],[-79.3687446903549,43.689979120289],[-79.3687356360803,43.6899899654569],[-79.3687303195211,43.6899876460181],[-79.3687250154062,43.6899853085908],[-79.3687197236964,43.6899829711775],[-79.3687144320067,43.6899806247626],[-79.368709140337,43.6899782693462],[-79.368703861092,43.6899759049425],[-79.3686985942717,43.6899735315516],[-79.3686933274715,43.6899711491592],[-79.3686880730764,43.6899687667808],[-79.3686828187209,43.6899663663995],[-79.3686775767706,43.6899639660323],[-79.368672347245,43.6899615566778],[-79.368667117759,43.6899591293206],[-79.3686618882735,43.689956701963],[-79.3686566712128,43.6899542656183],[-79.3686514665571,43.6899518292875],[-79.3686462619411,43.689949374954],[-79.3686410697499,43.6899469116332],[-79.3686358899637,43.6899444483264],[-79.3686307102173,43.6899419670168],[-79.3686255304713,43.689939485707],[-79.36862036315,43.68993699541],[-79.3686152082535,43.6899344961256],[-79.368610053377,43.6899319878398],[-79.3686049109056,43.689929479568],[-79.3685997808787,43.6899269533077],[-79.3685946508718,43.6899244180459],[-79.3685895208653,43.6899218827838],[-79.3685844156882,43.6899193385488],[-79.3685793105313,43.6899167853122],[-79.3685742053944,43.6899142230742],[-79.3685691126823,43.6899116518489],[-79.3685640323949,43.6899090716364],[-79.3685589521079,43.6899064914237],[-79.3685538842654,43.6899038932224],[-79.3685488164232,43.6899012950209],[-79.3685437610059,43.6898986878322],[-79.3685387180133,43.6898960716562],[-79.3685315190889,43.689892318837],[-79.3685264885413,43.6898896846722],[-79.3685214704185,43.6898870415202],[-79.3685164523158,43.6898843893667],[-79.3685114466182,43.6898817372272],[-79.3685044709219,43.6898780116669],[-79.368499477689,43.6898753325374],[-79.3684945092855,43.6898726444349],[-79.3684895284778,43.6898699563179],[-79.3684845724995,43.689867259228],[-79.3684796165413,43.6898645531366],[-79.3684746606032,43.6898618380437],[-79.3684697294749,43.6898591229791],[-79.3684647983667,43.689856398913],[-79.3684598673179,43.6898536478429],[-79.3684549486349,43.6898509147894],[-79.3684500423963,43.6898481637474],[-79.3684451485825,43.6898454037182],[-79.3684402547889,43.6898426346876],[-79.3684353734003,43.689839865671],[-79.3684304920515,43.6898370786516],[-79.3684256231078,43.6898342916463],[-79.3684207665889,43.6898314956538],[-79.3684159100901,43.6898286906598],[-79.3684110659964,43.6898258856799],[-79.3684062343471,43.6898230627115],[-79.3684014026983,43.6898202397429],[-79.3683966082836,43.6898174078157],[-79.368391776675,43.6898145668441],[-79.3683869698959,43.6898117168997],[-79.3683802305531,43.6898076945611],[-79.368375448604,43.6898048356434],[-79.3683706790994,43.6898019587372],[-79.3683659095952,43.6897990818309],[-79.3683611525355,43.6897961869361],[-79.3683564078612,43.6897933010567],[-79.3683516632268,43.6897903971745],[-79.3683469310171,43.6897874843051],[-79.3683394239315,43.6897828489916],[-79.3683347165716,43.6897799181478],[-79.3683300092122,43.6897769873037],[-79.3683253266822,43.6897740474868],[-79.3683206317678,43.6897710986541],[-79.3683159616827,43.6897681408485],[-79.3683112916178,43.6897651740414],[-79.368306633958,43.6897622072485],[-79.368301976338,43.6897592224528],[-79.3682973435277,43.6897562376855],[-79.3682927107179,43.689753252918],[-79.368288077948,43.6897502501478],[-79.3682834699877,43.6897472474059],[-79.3682788620476,43.6897442356627],[-79.3682742541277,43.6897412149179],[-79.3682696710372,43.6897381852003],[-79.3682625734737,43.6897334783432],[-79.3682240243347,43.6897087523508],[-79.3681860841768,43.6896835139735],[-79.3681487528228,43.6896578442235],[-79.3681120427759,43.6896316981093],[-79.3680759664408,43.6896050756456],[-79.3680405485674,43.6895780038657],[-79.3680057767512,43.6895504827559],[-79.3679716757615,43.6895225303478],[-79.3679382455983,43.6894941466421],[-79.3679054986264,43.6894653496562],[-79.3678734596347,43.6894361484208],[-79.3678421286427,43.689406533935],[-79.3678115056104,43.6893765242021],[-79.367781615307,43.6893461372538],[-79.3677524701166,43.6893153821063],[-79.3677240576538,43.6892842497446],[-79.367696402648,43.689252776203],[-79.3676695051181,43.6892209524808],[-79.3676433774483,43.6891887875942],[-79.3676180443873,43.6891563085762],[-79.3675934687406,43.689123506383],[-79.3675697000856,43.689090399075],[-79.3675467260169,43.6890569866385],[-79.3675245712631,43.6890233051077],[-79.367503211054,43.6889893364519],[-79.3674826949469,43.6889551077327],[-79.3674629857074,43.6889206279089],[-79.3674441205675,43.6888858880225],[-79.3674260870423,43.6888509240649],[-79.3674088975151,43.688815745052],[-79.3673925520044,43.688780341983],[-79.3673770628539,43.6887447418764],[-79.3673624300424,43.6887089537338],[-79.3673486659729,43.68867297757],[-79.3673357705843,43.6886368403891],[-79.3673237438555,43.6886005511927],[-79.3673125982091,43.6885641009941],[-79.3673023211798,43.688527516783],[-79.3672929251505,43.6884908075754],[-79.3672844224645,43.6884540003897],[-79.3672768007556,43.6884170772091],[-79.3672700599824,43.6883800560364],[-79.3672642248727,43.6883429729056],[-79.3672592706559,43.6883058097855],[-79.3672552220793,43.6882685937088],[-79.3672520666974,43.6882313426639],[-79.3672498045481,43.6881940386482],[-79.3672484355505,43.6881567176668],[-79.3672479720674,43.6881193977368],[-79.3672483893283,43.6880820608267],[-79.367249724465,43.688044742985],[-79.3672519526672,43.6880074441828],[-79.3672550738936,43.6879701824225],[-79.3672591005468,43.6879329577186],[-79.3672640077372,43.6878958060471],[-79.3672698203114,43.6878587094343],[-79.3672765133997,43.6878216948551],[-79.3672841117891,43.6877847713393],[-79.3672925782455,43.6877479478448],[-79.3673019375361,43.6877112424029],[-79.3673232724538,43.6876382486126],[-79.3673243117825,43.6876338121774],[-79.367325351111,43.6876293757422],[-79.3673263904394,43.687624939307],[-79.3673274297677,43.6876205028717],[-79.3673284690958,43.6876160664365],[-79.3673295084237,43.6876116300013],[-79.3673305601556,43.6876071935804],[-79.3673316118875,43.6876027571595],[-79.3673326512149,43.6875983207242],[-79.3673337029464,43.6875938843033],[-79.3673347670819,43.6875894478967],[-79.3673358188131,43.6875850114758],[-79.3673368829285,43.6875805840705],[-79.3673379346593,43.6875761476495],[-79.3673389987943,43.687571711243],[-79.367340062929,43.6875672748364],[-79.3673411270238,43.6875628564323],[-79.3673422035625,43.6875584200401],[-79.3673432676967,43.6875539836334],[-79.3673443442151,43.6875495562424],[-79.3673454083491,43.6875451198358],[-79.3673464848672,43.6875406924448],[-79.3673475738091,43.6875362560668],[-79.3673486503269,43.6875318286758],[-79.3673497268644,43.6875273922835],[-79.3673508157861,43.6875229649068],[-79.3673519047274,43.6875185285288],[-79.3673529812445,43.6875141011378],[-79.3673540825897,43.6875096647742],[-79.3673551715107,43.6875052373974],[-79.3673562604315,43.6875008100207],[-79.3673573617563,43.6874963826584],[-79.3673584506967,43.6874919462803],[-79.3673595520212,43.6874875189179],[-79.3673606533455,43.6874830915555],[-79.3673617546697,43.6874786641931],[-79.3673628683979,43.687474236845],[-79.3673639697217,43.6874698094826],[-79.3673650834694,43.6874653731332],[-79.3673661971971,43.6874609457852],[-79.3673673109246,43.6874565184371],[-79.367368424652,43.687452091089],[-79.3673695383792,43.6874476637408],[-79.3673706645103,43.6874432364071],[-79.3673717782173,43.6874388180602],[-79.3673729043482,43.6874343907264],[-79.3673740304788,43.6874299633926],[-79.3673751566093,43.6874255360588],[-79.3673762827397,43.687421108725],[-79.367377421274,43.6874166814056],[-79.3673785473842,43.687412263073],[-79.3673796859181,43.6874078357535],[-79.3673808244519,43.687403408434],[-79.3673819629658,43.6873989901158],[-79.3673831014992,43.6873945627963],[-79.3673842400127,43.687390144478],[-79.36738539095,43.6873857171729],[-79.3673865418871,43.6873812898677],[-79.3673876804,43.6873768715494],[-79.367388831317,43.6873724532455],[-79.3673899946577,43.6873680259546],[-79.3673911455743,43.6873636076507],[-79.3673922965105,43.6873591803454],[-79.3673934598111,43.6873547710571],[-79.3673946231313,43.6873503527675],[-79.3673957864711,43.6873459254765],[-79.367396949791,43.6873415071869],[-79.3673981131107,43.6873370888973],[-79.3673992888344,43.687332670622],[-79.3674004521537,43.6873282523323],[-79.3674016278968,43.6873238250557],[-79.36740280362,43.6873194067804],[-79.3674039793429,43.687314988505],[-79.3674051550657,43.6873105702296],[-79.3674063307883,43.6873061519542],[-79.3674075189148,43.6873017336932],[-79.3674087070412,43.6872973154322],[-79.3674098827633,43.6872928971568],[-79.3674110708893,43.6872884788958],[-79.3674122713995,43.6872840696503],[-79.3674134595252,43.6872796513892],[-79.3674146476506,43.6872752331281],[-79.3674158481801,43.6872708148814],[-79.3674170487094,43.6872663966347],[-79.3674182492186,43.6872619873892],[-79.3674194497475,43.6872575691424],[-79.3674206502762,43.6872531508956],[-79.3674218631891,43.6872487416644],[-79.3674230637175,43.6872443234176],[-79.3674242766299,43.6872399141864],[-79.3674254895621,43.6872354959539],[-79.3674267024742,43.6872310867227],[-79.3674270026507,43.6872299619081],[-79.3674279154059,43.6872266684902],[-79.3674291407218,43.6872222592734],[-79.3674303536532,43.6872178410408],[-79.3674315789687,43.6872134318239],[-79.3674328042841,43.687209022607],[-79.367434029619,43.6872046043888],[-79.367435254934,43.6872001951719],[-79.3674364802488,43.6871957859549],[-79.3674377179674,43.6871913767523],[-79.3674389433017,43.687186958534],[-79.36744018102,43.6871825493314],[-79.3674414187382,43.6871781401288],[-79.3674426564561,43.6871737309261],[-79.367443906578,43.6871693217378],[-79.3674451442956,43.6871649125351],[-79.3674463944172,43.6871605033468],[-79.3674476321344,43.6871560941441],[-79.3674488822555,43.6871516849557],[-79.3674501323567,43.6871472847686],[-79.3674513948617,43.6871428845958],[-79.3674526449823,43.6871384754074],[-79.3674539075068,43.6871340662334],[-79.367455157627,43.6871296570449],[-79.3674564201511,43.6871252478708],[-79.3674576826553,43.687120847698],[-79.367458945179,43.6871164385239],[-79.3674602200869,43.6871120383654],[-79.3674614826102,43.6871076291912],[-79.3674627451334,43.6871032200171],[-79.3674640200407,43.6870988198585],[-79.3674653073717,43.6870944107131],[-79.3674665822786,43.6870900105545],[-79.367467844801,43.6870856013803],[-79.3674691321116,43.6870812012361],[-79.3674704070179,43.6870768010775],[-79.3674716943479,43.6870723919319],[-79.367472981658,43.6870679917876],[-79.3674742689678,43.6870635916434],[-79.3674755562775,43.687059191499],[-79.3674768560108,43.6870547823678],[-79.3674781433201,43.6870503822235],[-79.3674794430332,43.6870459820935],[-79.3674807427462,43.6870415819635],[-79.3674820424589,43.6870371818335],[-79.3674833421715,43.6870327817034],[-79.3674846418839,43.6870283815733],[-79.3674859540001,43.6870239814576],[-79.3674872537121,43.6870195813276],[-79.367488565828,43.6870151812118],[-79.3674898779436,43.6870107810961],[-79.3674911900393,43.6870063899816],[-79.3674925145586,43.6870019898802],[-79.3674938266737,43.6869975897644],[-79.3674951511927,43.6869931896629],[-79.3674964632876,43.6869887985483],[-79.3674977878062,43.6869843984468],[-79.3674991123245,43.6869799983453],[-79.367500449227,43.6869756072595],[-79.3675017737449,43.6869712071579],[-79.367503110647,43.686966816072],[-79.3675044351645,43.6869624159704],[-79.3675057720662,43.6869580248845],[-79.3675071089874,43.6869536247972],[-79.3675084458887,43.6869492337112],[-79.3675097951938,43.6869448426396],[-79.3675111073063,43.6869404425236],[-79.3675124814191,43.6869360514807],[-79.3675138307038,43.6869316694102],[-79.3675151800081,43.6869272783386],[-79.367516529332,43.6869228782655],[-79.3675178786359,43.6869184871938],[-79.3675192403437,43.6869140961364],[-79.3675205896472,43.6869097050646],[-79.3675219513546,43.6869053140072],[-79.3675233130617,43.6869009229498],[-79.3675246747686,43.6868965318923],[-79.3675260364754,43.6868921408348],[-79.367527410586,43.6868877497917],[-79.3675287722725,43.6868833677354],[-79.3675301463827,43.6868789766923],[-79.3675315204927,43.686874585649],[-79.3675328946025,43.6868701946059],[-79.3675342687121,43.6868658035626],[-79.3675356428016,43.6868614215206],[-79.3675370293148,43.6868570304917],[-79.367538403404,43.6868526484497],[-79.3675397899168,43.6868482574208],[-79.3675411764294,43.6868438663918],[-79.367542562922,43.6868394843641],[-79.3675448611866,43.68683224998],[-79.3675119727488,43.6867557548016],[-79.3673047093217,43.6862738186576],[-79.3671724918361,43.6859664145978]]],[[[-79.4512294230928,43.6991779536315],[-79.4512650098141,43.699172279998],[-79.4513092076595,43.6993647372811],[-79.4512868347759,43.6993693274049],[-79.4512738800922,43.6993719862633],[-79.4512451415415,43.6993778788513],[-79.451241543019,43.6993786154217],[-79.4507220642588,43.6994850488636],[-79.45065045338,43.6994997170656],[-79.4501671317549,43.6995987375287],[-79.450159860202,43.6996002285714],[-79.4500106073143,43.6996306417421],[-79.4499911627352,43.6996346028027],[-79.4497655896934,43.6996875124499],[-79.4495270362764,43.6997434673556],[-79.4493827921504,43.6997773024048],[-79.4489057951265,43.6998891921647],[-79.4488349757032,43.6999058038591],[-79.4483558546616,43.7000181854413],[-79.4483523055998,43.7000190299583],[-79.4483145317212,43.7000279511582],[-79.448293274601,43.7000329732616],[-79.4482659741491,43.7000394238299],[-79.4482362538749,43.700046449378],[-79.4481831916909,43.700058991127],[-79.4481760935653,43.700060671149],[-79.4481301046713,43.7000715328402],[-79.4480862377473,43.7000819004061],[-79.4480604760027,43.7000879915727],[-79.4479963694513,43.700103138588],[-79.4479908473039,43.7001044412615],[-79.4479377726109,43.7001169828908],[-79.447906501092,43.7001243766992],[-79.4478846854891,43.7001295244898],[-79.4478316107441,43.7001420750711],[-79.4478166078557,43.7001456147282],[-79.4477761533879,43.7001551826186],[-79.4477619819124,43.7001585336215],[-79.4477478104353,43.7001618846227],[-79.4477267517685,43.7001668617048],[-79.4476923406437,43.7001749831225],[-79.4476392658264,43.700187524613],[-79.4476368459986,43.7001880995866],[-79.4475861909792,43.7002000750801],[-79.4475470270208,43.7002093284362],[-79.4474874372248,43.7002234060856],[-79.4473671904685,43.7002516688152],[-79.4470077640998,43.7003370779417],[-79.4466482758507,43.7004211627194],[-79.4465222210011,43.7004504299917],[-79.4462508894228,43.7005126186035],[-79.4459642936831,43.7005782918532],[-79.4457258251537,43.7006285860521],[-79.4456417027746,43.7006463146089],[-79.4455881443774,43.7006576037379],[-79.445534585952,43.700668901843],[-79.4454786325255,43.7006806938511],[-79.4454643370314,43.7006837114622],[-79.445450041544,43.7006867200703],[-79.4453940756775,43.7006985120311],[-79.4453405295944,43.7007098010498],[-79.4452869710843,43.7007210900374],[-79.445233400139,43.7007323879952],[-79.4451631510785,43.7007471884279],[-79.4450928895683,43.7007619978126],[-79.4450393433723,43.7007732866901],[-79.4449857847493,43.7007845755364],[-79.4449298186928,43.7007963762708],[-79.4449152501418,43.7007994476894],[-79.4449012151945,43.7008024023466],[-79.4448452366896,43.7008142120349],[-79.4448332989112,43.7008167266329],[-79.4447930274588,43.7008286518904],[-79.4447411151179,43.7008440189975],[-79.4446892151575,43.700859386087],[-79.444637302747,43.7008747711494],[-79.4445853903267,43.7008901381857],[-79.4445280669642,43.7009071138019],[-79.4444849534264,43.7009198746905],[-79.4444815281689,43.7009208901717],[-79.4443915335299,43.7009418554165],[-79.4443015760575,43.7009628116071],[-79.4442115937002,43.700983776716],[-79.4441216112887,43.7010047327527],[-79.4440316288145,43.7010256887185],[-79.4439774978252,43.7010382999999],[-79.4439416710665,43.7010466716292],[-79.4438517132222,43.7010676904743],[-79.4437617677221,43.7010887092545],[-79.4436718097438,43.7011097369589],[-79.4435638700227,43.7011349593141],[-79.4433263849532,43.7011904427267],[-79.4432041612841,43.7012190331391],[-79.4431142773586,43.7012400604411],[-79.4430244057773,43.7012610876785],[-79.4429345341418,43.7012821058438],[-79.4428446500281,43.7013031329335],[-79.4427547782586,43.7013241599585],[-79.4426648940278,43.7013451779053],[-79.4425750345399,43.7013662047951],[-79.4424851501837,43.7013872226003],[-79.4423952657648,43.7014082403347],[-79.4423053936816,43.7014292670059],[-79.4422342852386,43.7014459014642],[-79.442215471916,43.70145028458],[-79.4421254136186,43.7014712930128],[-79.4420353428513,43.7014923013683],[-79.4419452596141,43.7015133096463],[-79.4418552011369,43.7015343088646],[-79.441765241871,43.7015552900599],[-79.4416752825424,43.7015762711842],[-79.4415853231512,43.7015972522377],[-79.4410023664257,43.7017331962143],[-79.4409505572722,43.7016037220543],[-79.4409362621525,43.7015679885879],[-79.4409294549409,43.7015509906533],[-79.441333184892,43.7014585393977],[-79.4415131026373,43.7014173337229],[-79.4416930201278,43.7013761367656],[-79.4418729249651,43.7013349395184],[-79.4420525829241,43.7012921756398],[-79.4421624099202,43.7012664425945],[-79.4422323519542,43.7012497625845],[-79.4424125182982,43.7012067823657],[-79.4425926967835,43.70116381087],[-79.4426830899784,43.7011422441564],[-79.4427728750117,43.7011208390897],[-79.4428626599898,43.7010994249512],[-79.4429530405758,43.7010778670188],[-79.4430428378412,43.7010564437435],[-79.4431327712303,43.7010353265088],[-79.4432529718673,43.7010071132212],[-79.4433124640707,43.7009931457483],[-79.4433556374695,43.7009830137058],[-79.443423419313,43.7009670970046],[-79.4434920449799,43.7009509826522],[-79.4435061548023,43.7009476771551],[-79.4435888902382,43.7009282572455],[-79.4436239724317,43.7009200203786],[-79.4436156892709,43.7009017796973],[-79.4436633424808,43.700890560593],[-79.4438430718645,43.7008482439961],[-79.444022788597,43.7008059181087],[-79.4442025050686,43.7007636009396],[-79.4443822336946,43.7007212834935],[-79.4445619372625,43.7006789567512],[-79.4447416529682,43.7006366477343],[-79.444831659444,43.7006156732172],[-79.4449216534337,43.7005947166256],[-79.4450079865492,43.7005746133238],[-79.4450943072166,43.7005544919481],[-79.4450995564264,43.7005532882976],[-79.4451806154031,43.7005343885038],[-79.4452669483457,43.700514285006],[-79.4452793206221,43.700511401518],[-79.445353268832,43.7004941724357],[-79.4454395892525,43.7004740688015],[-79.4454588611872,43.7004695773576],[-79.4455259096235,43.7004539561006],[-79.4456122299287,43.7004338523358],[-79.4456389227045,43.7004276271448],[-79.4456985625912,43.7004137395103],[-79.4457848703743,43.7003936356089],[-79.4458783140652,43.7003712756995],[-79.4459070916364,43.7003644933534],[-79.4460580775795,43.7003289376294],[-79.4462378408331,43.7002866082774],[-79.4464176038339,43.7002442786422],[-79.4465973665901,43.7002019397227],[-79.4467771290856,43.7001596095212],[-79.4469568913283,43.7001172790367],[-79.4471366533184,43.7000749482689],[-79.4473164150637,43.7000326082168],[-79.4474961889472,43.6999902858898],[-79.447675950187,43.6999479452714],[-79.4478557235729,43.6999056133767],[-79.4480354842995,43.6998632811933],[-79.4482152447733,43.6998209487267],[-79.4483950049944,43.6997786159769],[-79.4485747773694,43.6997362829497],[-79.4488121406522,43.6996802664894],[-79.4489920488302,43.69963803188],[-79.4491719443491,43.6995957969815],[-79.4493518520224,43.699553561805],[-79.4495317470367,43.6995113263394],[-79.4497116542053,43.6994690905958],[-79.4498915487149,43.699426854563],[-79.4500038979024,43.6994035364257],[-79.4500737841668,43.6993890298984],[-79.4502553745279,43.6993508626134],[-79.4504369770655,43.699312695045],[-79.4506185545596,43.6992745271769],[-79.4506764513493,43.6992653708645],[-79.4508032633722,43.6992453166454],[-79.4509879843976,43.6992161238231],[-79.4512011572346,43.6991824242074],[-79.4512294230928,43.6991779536315]]],[[[-79.4172150347017,43.7021161111824],[-79.4171536492578,43.7020941665963],[-79.4170908577475,43.702174232453],[-79.417017476299,43.7021419996317],[-79.4169834378063,43.7021280139321],[-79.4169053043448,43.7020959036052],[-79.4168810507834,43.7020851024392],[-79.4167946506078,43.7020466491243],[-79.4166799749359,43.7019989758295],[-79.4165717738104,43.7019528733676],[-79.4164591352037,43.701903806139],[-79.4163707504911,43.7018652970444],[-79.416350216707,43.7018563347478],[-79.4162753125091,43.7018222730742],[-79.4162404828829,43.7018064413108],[-79.4161748996209,43.7017790923541],[-79.4161286354883,43.7017598046805],[-79.4160739011434,43.7017377743805],[-79.4160159676014,43.7017144545206],[-79.4159795868908,43.7016988555711],[-79.4159047671178,43.7016668190038],[-79.4158807840211,43.701658052113],[-79.4154374823093,43.7014960800392],[-79.4152535375817,43.7014325838008],[-79.4150644840213,43.7013673282201],[-79.4148574370441,43.7012958660439],[-79.4144752884608,43.7011645851232],[-79.4143692854553,43.7011279785656],[-79.4142281632584,43.7010792478414],[-79.4141201888092,43.7010419644769],[-79.4141018981516,43.7010699717204],[-79.4139859745859,43.7010301258914],[-79.4140043523657,43.7010019567088],[-79.4138825512694,43.7009598920376],[-79.4137567572817,43.7009164470277],[-79.4136378955026,43.7008754104588],[-79.4135292769489,43.7008379010162],[-79.4133940340905,43.7007911899942],[-79.4132854778368,43.7007537073704],[-79.4131591762761,43.7007100902919],[-79.4130244796098,43.7006635772749],[-79.4129233270397,43.7006286473021],[-79.4127969268017,43.7005849937422],[-79.4126687038395,43.7005407175613],[-79.4125694737781,43.7005064548383],[-79.4124209389252,43.7004551598439],[-79.4123082545064,43.7004162329218],[-79.4122076979814,43.7003815188024],[-79.4120748380767,43.7003356361642],[-79.4119650434058,43.7002977282706],[-79.4118291209206,43.7002507988387],[-79.4116961127915,43.7002048616372],[-79.4115815816126,43.700165311482],[-79.4114535092295,43.7001210970602],[-79.4113299632373,43.7000784252252],[-79.4112105095531,43.7000371786377],[-79.4110919736669,43.6999962476839],[-79.410978509717,43.6999570668057],[-79.4108481937624,43.6999120668453],[-79.410734990538,43.6998729759411],[-79.4103285563408,43.6997326248699],[-79.4100287292616,43.6996290815453],[-79.4098401210631,43.6995639616751],[-79.409673870896,43.6995065642611],[-79.4095222533285,43.6994542009039],[-79.4093509072885,43.6993950437352],[-79.4092146292836,43.6993479848873],[-79.409026357664,43.6992829719541],[-79.4090243240423,43.6992822682355],[-79.408927553375,43.6992488414204],[-79.4088243471226,43.6992132130771],[-79.4087195165904,43.6991770162623],[-79.4086211714471,43.699143047853],[-79.4085179159727,43.6991073921891],[-79.4084164958191,43.6990723769934],[-79.4083295962477,43.6990423690659],[-79.4082459827691,43.6990134978718],[-79.4081596785798,43.698983688321],[-79.4080716384685,43.6989532832241],[-79.4079889180399,43.6989247186033],[-79.4079028372989,43.6988949900496],[-79.4078194474097,43.6988662087357],[-79.4077348796303,43.6988370033498],[-79.4076469887577,43.698806643052],[-79.4075661783382,43.6987787277602],[-79.4074775436617,43.6987480966918],[-79.407393348243,43.6987189993694],[-79.4072900694817,43.6986832975686],[-79.4071872496049,43.6986477760724],[-79.4070792219279,43.6986104409922],[-79.4069792170914,43.6985758757329],[-79.4068786543721,43.6985411209046],[-79.4067748182251,43.6985052291561],[-79.4066647574939,43.6984671899249],[-79.4060597977747,43.6982582155968],[-79.4059588190569,43.6979981484436],[-79.4060189346388,43.6979858571228],[-79.4065473974541,43.6981684133989],[-79.4065955173028,43.698291221257],[-79.407144034969,43.6984807851494],[-79.4078710035114,43.6987320231502],[-79.4079990330395,43.6987762685656],[-79.4081270379567,43.6988205048163],[-79.4082550554551,43.6988647499346],[-79.4083915547669,43.6989119181231],[-79.4085240862943,43.6989577057766],[-79.4086478387526,43.6990004798316],[-79.4087843758731,43.6990476655827],[-79.4089537238755,43.6991061829216],[-79.4091224645842,43.6991645014979],[-79.4093002825515,43.6992259414716],[-79.4095285695943,43.6993048296065],[-79.4099601218038,43.6994539435666],[-79.4099600846916,43.6994538715271],[-79.4101060729926,43.6995042405932],[-79.4099004027824,43.6989689793606],[-79.4099049779521,43.6989708822377],[-79.4102033028519,43.6990810586648],[-79.4101955513557,43.6990793063261],[-79.4101876875694,43.6990779769589],[-79.4101796740045,43.6990772505596],[-79.4101715974931,43.6990771361976],[-79.4101635448811,43.699077633941],[-79.4101556154205,43.699078743868],[-79.4101478959841,43.6990804480442],[-79.4101404486314,43.699082728516],[-79.4101333850615,43.6990855583674],[-79.4101267549409,43.6990889106335],[-79.4101206451828,43.6990927403765],[-79.4101151302667,43.6990970206511],[-79.4101102598998,43.6991016974887],[-79.4101060837889,43.6991067169209],[-79.4101026640612,43.6991120159877],[-79.4101000131906,43.6991175496923],[-79.410098193291,43.6991232640762],[-79.4100971920769,43.699129078118],[-79.4100970344425,43.6991349378297],[-79.4100977205091,43.6991407621999],[-79.4100992503171,43.6991465242247],[-79.4102598369843,43.6995569829146],[-79.4104133775638,43.6996099678883],[-79.4105855188491,43.6996694211267],[-79.4107486702255,43.6997257616437],[-79.4109043568946,43.6997795127411],[-79.4109159636562,43.6997835183568],[-79.4110885151845,43.6998430881723],[-79.4112615506652,43.6999028291269],[-79.4114334828724,43.6999621729076],[-79.4116149637703,43.7000248272835],[-79.411795924226,43.7000873009433],[-79.4119682914756,43.7001468152778],[-79.4119809257907,43.7001269861814],[-79.4121437572982,43.7001832164411],[-79.4123140790679,43.7002420265811],[-79.4124850211581,43.7003010799763],[-79.4126555923071,43.7003594937408],[-79.4126637512181,43.700362794444],[-79.4126507448864,43.7003826143295],[-79.4128039920093,43.7004355328515],[-79.412982189536,43.7004970843906],[-79.4131511985237,43.700555451218],[-79.4133336378144,43.7006184636383],[-79.4135044705088,43.700677380403],[-79.4136656307104,43.7007331121544],[-79.4138359927091,43.7007919470555],[-79.4138398493529,43.7007932821522],[-79.4143903720978,43.7009834427931],[-79.414295908042,43.7007812752446],[-79.4144047253293,43.7007578454346],[-79.414281653001,43.7004761121149],[-79.414322397389,43.7004672313929],[-79.4143843527742,43.700609894119],[-79.4143951254173,43.7006074628399],[-79.4144995449105,43.7008322939841],[-79.4146423448935,43.7010711596838],[-79.4147722324801,43.701115785938],[-79.4150137905192,43.7011992366365],[-79.415031511761,43.7012051726533],[-79.4153538137286,43.7013163345567],[-79.4156222220451,43.7014087781228],[-79.4160076729202,43.701541524839],[-79.4167257629482,43.7017888203201],[-79.417033092654,43.7018932156096],[-79.41705162033,43.7018994669426],[-79.4170721198408,43.7019063767966],[-79.4173147249418,43.7019999498202],[-79.4175592478807,43.7020979253363],[-79.417783386995,43.702186497334],[-79.4178496724621,43.702218373514],[-79.4179949651031,43.7022882377524],[-79.4182408538429,43.7024054125127],[-79.4182965985624,43.7024336443759],[-79.4181342522372,43.7024680571241],[-79.4178979741352,43.7025181507978],[-79.417848199971,43.7024971420572],[-79.4177246707259,43.7024444137335],[-79.4177939737717,43.702356521103],[-79.4172150347017,43.7021161111824]]],[[[-79.4585947433783,43.6983935344806],[-79.4590307357178,43.6983492792358],[-79.4591436406852,43.6986138224112],[-79.4574241643624,43.6987889449789],[-79.4569886761667,43.6988334193141],[-79.4569615287206,43.698836163489],[-79.4568868236017,43.6988437144185],[-79.4567382942427,43.6988587174503],[-79.4567157499333,43.6988609952421],[-79.4566221358226,43.6988704471091],[-79.4565285216761,43.6988799079008],[-79.4564349075067,43.6988893596145],[-79.456396010159,43.6988932873458],[-79.4563412684884,43.6988988202433],[-79.4562475922211,43.6989082807811],[-79.4561539407375,43.6989177412516],[-79.4560602644114,43.6989272016359],[-79.4559666004624,43.6989366619481],[-79.4559348373453,43.6989398721677],[-79.455872936484,43.6989461221836],[-79.4558143608097,43.6989520404037],[-79.4557792600697,43.6989555823374],[-79.4556957701605,43.6989640202167],[-79.455685596026,43.6989650514206],[-79.4555919195529,43.6989745114209],[-79.4555759387157,43.6989761254424],[-79.455498255457,43.6989839713492],[-79.4554579807594,43.6989880332443],[-79.455404578925,43.6989934311959],[-79.4553381492192,43.6990001382206],[-79.4553109147703,43.6990028909706],[-79.4552172505929,43.6990123416673],[-79.4551235863727,43.6990218102898],[-79.4550299345364,43.6990312698391],[-79.4549362578575,43.6990407293019],[-79.4548426059624,43.6990501886976],[-79.4547489292248,43.6990596480068],[-79.4545857331037,43.6990761366471],[-79.4543491091257,43.6991000308137],[-79.4543350389718,43.6991014653991],[-79.4542342152747,43.6991117225453],[-79.4541406003309,43.6991212443895],[-79.4540469605307,43.6991307841497],[-79.4539739048474,43.6991382168215],[-79.4539533331212,43.6991403058355],[-79.4538990128262,43.6991458377329],[-79.4538596932686,43.6991498364409],[-79.4538203737057,43.6991538351355],[-79.4537660657999,43.6991593579734],[-79.4537305057266,43.699162962101],[-79.4536724382947,43.6991688884303],[-79.4535787983603,43.6991784098043],[-79.4534847746616,43.6991868057848],[-79.4534110364435,43.6991942828254],[-79.453391308397,43.6991962820693],[-79.453354259369,43.6992000384946],[-79.4532974822767,43.6992058031369],[-79.4532407051805,43.6992115587496],[-79.4532040407664,43.6992152792784],[-79.4531839280735,43.6992173143342],[-79.4531099416276,43.6992248180827],[-79.4530170077311,43.6992355724619],[-79.4529233675826,43.6992451022999],[-79.4528297398182,43.6992546230651],[-79.4527361120171,43.6992641527549],[-79.4526424717798,43.6992736823627],[-79.4525488439196,43.6992832118991],[-79.4524552036302,43.6992927323522],[-79.4524327334294,43.6992950183311],[-79.4523615757108,43.699302261735],[-79.4522679477689,43.6993117820399],[-79.4521743197903,43.6993213112693],[-79.4520806917893,43.6993308314207],[-79.4519870513449,43.6993403604914],[-79.4516222789251,43.6993774630057],[-79.4515660970912,43.6993831370268],[-79.4515556265656,43.6993360648772],[-79.4515054194117,43.6991174744113],[-79.4515617499039,43.6991117734788],[-79.4524288548564,43.6990223048141],[-79.4525785522533,43.699006866804],[-79.4527056802147,43.6989937505947],[-79.4528179562683,43.6989821673341],[-79.4529302322788,43.6989705839633],[-79.4530424958397,43.6989590004771],[-79.4531547717639,43.6989474168856],[-79.453267047652,43.6989358241825],[-79.4533793110904,43.698924231364],[-79.4535063518507,43.6989111232297],[-79.4541158712884,43.6988482255117],[-79.4542264716454,43.6988370002461],[-79.4544759985079,43.6988116712661],[-79.4558875565141,43.698668384188],[-79.456171723458,43.6986395363646],[-79.4566264297085,43.6985933711913],[-79.45687748066,43.6985678845243],[-79.4569834892609,43.698557122925],[-79.4570782691573,43.6985475001747],[-79.4571730490234,43.6985378773459],[-79.4572678288529,43.6985282634397],[-79.4573625962521,43.698518640449],[-79.4574573760274,43.6985090173844],[-79.4575521557789,43.6984993852398],[-79.4576469479002,43.6984897620225],[-79.4577417275785,43.6984801477232],[-79.4578365072329,43.6984705243441],[-79.4579312868569,43.6984609008863],[-79.4580260664508,43.6984512773499],[-79.4581208460143,43.6984416537349],[-79.4582156255476,43.6984320300413],[-79.4582445097812,43.6984291061771],[-79.4583103926443,43.6984224062645],[-79.4584051721171,43.6984127824136],[-79.4584999515596,43.6984031584842],[-79.4585947433783,43.6983935344806]]],[[[-79.3863492866285,43.6975373622849],[-79.3863487555915,43.697536074573],[-79.3863483974427,43.6975352100935],[-79.386348039294,43.6975343456139],[-79.3863475082571,43.6975330579021],[-79.3863471501084,43.6975321934225],[-79.3863466190884,43.6975308967094],[-79.3863462609398,43.6975300322298],[-79.3863457299029,43.6975287445179],[-79.3863453717542,43.6975278800384],[-79.3863300342702,43.6974902484133],[-79.386562152278,43.6974852222505],[-79.3866128472886,43.6974835893083],[-79.386762940475,43.6974757269502],[-79.386866956828,43.6974678638072],[-79.3869690080383,43.6974560200579],[-79.3870575778571,43.6974419215777],[-79.3870590421455,43.6974417339975],[-79.3870602706482,43.6974415821894],[-79.3870621072076,43.6974413499706],[-79.3870639313607,43.6974411177394],[-79.3870651598634,43.6974409659313],[-79.3870669964227,43.6974407337123],[-79.3870688205758,43.6974405014811],[-79.3870700490954,43.6974403406717],[-79.3870718732484,43.6974401084404],[-79.3870731017511,43.6974399566322],[-79.3870749383272,43.6974397154119],[-79.3870767624803,43.6974394831805],[-79.3870779909998,43.697439322371],[-79.3870798151528,43.6974390901396],[-79.3870810436723,43.6974389293301],[-79.3870828678253,43.6974386970986],[-79.3870840963447,43.697438536289],[-79.3870859205146,43.6974382950562],[-79.3870871490341,43.6974381342466],[-79.387088973187,43.6974379020151],[-79.3870902017065,43.6974377412055],[-79.3870920258763,43.6974374999726],[-79.3870932543957,43.6974373391629],[-79.3870950785655,43.69743709793],[-79.3870963070849,43.6974369371203],[-79.3870981312546,43.6974366958873],[-79.3870999678475,43.6974364456653],[-79.3871017920172,43.6974362044323],[-79.3871036285932,43.6974359632115],[-79.3871054527798,43.6974357129771],[-79.3871072893557,43.6974354717563],[-79.3871091135422,43.6974352215218],[-79.3871109377119,43.6974349802887],[-79.3871121662481,43.6974348104775],[-79.3871139904178,43.6974345692443],[-79.3871158270105,43.697434319022],[-79.387117651197,43.6974340687875],[-79.3871194753835,43.6974338185529],[-79.3871207039028,43.6974336577429],[-79.3871225280892,43.6974334075083],[-79.3871243522756,43.6974331572736],[-79.3871255808118,43.6974329874624],[-79.3871274049982,43.6974327372276],[-79.3871292292015,43.6974324779917],[-79.3871310533879,43.6974322277569],[-79.387132281924,43.6974320579455],[-79.3871341061103,43.6974318077107],[-79.3871359303136,43.6974315484746],[-79.3871377544999,43.6974312982397],[-79.3871389830359,43.6974311284283],[-79.3871408072391,43.6974308691921],[-79.3871426314254,43.6974306189571],[-79.3871438475721,43.6974304401321],[-79.3871456717584,43.6974301898971],[-79.3871469003113,43.6974300110844],[-79.3871487245144,43.697429751848],[-79.3871505487175,43.6974294926117],[-79.3871523729206,43.6974292333753],[-79.3871541971236,43.6974289741389],[-79.3871560213267,43.6974287149025],[-79.3871572498627,43.6974285450908],[-79.3871584660093,43.6974283662657],[-79.3871602902123,43.6974281070292],[-79.3871615063589,43.697427928204],[-79.3871633305619,43.6974276689675],[-79.3871657380426,43.6974273112925],[-79.387167587058,43.6974270520804],[-79.3873449072379,43.6973884494344],[-79.3884310625639,43.6971529789268],[-79.3902431062711,43.6967601437842],[-79.3906057913557,43.6966822342641],[-79.3909682153024,43.6966041433172],[-79.3914516443705,43.6964999634445],[-79.3916932713956,43.696447895161],[-79.3924181251557,43.696291687217],[-79.3935051071359,43.6960574114021],[-79.3945923414465,43.6958229814524],[-79.3949462536357,43.6957468233103],[-79.3949548169235,43.6957449769145],[-79.3950089269193,43.6957333339529],[-79.3950174529699,43.6957314965195],[-79.3958687484949,43.6955502331278],[-79.3958715036174,43.6955496415526],[-79.3959015933701,43.6956898550352],[-79.3959145522556,43.6957502744859],[-79.3950939260888,43.6959289019817],[-79.3950777224375,43.6958870761239],[-79.3950049419677,43.6958983959261],[-79.3950136489473,43.6959208621385],[-79.3943550660204,43.6960632768351],[-79.393572659392,43.6962317392575],[-79.3935136464006,43.6962444571253],[-79.3929694598167,43.6963617307307],[-79.3927885974798,43.69640070784],[-79.392601579149,43.6964410110697],[-79.3925944166775,43.6964225066935],[-79.3924783881047,43.6964474661983],[-79.3917957047482,43.6965946051436],[-79.3917892883305,43.6965959852679],[-79.3917536194653,43.6966036746006],[-79.3915724329138,43.6966427304884],[-79.3915120290846,43.696655743045],[-79.3914268778507,43.696674105835],[-79.3913912088931,43.6966817950543],[-79.3910286980518,43.6967599592687],[-79.3909359510486,43.6967799436842],[-79.3900618434526,43.6969691685058],[-79.3891870229551,43.6971585299658],[-79.3883685438647,43.6973356710069],[-79.3883120852915,43.6973478936105],[-79.3882210614644,43.6973675984646],[-79.3881300500008,43.6973872942571],[-79.3877682250044,43.6974656828255],[-79.3873989369036,43.6975340174608],[-79.3873816182531,43.6974873557354],[-79.3873797816936,43.6974875879594],[-79.3873779575234,43.6974878291969],[-79.3873767290037,43.6974879900096],[-79.3873749048335,43.697488231247],[-79.3873736763306,43.6974883830584],[-79.3873718521604,43.6974886242958],[-79.3873706236406,43.6974887851085],[-79.3873687994872,43.6974890173445],[-79.3873675709675,43.6974891781572],[-79.387365746814,43.6974894103931],[-79.3873645182943,43.6974895712058],[-79.3873626817346,43.6974898034295],[-79.3873608575811,43.6974900356654],[-79.3873596290613,43.697490196478],[-79.3873578049078,43.6974904287138],[-79.3873565764049,43.6974905805251],[-79.3873547398451,43.6974908127487],[-79.3873529156916,43.6974910449844],[-79.3873516871717,43.6974912057969],[-79.3873498630182,43.6974914380327],[-79.3873486345152,43.6974915898438],[-79.3873467979554,43.6974918220673],[-79.3873449738018,43.6974920543029],[-79.3873437452988,43.697492206114],[-79.3873419087389,43.6974924383374],[-79.3873400845853,43.697492670573],[-79.3873388560822,43.6974928223841],[-79.3873376275792,43.6974929741951],[-79.3873358034424,43.6974931974294],[-79.3873345749393,43.6974933492404],[-79.3873327383794,43.6974935814636],[-79.3873309018195,43.6974938136868],[-79.3873290776826,43.697494036921],[-79.3873278491795,43.6974941887319],[-79.3873260126364,43.6974944119538],[-79.3873241760764,43.6974946441769],[-79.3873223519395,43.6974948674109],[-79.3873211234364,43.6974950192218],[-79.3873192868932,43.6974952424435],[-79.38731745035,43.6974954656653],[-79.3873156138068,43.697495688887],[-79.3873137772636,43.6974959121086],[-79.3873119531266,43.6974961353425],[-79.3873107246234,43.6974962871533],[-79.3873094961371,43.6974964299627],[-79.3873076595938,43.6974966531843],[-79.3873058354568,43.6974968764181],[-79.3873046069536,43.6974970282288],[-79.3873033784672,43.6974971710382],[-79.3873015419239,43.6974973942596],[-79.3872997053806,43.6974976174811],[-79.3872978688541,43.6974978317012],[-79.3872960323108,43.6974980549226],[-79.3872941957675,43.6974982781439],[-79.387292359241,43.697498492364],[-79.3872905227145,43.697498706584],[-79.387288686171,43.6974989298053],[-79.3872868496445,43.6974991440252],[-79.3872850131011,43.6974993672464],[-79.3872831765745,43.6974995814664],[-79.3872813400479,43.6974997956862],[-79.3872795035213,43.6975000099061],[-79.3872776669947,43.6975002241259],[-79.3872758304681,43.6975004383457],[-79.3872739939415,43.6975006525654],[-79.387272765455,43.6975007953745],[-79.3872709289283,43.6975010095942],[-79.3872690924016,43.6975012238139],[-79.387267255875,43.6975014380335],[-79.3872654193482,43.6975016522532],[-79.3872641908617,43.6975017950621],[-79.387262354335,43.6975020092817],[-79.3872605178251,43.6975022145],[-79.3872592893386,43.6975023573089],[-79.3872574528118,43.6975025715284],[-79.3872556163019,43.6975027767466],[-79.3872543878153,43.6975029195555],[-79.3872525513054,43.6975031247736],[-79.3872513228188,43.6975032675825],[-79.3872494863088,43.6975034728006],[-79.387247649782,43.6975036870199],[-79.3872464213123,43.6975038208274],[-79.3872445847854,43.6975040350467],[-79.3872433563156,43.6975041688542],[-79.3872415198056,43.6975043740722],[-79.387240291319,43.6975045168809],[-79.387238454809,43.6975047220988],[-79.3872372263392,43.6975048559062],[-79.3872353898291,43.6975050611241],[-79.3872341613424,43.6975052039328],[-79.3872323248324,43.6975054091506],[-79.3872310963625,43.6975055429579],[-79.3872298430802,43.6975056767408],[-79.3872280313826,43.6975058819831],[-79.3872268029127,43.6975060157903],[-79.3872249664026,43.697506221008],[-79.3872237379328,43.6975063548153],[-79.3872225094629,43.6975064886226],[-79.3872206729528,43.6975066938402],[-79.3872194444829,43.6975068276475],[-79.387218216013,43.6975069614547],[-79.3872163795028,43.6975071666722],[-79.3872147787785,43.6975073361173],[-79.3872135503086,43.6975074699245],[-79.3872123218387,43.6975076037316],[-79.3872110933688,43.6975077375387],[-79.3872098648988,43.6975078713459],[-79.3872080284055,43.697508067562],[-79.3872067999356,43.6975082013691],[-79.3872055714656,43.6975083351762],[-79.3872043429956,43.6975084689833],[-79.3872025065022,43.6975086651994],[-79.3872012780323,43.6975087990064],[-79.3872000495623,43.6975089328134],[-79.3871982130689,43.6975091290294],[-79.3871963765755,43.6975093252454],[-79.3871945276758,43.6975095214491],[-79.3871926911824,43.697509717665],[-79.3871908422996,43.6975099048674],[-79.3871896138295,43.6975100386743],[-79.3871883853595,43.6975101724812],[-79.3871865488829,43.6975103596957],[-79.3871853204129,43.6975104935026],[-79.3871834839193,43.6975106897184],[-79.3871816350365,43.6975108769206],[-79.3871804065664,43.6975110107274],[-79.3871785700898,43.6975111979418],[-79.3871773416197,43.6975113317486],[-79.3871754927368,43.6975115189507],[-79.3871736562432,43.6975117151663],[-79.3871718197665,43.6975119023806],[-79.3871699708835,43.6975120895827],[-79.3871681343899,43.6975122857982],[-79.387166285507,43.6975124730002],[-79.3871644490302,43.6975126602144],[-79.3871626001472,43.6975128474162],[-79.3871607636704,43.6975130346304],[-79.3871589147874,43.6975132218322],[-79.3871570783106,43.6975134090463],[-79.3871552294276,43.6975135962481],[-79.3871533929508,43.6975137834621],[-79.3871521520912,43.6975139082551],[-79.3871503156144,43.6975140954691],[-79.3871484667313,43.6975142826708],[-79.3871466302544,43.6975144698846],[-79.3871447813882,43.697514648085],[-79.3871429449114,43.6975148352988],[-79.3871410960282,43.6975150225004],[-79.3871392595682,43.6975152007129],[-79.3871380187086,43.6975153255058],[-79.3871361822486,43.6975155037182],[-79.3871343333654,43.6975156909197],[-79.3871324969053,43.6975158691321],[-79.3871306480222,43.6975160563335],[-79.3871287991558,43.6975162345336],[-79.3871269627295,43.6975163947433],[-79.3871251262356,43.6975165909582],[-79.3871232773692,43.6975167691582],[-79.3871220489158,43.6975168939631],[-79.3871202124557,43.6975170721753],[-79.3871183511831,43.697517250363],[-79.3871165147229,43.6975174285751],[-79.3871146782627,43.6975176067872],[-79.3871128169901,43.6975177849748],[-79.3871109805299,43.6975179631869],[-79.3871091440866,43.6975181323977],[-79.3871072828139,43.6975183105852],[-79.3871054463537,43.6975184887971],[-79.3871036098935,43.697518667009],[-79.3871017486376,43.6975188361952],[-79.3870999121774,43.6975190144071],[-79.3870980633278,43.6975191836054],[-79.3870968224849,43.6975192993965],[-79.3870949984309,43.6975194776206],[-79.3870937451818,43.6975195933994],[-79.3870919087383,43.6975197626099],[-79.3870900722949,43.6975199318204],[-79.387088211039,43.6975201010063],[-79.3870863745787,43.6975202792179],[-79.3870845381352,43.6975204484283],[-79.3870832848861,43.697520564207],[-79.3870814484426,43.6975207334173],[-79.3870802200228,43.6975208402193],[-79.3870783711731,43.6975210094173],[-79.3870765223234,43.6975211786153],[-79.3870746858798,43.6975213478255],[-79.3870728370301,43.6975215170234],[-79.3870709881803,43.6975216862213],[-79.3870691517368,43.6975218554314],[-79.3870679109107,43.6975219622209],[-79.3870660744671,43.697522131431],[-79.387064833641,43.6975222382205],[-79.3870629971975,43.6975224074305],[-79.3870617563714,43.69752251422],[-79.3870599075215,43.6975226834177],[-79.3870580710948,43.6975228436264],[-79.3870568302687,43.6975229504158],[-79.3870549814189,43.6975231196134],[-79.3870531449921,43.697523279822],[-79.387051904166,43.6975233866114],[-79.3870500553161,43.6975235558089],[-79.3870482188893,43.6975237160175],[-79.3870469780632,43.6975238228068],[-79.3870451292302,43.697523983003],[-79.3870432928034,43.6975241432114],[-79.3870420519772,43.6975242500007],[-79.3870402031442,43.6975244101968],[-79.3870383543111,43.6975245703929],[-79.3870365054781,43.6975247305889],[-79.3870346690513,43.6975248907972],[-79.3870334282251,43.6975249975864],[-79.387031579392,43.6975251577824],[-79.3870297305589,43.6975253179783],[-79.3870278817427,43.697525469173],[-79.3870260329096,43.6975256293689],[-79.3870241964996,43.6975257805757],[-79.3870229556733,43.6975258873648],[-79.3870211068402,43.6975260475606],[-79.387019258024,43.6975261987551],[-79.3870174091908,43.6975263589509],[-79.3870155603746,43.6975265101453],[-79.3870124831382,43.697526768141],[-79.3870106343219,43.6975269193353],[-79.3870087855056,43.6975270705297],[-79.3870069366724,43.6975272307253],[-79.3870050878561,43.6975273819195],[-79.3870032390398,43.6975275331138],[-79.3870013902235,43.697527684308],[-79.387000149414,43.6975277820956],[-79.3869983005977,43.6975279332897],[-79.3869964517813,43.6975280844839],[-79.386994602965,43.697528235678],[-79.3869927541486,43.6975283868721],[-79.3869909053491,43.6975285290649],[-79.3869890565327,43.6975286802589],[-79.3869872077163,43.6975288314529],[-79.3869853589168,43.6975289736456],[-79.3869835101004,43.6975291248395],[-79.3869816613009,43.6975292670322],[-79.3869804204914,43.6975293648195],[-79.3869785716749,43.6975295160134],[-79.3869767228754,43.6975296582059],[-79.3869748740758,43.6975298003984],[-79.3869730252593,43.6975299515922],[-79.3869711764598,43.6975300937847],[-79.3869699356503,43.6975301915719],[-79.3869680868507,43.6975303337643],[-79.3869662380511,43.6975304759567],[-79.3869643892514,43.697530618149],[-79.3869625404518,43.6975307603414],[-79.3869603690394,43.6975309292185],[-79.3869585202397,43.6975310714108],[-79.3869566714401,43.697531213603],[-79.3869554306474,43.6975313023888],[-79.3869535818478,43.6975314445809],[-79.3869517330481,43.6975315867731],[-79.3869498842653,43.697531719964],[-79.3869486434558,43.6975318177509],[-79.386946794673,43.6975319509417],[-79.3869449458733,43.6975320931338],[-79.3869430970736,43.6975322353258],[-79.3869418562809,43.6975323241114],[-79.3869400074981,43.6975324573021],[-79.3869381586984,43.697532599494],[-79.3869369179056,43.6975326882796],[-79.3869350691228,43.6975328214702],[-79.386933220323,43.6975329636621],[-79.3869313715402,43.6975330968527],[-79.3869301307475,43.6975331856382],[-79.3869282819646,43.6975333188287],[-79.3869264331818,43.6975334520191],[-79.386925192389,43.6975335408046],[-79.3869233436061,43.697533673995],[-79.3869214948233,43.6975338071854],[-79.3869202540305,43.6975338959708],[-79.3869184052476,43.6975340291611],[-79.3869165564647,43.6975341623515],[-79.3869153156719,43.6975342511368],[-79.3869134669059,43.6975343753258],[-79.386911618123,43.697534508516],[-79.3869103773302,43.6975345973013],[-79.3869085285472,43.6975347304915],[-79.3869072877714,43.6975348102755],[-79.3869054389884,43.6975349434656],[-79.3869035902223,43.6975350676545],[-79.3869023494295,43.6975351564397],[-79.3869005006635,43.6975352806285],[-79.3868992598706,43.6975353694136],[-79.3868974111046,43.6975354936024],[-79.3868955623216,43.6975356267923],[-79.3868943215457,43.6975357065762],[-79.3868924727796,43.6975358307649],[-79.3868912319867,43.6975359195499],[-79.3868893832206,43.6975360437385],[-79.3868875344545,43.6975361679271],[-79.3868862936786,43.6975362477109],[-79.3868844449124,43.6975363718994],[-79.3868832041196,43.6975364606844],[-79.3868813553534,43.6975365848729],[-79.3868801145775,43.6975366646565],[-79.3868782658113,43.697536788845],[-79.3868770250354,43.6975368686286],[-79.3868751762692,43.697536992817],[-79.3868739354932,43.6975370726007],[-79.3868720867271,43.697537196789],[-79.3868708459511,43.6975372765726],[-79.3868689972018,43.6975373917596],[-79.3868671484356,43.6975375159478],[-79.3868659076596,43.6975375957313],[-79.3868640589103,43.6975377109183],[-79.3868628181343,43.6975377907018],[-79.3868609693681,43.6975379148899],[-79.3868597285921,43.6975379946734],[-79.3868578798428,43.6975381098602],[-79.3868566390668,43.6975381896437],[-79.3868547903175,43.6975383048305],[-79.3868535495415,43.6975383846138],[-79.3868523087654,43.6975384643972],[-79.3868504600161,43.6975385795839],[-79.38684921924,43.6975386593673],[-79.3868473704907,43.697538774554],[-79.3868461297316,43.697538845336],[-79.3868442809822,43.6975389605226],[-79.3868430402062,43.6975390403059],[-79.3868411914568,43.6975391554925],[-79.3868399506977,43.6975392262744],[-79.3868381019483,43.697539341461],[-79.3868368611722,43.6975394212442],[-79.3868350124397,43.6975395274294],[-79.3868337716637,43.6975396072126],[-79.3868325309045,43.6975396779945],[-79.3868306821551,43.6975397931809],[-79.386829441396,43.6975398639627],[-79.3868275926465,43.6975399791491],[-79.3868263518874,43.6975400499309],[-79.3868245031379,43.6975401651172],[-79.3868232623788,43.697540235899],[-79.3868220216196,43.6975403066808],[-79.3868201728701,43.697540421867],[-79.386818932111,43.6975404926488],[-79.3868170833784,43.6975405988337],[-79.3868158426192,43.6975406696154],[-79.3868146018601,43.6975407403971],[-79.3868127531106,43.6975408555832],[-79.3868110036449,43.697540952865],[-79.3868097194071,43.6975377561368],[-79.386788260556,43.6975422355286],[-79.3867370522403,43.6975529053311],[-79.386475698341,43.697607400888],[-79.3864761131246,43.6976242787108],[-79.3864791483626,43.6976857425043],[-79.3864550462005,43.6976248428699],[-79.3864526893179,43.6976246785056],[-79.3863826403766,43.6976197482065],[-79.3863744166336,43.6975991810954],[-79.3863738980357,43.6975978753934],[-79.3863733794039,43.697596587694],[-79.3863728607891,43.6975952909933],[-79.3863723421913,43.6975939852913],[-79.3863719840419,43.6975931208119],[-79.3863714654271,43.6975918241112],[-79.3863709467954,43.6975905364118],[-79.3863704281977,43.6975892307098],[-79.3863698971598,43.697587942998],[-79.3863693785282,43.6975866552986],[-79.3863688599135,43.6975853585979],[-79.3863685017642,43.6975844941184],[-79.3863679831666,43.6975831884164],[-79.386367464535,43.697581900717],[-79.3863671064027,43.6975810272362],[-79.3863665877712,43.6975797395368],[-79.3863660691737,43.6975784338348],[-79.3863657110245,43.6975775693553],[-79.386365192393,43.6975762816558],[-79.3863648342438,43.6975754171764],[-79.3863643156293,43.6975741204756],[-79.3863637845917,43.6975728327638],[-79.3863632659943,43.6975715270618],[-79.3863629078451,43.6975706625823],[-79.3863623892138,43.6975693748829],[-79.3863620310646,43.6975685104034],[-79.3863615124503,43.6975672137026],[-79.3863611543012,43.6975663492231],[-79.3863606356699,43.6975650615236],[-79.3863602775209,43.6975641970441],[-79.3863597465004,43.697562900331],[-79.3863592278861,43.6975616036303],[-79.3863588697201,43.6975607481521],[-79.3863583386997,43.6975594514389],[-79.3863578200515,43.6975581727407],[-79.3863574619365,43.6975572902587],[-79.3863569308992,43.6975560025468],[-79.3863563998788,43.6975547058338],[-79.3863560170704,43.6975537603181],[-79.3863556589214,43.6975528958386],[-79.3863551279012,43.6975515991255],[-79.3863546092871,43.6975503024247],[-79.3863542511382,43.6975494379452],[-79.386353720101,43.6975481502334],[-79.3863533619521,43.6975472857538],[-79.3863528309319,43.6975459890407],[-79.3863522998948,43.6975447013289],[-79.3863517688746,43.6975434046157],[-79.3863512378545,43.6975421079026],[-79.3863507068344,43.6975408111894],[-79.3863501757973,43.6975395234776],[-79.3863498176485,43.697538658998],[-79.3863492866285,43.6975373622849]]],[[[-79.4651613790676,43.6938588768402],[-79.4651600179599,43.6937885493267],[-79.4654957522453,43.6948840723625],[-79.4654963342352,43.694885953808],[-79.4654833795204,43.6949563309898],[-79.465468725287,43.6950265366314],[-79.4654523839502,43.695096543732],[-79.4654343555199,43.6951663252869],[-79.4654146524013,43.6952358722979],[-79.4653932870103,43.695305157764],[-79.4653702717575,43.6953741636855],[-79.4653455818364,43.6954428720512],[-79.4653192420686,43.6955112558638],[-79.4652912648706,43.695579288122],[-79.4652616502425,43.6956469598233],[-79.4652304105954,43.6957142529678],[-79.4651975707573,43.6957811315564],[-79.4651631307338,43.6958475775852],[-79.4651270781144,43.695913591049],[-79.4650894501335,43.6959791359525],[-79.465050246797,43.6960441942916],[-79.4650094929286,43.6961087390684],[-79.4649454719497,43.6962045561757],[-79.4649009844216,43.6962677855788],[-79.4648549711867,43.6963304564149],[-79.4648074818867,43.6963925326924],[-79.4647952529811,43.6964078671223],[-79.4647584793161,43.6964539873939],[-79.4647080130959,43.6965148205331],[-79.4646858780525,43.6965404763697],[-79.4646560956454,43.6965750051078],[-79.4646027269722,43.6966345231136],[-79.4644918469529,43.6967513884514],[-79.4644342611288,43.6968087987653],[-79.4643753109585,43.6968654705188],[-79.4643150088572,43.6969213857111],[-79.4642533672349,43.6969765353427],[-79.4641903985178,43.6970308834101],[-79.4641261399234,43.6970844299231],[-79.4640606038624,43.6971371658818],[-79.4639938151732,43.6971890462857],[-79.4639257862564,43.6972400801377],[-79.4638565295287,43.6972902494369],[-79.4637860822195,43.6973395361905],[-79.4637144691522,43.6973879224014],[-79.4636416903382,43.697435390065],[-79.4635677829968,43.697481939191],[-79.4634927719631,43.6975275337799],[-79.46340888819,43.6975766539836],[-79.4633336844556,43.697266220508],[-79.4634590856965,43.6971856181323],[-79.4635258831513,43.6971404980104],[-79.4635915768581,43.6970945493792],[-79.4636561668222,43.6970477632391],[-79.4637196034025,43.6970001665802],[-79.4637818989945,43.6969517774109],[-79.4638430163693,43.6969026137238],[-79.4639029431214,43.6968526755169],[-79.4639616668291,43.6968019897919],[-79.4640191502694,43.6967505655403],[-79.4640753934329,43.6966984207666],[-79.4641303714978,43.6966455734671],[-79.4641840968822,43.6965920056452],[-79.4642365075093,43.6965377982948],[-79.4642535146558,43.6965195309994],[-79.4642757728942,43.6964956305361],[-79.4642875909855,43.6964829334111],[-79.4643373597081,43.6964274290024],[-79.4643857764451,43.6963713120627],[-79.4644328411989,43.6963145825936],[-79.4644785291491,43.6962572585916],[-79.464522840272,43.6961993850649],[-79.4645657497687,43.6961409440048],[-79.4646072328146,43.6960819624089],[-79.4646513997358,43.6960157085857],[-79.4646655053099,43.6959945599175],[-79.4647034655966,43.6959343440196],[-79.4647399497776,43.695873659586],[-79.464774995069,43.695812515631],[-79.4648085518297,43.6957509481457],[-79.4648406200636,43.6956889571315],[-79.4648711997588,43.6956265695934],[-79.464900278503,43.6955638035314],[-79.4649278314729,43.6955006859428],[-79.4649538710734,43.6954372258339],[-79.4649783724868,43.6953734412007],[-79.4650013357019,43.695309359048],[-79.4650227607128,43.6952449973792],[-79.4650426351078,43.6951803741941],[-79.465077682368,43.6950504782821],[-79.4650928676591,43.6949851875579],[-79.4651064650948,43.6949197073191],[-79.4651184994655,43.6948540825803],[-79.4651289459699,43.6947883043332],[-79.4651378170034,43.6947223995858],[-79.4651451001496,43.6946563953385],[-79.4651507953982,43.6945903185956],[-79.4651549027543,43.6945241693573],[-79.4651549654913,43.6945229452008],[-79.4651550032294,43.6945220450831],[-79.4651550533732,43.6945211449693],[-79.4651550911112,43.6945202448516],[-79.465155141255,43.6945193447377],[-79.4651551789931,43.6945184446201],[-79.4651552291368,43.6945175445063],[-79.4651552919416,43.694516203333],[-79.4651553296796,43.6945153032153],[-79.4651553798234,43.6945144031015],[-79.4651554175615,43.6945135029838],[-79.4651554428939,43.6945126028624],[-79.4651554930377,43.6945117027485],[-79.4651555431814,43.6945108026347],[-79.4651555685138,43.6945099025133],[-79.4651556186575,43.6945090023994],[-79.46515564399,43.694508102278],[-79.4651556941337,43.6945072021641],[-79.4651557194662,43.6945063020427],[-79.4651557696099,43.6945054019288],[-79.4651558197536,43.694504501815],[-79.465155845086,43.6945036016935],[-79.4651558952298,43.6945027015797],[-79.4651559205622,43.6945018014583],[-79.4651559707059,43.6945009013444],[-79.4651559960383,43.694500001223],[-79.4651560461821,43.6944991011091],[-79.4651560965811,43.694497759932],[-79.4651561219136,43.6944968598106],[-79.4651561720573,43.6944959596967],[-79.4651561973897,43.6944950595753],[-79.4651562351278,43.6944941594577],[-79.4651562604602,43.6944932593362],[-79.4651563106039,43.6944923592224],[-79.4651563359363,43.6944914591009],[-79.4651563736744,43.6944905589833],[-79.4651563990068,43.6944896588618],[-79.4651564491505,43.694488758748],[-79.4651564620773,43.6944878586228],[-79.465156512221,43.6944869585089],[-79.4651565251478,43.6944860583837],[-79.4651565752915,43.6944851582698],[-79.4651566006239,43.6944842581484],[-79.465156638362,43.6944833580308],[-79.4651566636944,43.6944824579093],[-79.4651566890268,43.6944815577879],[-79.4651567267649,43.6944806576703],[-79.4651567520973,43.6944797575488],[-79.4651567898353,43.6944788574312],[-79.4651568151678,43.6944779573098],[-79.4651568529058,43.6944770571921],[-79.4651568658326,43.6944761570669],[-79.4651569159763,43.694475256953],[-79.4651569289031,43.6944743568278],[-79.4651569542355,43.6944734567064],[-79.4651569919735,43.6944725565887],[-79.4651570299669,43.6944712154079],[-79.465157067705,43.6944703152902],[-79.4651570806318,43.694469415165],[-79.4651571183698,43.6944685150473],[-79.4651571437022,43.6944676149259],[-79.465157156629,43.6944667148007],[-79.465157194367,43.694465814683],[-79.4651572196994,43.6944649145616],[-79.4651572827594,43.6944631323251],[-79.4651572959573,43.6944617641329],[-79.4651573336953,43.6944608640152],[-79.465157346622,43.69445996389],[-79.4651573719544,43.6944590637685],[-79.4651574096925,43.6944581636509],[-79.4651574226193,43.6944572635257],[-79.4651574603573,43.694456363408],[-79.4651574859503,43.6944550132221],[-79.4651575366151,43.6944532129792],[-79.4651575498024,43.6944518627895],[-79.4651575751348,43.6944509626681],[-79.4651576128728,43.6944500625504],[-79.4651576260602,43.6944487123607],[-79.4651576513926,43.6944478122393],[-79.4651576893912,43.6944464620571],[-79.4651577025785,43.6944451118674],[-79.4651577403165,43.6944442117497],[-79.4651577659095,43.6944428615638],[-79.4651577790968,43.6944415113741],[-79.4651578170954,43.6944401611919],[-79.4651578302828,43.6944388110022],[-79.4651578558757,43.6944374608163],[-79.4651578938743,43.6944361106341],[-79.4651579070616,43.6944347604444],[-79.4651579450602,43.6944334102623],[-79.4651579582476,43.6944320600725],[-79.465170594058,43.6943344179113],[-79.465169292769,43.6942678709645],[-79.4651682203898,43.6942130707727],[-79.4651680398183,43.6942035473508],[-79.4651667383369,43.6941373424514],[-79.4651654250676,43.6940700753953],[-79.4651640764239,43.6939996308714],[-79.465162727778,43.6939291953479],[-79.4651613790676,43.6938588768402]]],[[[-79.4241150964601,43.704718110688],[-79.4239943906654,43.7047010720886],[-79.4238078271661,43.7046722788235],[-79.4236219989067,43.7046411184096],[-79.4234369430851,43.7046076268806],[-79.4232527342023,43.7045717772864],[-79.4229048679727,43.7044971656553],[-79.422903032166,43.7044967503584],[-79.4227229998708,43.7044554929603],[-79.4225421648129,43.7044115253504],[-79.422362400029,43.704365271857],[-79.4221837923672,43.7043167505468],[-79.4220063790328,43.7042659884544],[-79.421893947629,43.7042321569007],[-79.4218302096965,43.7042129676168],[-79.4216553339585,43.7041577240786],[-79.4214818262448,43.7041002849008],[-79.4213148458089,43.7040424268924],[-79.4213097237934,43.704040650115],[-79.4211390886331,43.7039788377731],[-79.4209699579534,43.7039148839122],[-79.4208001864106,43.7038479139287],[-79.4206280865483,43.7037779716543],[-79.4204748894262,43.7037131279939],[-79.420457714612,43.7037058520135],[-79.4202890829737,43.7036315910277],[-79.4200558778,43.7035239799242],[-79.4200553570206,43.7035237275242],[-79.4200548486368,43.7035234841342],[-79.4200543278574,43.7035232317342],[-79.4200538070661,43.7035229883354],[-79.4200532862867,43.7035227359355],[-79.4200527779029,43.7035224925454],[-79.4200522571235,43.7035222401454],[-79.4200517363322,43.7035219967467],[-79.4200512155529,43.7035217443467],[-79.420050707169,43.7035215009567],[-79.4200501863897,43.7035212485566],[-79.4200496656104,43.7035209961566],[-79.4200491572265,43.7035207527666],[-79.4200486364472,43.7035205003666],[-79.420048115656,43.7035202569678],[-79.4200475948766,43.7035200045678],[-79.4200470864928,43.7035197611778],[-79.4200465657135,43.7035195087777],[-79.4200460449343,43.7035192563777],[-79.4200455365505,43.7035190129876],[-79.4200450157712,43.7035187605876],[-79.4200444949799,43.7035185171888],[-79.4200439742006,43.7035182647888],[-79.4200434658169,43.7035180213987],[-79.4200429450376,43.7035177689987],[-79.4200424242583,43.7035175165987],[-79.4200419158746,43.7035172732085],[-79.4200413950953,43.7035170208085],[-79.4200408743041,43.7035167774097],[-79.4200403659323,43.7035165250184],[-79.4200398451531,43.7035162726183],[-79.4200393243619,43.7035160292195],[-79.4200388159901,43.7035157768282],[-79.4200382951989,43.7035155334294],[-79.4200377744197,43.7035152810293],[-79.4200372536404,43.7035150286292],[-79.4200367452567,43.7035147852391],[-79.4200362244775,43.7035145328391],[-79.4200357036983,43.703514280439],[-79.4200351953146,43.7035140370489],[-79.4200346745354,43.7035137846488],[-79.4200341537562,43.7035135322487],[-79.4200336453725,43.7035132888586],[-79.4200331245933,43.7035130364585],[-79.4200326038022,43.7035127930597],[-79.4200320954305,43.7035125406683],[-79.4200315746513,43.7035122882682],[-79.4200310538721,43.7035120358681],[-79.4200305454884,43.703511792478],[-79.4200300247093,43.7035115400779],[-79.4200295039181,43.703511296679],[-79.4200289955465,43.7035110442876],[-79.4200284747553,43.7035108008888],[-79.4200279539762,43.7035105484887],[-79.4200274456045,43.7035102960973],[-79.4200269248134,43.7035100526984],[-79.4200264040343,43.7035098002983],[-79.4200258956626,43.7035095479069],[-79.4200253748715,43.703509304508],[-79.4200248664999,43.7035090521166],[-79.4200243457208,43.7035087997165],[-79.4200238249297,43.7035085563176],[-79.420023316558,43.7035083039262],[-79.4200227957789,43.703508051526],[-79.4200222749879,43.7035078081272],[-79.4200217666162,43.7035075557357],[-79.4200212458372,43.7035073033356],[-79.4200207250581,43.7035070509354],[-79.4200202166745,43.7035068075453],[-79.4200196958954,43.7035065551451],[-79.4200191875238,43.7035063027536],[-79.4200186667328,43.7035060593548],[-79.4200181459537,43.7035058069546],[-79.4200176375821,43.7035055545632],[-79.4200171167911,43.7035053111643],[-79.420016596012,43.7035050587641],[-79.4200160876405,43.7035048063726],[-79.4200154304629,43.7035044908681],[-79.4200149096719,43.7035042474692],[-79.4200143888929,43.703503995069],[-79.4200138805094,43.7035037516788],[-79.4200133597303,43.7035034992787],[-79.4200128389393,43.7035032558797],[-79.4200123181603,43.7035030034796],[-79.4200117973693,43.7035027600807],[-79.4200112889978,43.7035025076892],[-79.4200107682068,43.7035022642903],[-79.4200102474278,43.7035020118901],[-79.4200097266368,43.7035017684911],[-79.4200092182534,43.7035015251009],[-79.4200086974744,43.7035012727007],[-79.4200081766834,43.7035010293018],[-79.4200076559045,43.7035007769016],[-79.4200071351135,43.7035005335027],[-79.420006626742,43.7035002811111],[-79.4200061059511,43.7035000377122],[-79.4200055851721,43.703499785312],[-79.4200050643812,43.7034995419131],[-79.4200045560097,43.7034992895215],[-79.4200040352188,43.7034990461226],[-79.4200035144398,43.7034987937224],[-79.4200029936489,43.7034985503234],[-79.4200024852775,43.7034982979319],[-79.4200019644866,43.7034980545329],[-79.4200014437076,43.7034978021327],[-79.4200009229167,43.7034975587337],[-79.4200004145453,43.7034973063422],[-79.4199998937544,43.7034970629432],[-79.4199993729755,43.703496810543],[-79.4199988521846,43.703496567144],[-79.4199983438132,43.7034963147525],[-79.4199978230223,43.7034960713535],[-79.4199973022434,43.7034958189532],[-79.4199967814526,43.7034955755543],[-79.4199962730812,43.7034953231627],[-79.4199957522903,43.7034950797637],[-79.4199952315114,43.7034948273634],[-79.4199947231401,43.7034945749719],[-79.4199942023492,43.7034943315729],[-79.4199936815703,43.7034940791726],[-79.4199931607795,43.7034938357736],[-79.4199926400007,43.7034935833734],[-79.4199921316173,43.7034933399831],[-79.4199916108385,43.7034930875828],[-79.4199910900476,43.7034928441838],[-79.4199905692688,43.7034925917835],[-79.4199900608855,43.7034923483932],[-79.4199895401067,43.7034920959929],[-79.4199890193278,43.7034918435926],[-79.4199885109445,43.7034916002023],[-79.4199879901657,43.703491347802],[-79.4199874693749,43.703491104403],[-79.4199869485961,43.7034908520027],[-79.4199864402128,43.7034906086124],[-79.419985919434,43.7034903562121],[-79.4199853986432,43.703490112813],[-79.4199848902719,43.7034898604214],[-79.4199843694932,43.7034896080211],[-79.4199838487024,43.7034893646221],[-79.4199833403311,43.7034891122305],[-79.4199828195403,43.7034888688314],[-79.4199822987616,43.7034886164311],[-79.4199817779828,43.7034883640308],[-79.4199812695995,43.7034881206404],[-79.4199807488208,43.7034878682401],[-79.4199802280301,43.703487624841],[-79.4199797196588,43.7034873724494],[-79.4199791988801,43.7034871200491],[-79.4199786780893,43.70348687665],[-79.4199781697181,43.7034866242583],[-79.4199776489274,43.7034863808593],[-79.4199771281486,43.7034861284589],[-79.4199766073699,43.7034858760586],[-79.4199760989867,43.7034856326682],[-79.419975578208,43.7034853802679],[-79.4199750574173,43.7034851368688],[-79.4199745490461,43.7034848844771],[-79.4199740282674,43.7034846320768],[-79.4199735074767,43.7034843886777],[-79.4199729991055,43.703484136286],[-79.4199724783268,43.7034838838857],[-79.4199719575362,43.7034836404866],[-79.4199714491649,43.7034833880949],[-79.4199709283743,43.7034831446958],[-79.4199704075956,43.7034828922955],[-79.4199698992244,43.7034826399038],[-79.4199693784338,43.7034823965047],[-79.4199688576551,43.7034821441043],[-79.419968349284,43.7034818917126],[-79.4199678284934,43.7034816483135],[-79.4199673077147,43.7034813959131],[-79.4199667993435,43.7034811435214],[-79.4199662785529,43.7034809001223],[-79.4199657577743,43.7034806477219],[-79.4199652494031,43.7034803953302],[-79.4199647286126,43.7034801519311],[-79.4199642202414,43.7034798995394],[-79.4199636994628,43.703479647139],[-79.4199631786722,43.7034794037398],[-79.4199626703011,43.7034791513481],[-79.4199621495225,43.7034788989477],[-79.4199616287439,43.7034786465473],[-79.4199611203608,43.7034784031569],[-79.4199605995822,43.7034781507564],[-79.4199600788036,43.703477898356],[-79.4199595704205,43.7034776549656],[-79.419959049642,43.7034774025651],[-79.4199585412589,43.7034771591747],[-79.4199580204803,43.7034769067742],[-79.4199574997018,43.7034766543738],[-79.4199569913307,43.7034764019821],[-79.4199564705402,43.7034761585829],[-79.4199559497616,43.7034759061825],[-79.4199554413905,43.7034756537907],[-79.419954920612,43.7034754013903],[-79.419954412229,43.7034751579998],[-79.4199538914504,43.7034749055994],[-79.4199533706599,43.7034746622002],[-79.4199528622889,43.7034744098084],[-79.4199523415104,43.703474157408],[-79.4199518207318,43.7034739050075],[-79.4199513123488,43.7034736616171],[-79.4199507915703,43.7034734092166],[-79.4199502831993,43.7034731568248],[-79.4199497624208,43.7034729044244],[-79.4199492416423,43.7034726520239],[-79.4199487332593,43.7034724086334],[-79.4199482124808,43.7034721562329],[-79.4199477041098,43.7034719038411],[-79.4199471833194,43.7034716604419],[-79.4199466625409,43.7034714080415],[-79.4199461541699,43.7034711556496],[-79.4199451250085,43.7034706598587],[-79.41994460423,43.7034704074582],[-79.4199440958591,43.7034701550664],[-79.4199435750806,43.7034699026659],[-79.4199430666976,43.7034696592753],[-79.4199425459192,43.7034694068749],[-79.4199420251408,43.7034691544744],[-79.4199415167578,43.7034689110838],[-79.4199409959794,43.7034686586833],[-79.4199404876085,43.7034684062915],[-79.4199399668301,43.703468153891],[-79.4199394584472,43.7034679105004],[-79.4199389376687,43.7034676580999],[-79.4199384168903,43.7034674056994],[-79.4199379085194,43.7034671533076],[-79.419937387741,43.7034669009071],[-79.4199368793581,43.7034666575165],[-79.4199363585917,43.7034663961147],[-79.4199358502088,43.7034661527242],[-79.4199353294305,43.7034659003236],[-79.4199348210596,43.7034656479318],[-79.4199343002692,43.7034654045325],[-79.4199337794909,43.703465152132],[-79.41993327112,43.7034648997401],[-79.4199327503416,43.7034646473396],[-79.4199322419707,43.7034643949477],[-79.4199317211924,43.7034641425472],[-79.4199312128095,43.7034638991566],[-79.4199306920312,43.7034636467561],[-79.4199301836604,43.7034633943642],[-79.419929662882,43.7034631419637],[-79.4199291420917,43.7034628985644],[-79.4199286337209,43.7034626461725],[-79.4199281129426,43.703462393772],[-79.4199276045717,43.7034621413801],[-79.4199270837934,43.7034618889795],[-79.4199265754226,43.7034616365876],[-79.4199260546443,43.7034613841871],[-79.4199255462615,43.7034611407964],[-79.4199250254832,43.7034608883959],[-79.4199245171124,43.703460636004],[-79.4199239963341,43.7034603836034],[-79.4199234879633,43.7034601312115],[-79.419922967185,43.7034598788109],[-79.4199224588022,43.7034596354203],[-79.419921938024,43.7034593830197],[-79.4199214172457,43.7034591306191],[-79.4199209088749,43.7034588782272],[-79.4199203880967,43.7034586258266],[-79.4199198797259,43.7034583734347],[-79.4199193589477,43.7034581210341],[-79.4199188505649,43.7034578776435],[-79.4199183297867,43.7034576252429],[-79.4199178214159,43.703457372851],[-79.4199173006377,43.7034571204503],[-79.419916792267,43.7034568680584],[-79.4199162714887,43.7034566156578],[-79.419915763118,43.7034563632659],[-79.4199152423398,43.7034561108653],[-79.4199147339571,43.7034558674746],[-79.4199142131789,43.703455615074],[-79.4199137048082,43.7034553626821],[-79.41991318403,43.7034551102814],[-79.4199126756592,43.7034548578895],[-79.4199121548811,43.7034546054889],[-79.4199116465104,43.7034543530969],[-79.4199111257322,43.7034541006962],[-79.4199106173615,43.7034538483043],[-79.4199100965833,43.7034535959037],[-79.4199095882007,43.703453352513],[-79.4199090674225,43.7034531001123],[-79.4199085590518,43.7034528477204],[-79.4199080506812,43.7034525953284],[-79.419907529903,43.7034523429278],[-79.4199070215323,43.7034520905358],[-79.4199065007542,43.7034518381351],[-79.4199059923835,43.7034515857432],[-79.4199054716054,43.7034513333425],[-79.4199049632348,43.7034510809505],[-79.4199044424567,43.7034508285499],[-79.419903934086,43.7034505761579],[-79.4199034133079,43.7034503237572],[-79.4199029049373,43.7034500713652],[-79.4199023965546,43.7034498279745],[-79.4199018757766,43.7034495755738],[-79.4199013549985,43.7034493231732],[-79.4199008466279,43.7034490707812],[-79.4199003258498,43.7034488183805],[-79.4198998174792,43.7034485659885],[-79.4198993091086,43.7034483135965],[-79.4198987883305,43.7034480611958],[-79.4198982799599,43.7034478088038],[-79.4198977591819,43.7034475564031],[-79.4198972508113,43.7034473040111],[-79.4198967300332,43.7034470516104],[-79.4198962216626,43.7034467992184],[-79.4198957008846,43.7034465468177],[-79.419895192514,43.7034462944256],[-79.4198946841435,43.7034460420336],[-79.4198941633654,43.7034457896329],[-79.4198936549949,43.7034455372409],[-79.4198931342168,43.7034452848402],[-79.4198926258463,43.7034450324481],[-79.4198921050683,43.7034447800474],[-79.4198915966977,43.7034445276554],[-79.4198910883272,43.7034442752633],[-79.4198905675492,43.7034440228626],[-79.4198900591787,43.7034437704706],[-79.4198895384007,43.7034435180698],[-79.4198890300302,43.7034432656778],[-79.4198885092522,43.703443013277],[-79.4198880008817,43.703442760885],[-79.4198874925112,43.703442508493],[-79.4198869717332,43.7034422560922],[-79.4198864633627,43.7034420037002],[-79.4198859425848,43.7034417512994],[-79.4198854342143,43.7034414989073],[-79.4198849134363,43.7034412465066],[-79.4198844050658,43.7034409941145],[-79.4198838966954,43.7034407417224],[-79.4198833759174,43.7034404893217],[-79.419882867547,43.7034402369296],[-79.419882346769,43.7034399845288],[-79.4198818383986,43.7034397321367],[-79.4198813300281,43.7034394797447],[-79.4198808092502,43.7034392273439],[-79.4198803008798,43.7034389749518],[-79.4198797801019,43.703438722551],[-79.4198792717314,43.703438470159],[-79.419878763361,43.7034382177669],[-79.4198782425831,43.7034379653661],[-79.4198777342127,43.703437712974],[-79.4198772258422,43.7034374605819],[-79.4198767050763,43.7034371991798],[-79.4198761967059,43.7034369467877],[-79.4198756759281,43.7034366943869],[-79.4198751675577,43.7034364419948],[-79.4198746591873,43.7034361896027],[-79.4198741384094,43.7034359372019],[-79.419873630039,43.7034356848098],[-79.4198731092612,43.703435432409],[-79.4198726008908,43.7034351800168],[-79.4198720925204,43.7034349276248],[-79.4198715717426,43.7034346752239],[-79.4198710633722,43.7034344228318],[-79.4198705550019,43.7034341704397],[-79.419870034224,43.7034339180388],[-79.4198695258657,43.7034336566454],[-79.4198690174953,43.7034334042533],[-79.4198684967175,43.7034331518525],[-79.4198679883471,43.7034328994603],[-79.4198674675693,43.7034326470595],[-79.419866959199,43.7034323946674],[-79.4198664508287,43.7034321422752],[-79.4198659300509,43.7034318898744],[-79.4198654216806,43.7034316374822],[-79.4198649257177,43.7034313850988],[-79.4198643925445,43.7034311236879],[-79.4198638841742,43.7034308712958],[-79.4198631278104,43.7034305017132],[-79.4198626194402,43.703430249321],[-79.4198620986624,43.7034299969201],[-79.4198615902921,43.703429744528],[-79.4198610695144,43.7034294921271],[-79.4198605611441,43.7034292397349],[-79.4198600527858,43.7034289783415],[-79.4198595320081,43.7034287259406],[-79.4198590236378,43.7034284735485],[-79.4198585152675,43.7034282211563],[-79.4198579944898,43.7034279687554],[-79.4198574861196,43.7034277163632],[-79.4198569653418,43.7034274639623],[-79.4198564569716,43.7034272115701],[-79.4198559486014,43.7034269591779],[-79.4198554278237,43.703426706777],[-79.4198549194534,43.7034264543848],[-79.4198544110952,43.7034261929914],[-79.4198538903175,43.7034259405905],[-79.4198533819473,43.7034256881983],[-79.4198528735771,43.7034254358061],[-79.4198523527994,43.7034251834052],[-79.4198518444292,43.703424931013],[-79.419851336059,43.7034246786207],[-79.4198508152813,43.7034244262198],[-79.4198503069111,43.7034241738276],[-79.4198497985529,43.7034239124341],[-79.4198492777753,43.7034236600332],[-79.4198487694051,43.703423407641],[-79.4198482610349,43.7034231552487],[-79.4198477402573,43.7034229028478],[-79.4198472318871,43.7034226504556],[-79.4198467235169,43.7034223980634],[-79.4198462027393,43.7034221456624],[-79.4198456943812,43.7034218842689],[-79.419845186011,43.7034216318767],[-79.4198446652334,43.7034213794757],[-79.4198441568632,43.7034211270835],[-79.4198436484931,43.7034208746912],[-79.4198431277155,43.7034206222903],[-79.4198426193454,43.703420369898],[-79.4198421109873,43.7034201085045],[-79.4198415902097,43.7034198561036],[-79.4198410818396,43.7034196037113],[-79.4198405734694,43.703419351319],[-79.4198400526919,43.7034190989181],[-79.4198395443218,43.7034188465258],[-79.4198390359637,43.7034185851323],[-79.4198385151861,43.7034183327313],[-79.419838006816,43.703418080339],[-79.4198374984459,43.7034178279468],[-79.4198369776684,43.7034175755458],[-79.4198364817058,43.7034173231622],[-79.4198359609402,43.70341706176],[-79.4198354525702,43.7034168093677],[-79.4198349442001,43.7034165569754],[-79.4198344234226,43.7034163045744],[-79.41983392746,43.7034160521908],[-79.419833394287,43.7034157907799],[-79.4198328859169,43.7034155383876],[-79.4198323775469,43.7034152859953],[-79.4198318691769,43.703415033603],[-79.4198313608188,43.7034147722094],[-79.4198308400413,43.7034145198084],[-79.4198303316713,43.7034142674161],[-79.4198298108938,43.7034140150151],[-79.4198293025238,43.7034137626228],[-79.4198288065732,43.7034135012379],[-79.4198282857958,43.7034132488369],[-79.4198277774258,43.7034129964445],[-79.4198272566483,43.7034127440435],[-79.4198267482783,43.7034124916512],[-79.4198262275129,43.7034122302489],[-79.4198257191429,43.7034119778566],[-79.4198252107729,43.7034117254642],[-79.4198247024029,43.7034114730719],[-79.4198241940449,43.7034112116783],[-79.4198236732675,43.7034109592773],[-79.4198231648975,43.7034107068849],[-79.4198226565276,43.7034104544926],[-79.4198221357502,43.7034102020916],[-79.4198216273922,43.7034099406979],[-79.4198211190222,43.7034096883056],[-79.4198206106523,43.7034094359133],[-79.4198201022943,43.7034091745196],[-79.4198195815169,43.7034089221186],[-79.419819073147,43.7034086697262],[-79.4198185647771,43.7034084173338],[-79.4198180439997,43.7034081649328],[-79.4198175356418,43.7034079035391],[-79.4198170272719,43.7034076511468],[-79.419816518902,43.7034073987544],[-79.4198159981366,43.7034071373521],[-79.4198154897667,43.7034068849597],[-79.4198149814088,43.7034066235661],[-79.4198144730389,43.7034063711737],[-79.419813964669,43.7034061187813],[-79.4198134438917,43.7034058663802],[-79.4198129355218,43.7034056139878],[-79.4198124395594,43.7034053616042],[-79.4198119063866,43.7034051001931],[-79.4198114104242,43.7034048478094],[-79.4198109020663,43.7034045864158],[-79.419810381289,43.7034043340147],[-79.4198098729191,43.7034040816222],[-79.4198093645613,43.7034038202286],[-79.4198088561914,43.7034035678362],[-79.4198083354141,43.7034033154351],[-79.4198078270443,43.7034030630427],[-79.4198073186745,43.7034028106503],[-79.4198067979092,43.7034025492479],[-79.4198062895393,43.7034022968555],[-79.4198057811695,43.7034020444631],[-79.4198052728117,43.7034017830694],[-79.4198047520344,43.7034015306683],[-79.4198042560721,43.7034012782845],[-79.4198037353068,43.7034010168821],[-79.419803226937,43.7034007644897],[-79.4198027309747,43.703400512106],[-79.419802197802,43.7034002506949],[-79.4198017018396,43.7033999983111],[-79.4198011934819,43.7033997369174],[-79.4198006727046,43.7033994845163],[-79.4198001643349,43.7033992321239],[-79.4197996435576,43.7033989797227],[-79.4197991351999,43.703398718329],[-79.4197986268301,43.7033984659365],[-79.4197981308678,43.7033982135528],[-79.4197976101026,43.7033979521504],[-79.4197971017329,43.7033976997579],[-79.4197965933631,43.7033974473655],[-79.4197960725979,43.703397185963],[-79.4197955766357,43.7033969335793],[-79.4197950558705,43.7033966721768],[-79.4197945475007,43.7033964197843],[-79.419794039131,43.7033961673919],[-79.4197935183658,43.7033959059895],[-79.4197930099961,43.703395653597],[-79.4197925016264,43.7033954012045],[-79.4197919932687,43.7033951398108],[-79.419791484899,43.7033948874183],[-79.4197909641339,43.7033946260158],[-79.4197904681716,43.703394373632],[-79.4197899598139,43.7033941122383],[-79.4197894514443,43.7033938598458],[-79.4197889306671,43.7033936074446],[-79.4197884347049,43.7033933550608],[-79.4197879015323,43.7033930936496],[-79.4197874055701,43.7033928412658],[-79.419786884805,43.7033925798634],[-79.4197863764353,43.7033923274709],[-79.4197858804731,43.7033920750871],[-79.419785359708,43.7033918136846],[-79.4197848637458,43.7033915613008],[-79.4197843305733,43.7033912998896],[-79.4197838222037,43.7033910474971],[-79.4197833262535,43.703390786112],[-79.4197828054764,43.7033905337108],[-79.4197823095262,43.7033902723257],[-79.4197817887492,43.7033900199245],[-79.419781292787,43.7033897675407],[-79.4197807596145,43.7033895061295],[-79.4197802636524,43.7033892537456],[-79.4197797552948,43.7033889923518],[-79.4197792345177,43.7033887399506],[-79.4197787385556,43.7033884875668],[-79.4197782177905,43.7033882261642],[-79.4197777218284,43.7033879737804],[-79.4197772010634,43.7033877123779],[-79.4197766802863,43.7033874599766],[-79.4197761719288,43.7033871985828],[-79.4197756635592,43.7033869461903],[-79.4197751675971,43.7033866938064],[-79.4197746468321,43.7033864324039],[-79.41977415087,43.7033861800201],[-79.419773630105,43.7033859186175],[-79.4197731341429,43.7033856662337],[-79.4197726133779,43.7033854048311],[-79.4197720926009,43.7033851524298],[-79.4197715842434,43.703384891036],[-79.4197710882813,43.7033846386521],[-79.4197705799238,43.7033843772583],[-79.4197700591468,43.703384124857],[-79.4197695507893,43.7033838634632],[-79.4197690424078,43.7033836200719],[-79.4197685340623,43.7033833496767],[-79.4197680256928,43.7033830972842],[-79.4197675173233,43.7033828448916],[-79.419766711391,43.7033824302671],[-79.4197662030335,43.7033821688733],[-79.419765694676,43.7033819074794],[-79.4197651863186,43.7033816460855],[-79.4197646655416,43.7033813936842],[-79.4197641695916,43.7033811322991],[-79.4197636612341,43.7033808709052],[-79.4197631528647,43.7033806185126],[-79.4197626320998,43.70338035711],[-79.4197621485573,43.7033800957335],[-79.4197616277804,43.7033798433322],[-79.4197611194229,43.7033795819383],[-79.4197606234729,43.7033793205532],[-79.419760102696,43.7033790681518],[-79.4197596067461,43.7033788067666],[-79.4197590859812,43.7033785453641],[-79.4197585900312,43.7033782839789],[-79.4197580816618,43.7033780315862],[-79.4197575733044,43.7033777701923],[-79.4197570525396,43.7033775087897],[-79.4197565565776,43.7033772564058],[-79.4197560358128,43.7033769950032],[-79.4197555398628,43.703376733618],[-79.4197550315054,43.7033764722241],[-79.4197545355435,43.7033762198402],[-79.4197540271861,43.7033759584462],[-79.4197535188288,43.7033756970523],[-79.4197529980639,43.7033754356497],[-79.419752502114,43.7033751742645],[-79.4197519937447,43.7033749218718],[-79.4197514853873,43.7033746604779],[-79.41975097703,43.7033743990839],[-79.4197504686726,43.70337413769],[-79.4197499727107,43.7033738853061],[-79.4197494643534,43.7033736239121],[-79.4197489559961,43.7033733625182],[-79.4197484476267,43.7033731101255],[-79.4197479392694,43.7033728487316],[-79.4197474309121,43.7033725873376],[-79.4197469225548,43.7033723259437],[-79.41974640179,43.703372064541],[-79.4197459058401,43.7033718031558],[-79.4197454098783,43.7033715507718],[-79.419744901521,43.7033712893779],[-79.4197443931637,43.7033710279839],[-79.4197438848064,43.7033707665899],[-79.4197433764371,43.7033705141973],[-79.4197428680798,43.7033702528033],[-79.4197423597226,43.7033699914093],[-79.4197418513653,43.7033697300153],[-79.419741343008,43.7033694686214],[-79.4197408470462,43.7033692162374],[-79.4197403386889,43.7033689548434],[-79.4197398303317,43.7033686934494],[-79.4197393219744,43.7033684320554],[-79.4197388012097,43.7033681706528],[-79.41973830526,43.7033679092675],[-79.4197378093102,43.7033676478822],[-79.4197373009409,43.7033673954895],[-79.4197367925837,43.7033671340955],[-79.4197362842265,43.7033668727015],[-79.4197357758693,43.7033666113075],[-79.4197352675121,43.7033663499135],[-79.4197347591548,43.7033660885195],[-79.4197342631931,43.7033658361355],[-79.4197337548479,43.7033655657402],[-79.4197332464907,43.7033653043462],[-79.419732725714,43.7033650519447],[-79.4197322297643,43.7033647905595],[-79.4197317214071,43.7033645291654],[-79.4197312254454,43.7033642767814],[-79.4197307046807,43.7033640153787],[-79.419730208731,43.7033637539934],[-79.4197297003739,43.7033634925993],[-79.4197291920167,43.7033632312053],[-79.4197286836595,43.7033629698113],[-79.4197281877099,43.703362708426],[-79.4197276793407,43.7033624560332],[-79.4197271709956,43.7033621856379],[-79.4197266626384,43.7033619242438],[-79.4197261542813,43.7033616628498],[-79.4197256459122,43.703361410457],[-79.4197251499745,43.7033611400704],[-79.4197246416054,43.7033608876777],[-79.4197241332482,43.7033606262836],[-79.4197236248791,43.7033603738908],[-79.419723116534,43.7033601034955],[-79.4197226081649,43.7033598511027],[-79.4197221122152,43.7033595897174],[-79.4197216038702,43.7033593193221],[-79.4197210955131,43.703359057928],[-79.419720587144,43.7033588055352],[-79.4197200911943,43.7033585441499],[-79.4197195828373,43.7033582827558],[-79.4197190744802,43.7033580213617],[-79.4197185661231,43.7033577599676],[-79.4197180577661,43.7033574985736],[-79.4197175618044,43.7033572461895],[-79.4197170534474,43.7033569847954],[-79.4197165450903,43.7033567234013],[-79.4197160367333,43.7033564620072],[-79.4197155283762,43.7033562006132],[-79.4197150200192,43.703355939219],[-79.4197145240696,43.7033556778337],[-79.4197140157126,43.7033554164396],[-79.4197135073556,43.7033551550455],[-79.4197129989865,43.7033549026526],[-79.419712503037,43.7033546412673],[-79.41971199468,43.7033543798732],[-79.419711486323,43.703354118479],[-79.4197109779659,43.7033538570849],[-79.4197104820164,43.7033535956995],[-79.419709961252,43.7033533342967],[-79.4197094653144,43.7033530639101],[-79.4197089569575,43.7033528025159],[-79.4197084609959,43.7033525501318],[-79.4197079526509,43.7033522797364],[-79.419707444282,43.7033520273435],[-79.419706935925,43.7033517659494],[-79.4197064399755,43.703351504564],[-79.4197059192111,43.7033512431612],[-79.4197054232616,43.7033509817758],[-79.4197049149046,43.7033507203816],[-79.4197044189551,43.7033504589962],[-79.4197039105982,43.7033501976021],[-79.4197034022412,43.7033499362079],[-79.4197028938843,43.7033496748138],[-79.4197023979228,43.7033494224296],[-79.4197018771584,43.7033491610268],[-79.419701381209,43.7033488996413],[-79.4197008728641,43.7033486292459],[-79.4197003769026,43.7033483768617],[-79.4196998685457,43.7033481154676],[-79.4196993602008,43.7033478450721],[-79.4196988518439,43.703347583678],[-79.4196983558824,43.7033473312938],[-79.4196978475256,43.7033470698996],[-79.4196973391807,43.7033467995042],[-79.4196968308238,43.70334653811],[-79.4196963348624,43.7033462857258],[-79.4196958265055,43.7033460243317],[-79.4196953181606,43.7033457539362],[-79.4196948221992,43.703345501552],[-79.4196943138544,43.7033452311566],[-79.4196938054975,43.7033449697624],[-79.4196932971407,43.7033447083682],[-79.4196928011793,43.703344455984],[-79.4196922928224,43.7033441945898],[-79.4196917844656,43.7033439331956],[-79.4196912885282,43.7033436628089],[-79.4196907801834,43.7033433924134],[-79.4196902718266,43.7033431310192],[-79.4196897634698,43.703342869625],[-79.4196892675084,43.7033426172408],[-79.4196887591516,43.7033423558466],[-79.4196882507948,43.7033420944524],[-79.4196877548454,43.7033418330669],[-79.4196872464886,43.7033415716727],[-79.4196867381318,43.7033413102784],[-79.4196862421825,43.703341048893],[-79.4196857338257,43.7033407874987],[-79.4196852254809,43.7033405171032],[-79.4196847171242,43.703340255709],[-79.4196842211628,43.7033400033248],[-79.4196837128181,43.7033397329293],[-79.4196832044613,43.703339471535],[-79.4196827085,43.7033392191508],[-79.4196822001433,43.7033389577566],[-79.4196816917865,43.7033386963623],[-79.4196811834418,43.7033384259668],[-79.419680675085,43.7033381645726],[-79.4196801791358,43.703337903187],[-79.419679670779,43.7033376417928],[-79.4196791624223,43.7033373803985],[-79.419678666473,43.703337119013],[-79.4196781705238,43.7033368576275],[-79.419677662167,43.7033365962332],[-79.4196771538103,43.703336334839],[-79.4196766578611,43.7033360734534],[-79.4196761495044,43.7033358120592],[-79.4196756411597,43.7033355416636],[-79.419675132803,43.7033352802694],[-79.4196746368538,43.7033350188838],[-79.4196741285091,43.7033347484883],[-79.4196736325478,43.703334496104],[-79.4196731242032,43.7033342257084],[-79.4196726158465,43.7033339643141],[-79.4196721198853,43.7033337119299],[-79.4196716115407,43.7033334415343],[-79.419671103184,43.70333318014],[-79.4196706072348,43.7033329187545],[-79.4196700988781,43.7033326573602],[-79.4196695905215,43.7033323959659],[-79.4196690945723,43.7033321345803],[-79.4196685862277,43.7033318641847],[-79.4196680902785,43.7033316027992],[-79.4196675819219,43.7033313414049],[-79.4196670735653,43.7033310800105],[-79.4196665652087,43.7033308186163],[-79.4196660692595,43.7033305572307],[-79.4196655609149,43.7033302868351],[-79.4196650649537,43.7033300344508],[-79.4196645566091,43.7033297640552],[-79.419664060648,43.7033295116708],[-79.4196635523034,43.7033292412752],[-79.4196630439468,43.7033289798809],[-79.4196625479977,43.7033287184954],[-79.4196620396411,43.703328457101],[-79.4196615312845,43.7033281957067],[-79.4196610353474,43.7033279253198],[-79.4196605269909,43.7033276639255],[-79.4196600310538,43.7033273935386],[-79.4196595226852,43.7033271411455],[-79.4196590143287,43.7033268797512],[-79.4196585183796,43.7033266183656],[-79.4196580100351,43.70332634797],[-79.4196575140739,43.7033260955856],[-79.4196570057294,43.70332582519],[-79.4196564973849,43.7033255547944],[-79.4196560014238,43.70332530241],[-79.4196554930793,43.7033250320144],[-79.4196549971182,43.70332477963],[-79.4196544887737,43.7033245092344],[-79.4196539804292,43.7033242388388],[-79.4196534844682,43.7033239864544],[-79.4196529761237,43.7033237160587],[-79.4196524801746,43.7033234546731],[-79.4196519718182,43.7033231932787],[-79.4196514634617,43.7033229318843],[-79.4196509675127,43.7033226704987],[-79.4196504591682,43.703322400103],[-79.4196499632192,43.7033221387174],[-79.4196494548747,43.7033218683217],[-79.4196489589257,43.7033216069361],[-79.4196484505572,43.703321354543],[-79.4196479422008,43.7033210931486],[-79.4196474338443,43.7033208317542],[-79.4196469379074,43.7033205613672],[-79.4196464295509,43.7033202999728],[-79.4196459336019,43.7033200385871],[-79.419645437665,43.7033197682002],[-79.4196449293085,43.7033195068058],[-79.4196444209641,43.7033192364101],[-79.4196439250152,43.7033189750245],[-79.4196434166588,43.70331871363],[-79.4196429207218,43.7033184432431],[-79.4196424123654,43.7033181818487],[-79.4196419164164,43.703317920463],[-79.41964140806,43.7033176590686],[-79.4196408997037,43.7033173976742],[-79.4196404037667,43.7033171272872],[-79.4196398954104,43.7033168658927],[-79.4196393994614,43.7033166045071],[-79.4196388911171,43.7033163341113],[-79.4196383951681,43.7033160727256],[-79.4196378868118,43.7033158113312],[-79.4196373908629,43.7033155499455],[-79.4196368825065,43.7033152885511],[-79.4196363865696,43.7033150181641],[-79.4196358782133,43.7033147567696],[-79.4196353822644,43.7033144953839],[-79.4196348739201,43.7033142249882],[-79.4196343779592,43.7033139726038],[-79.4196338696148,43.703313702208],[-79.4196333612706,43.7033134318123],[-79.4196328653217,43.7033131704266],[-79.4196323569654,43.7033129090321],[-79.4196318610165,43.7033126476464],[-79.4196313526602,43.7033123862519],[-79.4196308567233,43.7033121158649],[-79.419630348367,43.7033118544704],[-79.4196298524302,43.7033115840834],[-79.4196293440739,43.7033113226889],[-79.4196288481251,43.7033110613032],[-79.4196283397808,43.7033107909074],[-79.419627843832,43.7033105295217],[-79.4196273354757,43.7033102681272],[-79.4196268395389,43.7033099977402],[-79.4196263311827,43.7033097363457],[-79.4196258352338,43.70330947496],[-79.4196253268776,43.7033092135654],[-79.4196248309288,43.7033089521797],[-79.4196243225846,43.7033086817839],[-79.4196238266358,43.7033084203982],[-79.4196233182915,43.7033081500024],[-79.4196228223428,43.7033078886166],[-79.4196223139866,43.7033076272221],[-79.4196218180498,43.703307356835],[-79.4196213096936,43.7033070954405],[-79.4196208137448,43.7033068340548],[-79.4196203054006,43.703306563659],[-79.4196198094518,43.7033063022732],[-79.4196193010957,43.7033060408787],[-79.4196188051589,43.7033057704916],[-79.4196182968027,43.7033055090971],[-79.419617800866,43.70330523871],[-79.4196172925098,43.7033049773155],[-79.4196167965611,43.7033047159297],[-79.4196163006244,43.7033044455426],[-79.4196157922682,43.7033041841481],[-79.4196152963195,43.7033039227623],[-79.419614539995,43.7033035261742],[-79.4195225783889,43.7032553496386],[-79.4193233615834,43.7031465277832],[-79.4192780704849,43.7031217873013],[-79.4191761191551,43.7030660963649],[-79.4187370350632,43.7028262340479],[-79.4187071429958,43.7028099114786],[-79.4186436876305,43.7027763095681],[-79.4184506935263,43.7026740885485],[-79.4184493544644,43.7026734034961],[-79.4184483377728,43.7026728806966],[-79.4184468251429,43.7026720965062],[-79.4184458084514,43.7026715737067],[-79.4184442958093,43.7026707985175],[-79.4184432791179,43.702670275718],[-79.4184417540686,43.7026695005199],[-79.4184402414388,43.7026687163294],[-79.4184387163896,43.7026679411313],[-79.4184376996982,43.7026674183318],[-79.4184361870564,43.7026666431425],[-79.4184351703651,43.7026661203429],[-79.4184336577233,43.7026653451536],[-79.418432641032,43.702664822354],[-79.418431115983,43.7026640471558],[-79.4184300992918,43.7026635243561],[-79.4184285866501,43.7026627491667],[-79.418427569959,43.7026622263671],[-79.41842604491,43.7026614511688],[-79.4184245322685,43.7026606759794],[-79.4184235155774,43.7026601531797],[-79.4184219905286,43.7026593779814],[-79.4184204654798,43.702658602783],[-79.4184194487888,43.7026580799833],[-79.4184179361474,43.7026573047938],[-79.4184164110987,43.7026565295954],[-79.4184148860501,43.702655754397],[-79.4184138693592,43.7026552315972],[-79.4184123443106,43.7026544563988],[-79.4184108192621,43.7026536812003],[-79.4184093066209,43.7026529060107],[-79.4184077815725,43.7026521308122],[-79.4184062565241,43.7026513556136],[-79.4184047314757,43.7026505804151],[-79.4184032064274,43.7026498052165],[-79.4184016813791,43.702649030018],[-79.4184001563309,43.7026482548193],[-79.4183986312827,43.7026474796207],[-79.4183971062345,43.7026467044221],[-79.4183955811742,43.7026459382247],[-79.4183945644836,43.7026454154247],[-79.4183930394233,43.7026446492273],[-79.4183920227328,43.7026441264273],[-79.4183904976726,43.7026433602298],[-79.4183894809821,43.7026428374298],[-79.4183879559219,43.7026420712323],[-79.4183869392315,43.7026415484323],[-79.4183854141714,43.7026407822348],[-79.4183838891235,43.7026400070359],[-79.4183823640758,43.7026392318371],[-79.4183808390158,43.7026384656395],[-79.418379809906,43.7026379518318],[-79.4183787932157,43.7026374290317],[-79.4183772681558,43.7026366628341],[-79.4183757431081,43.7026358876351],[-79.4183742180484,43.7026351214374],[-79.4183726930008,43.7026343462385],[-79.4183716638912,43.7026338324307],[-79.4183701388314,43.702633066233],[-79.4183681054267,43.7026320386351],[-79.4183665803793,43.7026312634361],[-79.4183655512698,43.7026307496282],[-79.4183640262102,43.7026299834304],[-79.418362501163,43.7026292082313],[-79.4183609761035,43.7026284420334],[-79.418359946994,43.7026279282256],[-79.4183584219346,43.7026271620277],[-79.4183568968875,43.7026263868285],[-79.418355867778,43.7026258730206],[-79.4183543427188,43.7026251068227],[-79.4183528176595,43.7026243406247],[-79.4183517885501,43.7026238268167],[-79.418350263491,43.7026230606187],[-79.4183487260245,43.7026222944119],[-79.4183472009777,43.7026215192125],[-79.4183456759186,43.7026207530145],[-79.4183446468094,43.7026202392065],[-79.4183431217504,43.7026194730084],[-79.4183420926412,43.7026189592003],[-79.4183405675822,43.7026181930022],[-79.4183395384609,43.7026176881954],[-79.418338013402,43.7026169219972],[-79.4183364759359,43.7026161557902],[-79.4183349508771,43.702615389592],[-79.418333921768,43.7026148757839],[-79.4183323967093,43.7026141095857],[-79.4183313676003,43.7026135957775],[-79.4183298425416,43.7026128295793],[-79.4183985867539,43.7025979815596],[-79.4184297009755,43.7025912618098],[-79.4184303182524,43.7025935395737],[-79.4185654725056,43.7025649308639],[-79.4186235676994,43.7025526314848],[-79.4186653053772,43.7025437949316],[-79.4186961959668,43.7025372549756],[-79.4187341707031,43.7026320564397],[-79.4187450771777,43.7026592840586],[-79.4187462674036,43.7026599329967],[-79.4187477551861,43.7026607441693],[-79.4187492429686,43.7026615553419],[-79.4187507183439,43.7026623665056],[-79.4187522061265,43.7026631776782],[-79.4187536939091,43.7026639888507],[-79.4187551816917,43.7026648000232],[-79.4187566694744,43.7026656111957],[-79.4187581572572,43.7026664223682],[-79.41875964504,43.7026672335407],[-79.4187611452301,43.7026680447219],[-79.418762633013,43.7026688558943],[-79.4187641207959,43.7026696670667],[-79.4187656085788,43.7026704782391],[-79.418767096374,43.7026712804102],[-79.418768584157,43.7026720915825],[-79.4187700719401,43.7026729027548],[-79.4187715597232,43.7026737139271],[-79.4187730475063,43.7026745250994],[-79.4187740517812,43.7026750568885],[-79.4187755395645,43.7026758680607],[-79.4187770273477,43.7026766792329],[-79.418778515131,43.7026774904051],[-79.4187800029265,43.7026782925761],[-79.4187810071894,43.7026788333663],[-79.4187824949728,43.7026796445385],[-79.4187839827684,43.7026804467093],[-79.4187854705518,43.7026812578814],[-79.4187864748148,43.7026817986717],[-79.4187879626105,43.7026826008425],[-79.4187894503941,43.7026834120145],[-79.4187904546693,43.7026839438035],[-79.418791942453,43.7026847549755],[-79.4187934302488,43.7026855571462],[-79.418794434512,43.7026860979364],[-79.4187959222957,43.7026869091083],[-79.4187974100917,43.702687711279],[-79.4187984143549,43.7026882520692],[-79.4187999021509,43.7026890542398],[-79.4188014023542,43.7026898564193],[-79.4188028901382,43.7026906675911],[-79.4188043903416,43.7026914697706],[-79.4188058781378,43.7026922719411],[-79.4188073783292,43.7026930831218],[-79.4188088661254,43.7026938852923],[-79.418810366329,43.7026946874716],[-79.4188118541132,43.7026954986434],[-79.4188128583888,43.7026960304321],[-79.4188143461853,43.7026968326026],[-79.4188153504488,43.7026973733926],[-79.4188168382452,43.702698175563],[-79.4188178425209,43.7026987073517],[-79.4188193303175,43.7026995095221],[-79.4188203345811,43.702700050312],[-79.4190533094057,43.7028273045769],[-79.4195645283415,43.7031065700474],[-79.4196363024592,43.7031457760883],[-79.4196872862852,43.7031723476873],[-79.4199250337104,43.7032962370406],[-79.4199264968055,43.7032969761703],[-79.4199280343093,43.7032977423559],[-79.4199295593937,43.7032985175341],[-79.4199310844901,43.703299283711],[-79.4199321136245,43.7032997975046],[-79.419933638721,43.7033005636815],[-79.4199351638056,43.7033013388596],[-79.4199361929401,43.7033018526532],[-79.4199377180366,43.70330261883],[-79.4199392431333,43.7033033850067],[-79.4199402722679,43.7033038988004],[-79.4199417973646,43.7033046649771],[-79.4199433348687,43.7033054311625],[-79.4199448599655,43.7033061973392],[-79.4199463974578,43.7033069725258],[-79.4199479225547,43.7033077387024],[-79.4199494352441,43.7033085048704],[-79.4199509851559,43.7033092710643],[-79.4199525226604,43.7033100372496],[-79.4199540477574,43.7033108034262],[-79.4199550768922,43.7033113172197],[-79.4199566019893,43.7033120833962],[-79.4199576311361,43.7033125881884],[-79.4199591562333,43.7033133543648],[-79.4199601853681,43.7033138681583],[-79.4199617104654,43.7033146343347],[-79.4199627396003,43.7033151481281],[-79.4199642646976,43.7033159143046],[-79.4199652938445,43.7033164190967],[-79.4199668189419,43.7033171852731],[-79.4199678480769,43.7033176990664],[-79.4199693855937,43.7033184562502],[-79.4199709106912,43.7033192224266],[-79.4199719398263,43.7033197362199],[-79.4199734773312,43.7033205024049],[-79.4199750024408,43.7033212595799],[-79.4199760315759,43.7033217733732],[-79.419977569081,43.7033225395581],[-79.4199790941906,43.703323296733],[-79.4199801233259,43.7033238105263],[-79.419981660843,43.7033245677099],[-79.4199831983482,43.7033253338948],[-79.419984723446,43.7033261000709],[-79.4199857525933,43.7033266048629],[-79.4199867817406,43.7033271096548],[-79.4199883068385,43.7033278758309],[-79.4199893359859,43.7033283806228],[-79.4199903651213,43.7033288944159],[-79.4199919026387,43.7033296515994],[-79.4199934277367,43.7033304177754],[-79.4199944568842,43.7033309225673],[-79.4199954860196,43.7033314363604],[-79.4199966639607,43.7033320132666],[-79.4199982014663,43.7033327794513],[-79.4199997389839,43.7033335366346],[-79.4200012764895,43.7033343028192],[-79.4200028140072,43.7033350600025],[-79.4200043515249,43.7033358171859],[-79.4200058890307,43.7033365833704],[-79.4200074265485,43.7033373405537],[-79.4200089640663,43.7033380977369],[-79.420009993214,43.7033386025286],[-79.4200115307199,43.7033393687131],[-79.4200130682378,43.7033401258963],[-79.4200140973856,43.703340630688],[-79.4200156349036,43.7033413878711],[-79.4200171724097,43.7033421540555],[-79.4200182015575,43.7033426588471],[-79.4200197390756,43.7033434160302],[-79.4200207682235,43.7033439208219],[-79.4200223057417,43.7033446780049],[-79.4200238432599,43.7033454351879],[-79.4200248724078,43.7033459399795],[-79.4200259015558,43.7033464447711],[-79.4200274390741,43.7033472019541],[-79.4200284682222,43.7033477067456],[-79.4200300057405,43.7033484639286],[-79.4200310348886,43.7033489687201],[-79.4200320640367,43.7033494735116],[-79.4200336015551,43.7033502306945],[-79.4200346307032,43.703350735486],[-79.4200356598514,43.7033512402775],[-79.4200371973699,43.7033519974603],[-79.4200382265181,43.7033525022518],[-79.4200392556663,43.7033530070432],[-79.4200402848146,43.7033535118347],[-79.4200413139628,43.7033540166261],[-79.4200428514815,43.7033547738089],[-79.4200438806298,43.7033552786003],[-79.4200449097781,43.7033557833917],[-79.4200464473088,43.7033565315732],[-79.4200474764571,43.7033570363645],[-79.4200485056055,43.7033575411559],[-79.4200495347539,43.7033580459472],[-79.4200505639023,43.7033585507386],[-79.4200521014332,43.70335929892],[-79.4200531305816,43.7033598037113],[-79.4200541597301,43.7033603085026],[-79.4200551888785,43.7033608132939],[-79.420056218027,43.7033613180852],[-79.420058276336,43.7033623186665],[-79.4200593054846,43.7033628234577],[-79.4200603346331,43.703363328249],[-79.4200613762011,43.7033638240477],[-79.4200624053497,43.7033643288389],[-79.4200634344983,43.7033648336301],[-79.4200649720295,43.7033655818113],[-79.4200660011782,43.7033660866025],[-79.4200670303269,43.7033665913937],[-79.4200685802656,43.7033673395836],[-79.4200696094143,43.7033678443748],[-79.4200711593531,43.7033685925646],[-79.4200721885019,43.7033690973557],[-79.4200737260333,43.7033698455368],[-79.4200747551821,43.7033703503279],[-79.4200757967384,43.7033708551277],[-79.4200773342699,43.7033716033088],[-79.4200788842088,43.7033723514985],[-79.4200799133577,43.7033728562896],[-79.4200814632968,43.7033736044792],[-79.4200824924457,43.7033741092703],[-79.4200840423848,43.7033748574599],[-79.420085592324,43.7033756056495],[-79.420086621473,43.7033761104406],[-79.4200881714122,43.7033768586301],[-79.420089708944,43.703377606811],[-79.4200907505005,43.7033781116106],[-79.4200922880324,43.7033788597915],[-79.420093329601,43.7033793555899],[-79.4200943587501,43.7033798603808],[-79.4200959086895,43.7033806085703],[-79.4200974586289,43.7033813567597],[-79.420098996161,43.7033821049405],[-79.4201000377296,43.7033826007388],[-79.4201010668789,43.7033831055297],[-79.4201026168184,43.7033838537191],[-79.4201041667581,43.7033846019084],[-79.4201057166977,43.7033853500978],[-79.4201072666374,43.7033860982871],[-79.4201088165771,43.7033868464764],[-79.4201103665169,43.7033875946657],[-79.4203298548719,43.7034904524279],[-79.4204296884264,43.7035351592993],[-79.4205975866665,43.7036103737049],[-79.4207643979584,43.7036821756256],[-79.420932899853,43.7037518631715],[-79.4211030551512,43.7038194093055],[-79.4212748142456,43.7038847869825],[-79.4215184925227,43.7039657680075],[-79.4216964685715,43.704021706979],[-79.4216977832367,43.7040221219383],[-79.4216989242661,43.704022482771],[-79.4217006233908,43.7040230330127],[-79.4217017644201,43.7040233938453],[-79.4217029054495,43.7040237546779],[-79.4217046045743,43.7040243049197],[-79.4217057456037,43.7040246657523],[-79.4217074447403,43.7040252069926],[-79.4217085857698,43.7040255678252],[-79.4217102849064,43.7040261090655],[-79.4217114259359,43.7040264698981],[-79.4217125669654,43.7040268307306],[-79.4217142661138,43.7040273629696],[-79.4217154071433,43.7040277238021],[-79.42171710628,43.7040282650424],[-79.4217182473096,43.7040286258748],[-79.4217193883392,43.7040289867073],[-79.421721087476,43.7040295279475],[-79.4217222285056,43.7040298887799],[-79.4217233695353,43.7040302496123],[-79.4217250686838,43.7040307818512],[-79.4217262097135,43.7040311426836],[-79.4217273507432,43.704031503516],[-79.4217290498801,43.7040320447561],[-79.4217307614364,43.7040325770033],[-79.4217319024661,43.7040329378356],[-79.4217336016032,43.7040334790756],[-79.4217347426329,43.7040338399079],[-79.4217364541893,43.7040343721551],[-79.4217375952191,43.7040347329874],[-79.421739294368,43.704035265226],[-79.4217404353978,43.7040356260583],[-79.4217415764276,43.7040359868905],[-79.4217427174575,43.7040363477228],[-79.4217444166064,43.7040368799613],[-79.4217455576363,43.7040372407935],[-79.4217472691929,43.7040377730405],[-79.4217484102228,43.7040381338727],[-79.4217501093719,43.7040386661112],[-79.4217512504018,43.7040390269433],[-79.4217529619585,43.7040395591902],[-79.4217541029885,43.7040399200224],[-79.4217558021377,43.7040404522608],[-79.4217569431677,43.7040408130929],[-79.4217586547245,43.7040413453397],[-79.4217597957545,43.7040417061718],[-79.4217615073114,43.7040422384186],[-79.4217632188682,43.7040427706653],[-79.4217660590711,43.7040436457331],[-79.4217677706046,43.7040441959823],[-79.4217694821616,43.704044728229],[-79.4217706231918,43.7040450890609],[-79.4217723347488,43.7040456213076],[-79.4217740463058,43.7040461535542],[-79.4217757454553,43.7040466857923],[-79.4217774570125,43.7040472180389],[-79.4217791685696,43.7040477502854],[-79.4217808801268,43.7040482825319],[-79.421782591684,43.7040488147784],[-79.4217843032412,43.7040493470248],[-79.4217860147985,43.7040498792713],[-79.4217877263558,43.7040504115177],[-79.4217894379131,43.7040509437641],[-79.4217911494821,43.7040514670092],[-79.4217922905126,43.7040518278409],[-79.42179400207,43.7040523600872],[-79.4217957136391,43.7040528833322],[-79.4217968546696,43.7040532441639],[-79.4217985662388,43.7040537674089],[-79.4217997072694,43.7040541282405],[-79.4218014188386,43.7040546514855],[-79.4218031303962,43.7040551837316],[-79.4218048419538,43.7040557159778],[-79.4218065535231,43.7040562392227],[-79.4218082650807,43.7040567714688],[-79.4218099766384,43.7040573037148],[-79.4218112789211,43.7040577006618],[-79.4218129904788,43.7040582329078],[-79.4218147020483,43.7040587561525],[-79.4218164136061,43.7040592883985],[-79.4218181251756,43.7040598116432],[-79.4218198367334,43.7040603438892],[-79.4218209901836,43.7040606957278],[-79.4218227017532,43.7040612189724],[-79.4218244133111,43.7040617512183],[-79.4218261248808,43.7040622744628],[-79.4218278364505,43.7040627977074],[-79.4218295480085,43.7040633299532],[-79.4218312719858,43.7040638532061],[-79.4218329835556,43.7040643764506],[-79.4218346951138,43.7040649086963],[-79.4218364066836,43.7040654319407],[-79.4218381182535,43.7040659551851],[-79.4218392717038,43.7040663070236],[-79.4218409832737,43.7040668302679],[-79.4218426948437,43.7040673535122],[-79.4218444064137,43.7040678767565],[-79.421845559864,43.7040682285949],[-79.4218472714341,43.7040687518392],[-79.4218489830041,43.7040692750834],[-79.4218506945742,43.7040697983276],[-79.4218518480247,43.704070150166],[-79.4218535595949,43.7040706734101],[-79.421855271165,43.7040711966542],[-79.4218564246155,43.7040715484926],[-79.4218581361857,43.7040720717366],[-79.421859847756,43.7040725949807],[-79.4218615717339,43.7040731182332],[-79.4218632833042,43.7040736414772],[-79.4218649948862,43.7040741557199],[-79.4218661483368,43.7040745075581],[-79.4218678599072,43.7040750308021],[-79.4218695714777,43.704075554046],[-79.42187072494,43.7040758968829],[-79.4218724365105,43.7040764201268],[-79.4218741604886,43.7040769433791],[-79.4218758720708,43.7040774576216],[-79.4218775836414,43.7040779808654],[-79.4218787370922,43.7040783327035],[-79.4218804238593,43.704078846929],[-79.4218816021253,43.704079198784],[-79.4218833137076,43.7040797130265],[-79.4218850376859,43.7040802362786],[-79.4218867492566,43.7040807595223],[-79.4218884732467,43.7040812737731],[-79.4218901848174,43.7040817970167],[-79.4218919088076,43.7040823112675],[-79.4218936203784,43.7040828345111],[-79.421894773841,43.7040831773477],[-79.4218964854236,43.70408369159],[-79.4218982094021,43.7040842148419],[-79.4218999209848,43.7040847290841],[-79.4219010744475,43.7040850719207],[-79.4219027860185,43.7040855951641],[-79.4219039394812,43.7040859380007],[-79.421905651064,43.7040864522428],[-79.421906804515,43.7040868040806],[-79.4219085160978,43.7040873183227],[-79.4219096695606,43.7040876611592],[-79.4219113811435,43.7040881754012],[-79.4219125346063,43.7040885182377],[-79.4219142461775,43.7040890414809],[-79.4219153996404,43.7040893843174],[-79.4219171236309,43.7040898985677],[-79.4219188352139,43.7040904128097],[-79.4219199886768,43.7040907556461],[-79.4219217002598,43.7040912698879],[-79.4219228537228,43.7040916127243],[-79.4219245777134,43.7040921269746],[-79.4219262892848,43.7040926502177],[-79.4219274427478,43.704092993054],[-79.4219291667386,43.7040935073042],[-79.4219308783217,43.7040940215459],[-79.4219320317965,43.7040943553809],[-79.4219337557873,43.7040948696311],[-79.4219354673705,43.7040953838728],[-79.4219366208337,43.704095726709],[-79.4219383448246,43.7040962409591],[-79.4219400688155,43.7040967552091],[-79.4219417803988,43.7040972694507],[-79.421942933862,43.7040976122869],[-79.421944657853,43.7040981265368],[-79.4219463818557,43.7040986317855],[-79.4219480934392,43.704099146027],[-79.4219492469025,43.7040994888631],[-79.4219504003657,43.7040998316992],[-79.4219521119609,43.7041003369393],[-79.4219532654242,43.7041006797754],[-79.4219544188876,43.7041010226115],[-79.4219560313271,43.7041014467724],[-79.4219577926346,43.7041018890374],[-79.4219595539537,43.7041023223012],[-79.4219613152612,43.7041027645662],[-79.4219630765804,43.7041031978299],[-79.4219648378997,43.7041036310936],[-79.4219665992189,43.7041040643573],[-79.4219683605265,43.7041045066222],[-79.4219701218458,43.7041049398858],[-79.4219718831652,43.7041053731494],[-79.4219736444845,43.7041058064129],[-79.4219754058039,43.7041062396764],[-79.4219771671116,43.7041066819412],[-79.4219783454604,43.7041069707863],[-79.4219801067799,43.7041074040498],[-79.4219818680994,43.7041078373132],[-79.4219836294189,43.7041082705766],[-79.4219848077678,43.7041085594217],[-79.4219865690873,43.704108992685],[-79.4219883304069,43.7041094259484],[-79.4219900917265,43.7041098592117],[-79.4219912700754,43.7041101480566],[-79.4219930313951,43.7041105813199],[-79.421994209744,43.7041108701649],[-79.4219959710637,43.7041113034281],[-79.4219977323951,43.70411172769],[-79.4219989107441,43.704112016535],[-79.4220006720639,43.7041124497981],[-79.4220018504129,43.704112738643],[-79.4220036117327,43.7041131719061],[-79.4220047900818,43.7041134607509],[-79.4220065514133,43.7041138850127],[-79.4220077297624,43.7041141738575],[-79.4220094910822,43.7041146071205],[-79.4220106694314,43.7041148959653],[-79.422012430763,43.704115320227],[-79.4220136091121,43.7041156090718],[-79.4220153704321,43.7041160423347],[-79.4220171317638,43.7041164665963],[-79.4220183101129,43.704116755441],[-79.4220194884622,43.7041170442858],[-79.4220212497939,43.7041174685473],[-79.4220224281431,43.704117757392],[-79.4220236064924,43.7041180462367],[-79.4220253678241,43.7041184704982],[-79.4220265461734,43.7041187593428],[-79.4220283075052,43.7041191836043],[-79.4220294858546,43.7041194724489],[-79.4220312471747,43.7041199057115],[-79.4220324255358,43.7041201855548],[-79.4220341992752,43.7041206098247],[-79.4220359605955,43.7041210430873],[-79.4220377219275,43.7041214673485],[-79.422039495667,43.7041218916183],[-79.4220406740164,43.7041221804628],[-79.4220424353484,43.704122604724],[-79.4220441966805,43.7041230289852],[-79.4220453750299,43.7041233178296],[-79.4220471487696,43.7041237420992],[-79.4220489101017,43.7041241663604],[-79.4220506714339,43.7041245906215],[-79.4220518497834,43.7041248794658],[-79.4220536235232,43.7041253037354],[-79.4220553848554,43.7041257279964],[-79.4220571585952,43.7041261522659],[-79.4220589199274,43.7041265765268],[-79.4220606812597,43.7041270007877],[-79.4220624549996,43.7041274250571],[-79.4220642163319,43.704127849318],[-79.4220659900719,43.7041282735873],[-79.4220677514043,43.7041286978482],[-79.4220695251443,43.7041291221174],[-79.4220712864883,43.7041295373769],[-79.4220724648381,43.7041298262211],[-79.4220742385781,43.7041302504903],[-79.4220759999223,43.7041306657498],[-79.422077178272,43.7041309545938],[-79.4220789520238,43.7041313698617],[-79.4220807133564,43.7041317941223],[-79.4220824870965,43.7041322183914],[-79.4220842484408,43.7041326336507],[-79.4220854267906,43.7041329224947],[-79.4220872005426,43.7041333377625],[-79.4220889742828,43.7041337620315],[-79.4220907356272,43.7041341772907],[-79.4220925093675,43.7041346015596],[-79.4220942707003,43.70413502582],[-79.4220960444523,43.7041354410876],[-79.4220978181927,43.7041358653564],[-79.4220995795372,43.7041362806155],[-79.4221013532776,43.7041367048842],[-79.4221031146221,43.7041371201432],[-79.4221048883743,43.7041375354107],[-79.4221066621148,43.7041379596794],[-79.4221084234594,43.7041383749383],[-79.4221101972,43.704138799207],[-79.4221119709522,43.7041392144743],[-79.4221137322969,43.7041396297331],[-79.4221155060492,43.7041400450004],[-79.4221172797899,43.704140469269],[-79.4221190411346,43.7041408845278],[-79.4221202319041,43.7041411643786],[-79.4221231716107,43.7041418594797],[-79.4221360222029,43.7041447216386],[-79.422206780369,43.7041658508044],[-79.4223137052815,43.7041977880407],[-79.422460756065,43.7042397798244],[-79.4224660460604,43.7042267855704],[-79.422582511664,43.7039413530355],[-79.4225841116846,43.7039417861804],[-79.4225858605497,43.7039422554312],[-79.4225876094148,43.703942724682],[-79.4225893582799,43.7039431939327],[-79.4225910947376,43.7039436631751],[-79.4225928436027,43.7039441324258],[-79.422594592468,43.7039446016765],[-79.4225963289372,43.7039450619174],[-79.4225974948436,43.7039453777516],[-79.4225986607499,43.7039456935857],[-79.4226004096268,43.703946153835],[-79.4226015755332,43.7039464696692],[-79.422603311991,43.7039469389113],[-79.4226050608563,43.7039474081618],[-79.4226068097333,43.703947868411],[-79.4226079756398,43.7039481842451],[-79.4226097245168,43.7039486444943],[-79.4226108904233,43.7039489603283],[-79.4226126268812,43.7039494295703],[-79.4226143757583,43.7039498898194],[-79.4226155416649,43.7039502056533],[-79.422617290542,43.7039506659024],[-79.4226190394076,43.7039511351527],[-79.4226207882848,43.7039515954017],[-79.4226219541914,43.7039519112356],[-79.4226237030687,43.7039523714846],[-79.4226254395384,43.7039528317251],[-79.422626605445,43.703953147559],[-79.4226283543223,43.7039536078078],[-79.4226301031881,43.703954077058],[-79.4226318520655,43.7039545373068],[-79.4226336009429,43.7039549975556],[-79.4226353498088,43.7039554668056],[-79.4226370986862,43.7039559270544],[-79.4226388475637,43.7039563873031],[-79.4226405964413,43.7039568475518],[-79.4226423453072,43.7039573168017],[-79.4226440941848,43.7039577770504],[-79.4226458430624,43.703958237299],[-79.42264759194,43.7039586975476],[-79.4226493408177,43.7039591577961],[-79.4226510896953,43.7039596180447],[-79.422652838573,43.7039600782932],[-79.4226545874508,43.7039605385417],[-79.4226563363285,43.7039609987901],[-79.4226580852063,43.7039614590385],[-79.4226598340841,43.7039619192869],[-79.422661582962,43.7039623795353],[-79.4226627612881,43.7039626863759],[-79.422664510166,43.7039631466243],[-79.4226662590439,43.7039636068726],[-79.4226680079334,43.7039640581196],[-79.4226697568114,43.7039645183678],[-79.4226715056894,43.7039649786161],[-79.4226732545674,43.7039654388642],[-79.4226750158646,43.7039658901195],[-79.4226767647427,43.7039663503677],[-79.4226785136208,43.7039668106158],[-79.4226802625105,43.7039672618626],[-79.4226820113886,43.7039677221107],[-79.4226837726744,43.7039681823671],[-79.4226855215641,43.7039686336138],[-79.4226872704424,43.7039690938618],[-79.4226890193322,43.7039695451085],[-79.4226907682105,43.7039700053564],[-79.4226919465485,43.7039703031955],[-79.4226936954268,43.7039707634434],[-79.4226954443168,43.7039712146899],[-79.4226971932067,43.7039716659365],[-79.4226983715332,43.7039719727768],[-79.4227001204232,43.7039724240233],[-79.4227018693016,43.703972884271],[-79.4227030476398,43.70397318211],[-79.4227047965298,43.7039736333564],[-79.4227065454084,43.7039740936041],[-79.4227083067061,43.7039745448589],[-79.4227100555962,43.7039749961053],[-79.4227118044864,43.7039754473516],[-79.422712982813,43.7039757541917],[-79.4227147317033,43.703976205438],[-79.4227164805935,43.7039766566843],[-79.4227176589318,43.703976954523],[-79.422719407822,43.7039774057693],[-79.4227211567123,43.7039778570155],[-79.4227223350391,43.7039781638555],[-79.4227240839295,43.7039786151016],[-79.4227258452274,43.7039790663561],[-79.4227275941294,43.703979508601],[-79.4227293430198,43.703979959847],[-79.4227305213467,43.7039802666869],[-79.4227322702487,43.7039807089317],[-79.4227334485756,43.7039810157716],[-79.4227351974776,43.7039814580163],[-79.4227369587758,43.7039819092707],[-79.4227387076663,43.7039823605166],[-79.4227404689645,43.7039828117709],[-79.4227422178667,43.7039832540155],[-79.4227439791649,43.7039837052697],[-79.4227457280556,43.7039841565155],[-79.4227469063942,43.703984454354],[-79.4227486552965,43.7039848965985],[-79.4227504165948,43.7039853478526],[-79.4227521654856,43.7039857990984],[-79.4227533438242,43.7039860969368],[-79.4227550927266,43.7039865391812],[-79.4227562710652,43.7039868370196],[-79.4227580199676,43.7039872792639],[-79.4227591983063,43.7039875771023],[-79.4227609471972,43.7039880283479],[-79.4227621255359,43.7039883261862],[-79.4227635023382,43.703988669165],[-79.4227652512407,43.7039891114093],[-79.4227664295795,43.7039894092476],[-79.4227681908896,43.7039898515002],[-79.4227699397922,43.7039902937443],[-79.422771118131,43.7039905915826],[-79.4227728794412,43.7039910338351],[-79.4227746407515,43.7039914760876],[-79.4227763896541,43.7039919183317],[-79.4227775680046,43.7039922071686],[-79.4227793293149,43.703992649421],[-79.4227810782176,43.703993091665],[-79.4227822565566,43.7039933895031],[-79.422783434907,43.70399367834],[-79.4227851838098,43.7039941205839],[-79.4227863621488,43.703994418422],[-79.4227875404993,43.7039947072588],[-79.4227892894022,43.7039951495027],[-79.4227904677528,43.7039954383394],[-79.4227916460918,43.7039957361775],[-79.4227933949947,43.7039961784213],[-79.4227945733453,43.703996467258],[-79.4227957516843,43.703996765096],[-79.4227975005989,43.7039971983385],[-79.422798678938,43.7039974961765],[-79.4227998572886,43.7039977850132],[-79.4228016185993,43.7039982272652],[-79.4228033799215,43.703998660516],[-79.4228051288246,43.7039991027597],[-79.4228063071753,43.7039993915962],[-79.422807485526,43.7039996804329],[-79.4228092468367,43.7040001226848],[-79.4228110081591,43.7040005559355],[-79.4228127694699,43.7040009981874],[-79.4228145307922,43.704001431438],[-79.4228162921146,43.7040018646885],[-79.4228180534255,43.7040023069404],[-79.4226962988708,43.7043007339777],[-79.4228526631163,43.7043371147586],[-79.4230333880179,43.7043799026366],[-79.4231156036759,43.7043974204405],[-79.4232153094487,43.7044186674622],[-79.4232436907413,43.7044245283515],[-79.4233975551581,43.7044562980546],[-79.4235807979872,43.7044905625458],[-79.4238239120726,43.7045315546058],[-79.4239093352291,43.7045444293178],[-79.4240090119787,43.7045595997666],[-79.4241944984206,43.7045862766899],[-79.4243812063008,43.7046087235209],[-79.42454930922,43.7046260000369],[-79.4245688860839,43.7046280112405],[-79.4247566035149,43.7046470556423],[-79.4248158816325,43.7046518563221],[-79.4249454548507,43.7046623469486],[-79.4251350540956,43.7046749470514],[-79.4253251392659,43.7046859809353],[-79.4255163084253,43.7046934237007],[-79.4257079637126,43.7046991022124],[-79.4260701038934,43.7047027214873],[-79.4261085431459,43.7047026563295],[-79.4261255585351,43.7047698168392],[-79.426142771569,43.7048377245792],[-79.4261043569573,43.7048378617747],[-79.42605344893,43.704837018738],[-79.4258278183072,43.7048332900437],[-79.4253057351216,43.7048246328985],[-79.4251711682564,43.7048184150172],[-79.4246925674597,43.7047856421089],[-79.4245578099772,43.7047732395041],[-79.4243694379101,43.7047515659708],[-79.4241816149258,43.7047275071533],[-79.4241150964601,43.704718110688]]],[[[-79.4319753760449,43.7036644276067],[-79.4324031137436,43.7035644071323],[-79.4324606131481,43.7037385348157],[-79.4320118368332,43.7038444478279],[-79.431921684229,43.7038657271957],[-79.4318654009001,43.7038789885461],[-79.4318315191637,43.7038869974837],[-79.4317413540246,43.7039082767018],[-79.4317215710523,43.7039129455503],[-79.4316511888319,43.7039295468473],[-79.4315777162373,43.703946893357],[-79.4315610235551,43.7039508349241],[-79.4314708582249,43.7039721139284],[-79.4314338612499,43.7039808499837],[-79.4313806928411,43.7039933838601],[-79.4312905273835,43.7040146627219],[-79.4312003618518,43.7040359505137],[-79.4311461384118,43.7040487356817],[-79.431110196277,43.7040572202318],[-79.43100227052,43.7040827007581],[-79.4309911751195,43.7040853134314],[-79.4308721414639,43.7041133884969],[-79.4308584273225,43.704116629663],[-79.4308296214283,43.7041234262012],[-79.4307819756366,43.7041346759582],[-79.4307145467194,43.7041505763666],[-79.4306918097663,43.7041559453456],[-79.430601643822,43.7041772236631],[-79.430570690759,43.7041845319051],[-79.4305114778243,43.704198492908],[-79.430424886118,43.70421893614],[-79.4304213117421,43.7042197800843],[-79.4303311456066,43.704241058188],[-79.4302829783724,43.7042524244355],[-79.4302409918255,43.7042623272268],[-79.4301508255627,43.704283605188],[-79.4301391343436,43.7042863704362],[-79.4300606592257,43.7043048920793],[-79.4299981571054,43.7043196429157],[-79.4299705052535,43.7043261609044],[-79.4298803387996,43.7043474386519],[-79.4298238931981,43.7043607619052],[-79.4297901846896,43.7043687163358],[-79.4297000180977,43.7043900029421],[-79.4296536130087,43.7044009469478],[-79.4296098514631,43.7044112714746],[-79.429519697162,43.7044325489448],[-79.4294828733815,43.7044412394683],[-79.4293126548072,43.7044813970366],[-79.429310880022,43.7044818099977],[-79.4293091052367,43.7044822229588],[-79.429307342859,43.7044826359276],[-79.4293061514041,43.704482905229],[-79.4293043766187,43.70448331819],[-79.429302614241,43.7044837311586],[-79.429301422786,43.70448400046],[-79.4292996604083,43.7044844134286],[-79.4292984689532,43.70448468273],[-79.4292966941678,43.7044850956909],[-79.42929493179,43.7044855086594],[-79.4292937403349,43.7044857779607],[-79.4292919655494,43.7044861909215],[-79.4292902031821,43.7044865948887],[-79.4292890117164,43.7044868731912],[-79.4292872369414,43.7044872771507],[-79.4292854621557,43.7044876901114],[-79.4292836873807,43.7044880940709],[-79.4292819250027,43.7044885070392],[-79.4292807335475,43.7044887763403],[-79.4292789587618,43.704489189301],[-79.4292771839867,43.7044895932603],[-79.4292754092009,43.7044900062209],[-79.4292736344257,43.7044904101801],[-79.4292718596505,43.7044908141394],[-79.4292700848647,43.7044912270999],[-79.4292683100894,43.7044916310591],[-79.4292665353141,43.7044920350183],[-79.4292647605388,43.7044924389774],[-79.4292629857529,43.7044928519378],[-79.4292612109775,43.7044932558968],[-79.4292594362021,43.7044936598559],[-79.4292576614267,43.7044940638149],[-79.4292558866513,43.704494467774],[-79.4292541118652,43.7044948807342],[-79.4292523370897,43.7044952846931],[-79.4292505623142,43.704495688652],[-79.4292487875387,43.7044960926109],[-79.4292470127631,43.7044964965698],[-79.4292452379876,43.7044969005286],[-79.429244046532,43.7044971698294],[-79.4292422717564,43.7044975737882],[-79.4292404969808,43.7044979777469],[-79.4292387222157,43.7044983727044],[-79.42923694744,43.7044987766631],[-79.4292351726643,43.7044991806218],[-79.4292339812087,43.7044994499224],[-79.4292322064329,43.704499853881],[-79.4292304316571,43.7045002578396],[-79.4292286568919,43.704500652797],[-79.4292274654363,43.7045009220975],[-79.4292256906604,43.7045013260561],[-79.4292239158845,43.7045017300146],[-79.4292221411193,43.7045021249718],[-79.4292209496635,43.7045023942723],[-79.4292191748876,43.7045027982307],[-79.4292174001223,43.7045031931878],[-79.4292156253463,43.7045035971462],[-79.4292144338905,43.7045038664467],[-79.4292126591251,43.7045042614037],[-79.429210884349,43.704504665362],[-79.4292096929038,43.7045049256612],[-79.4292079181277,43.7045053296194],[-79.4292061433622,43.7045057245764],[-79.4292049519063,43.7045059938767],[-79.4292031771408,43.7045063888336],[-79.4292014023646,43.7045067927918],[-79.4292002109193,43.7045070530908],[-79.4291984361431,43.7045074570489],[-79.4291972446978,43.7045077173479],[-79.4291954699215,43.704508121306],[-79.4291936951558,43.7045085162627],[-79.4291925037105,43.7045087765617],[-79.4291907289341,43.7045091805197],[-79.4291895126733,43.7045094408032],[-79.429187762723,43.7045098357752],[-79.429186571267,43.7045101050754],[-79.4291847965012,43.704510500032],[-79.4291830217353,43.7045108949886],[-79.4291818302898,43.7045111552875],[-79.4291800555134,43.7045115592453],[-79.4291788640679,43.7045118195441],[-79.429177089302,43.7045122145006],[-79.4291758978565,43.7045124747994],[-79.4291741230906,43.7045128697558],[-79.4291729316344,43.7045131390559],[-79.4291711568684,43.7045135340122],[-79.4291699654228,43.704513794311],[-79.4291681906568,43.7045141892673],[-79.4291669992112,43.704514449566],[-79.4291652244452,43.7045148445223],[-79.4291640329996,43.704515104821],[-79.4291622582334,43.7045154997773],[-79.4291610667878,43.7045157600759],[-79.4291598753315,43.7045160293757],[-79.429158100576,43.7045164153307],[-79.4291569091197,43.7045166846305],[-79.4291551343641,43.7045170705854],[-79.4291539429078,43.7045173398853],[-79.4291521681522,43.7045177258401],[-79.4291509767064,43.7045179861386],[-79.4291497852501,43.7045182554384],[-79.4291480104944,43.7045186413932],[-79.4291468190486,43.7045189016916],[-79.4291450442823,43.7045192966476],[-79.4291438528365,43.7045195569461],[-79.4291426613907,43.7045198172445],[-79.4291412465428,43.7045201314121],[-79.4291400550969,43.7045203917105],[-79.4291388636511,43.7045206520089],[-79.4291376722052,43.7045209123072],[-79.4291358974494,43.7045212982619],[-79.4291347060035,43.7045215585602],[-79.429132931237,43.704521953516],[-79.4291317397911,43.7045222138143],[-79.4291305483452,43.7045224741126],[-79.4291293568993,43.7045227344109],[-79.4291275821433,43.7045231203654],[-79.4291263906973,43.7045233806636],[-79.429125174436,43.7045236409465],[-79.4291234244954,43.7045240269163],[-79.4291222330494,43.7045242872145],[-79.4291210416034,43.7045245475127],[-79.4291192668474,43.704524933467],[-79.4291180754013,43.7045251937652],[-79.4291168839553,43.7045254540634],[-79.4291156925092,43.7045257143615],[-79.4291139177531,43.7045261003158],[-79.429112726307,43.7045263606139],[-79.4291109391432,43.7045267465604],[-79.429109164387,43.7045271325146],[-79.4291079729409,43.7045273928126],[-79.429106185777,43.7045277787591],[-79.4291044110208,43.7045281647132],[-79.4291026238568,43.7045285506596],[-79.4291008366929,43.7045289366059],[-79.4290990495289,43.7045293225522],[-79.4290972747725,43.7045297085062],[-79.4290954876085,43.7045300944525],[-79.4290937004445,43.7045304803987],[-79.4290919256881,43.7045308663527],[-79.4290901385346,43.7045312432976],[-79.4290889470883,43.7045315035954],[-79.4290877680497,43.704531763901],[-79.4290859684885,43.7045321408382],[-79.4290842061396,43.7045325267996],[-79.4290830022856,43.7045327870898],[-79.4290812275397,43.7045331640422],[-79.4290800236856,43.7045334243323],[-79.4290782489291,43.704533810286],[-79.4290764617754,43.7045341872307],[-79.4290752827367,43.7045344475361],[-79.4290734831753,43.7045348244731],[-79.4290722917289,43.7045350847708],[-79.4290705169828,43.7045354617231],[-79.4290693131287,43.704535722013],[-79.4290675383826,43.7045360989653],[-79.4290657512182,43.7045364849111],[-79.4290639764721,43.7045368618633],[-79.4290627726179,43.7045371221532],[-79.4290609978717,43.7045374991054],[-79.4290592107072,43.7045378850511],[-79.4290574235533,43.7045382619955],[-79.4290556363993,43.7045386389399],[-79.4290544449528,43.7045388992374],[-79.4290526702065,43.7045392761894],[-79.4290508830525,43.7045396531337],[-79.4290496916059,43.7045399134312],[-79.4290473087338,43.7045404160235],[-79.4290455215798,43.7045407929677],[-79.4290437344257,43.7045411699119],[-79.429042542979,43.7045414302093],[-79.4290407558249,43.7045418071534],[-79.4290389686708,43.7045421840976],[-79.4290371815166,43.7045425610417],[-79.4290353943624,43.7045429379857],[-79.4290336072082,43.7045433149298],[-79.429031820054,43.7045436918738],[-79.4290300329104,43.7045440598165],[-79.4290282457561,43.7045444367604],[-79.4290264585912,43.7045448227056],[-79.4290246714475,43.7045451906482],[-79.4290228842825,43.7045455765933],[-79.4290210971282,43.7045459535372],[-79.4290193099844,43.7045463214798],[-79.4290175228194,43.7045467074248],[-79.4290157356755,43.7045470753673],[-79.4290139485105,43.7045474613123],[-79.4290121613666,43.7045478292547],[-79.4290103742227,43.7045481971971],[-79.4290085870576,43.704548583142],[-79.4290067999031,43.7045489600856],[-79.4290050127697,43.7045493190267],[-79.4290032256045,43.7045497049715],[-79.429002021771,43.7045499472582],[-79.4290002346058,43.704550333203],[-79.4289984474724,43.7045506921439],[-79.4289966603177,43.7045510690874],[-79.4289948731737,43.7045514370296],[-79.428993086019,43.704551813973],[-79.4289912988749,43.7045521819151],[-79.4289895117201,43.7045525588584],[-79.4289876873529,43.7045529267773],[-79.4289859250135,43.704553303736],[-79.4289841378693,43.704553671678],[-79.4289823507144,43.7045540486212],[-79.4289805635702,43.7045544165632],[-79.4289787764259,43.7045547845051],[-79.4289775725816,43.7045550357928],[-79.4289757854373,43.7045554037347],[-79.428973998293,43.7045557716765],[-79.428972211138,43.7045561486196],[-79.4289701757865,43.7045565614135],[-79.4289683886315,43.7045569383565],[-79.4289666014871,43.7045573062982],[-79.4289648143427,43.7045576742399],[-79.4289630147905,43.7045580421739],[-79.428961227646,43.7045584101155],[-79.4289594405015,43.7045587780571],[-79.428957653357,43.7045591459987],[-79.4289558538048,43.7045595139325],[-79.4289540666602,43.704559881874],[-79.4289522795156,43.7045602498155],[-79.428950492371,43.704560617757],[-79.4289492885265,43.7045608690444],[-79.4289475013925,43.7045612279846],[-79.4289457142478,43.704561595926],[-79.4289445104032,43.7045618472133],[-79.4289427232691,43.7045622061534],[-79.4289409361244,43.7045625740947],[-79.428939136572,43.7045629420283],[-79.4289373494272,43.7045633099696],[-79.4289355622824,43.7045636779108],[-79.4289337627405,43.704564036843],[-79.4289319755957,43.7045644047842],[-79.4289301884508,43.7045647727253],[-79.4289289846168,43.7045650150112],[-79.4289271974825,43.7045653739511],[-79.4289254103376,43.7045657418922],[-79.4289242065035,43.7045659841781],[-79.4289224193585,43.7045663521191],[-79.4289206322242,43.7045667110588],[-79.42891942839,43.7045669533447],[-79.428917641245,43.7045673212856],[-79.4289158417029,43.7045676802175],[-79.4289140545579,43.7045680481584],[-79.4289122550157,43.7045684070903],[-79.4289104678707,43.7045687750312],[-79.4289086807362,43.7045691339707],[-79.4289074769019,43.7045693762564],[-79.4289056897674,43.7045697351959],[-79.4289044859331,43.7045699774816],[-79.4289026987986,43.704570336421],[-79.4289008992457,43.704570704354],[-79.4288991121111,43.7045710632934],[-79.4288973125688,43.704571422225],[-79.4288955254341,43.7045717811644],[-79.4288937258918,43.7045721400959],[-79.4288919387464,43.7045725080365],[-79.428890139204,43.704572866968],[-79.4288883520693,43.7045732259073],[-79.4288865525269,43.7045735848387],[-79.4288847653921,43.7045739437779],[-79.4288835615577,43.7045741860633],[-79.4288817744229,43.7045745450025],[-79.428880570599,43.7045747782866],[-79.4288787834642,43.7045751372257],[-79.4288775796297,43.7045753795111],[-79.4288757924949,43.7045757384501],[-79.4288739929523,43.7045760973814],[-79.4288722058173,43.7045764563204],[-79.4288710019935,43.7045766896045],[-79.4288692148585,43.7045770485434],[-79.4288680110239,43.7045772908287],[-79.4288662238889,43.7045776497676],[-79.428865020065,43.7045778830516],[-79.42886323293,43.7045782419904],[-79.428862029106,43.7045784752744],[-79.428860241971,43.7045788342131],[-79.428859038147,43.7045790674971],[-79.4288572386042,43.7045794264281],[-79.4288554514691,43.7045797853668],[-79.428854247645,43.7045800186507],[-79.4288524605099,43.7045803775893],[-79.4288512566858,43.7045806108732],[-79.4288494695507,43.7045809698118],[-79.4288482657266,43.7045812030956],[-79.4288464661837,43.7045815620265],[-79.4288446790591,43.7045819119637],[-79.4288434752243,43.7045821542488],[-79.428841675692,43.7045825041783],[-79.4288398885673,43.7045828541155],[-79.4288386847325,43.7045830964005],[-79.4288368976078,43.7045834463376],[-79.4288356937837,43.7045836796213],[-79.4288338942406,43.7045840385519],[-79.4288321071159,43.704584388489],[-79.4288309032917,43.7045846217727],[-79.4288291037485,43.7045849807032],[-79.4288273166238,43.7045853306402],[-79.4288261127995,43.7045855639238],[-79.4288249089752,43.7045857972074],[-79.4288231218504,43.7045861471443],[-79.4288219180154,43.7045863894291],[-79.4288201184829,43.7045867393583],[-79.428818331358,43.7045870892952],[-79.428817115126,43.7045873225709],[-79.428815328001,43.7045876725077],[-79.4288135284684,43.7045880224368],[-79.4288117413434,43.7045883723735],[-79.428810537519,43.704588605657],[-79.4288093336946,43.7045888389404],[-79.4288075465696,43.7045891888771],[-79.4288063427452,43.7045894221605],[-79.4288045432124,43.7045897720894],[-79.4288027436797,43.7045901220183],[-79.4288009441469,43.7045904719471],[-79.4287991570217,43.7045908218837],[-79.4287977173976,43.7045911000265],[-79.4287965135731,43.7045913333098],[-79.4287947140402,43.7045916832385],[-79.4287929145073,43.7045920331672],[-79.4287911273928,43.7045923741024],[-79.4287899235682,43.7045926073856],[-79.4287887197437,43.7045928406688],[-79.4287869202107,43.7045931905974],[-79.4287851206884,43.7045935315248],[-79.4287833335631,43.7045938814611],[-79.4287821297385,43.7045941147442],[-79.4287809259139,43.7045943480273],[-79.4287791263915,43.7045946889546],[-79.4287773268584,43.7045950388831],[-79.428775527336,43.7045953798102],[-79.4287737278028,43.7045957297387],[-79.4287719406881,43.7045960706735],[-79.4287707368634,43.7045963039566],[-79.4287695330387,43.7045965372395],[-79.4287677335162,43.7045968781666],[-79.428765933983,43.7045972280949],[-79.4287641344604,43.7045975690219],[-79.4287623349378,43.7045979099489],[-79.4287605354045,43.7045982598771],[-79.4287587358819,43.704598600804],[-79.4287569363592,43.7045989417309],[-79.4287557325344,43.7045991750138],[-79.4287539330117,43.7045995159406],[-79.428752133489,43.7045998568674],[-79.4287503339556,43.7046002067955],[-79.4287485344329,43.7046005477223],[-79.4287467349101,43.704600888649],[-79.4287449353873,43.7046012295757],[-79.4287437315624,43.7046014628584],[-79.4287419320396,43.7046018037851],[-79.4287401325168,43.7046021447117],[-79.4287383329939,43.7046024856383],[-79.4287371291796,43.7046027099197],[-79.4287353296567,43.7046030508463],[-79.4287335301338,43.7046033917728],[-79.4287317306109,43.7046037326993],[-79.4287305267965,43.7046039569806],[-79.4287287272736,43.704604297907],[-79.4287269277506,43.7046046388335],[-79.4287257239362,43.7046048631147],[-79.4287239244238,43.7046051950398],[-79.4287227205881,43.7046054373236],[-79.4287209210864,43.7046057602474],[-79.4287191215527,43.704606110175],[-79.4287179177489,43.7046063254549],[-79.4287161182151,43.7046066753824],[-79.4287149144114,43.7046068906623],[-79.4287131148882,43.7046072315885],[-79.4287119110737,43.7046074558696],[-79.4287101115506,43.7046077967957],[-79.4287089077254,43.7046080300781],[-79.4287071082235,43.7046083530017],[-79.4287059043877,43.7046085952853],[-79.4287041048858,43.7046089182088],[-79.4287029010606,43.7046091514911],[-79.4287011015479,43.7046094834158],[-79.4286998977227,43.7046097166981],[-79.4286980982207,43.7046100396215],[-79.4286968943955,43.7046102729038],[-79.4286956905809,43.7046104971847],[-79.4286938910682,43.7046108291093],[-79.4286926872536,43.7046110533902],[-79.4286896839263,43.7046116095957],[-79.4286884801116,43.7046118338766],[-79.4286866805988,43.7046121658011],[-79.4286854767842,43.7046123900819],[-79.4286842729695,43.7046126143628],[-79.4286824734567,43.7046129462872],[-79.428681269642,43.704613170568],[-79.4286800658273,43.7046133948488],[-79.4286782663144,43.7046137267732],[-79.4286770624997,43.7046139510539],[-79.428675858685,43.7046141753347],[-79.4286740591721,43.704614507259],[-79.4286728553573,43.7046147315397],[-79.4286710558444,43.704615063464],[-79.4286698520296,43.7046152877446],[-79.4286680525166,43.7046156196689],[-79.4286662405959,43.7046159515853],[-79.4286644410829,43.7046162835095],[-79.4286626415698,43.7046166154336],[-79.4286608296491,43.70461694735],[-79.428659030136,43.7046172792741],[-79.4286572182152,43.7046176111904],[-79.428655418702,43.7046179431144],[-79.4286536191996,43.7046182660371],[-79.4286524153847,43.7046184903176],[-79.4286512115698,43.7046187145981],[-79.4286493996595,43.704619037513],[-79.4286481958446,43.7046192617935],[-79.4286469920297,43.7046194860739],[-79.4286451925271,43.7046198089965],[-79.4286439887122,43.7046200332769],[-79.4286421891989,43.7046203652007],[-79.4286403772885,43.7046206881155],[-79.4286391734735,43.7046209123958],[-79.4286373739709,43.7046212353183],[-79.4286361701559,43.7046214595986],[-79.4286343582455,43.7046217825133],[-79.4286331544305,43.7046220067936],[-79.4286313549277,43.704622329716],[-79.4286301511127,43.7046225539962],[-79.4286283392022,43.7046228769108],[-79.4286271353871,43.704623101191],[-79.4286253358844,43.7046234241133],[-79.4286237101216,43.7046237201403],[-79.4286218982004,43.704624052056],[-79.4286200986976,43.7046243749782],[-79.428618286787,43.7046246978926],[-79.4286170829718,43.7046249221727],[-79.4286152834689,43.7046252450949],[-79.4286134715583,43.7046255680092],[-79.4286122677431,43.7046257922893],[-79.4286104682402,43.7046261152113],[-79.4286086563295,43.7046264381256],[-79.4286068568266,43.7046267610476],[-79.4286056530113,43.7046269853276],[-79.4286038411006,43.7046273082418],[-79.4286020291899,43.7046276311559],[-79.4286002296868,43.7046279540778],[-79.4285984177761,43.7046282769919],[-79.428596618273,43.7046285999138],[-79.4285948063515,43.7046289318291],[-79.4285930068483,43.7046292547509],[-79.428591790636,43.7046294700217],[-79.4285899911328,43.7046297929434],[-79.4285881792219,43.7046301158574],[-79.4285863797187,43.704630438779],[-79.4285845678078,43.7046307616929],[-79.4285827559076,43.7046310756055],[-79.4285809564043,43.7046313985271],[-79.4285791444933,43.7046317214409],[-79.4285773325823,43.7046320443547],[-79.428575533079,43.7046323672762],[-79.428573721168,43.7046326901899],[-79.4285719092569,43.7046330131036],[-79.4285701097642,43.7046333270237],[-79.4285682978531,43.7046336499373],[-79.428566485942,43.7046339728509],[-79.428564698857,43.7046342867787],[-79.4285628869458,43.7046346096923],[-79.4285610750347,43.7046349326058],[-79.4285592631342,43.7046352465181],[-79.4285580469216,43.7046354617885],[-79.428556247418,43.7046357847097],[-79.4285544479252,43.7046360986296],[-79.4285526360139,43.704636421543],[-79.4285508241133,43.7046367354551],[-79.428549012202,43.7046370583684],[-79.4285472003014,43.7046373722804],[-79.4285453884007,43.7046376861924],[-79.4285435888971,43.7046380091134],[-79.4285417894041,43.7046383230331],[-79.4285399650957,43.7046386369373],[-79.4285381531843,43.7046389598504],[-79.4285363412835,43.7046392737623],[-79.4285345541982,43.7046395876896],[-79.4285333379854,43.7046398029598],[-79.4285315384923,43.7046401168794],[-79.4285303222795,43.7046403321495],[-79.4285285103787,43.7046406460613],[-79.4285272941765,43.7046408523302],[-79.4285254822757,43.7046411662418],[-79.4285236951902,43.704641480169],[-79.4285224789774,43.7046416954391],[-79.4285206794842,43.7046420093584],[-79.428519463282,43.7046422156273],[-79.4285176389733,43.704642529531],[-79.4285158394801,43.7046428434503],[-79.4285146232671,43.7046430587203],[-79.4285128361816,43.7046433726474],[-79.4285116199793,43.7046435789161],[-79.4285098080783,43.7046438928275],[-79.4285079961773,43.7046442067389],[-79.428506779975,43.7046444130075],[-79.4285049680739,43.7046447269189],[-79.4285031561728,43.7046450408302],[-79.4285013690978,43.7046453457558],[-79.4285001528848,43.7046455610256],[-79.4284983409944,43.7046458659356],[-79.4284965290932,43.7046461798468],[-79.4284947295997,43.7046464937658],[-79.4284935133974,43.7046467000343],[-79.4284917014962,43.7046470139455],[-79.4284898896056,43.7046473188553],[-79.4284880777044,43.7046476327664],[-79.4284862658031,43.7046479466775],[-79.4284844663202,43.704648251595],[-79.4284832501178,43.7046484578634],[-79.4284814382165,43.7046487717744],[-79.4284796263258,43.7046490766841],[-79.4284778144245,43.704649390595],[-79.4284760025338,43.7046496955046],[-79.4284741906324,43.7046500094155],[-79.4284723787417,43.7046503143251],[-79.428470566851,43.7046506192346],[-79.4284687549495,43.7046509331454],[-79.4284669430588,43.7046512380549],[-79.428465131168,43.7046515429643],[-79.4284633192665,43.704651856875],[-79.4284615073756,43.7046521617844],[-79.4284596954848,43.7046524666938],[-79.428457883594,43.7046527716032],[-79.4284560716924,43.7046530855137],[-79.4284542598015,43.704653390423],[-79.4284524479106,43.7046536953323],[-79.4284502140716,43.7046540719876],[-79.4284489978689,43.7046542782556],[-79.4284471859779,43.7046545831648],[-79.4284453740869,43.7046548880739],[-79.4284435621959,43.704655192983],[-79.4284417503049,43.7046554978921],[-79.4284405341022,43.7046557041601],[-79.4284387222111,43.7046560090691],[-79.4284369103308,43.7046563049769],[-79.4284350984397,43.7046566098859],[-79.4284332865486,43.7046569147948],[-79.4284314746575,43.7046572197037],[-79.4284302584546,43.7046574259716],[-79.4284284465742,43.7046577218792],[-79.428426634683,43.704658026788],[-79.4284248227919,43.7046583316968],[-79.4284230109006,43.7046586366056],[-79.4284217947192,43.7046588248708],[-79.4284199828279,43.7046591297796],[-79.4284181709367,43.7046594346883],[-79.4284163590561,43.7046597305957],[-79.4284151428532,43.7046599368634],[-79.4284133309726,43.7046602327707],[-79.4284115190813,43.7046605376794],[-79.4284097071899,43.7046608425879],[-79.428408490987,43.7046610488555],[-79.4284066791063,43.7046613447628],[-79.4284048672149,43.7046616496713],[-79.428403055345,43.7046619365772],[-79.428401839142,43.7046621428448],[-79.4284000272612,43.7046624387519],[-79.4283982153805,43.7046627346591],[-79.4283969991775,43.7046629409265],[-79.4283951872967,43.7046632368336],[-79.4283933754159,43.7046635327407],[-79.4283921592235,43.7046637300068],[-79.428390347332,43.7046640349151],[-79.4283885354511,43.7046643308221],[-79.4283873192588,43.7046645280882],[-79.4283855073779,43.7046648239951],[-79.4283836954863,43.7046651289033],[-79.4283824792939,43.7046653261694],[-79.428380667413,43.7046656220762],[-79.4283794512206,43.7046658193422],[-79.4283776393396,43.704666115249],[-79.4283758274586,43.7046664111558],[-79.4283746112662,43.7046666084218],[-79.4283727993851,43.7046669043285],[-79.4283715831927,43.7046671015945],[-79.4283697713116,43.7046673975011],[-79.4283679594306,43.7046676934078],[-79.4283667432381,43.7046678906737],[-79.428364931357,43.7046681865803],[-79.4283637151645,43.7046683838461],[-79.4283619032834,43.7046686797527],[-79.4283606870908,43.7046688770185],[-79.4283588752097,43.704669172925],[-79.4283576590171,43.7046693701908],[-79.4283558471359,43.7046696660973],[-79.4283540352655,43.7046699530024],[-79.4283528190729,43.7046701502682],[-79.4283510071917,43.7046704461745],[-79.428349790999,43.7046706434403],[-79.4283479791178,43.7046709393466],[-79.4283467629359,43.704671127611],[-79.4283449510546,43.7046714235173],[-79.4283437348619,43.704671620783],[-79.4283419229913,43.7046719076879],[-79.4283407067987,43.7046721049535],[-79.4283388949173,43.7046724008597],[-79.4283376787353,43.704672589124],[-79.428335866854,43.7046728850302],[-79.4283346506613,43.7046730822957],[-79.4283334344793,43.70467327056],[-79.4283316225979,43.7046735664661],[-79.4283304064158,43.7046737547303],[-79.4283285945344,43.7046740506363],[-79.4283273783416,43.7046742479018],[-79.4283255664709,43.7046745348065],[-79.4283243502781,43.704674732072],[-79.4283225384073,43.7046750189766],[-79.4283213222252,43.7046752072408],[-79.4283201060324,43.7046754045062],[-79.4283182941616,43.7046756914108],[-79.4283170779688,43.7046758886761],[-79.428315266098,43.7046761755807],[-79.4283140499051,43.704676372846],[-79.4283122380342,43.7046766597505],[-79.4283110218521,43.7046768480145],[-79.4283098056592,43.7046770452798],[-79.4283079937883,43.7046773321843],[-79.4283067776061,43.7046775204482],[-79.4283055614132,43.7046777177135],[-79.4283037495422,43.7046780046179],[-79.42830253336,43.7046781928818],[-79.4283007214891,43.7046784797861],[-79.4282995052961,43.7046786770513],[-79.4282982891139,43.7046788653152],[-79.4282964772429,43.7046791522194],[-79.4282952610606,43.7046793404833],[-79.4282940448676,43.7046795377484],[-79.4282922329966,43.7046798246526],[-79.4282910168143,43.7046800129164],[-79.428289800632,43.7046802011803],[-79.4282879887609,43.7046804880844],[-79.4282867725786,43.7046806763481],[-79.4282855563855,43.7046808736132],[-79.4282837445252,43.7046811515159],[-79.4282825283321,43.7046813487809],[-79.4282813121497,43.7046815370446],[-79.4282795002786,43.7046818239486],[-79.4282774650361,43.7046821377163],[-79.4281171903951,43.7047062054616],[-79.4280901739046,43.7047102570451],[-79.4279601194516,43.7047280786902],[-79.4279022402334,43.7047360083264],[-79.427802380256,43.7047483850589],[-79.427713726104,43.7047593735936],[-79.4277096061826,43.7047598300531],[-79.4276439852385,43.7047671155716],[-79.4276224673225,43.7047695052891],[-79.4275273119799,43.7047800485],[-79.4275246687724,43.7047803438662],[-79.4274924546221,43.7047833478648],[-79.4274316125633,43.7047890160631],[-79.4273400578389,43.7047975451183],[-79.4273360372827,43.7047979116148],[-79.4272406108779,43.70480679818],[-79.4271910859263,43.704811411303],[-79.4271449869565,43.7048148294186],[-79.4270491283977,43.7048219242949],[-79.4270008206242,43.7048255119668],[-79.4269531960802,43.7048284339607],[-79.4268571900507,43.7048343224108],[-79.4268102355774,43.7048371907662],[-79.4267610979153,43.7048395806359],[-79.426664981661,43.7048442536819],[-79.4266194176304,43.7048464747592],[-79.4265687545681,43.7048482334777],[-79.4264006717397,43.7048541202253],[-79.4263598487329,43.7046931241326],[-79.4266802521892,43.7046638239192],[-79.4268735146122,43.7046539293015],[-79.4270654544319,43.7046398389189],[-79.4272565392707,43.7046247215244],[-79.4272582269264,43.7046245515742],[-79.4272600759041,43.7046243637241],[-79.4272619124741,43.704624175866],[-79.4272637614518,43.7046239880158],[-79.4272655980217,43.7046238001576],[-79.4272674469994,43.7046236123074],[-79.4272692835693,43.7046234244492],[-79.427271132547,43.7046232365988],[-79.4272729691169,43.7046230487406],[-79.4272748180945,43.7046228608902],[-79.4272766546644,43.7046226730319],[-79.427278503642,43.7046224851815],[-79.4272803402119,43.704622297323],[-79.4272821891895,43.7046221094726],[-79.4272840257701,43.7046219126129],[-79.4272858747477,43.7046217247623],[-79.4272877113175,43.7046215369038],[-79.4272895602951,43.7046213490532],[-79.4272913968758,43.7046211521934],[-79.4272932458532,43.7046209643427],[-79.427295082423,43.7046207764841],[-79.4272963109496,43.7046206422464],[-79.4272981599271,43.7046204543956],[-79.4272999964969,43.7046202665369],[-79.4273012250235,43.7046201322991],[-79.4273030740009,43.7046199444483],[-79.4273049105815,43.7046197475883],[-79.4273067595589,43.7046195597374],[-79.4273085961395,43.7046193628773],[-79.4273104327092,43.7046191750184],[-79.4273116612357,43.7046190407805],[-79.4273135102131,43.7046188529295],[-79.4273147387397,43.7046187186916],[-79.4273165753093,43.7046185308326],[-79.4273178038358,43.7046183965946],[-79.4273196528132,43.7046182087436],[-79.4273208813397,43.7046180745056],[-79.4273227179202,43.7046178776452],[-79.4273245544897,43.7046176897862],[-79.4273257830163,43.7046175555481],[-79.4273276320044,43.7046173586956],[-79.4273294685849,43.7046171618352],[-79.4273313175513,43.7046169829852],[-79.4273331541317,43.7046167861247],[-79.427334382669,43.7046166428853],[-79.4273356111954,43.7046165086471],[-79.427337447765,43.7046163207878],[-79.4273392967422,43.7046161329364],[-79.4273411333225,43.7046159360758],[-79.4273423618598,43.7046157928363],[-79.4273435903754,43.7046156675993],[-79.4273448189127,43.7046155243598],[-79.427346655493,43.7046153274991],[-79.4273484920733,43.7046151306384],[-79.4273503410613,43.7046149337855],[-79.4273515695768,43.7046148085484],[-79.4273534061571,43.7046146116876],[-79.4273546346943,43.704614468448],[-79.4273564712637,43.7046142805884],[-79.4273576997901,43.70461414635],[-79.4273595363703,43.7046139494891],[-79.4273607648967,43.7046138152507],[-79.427361993423,43.7046136810123],[-79.427363842411,43.7046134841592],[-79.4273656789911,43.7046132872982],[-79.4273669075175,43.7046131530597],[-79.4273681360438,43.7046130188212],[-79.4273693645701,43.7046128845827],[-79.4273712011502,43.7046126877216],[-79.4273724296765,43.704612553483],[-79.4273736582028,43.7046124192445],[-79.4273754947938,43.704612213382],[-79.4273767233201,43.7046120791434],[-79.4273779518464,43.7046119449048],[-79.4273791803726,43.7046118106662],[-79.4273810169527,43.704611613805],[-79.4273822454898,43.704611470565],[-79.4273834740161,43.7046113363264],[-79.4273853105962,43.7046111394651],[-79.4273865391224,43.7046110052264],[-79.4273877676486,43.7046108709877],[-79.4273896042395,43.704610665125],[-79.4273908327657,43.7046105308863],[-79.4273920612919,43.7046103966475],[-79.4273938978828,43.7046101907847],[-79.427395126409,43.704610056546],[-79.4273969629999,43.7046098506832],[-79.427398191526,43.7046097164444],[-79.4273994200522,43.7046095822055],[-79.427401256643,43.7046093763427],[-79.4274024851801,43.7046092331026],[-79.42740432176,43.7046090362409],[-79.427405550297,43.7046088930008],[-79.4274067788232,43.7046087587618],[-79.4274086154139,43.7046085528989],[-79.4274098439401,43.7046084186599],[-79.4274116805308,43.7046082127969],[-79.4274129090678,43.7046080695567],[-79.4274147456585,43.7046078636936],[-79.4274159741846,43.7046077294546],[-79.4274178107753,43.7046075235915],[-79.4274190393014,43.7046073893524],[-79.427420875903,43.704607174488],[-79.4274221044291,43.7046070402489],[-79.4274239410197,43.7046068343857],[-79.4274251695566,43.7046066911453],[-79.4274270061473,43.7046064852821],[-79.4274282346733,43.7046063510429],[-79.4274300712639,43.7046061451796],[-79.4274312998008,43.7046060019392],[-79.4274331363914,43.7046057960758],[-79.4274343649283,43.7046056528353],[-79.4274362015189,43.7046054469719],[-79.4274374300558,43.7046053037314],[-79.4274392666463,43.7046050978679],[-79.4274404951832,43.7046049546274],[-79.4274423317737,43.7046047487639],[-79.4274441683751,43.7046045338991],[-79.4274453969011,43.7046043996597],[-79.4274469728646,43.7046042476384],[-79.4274488218085,43.7046040867889],[-79.4274506707524,43.7046039259395],[-79.4274525196963,43.7046037650901],[-79.4274543686403,43.7046036042406],[-79.4274562175842,43.7046034433911],[-79.427458066528,43.7046032825415],[-79.4274599154719,43.7046031216919],[-79.4274617644157,43.7046029608424],[-79.4274636009519,43.7046027999848],[-79.4274648418638,43.7046026837557],[-79.4274666908076,43.704602522906],[-79.4274685397514,43.7046023620563],[-79.4274703762876,43.7046022011987],[-79.4274716171886,43.7046020939707],[-79.4274734661432,43.7046019241197],[-79.4274753026793,43.704601763262],[-79.4274765435803,43.704601656034],[-79.4274783925241,43.7046014951841],[-79.427480229071,43.7046013253251],[-79.427481469972,43.704601218097],[-79.4274833189157,43.7046010572471],[-79.4274851554626,43.704600887388],[-79.4274863963635,43.7046007801599],[-79.4274882453072,43.7046006193098],[-79.4274900818541,43.7046004494506],[-79.427491322755,43.7046003422225],[-79.4274931593019,43.7046001723632],[-79.4274944002028,43.7046000651351],[-79.4274962491573,43.7045998952836],[-79.4274980856933,43.7045997344256],[-79.4274993266051,43.704599618196],[-79.427501163141,43.7045994573379],[-79.4275024040528,43.7045993411084],[-79.4275042405995,43.704599171249],[-79.4275054815004,43.7045990640207],[-79.4275073304549,43.7045988941691],[-79.4275091669908,43.7045987333108],[-79.4275104079025,43.7045986170812],[-79.4275122444492,43.7045984472216],[-79.4275134853501,43.7045983399932],[-79.4275153218968,43.7045981701336],[-79.4275165628085,43.7045980539039],[-79.4275183993552,43.7045978840443],[-79.427519640256,43.7045977768158],[-79.4275214768027,43.7045976069561],[-79.4275227177144,43.7045974907264],[-79.427524554261,43.7045973208666],[-79.4275257951618,43.7045972136381],[-79.4275276317085,43.7045970437783],[-79.4275288726201,43.7045969275484],[-79.4275307091668,43.7045967576886],[-79.4275319500784,43.7045966414587],[-79.427533786625,43.7045964715988],[-79.4275350275366,43.7045963553689],[-79.4275368640832,43.704596185509],[-79.4275381049949,43.7045960692791],[-79.4275399415414,43.7045958994191],[-79.4275430189996,43.704595613329],[-79.4275448679538,43.7045954434768],[-79.4275467169081,43.7045952736246],[-79.4275485534654,43.7045950947632],[-79.427549794377,43.7045949785331],[-79.4275516309235,43.7045948086729],[-79.4275528718351,43.7045946924428],[-79.4275547083815,43.7045945225826],[-79.4275565573466,43.7045943437289],[-79.4275584063007,43.7045941738765],[-79.4275602552549,43.704594004024],[-79.4275620918122,43.7045938251624],[-79.4275639407664,43.7045936553098],[-79.4275657897313,43.704593476456],[-79.4275676262886,43.7045932975943],[-79.4275688547924,43.7045931813562],[-79.4275706913388,43.7045930114957],[-79.4275725527114,43.7045928326496],[-79.4275743892686,43.7045926537878],[-79.4275762382227,43.7045924839351],[-79.4275774791341,43.7045923677047],[-79.4275793032837,43.7045921888349],[-79.4275811646562,43.7045920099887],[-79.4275830012134,43.7045918311268],[-79.4275848377597,43.704591661266],[-79.4275866991323,43.7045914824197],[-79.4275885356894,43.7045913035577],[-79.4275903722465,43.7045911246956],[-79.4275922336191,43.7045909458492],[-79.4275940701762,43.7045907669871],[-79.4275959067332,43.7045905881249],[-79.4275977681057,43.7045904092784],[-79.4275996046628,43.7045902304161],[-79.4276014412199,43.7045900515539],[-79.4276033025923,43.7045898727073],[-79.4276051391493,43.704589693845],[-79.4276069757064,43.7045895149826],[-79.4276088370788,43.7045893361359],[-79.4276106736466,43.7045891482723],[-79.4276125226005,43.704588978419],[-79.427614371576,43.7045887905631],[-79.4276161957253,43.7045886116927],[-79.4276180570976,43.7045884328459],[-79.4276198936654,43.7045882449821],[-79.4276217302115,43.7045880751208],[-79.4276235915947,43.7045878872726],[-79.4276254281516,43.7045877084099],[-79.427626656666,43.7045875831699],[-79.4276285056306,43.7045874043151],[-79.427630354606,43.704587216459],[-79.427632178766,43.7045870285871],[-79.4276340401274,43.7045868587413],[-79.4276363979378,43.7045865721931],[-79.4276376264955,43.7045864109479],[-79.4276394506987,43.7045861870709],[-79.4276406792564,43.7045860258256],[-79.4276425034813,43.704585783946],[-79.4276437320389,43.7045856227007],[-79.4276455562638,43.704585380821],[-79.4276467848214,43.7045852195757],[-79.4276486090462,43.7045849776959],[-79.4276504456787,43.704584735824],[-79.4276522699035,43.7045844939442],[-79.4276534984611,43.7045843326988],[-79.4276553226859,43.704584090819],[-79.4276571593184,43.7045838489469],[-79.4276589835431,43.704583607067],[-79.4276602121006,43.7045834458216],[-79.4276620363254,43.7045832039416],[-79.4276638729578,43.7045829620694],[-79.4276656971825,43.7045827201894],[-79.4276675338149,43.7045824783172],[-79.4276693580504,43.7045822274359],[-79.4276711946828,43.7045819855636],[-79.4276730189074,43.7045817436835],[-79.4276748555397,43.7045815018111],[-79.4276766797752,43.7045812509297],[-79.4276785164075,43.7045810090573],[-79.4276803406429,43.7045807581757],[-79.4276821772751,43.7045805163033],[-79.4276840014997,43.704580274423],[-79.4276858381428,43.7045800235492],[-79.4276876623673,43.7045797816689],[-79.4276894866026,43.7045795307872],[-79.42769071516,43.7045793695414],[-79.4276925393953,43.7045791186597],[-79.4276943760275,43.704578876787],[-79.4276962002628,43.7045786259053],[-79.4276980368949,43.7045783840326],[-79.4276998611302,43.7045781331507],[-79.4277016853654,43.7045778822688],[-79.4277029139227,43.704577721023],[-79.4277047381579,43.704577470141],[-79.4277065623931,43.7045772192591],[-79.4277077909504,43.7045770580131],[-79.4277096151855,43.7045768071311],[-79.4277114518284,43.704576556257],[-79.4277132760635,43.7045763053749],[-79.4277151002878,43.7045760634941],[-79.4277163288559,43.7045758932468],[-79.427718153091,43.7045756423646],[-79.427719977326,43.7045753914825],[-79.4277212058832,43.7045752302364],[-79.4277230301183,43.7045749793542],[-79.4277248543533,43.7045747284719],[-79.4277260829213,43.7045745582245],[-79.4277279071563,43.7045743073422],[-79.4277297313913,43.7045740564599],[-79.4277309599593,43.7045738862124],[-79.4277327841943,43.70457363533],[-79.4277346084292,43.7045733844477],[-79.4277364450719,43.7045731335731],[-79.4277382693068,43.7045728826906],[-79.4277400935525,43.7045726228069],[-79.4277419301951,43.7045723719322],[-79.4277437544408,43.7045721120484],[-79.4277455786649,43.7045718701671],[-79.4277474029105,43.7045716102832],[-79.4277486314784,43.7045714400356],[-79.4277504557132,43.7045711891529],[-79.427752279948,43.7045709382702],[-79.4277541166013,43.7045706783941],[-79.4277559408361,43.7045704275114],[-79.4277577650817,43.7045701676273],[-79.4277595893164,43.7045699167445],[-79.4277608178842,43.7045697464967],[-79.4277626421297,43.7045694866126],[-79.4277644663645,43.7045692357297],[-79.42776629061,43.7045689758456],[-79.4277681272523,43.7045687249705],[-79.4277699514978,43.7045684650863],[-79.4277717757433,43.704568205202],[-79.4277735999779,43.704567954319],[-79.4277754242233,43.7045676944347],[-79.427776652791,43.7045675241867],[-79.4277784770364,43.7045672643023],[-79.4277803012818,43.704567004418],[-79.4277821255272,43.7045667445335],[-79.4277839497617,43.7045664936504],[-79.4277851783402,43.704566314401],[-79.4277870025747,43.7045660635178],[-79.4277882187454,43.7045658842606],[-79.4277900429907,43.704565624376],[-79.427791867236,43.7045653644915],[-79.4277936914705,43.7045651136081],[-79.4277949200489,43.7045649343587],[-79.4277967442941,43.704564674474],[-79.4277985685393,43.7045644145893],[-79.4278003927845,43.7045641547046],[-79.4278022170297,43.7045638948199],[-79.4278040412749,43.7045636349351],[-79.4278052698425,43.7045634646868],[-79.4278064860131,43.7045632854294],[-79.4278083102582,43.7045630255446],[-79.4278095264289,43.7045628462872],[-79.427811350674,43.7045625864023],[-79.4278131749191,43.7045623265174],[-79.4278149991641,43.7045620666324],[-79.4278162153347,43.7045618873749],[-79.4278180395798,43.7045616274899],[-79.4278192557503,43.7045614482324],[-79.4278204843178,43.704561277984],[-79.4278217004883,43.7045610987264],[-79.4278235247333,43.7045608388414],[-79.4278247409039,43.7045606595838],[-79.4278265651489,43.7045603996986],[-79.4278277813194,43.704560220441],[-79.4278296055643,43.7045599605558],[-79.428013021745,43.7045346836158],[-79.4281959786015,43.7045094781031],[-79.4281973437051,43.70450926293],[-79.4281985598842,43.7045090746672],[-79.4282003717398,43.7045087967658],[-79.4282015879189,43.7045086085029],[-79.4282028041088,43.7045084112387],[-79.4282040202878,43.7045082229759],[-79.4282058321434,43.7045079450743],[-79.4282070483332,43.7045077478101],[-79.4282082645123,43.7045075595472],[-79.4282100763678,43.7045072816456],[-79.4282112925576,43.7045070843814],[-79.4282131168207,43.7045068064875],[-79.428214928687,43.7045065195846],[-79.428216144866,43.7045063313216],[-79.428217361045,43.7045061430585],[-79.4282191729112,43.7045058561555],[-79.4282203890901,43.7045056678925],[-79.4282216052691,43.7045054796294],[-79.4282228214481,43.7045052913663],[-79.4282246333142,43.7045050044632],[-79.4282258495039,43.7045048071988],[-79.4282270656828,43.7045046189357],[-79.4282288775489,43.7045043320325],[-79.4282300937278,43.7045041437694],[-79.4282319055939,43.7045038568661],[-79.4282331217728,43.7045036686029],[-79.4282343379624,43.7045034713384],[-79.4282361498284,43.7045031844352],[-79.4282373660073,43.7045029961719],[-79.4282385821969,43.7045027989074],[-79.4282403940629,43.7045025120041],[-79.4282416102417,43.7045023237408],[-79.4282434221077,43.7045020368374],[-79.4282446382973,43.7045018395728],[-79.4282458544761,43.7045016513095],[-79.428247666342,43.704501364406],[-79.4282488825315,43.7045011671414],[-79.4282506943974,43.7045008802379],[-79.4282519105869,43.7045006829732],[-79.4282531267657,43.7045004947098],[-79.4282549386423,43.704500198805],[-79.428256154821,43.7045000105415],[-79.4282579666975,43.7044997146366],[-79.4282591828763,43.7044995263731],[-79.4282603990658,43.7044993291084],[-79.4282622109315,43.7044990422047],[-79.428263427121,43.7044988449399],[-79.4282652389867,43.7044985580362],[-79.4282664551761,43.7044983607713],[-79.4282682670418,43.7044980738676],[-79.4282694832312,43.7044978766027],[-79.4282712951076,43.7044975806976],[-79.4282725112863,43.704497392434],[-79.4282743231627,43.7044970965288],[-79.4282755393521,43.7044968992639],[-79.4282773512177,43.70449661236],[-79.428278567407,43.7044964150951],[-79.4282803792833,43.7044961191898],[-79.4282815954619,43.7044959309261],[-79.4282834073382,43.7044956350208],[-79.4282846235275,43.7044954377558],[-79.4282864354038,43.7044951418504],[-79.4282876515931,43.7044949445854],[-79.4282894634586,43.7044946576813],[-79.4282906796479,43.7044944604162],[-79.428292491524,43.7044941645108],[-79.4282937077133,43.7044939672456],[-79.4282955195895,43.7044936713402],[-79.4282967357787,43.704493474075],[-79.4282985476548,43.7044931781695],[-79.428300359531,43.7044928822639],[-79.4283015757202,43.7044926849987],[-79.4283033875963,43.7044923890931],[-79.4283046037854,43.7044921918279],[-79.4283064156615,43.7044918959222],[-79.4283076318507,43.704491698657],[-79.4283094437267,43.7044914027513],[-79.4283112556027,43.7044911068455],[-79.4283124717918,43.7044909095802],[-79.4283142836678,43.7044906136744],[-79.4283160955438,43.7044903177686],[-79.4283172993359,43.7044901114942],[-79.4283191112119,43.7044898155883],[-79.4283203274009,43.7044896183229],[-79.4283221392769,43.704489322417],[-79.4283239511528,43.7044890265111],[-79.4283251673311,43.7044888382469],[-79.4283269916361,43.7044885243462],[-79.4283288035119,43.7044882284402],[-79.4283300197117,43.7044880221734],[-79.4283318315875,43.7044877262673],[-79.4283336434632,43.7044874303613],[-79.428334859663,43.7044872240944],[-79.428336659131,43.7044869281805],[-79.4283384710175,43.7044866232731],[-79.4283402828932,43.7044863273669],[-79.4283414990822,43.7044861301013],[-79.4283433109686,43.7044858251938],[-79.428345122855,43.7044855202862],[-79.4283469471384,43.7044852243877],[-79.428348163338,43.7044850181207],[-79.4283499752136,43.7044847222144],[-79.4283517870999,43.7044844173068],[-79.4283535865786,43.7044841123913],[-79.4283548027674,43.7044839151255],[-79.4283566146537,43.7044836102178],[-79.42835842654,43.7044833053101],[-79.4283602384155,43.7044830094036],[-79.4283620627094,43.7044827045035],[-79.4283632665013,43.7044824982286],[-79.4283650907952,43.7044821933286],[-79.4283669026813,43.7044818884207],[-79.4283687145568,43.7044815925141],[-79.4283705140353,43.7044812875983],[-79.4283717302347,43.7044810813311],[-79.4283735421208,43.7044807764231],[-79.4283753540069,43.7044804715151],[-79.428377165893,43.7044801666071],[-79.4283789901868,43.7044798617067],[-79.4283808020728,43.7044795567986],[-79.4283821547888,43.704479323613],[-79.4283833709775,43.704479126347],[-79.4283851828742,43.7044788124375],[-79.4283869947602,43.7044785075293],[-79.4283887942385,43.7044782026133],[-79.4283906061244,43.7044778977051],[-79.4283924180103,43.7044775927968],[-79.428394229907,43.7044772788872],[-79.4283960417929,43.7044769739789],[-79.4283972579921,43.7044767677114],[-79.428399069878,43.704476462803],[-79.4284008817746,43.7044761488933],[-79.4284026936604,43.7044758439848],[-79.4284045055462,43.7044755390763],[-79.4284063174427,43.7044752251665],[-79.4284081293284,43.704474920258],[-79.4284099412249,43.7044746063482],[-79.428411740703,43.7044743014318],[-79.4284129569022,43.7044740951642],[-79.4284147687986,43.7044737812543],[-79.4284165806842,43.7044734763456],[-79.4284183925806,43.7044731624356],[-79.428420204477,43.7044728485256],[-79.4284220163626,43.7044725436169],[-79.4284238282589,43.7044722297068],[-79.4284256277475,43.704471915789],[-79.4284268439466,43.7044717095212],[-79.4284286558429,43.704471395611],[-79.4284304677284,43.7044710907021],[-79.4284322672169,43.7044707767842],[-79.428433483416,43.7044705705163],[-79.4284352953122,43.704470256606],[-79.4284371072084,43.7044699426958],[-79.4284389066968,43.7044696287777],[-79.4284401228958,43.7044694225098],[-79.4284419347919,43.7044691085995],[-79.4284437342804,43.7044687946813],[-79.4284449504793,43.7044685884133],[-79.4284467499677,43.7044682744951],[-79.4284479661774,43.7044680592258],[-79.428449778052,43.7044677633179],[-79.4284515775617,43.7044674313971],[-79.4284527937606,43.704467225129],[-79.428454593249,43.7044669112107],[-79.4284558094585,43.7044666959413],[-79.4284576213545,43.7044663820307],[-79.4284594208535,43.7044660591111],[-79.4284606370523,43.7044658528429],[-79.4284624365406,43.7044655389245],[-79.4284636527394,43.7044653326563],[-79.4284654522383,43.7044650097365],[-79.4284666684371,43.7044648034683],[-79.4284684679252,43.7044644895498],[-79.4284696841347,43.7044642742803],[-79.4284714836229,43.7044639603617],[-79.4284732955294,43.7044636374496],[-79.4284751074252,43.7044633235387],[-79.4284769193316,43.7044630006265],[-79.4284787188197,43.7044626867079],[-79.4284805307154,43.7044623727969],[-79.4284823426218,43.7044620498847],[-79.4284841545175,43.7044617359736],[-79.4284859540055,43.7044614220548],[-79.4284877659226,43.7044610901412],[-79.4284895778182,43.7044607762301],[-79.4284913773061,43.7044604623112],[-79.4284925935154,43.7044602470415],[-79.428494393014,43.7044599241213],[-79.4284962049203,43.7044596012088],[-79.4284980168158,43.7044592872976],[-79.4284998163037,43.7044589733786],[-79.4285016282206,43.7044586414647],[-79.4285034401161,43.7044583275534],[-79.4285052396146,43.704458004633],[-79.4285070515314,43.7044576727191],[-79.4285088634268,43.7044573588077],[-79.4285106629145,43.7044570448885],[-79.4285124748206,43.7044567219758],[-79.4285148824236,43.7044562914203],[-79.4285166943296,43.7044559685075],[-79.428518493828,43.7044556455869],[-79.428520305734,43.704455322674],[-79.4285221052323,43.7044549997534],[-79.4285233214414,43.7044547844833],[-79.4285251209504,43.7044544525613],[-79.4285269328563,43.7044541296484],[-79.4285287323545,43.7044538067276],[-79.4285305442604,43.7044534838146],[-79.4285323437586,43.7044531608938],[-79.4285341556645,43.7044528379807],[-79.4285353594765,43.7044526137015],[-79.4285371713823,43.7044522907883],[-79.4285389708804,43.7044519678674],[-79.4285407827862,43.7044516449542],[-79.4285419865982,43.7044514206749],[-79.4285437860963,43.7044510977539],[-79.428545598002,43.7044507748407],[-79.4285468018139,43.7044505505613],[-79.428548601312,43.7044502276403],[-79.4285504132283,43.7044498957257],[-79.4285522127263,43.7044495728045],[-79.4285540246427,43.7044492408899],[-79.428555824162,43.7044488999662],[-79.4285576360569,43.704448586054],[-79.4285594355548,43.7044482631327],[-79.4285606393666,43.7044480388532],[-79.4285624512722,43.7044477159397],[-79.428563655084,43.7044474916601],[-79.4287513639901,43.7044114686946],[-79.4288261868648,43.7043971132673],[-79.4289371760647,43.7043739500295],[-79.429005794977,43.7043596266326],[-79.4290074952617,43.7043592586363],[-79.4290092948182,43.7043588817003],[-79.4290104862614,43.7043586214033],[-79.4290122610132,43.7043582354506],[-79.4290134524564,43.7043579751536],[-79.4290152272082,43.7043575892008],[-79.4290170267753,43.7043572032635],[-79.4290188015271,43.7043568173108],[-79.4290205762788,43.704356431358],[-79.4290223758458,43.7043560454206],[-79.4290241381898,43.70435565946],[-79.4290259253491,43.7043552735148],[-79.4290271167922,43.7043550132176],[-79.4290288915438,43.7043546272647],[-79.4290300829868,43.7043543669675],[-79.429031870146,43.7043539810222],[-79.4290330615891,43.7043537207249],[-79.4290348363406,43.7043533347719],[-79.4290360277836,43.7043530744746],[-79.4290378149428,43.7043526885292],[-79.4290395896942,43.7043523025762],[-79.4290407811372,43.7043520422788],[-79.4290419725801,43.7043517819814],[-79.4290437473315,43.7043513960283],[-79.4290449387745,43.7043511357308],[-79.4290461302174,43.7043508754334],[-79.4290479049793,43.7043504804789],[-79.4290490964222,43.7043502201815],[-79.4290502878651,43.704349959884],[-79.4290520626164,43.7043495739308],[-79.4290532540592,43.7043493136333],[-79.4290544455021,43.7043490533357],[-79.4290562202639,43.7043486583811],[-79.4290574117068,43.7043483980836],[-79.4290586031495,43.7043481377861],[-79.4290603779007,43.7043477518327],[-79.4290615693435,43.7043474915351],[-79.4290627607863,43.7043472312375],[-79.4290645355481,43.7043468362827],[-79.4290657269908,43.7043465759851],[-79.4290675017525,43.7043461810303],[-79.4290686931952,43.7043459207326],[-79.4290698846379,43.704345660435],[-79.4290716593996,43.7043452654801],[-79.4290728508423,43.7043450051824],[-79.4290746256039,43.7043446102276],[-79.4290758170465,43.7043443499298],[-79.4290775918081,43.7043439549749],[-79.4290787832508,43.7043436946771],[-79.4290805580123,43.7043432997221],[-79.4290817494549,43.7043430394243],[-79.4290829409081,43.7043427701253],[-79.4290847156696,43.7043423751702],[-79.4290859071122,43.7043421148724],[-79.4290876818736,43.7043417199173],[-79.4290888733162,43.7043414596194],[-79.4290906480776,43.7043410646642],[-79.4290918395307,43.7043407953651],[-79.4290936142921,43.7043404004099],[-79.4290948057346,43.7043401401119],[-79.4290965804959,43.7043397451567],[-79.4290983552573,43.7043393502014],[-79.4290995467103,43.7043390809022],[-79.4291013214716,43.7043386859469],[-79.429102512914,43.7043384256489],[-79.4291042876858,43.7043380216922],[-79.4291054791283,43.7043377613942],[-79.4291072538895,43.7043373664388],[-79.4291090286612,43.7043369624821],[-79.429110220093,43.7043367111852],[-79.4291119948542,43.7043363162298],[-79.4291131863071,43.7043360469304],[-79.4291149610682,43.7043356519749],[-79.4291167358399,43.704335248018],[-79.4291179272821,43.7043349877199],[-79.4291197020538,43.704334583763],[-79.4291214768254,43.7043341798061],[-79.4291232391576,43.7043338028453],[-79.4291250139185,43.7043334078896],[-79.4291268010765,43.7043330219429],[-79.4291285882239,43.7043326449973],[-79.4291303753713,43.7043322680518],[-79.4291321501216,43.7043318820973],[-79.4291333415637,43.704331621799],[-79.4291345330058,43.7043313615006],[-79.4291363201743,43.7043309665525],[-79.4291380949139,43.7043305895991],[-79.4291398820824,43.7043301946509],[-79.4291410735138,43.7043299433537],[-79.429142848264,43.704329557399],[-79.4291446354217,43.704329171452],[-79.4291458268638,43.7043289111536],[-79.4291476140215,43.7043285252065],[-79.4291493887716,43.7043281392517],[-79.4291505802136,43.7043278789532],[-79.4291517716556,43.7043276186546],[-79.4291535464056,43.7043272326998],[-79.4291547378475,43.7043269724013],[-79.4291559292895,43.7043267121027],[-79.4291577040394,43.7043263261477],[-79.4291588954814,43.7043260658492],[-79.4291600869233,43.7043258055505],[-79.4291612783652,43.7043255452519],[-79.4291630531151,43.7043251592969],[-79.4291642445569,43.7043248989983],[-79.4291654359988,43.7043246386996],[-79.4291672107486,43.7043242527445],[-79.4291684021905,43.7043239924458],[-79.4291695936323,43.7043237321471],[-79.4291713683927,43.7043233371907],[-79.4291725598345,43.704323076892],[-79.4291737512763,43.7043228165932],[-79.429175526026,43.704322430638],[-79.4291767174678,43.7043221703393],[-79.4291784922281,43.7043217753827],[-79.4291796836698,43.7043215150839],[-79.4291808751116,43.7043212547851],[-79.4291826498718,43.7043208598285],[-79.4291838413135,43.7043205995297],[-79.4291850327552,43.7043203392308],[-79.4291868075154,43.7043199442742],[-79.429187998957,43.7043196839753],[-79.4291897737172,43.7043192890186],[-79.4291909651588,43.7043190287196],[-79.4291927399189,43.7043186337629],[-79.4291939313605,43.7043183734639],[-79.4291951228022,43.7043181131649],[-79.4291968975622,43.7043177182082],[-79.4291980890038,43.7043174579092],[-79.4291998637638,43.7043170629523],[-79.4292010552053,43.7043168026533],[-79.4292028299653,43.7043164076964],[-79.4292040214174,43.704316138396],[-79.4292057961774,43.7043157434391],[-79.4292069876189,43.70431548314],[-79.4292087623788,43.704315088183],[-79.4292099538202,43.7043148278839],[-79.4292117285801,43.7043144329269],[-79.4292129200321,43.7043141636264],[-79.4292146947919,43.7043137686693],[-79.4292158862334,43.7043135083702],[-79.4292176610037,43.7043131044118],[-79.4292194357635,43.7043127094546],[-79.4292206272049,43.7043124491554],[-79.4292224019646,43.7043120541982],[-79.4292235934165,43.7043117848976],[-79.4292253681762,43.7043113899404],[-79.4292265596281,43.7043111206398],[-79.4292283343878,43.7043107256825],[-79.4292301091474,43.7043103307252],[-79.4292313005993,43.7043100614246],[-79.4292330753588,43.7043096664672],[-79.4292342668107,43.7043093971666],[-79.4292363270202,43.7043089393769],[-79.4292381017903,43.7043085354182],[-79.4292392932315,43.7043082751188],[-79.4292410680016,43.7043078711601],[-79.429242842761,43.7043074762025],[-79.4292440342128,43.7043072069018],[-79.4293133128869,43.7042909214503],[-79.4294928762874,43.7042487083521],[-79.4296728614954,43.7042063242067],[-79.4298528464291,43.7041639577799],[-79.4300328311201,43.704121582068],[-79.4302128155579,43.7040792060723],[-79.4303927997424,43.7040368297926],[-79.4305727960916,43.7039944442353],[-79.4307527921772,43.7039520673953],[-79.4309326018547,43.7039097261641],[-79.431094427873,43.7038716134115],[-79.4312562536865,43.7038335004294],[-79.4314360626664,43.7037911494036],[-79.4316158589758,43.7037488070883],[-79.43179566745,43.7037064554958],[-79.4319753760449,43.7036644276067]]],[[[-79.4605519056828,43.6981896544491],[-79.4606456071305,43.6981768869194],[-79.4606596400109,43.698174974476],[-79.4607388625486,43.6981631380196],[-79.4607699311699,43.6981585040231],[-79.4607771023688,43.698177067135],[-79.4609951767754,43.6981276166822],[-79.4612895487262,43.6980608822041],[-79.4612908888049,43.6980605856155],[-79.4612920799839,43.6980603249816],[-79.461293854349,43.6980599295259],[-79.461295045528,43.6980596688919],[-79.4612968198931,43.6980592734362],[-79.4612980110721,43.6980590128022],[-79.4612992022511,43.6980587521682],[-79.4613009766161,43.6980583567123],[-79.4613021677951,43.6980580960783],[-79.46130394216,43.6980577006224],[-79.4613051333448,43.6980574309871],[-79.4613069077097,43.6980570355311],[-79.4613080988886,43.6980567748971],[-79.4613098732535,43.6980563794411],[-79.4613116476241,43.6980559749838],[-79.461312838803,43.6980557143496],[-79.4613146131678,43.6980553188936],[-79.4613158043525,43.6980550492582],[-79.4613175787172,43.6980546538021],[-79.461319353082,43.6980542583459],[-79.4613205442666,43.6980539887104],[-79.4613223186313,43.6980535932542],[-79.4613235098159,43.6980533236187],[-79.4613252841864,43.6980529191612],[-79.461327058551,43.6980525237049],[-79.4613282497355,43.6980522540694],[-79.4613300241001,43.6980518586131],[-79.4613317984705,43.6980514541555],[-79.4613335728409,43.6980510496978],[-79.4613347640254,43.6980507800622],[-79.4613365383899,43.6980503846058],[-79.4613383127602,43.6980499801481],[-79.4613400871304,43.6980495756903],[-79.4613418615007,43.6980491712326],[-79.4613430526851,43.6980489015968],[-79.4613448270553,43.698048497139],[-79.4613466014255,43.6980480926812],[-79.4613483757956,43.6980476882233],[-79.4613501501658,43.6980472837654],[-79.4613519245359,43.6980468793075],[-79.461353698906,43.6980464748495],[-79.461355473276,43.6980460703916],[-79.461357247646,43.6980456659336],[-79.4613590220219,43.6980452524742],[-79.4613607963918,43.6980448480162],[-79.4613625707618,43.6980444435581],[-79.4613643451375,43.6980440300987],[-79.4613661195075,43.6980436256405],[-79.4613678938831,43.6980432121811],[-79.461369668253,43.6980428077229],[-79.4613714426286,43.6980423942634],[-79.4613732169985,43.6980419898051],[-79.461374991374,43.6980415763455],[-79.4613767533432,43.6980411628818],[-79.46137796934,43.6980408932541],[-79.4613797189028,43.6980404797861],[-79.4613814808719,43.6980400663222],[-79.461382672056,43.698039796686],[-79.461384434025,43.6980393832221],[-79.4613856252148,43.6980391045847],[-79.4613873871839,43.6980386911207],[-79.4613885783679,43.6980384214845],[-79.4613903403369,43.6980380080205],[-79.4613915315266,43.698037729383],[-79.4613932934956,43.698037315919],[-79.4613950678709,43.6980369024591],[-79.4613968422461,43.6980364889992],[-79.4613986042208,43.6980360665338],[-79.4613997954047,43.6980357968975],[-79.4614015573793,43.698035374432],[-79.4614033317545,43.698034960972],[-79.4614051061297,43.698034547512],[-79.4614068681042,43.6980341250464],[-79.4614086424793,43.6980337115863],[-79.4614110000457,43.6980331543025],[-79.4614137918635,43.6980325521588],[-79.4614155786161,43.6980321837092],[-79.4614167821888,43.6980319410808],[-79.4614185689355,43.6980315816324],[-79.4614203680944,43.698031213187],[-79.4614221548468,43.6980308447373],[-79.4614239415992,43.6980304762876],[-79.4614257283516,43.6980301078378],[-79.4614269319301,43.6980298562079],[-79.4614287186824,43.6980294877582],[-79.4614305054348,43.6980291193083],[-79.4614322921929,43.6980287418572],[-79.4614340789509,43.698028364406],[-79.461435865709,43.6980279869548],[-79.461437652467,43.6980276095036],[-79.461439439225,43.6980272320524],[-79.461441225983,43.6980268546011],[-79.4614424171607,43.6980265939656],[-79.4614442039186,43.6980262165143],[-79.461445978276,43.6980258300575],[-79.4614471694537,43.698025569422],[-79.4614489562115,43.6980251919705],[-79.4614501473892,43.698024931335],[-79.4614513385669,43.6980246706994],[-79.4614531129241,43.6980242842425],[-79.4614543041017,43.6980240236069],[-79.4614554952794,43.6980237629713],[-79.4614572696423,43.698023367513],[-79.4614584608199,43.6980231068773],[-79.4614602351828,43.698022711419],[-79.4614614263604,43.6980224507833],[-79.4614632007232,43.698022055325],[-79.4614643919008,43.6980217946893],[-79.4614661662636,43.6980213992308],[-79.4614673574469,43.6980211295938],[-79.4614691318097,43.6980207341353],[-79.4614720725487,43.6980200600302],[-79.46147387173,43.6980196555787],[-79.4614756460984,43.6980192511188],[-79.4614774204668,43.698018846659],[-79.4614791948353,43.6980184421991],[-79.4614809692037,43.6980180377391],[-79.4614827435778,43.6980176242779],[-79.4614845179519,43.6980172108166],[-79.4614863047266,43.6980168063608],[-79.4614880666943,43.6980163928953],[-79.4614892578831,43.6980161142567],[-79.4614910198508,43.6980157007912],[-79.4614927818184,43.6980152873256],[-79.4614945561982,43.6980148648629],[-79.4614963181657,43.6980144513973],[-79.4614981049518,43.6980140289387],[-79.4614998669251,43.6980136064717],[-79.4615016288984,43.6980131840047],[-79.4615033908716,43.6980127615377],[-79.4615051776576,43.698012339079],[-79.4615069396308,43.6980119166119],[-79.4615081060125,43.6980116289636],[-79.4615092972069,43.6980113413235],[-79.46151105918,43.6980109188564],[-79.4615122255617,43.698010631208],[-79.4615139875406,43.6980101997395],[-79.4615151663286,43.6980099120952],[-79.4615169283074,43.6980094806267],[-79.4615186902862,43.6980090491582],[-79.4615204522707,43.6980086086883],[-79.4615222266558,43.6980081772239],[-79.4615239638276,43.6980077367456],[-79.4615251550218,43.6980074491054],[-79.4615263214091,43.6980071524556],[-79.4615280709872,43.6980067119814],[-79.4615292621872,43.6980064153399],[-79.4615310241715,43.6980059748699],[-79.4615327737495,43.6980055343957],[-79.4615339401367,43.6980052377457],[-79.4615356897204,43.6980047882702],[-79.4615368809203,43.6980044916286],[-79.461538630504,43.698004042153],[-79.4615403924882,43.6980036016828],[-79.4615421420718,43.6980031522072],[-79.4615438916612,43.6980026937302],[-79.4615456536511,43.6980022442587],[-79.4615474032346,43.698001794783],[-79.4615491528238,43.6980013363059],[-79.4615509024131,43.6980008778289],[-79.4615526519965,43.6980004283531],[-79.4615555679842,43.6979996552232],[-79.4615573175733,43.6979991967461],[-79.4615590671624,43.6979987382689],[-79.4615608167515,43.6979982797916],[-79.4615619707436,43.6979979651347],[-79.4615637203383,43.6979974976561],[-79.4615654823337,43.697997039183],[-79.4615666487321,43.6979967245302],[-79.4615683859205,43.6979962570474],[-79.4615695523188,43.6979959423945],[-79.4615707187172,43.6979956277417],[-79.4615724559055,43.6979951602589],[-79.4615736223038,43.6979948456059],[-79.4615747887021,43.697994530953],[-79.4615765258961,43.6979940544688],[-79.4615776922944,43.6979937398159],[-79.4615794294883,43.6979932633316],[-79.4615805958866,43.6979929486787],[-79.4615823330804,43.6979924721944],[-79.4615840702743,43.6979919957101],[-79.4615852366783,43.6979916720558],[-79.461586973872,43.6979911955714],[-79.4615887110716,43.6979907100858],[-79.4615904482711,43.6979902246001],[-79.4615921854648,43.6979897481156],[-79.4615939226642,43.6979892626299],[-79.4615950766675,43.69798892997],[-79.4615968138669,43.6979884444842],[-79.4615985510662,43.6979879589984],[-79.4616002882713,43.6979874645113],[-79.4616031670674,43.6979866463613],[-79.4616043334712,43.6979863227068],[-79.4616054874743,43.6979859900469],[-79.4616072122729,43.6979854955555],[-79.4616089494779,43.6979850010682],[-79.461610103481,43.6979846684082],[-79.461611257484,43.6979843357482],[-79.4616129822825,43.6979838412567],[-79.4616141362856,43.6979835085967],[-79.4616152902886,43.6979831759366],[-79.4616164442916,43.6979828432765],[-79.4616181690958,43.6979823397837],[-79.4616193230988,43.6979820071236],[-79.4616210479029,43.6979815036307],[-79.4616227727127,43.6979809911365],[-79.4616239267156,43.6979806584763],[-79.4616256515255,43.6979801459821],[-79.4616273639231,43.6979796424849],[-79.4616285179317,43.6979793008235],[-79.4616296719403,43.697978959162],[-79.4616313843437,43.6979784466635],[-79.4616325383465,43.6979781140032],[-79.4616342631619,43.6979775925076],[-79.4616359755652,43.697977080009],[-79.4616371295737,43.6979767383475],[-79.4616388419769,43.6979762258488],[-79.4616399959911,43.697975875186],[-79.4616417083943,43.6979753626873],[-79.4616434332095,43.6979748411915],[-79.4616451456184,43.6979743196915],[-79.4616468580272,43.6979737981915],[-79.4616488433814,43.6979732677817],[-79.4616500345572,43.6979730071441],[-79.461651225733,43.6979727465064],[-79.4616524169087,43.6979724858688],[-79.4616541912688,43.6979720904074],[-79.4616553824446,43.6979718297697],[-79.4616565736203,43.697971569132],[-79.4616583479746,43.6979711826719],[-79.4616595391503,43.6979709220341],[-79.4616613135104,43.6979705265727],[-79.4616625046861,43.6979702659349],[-79.4616636958617,43.6979700052971],[-79.4616654702217,43.6979696098356],[-79.4616666613974,43.6979693491978],[-79.4616684357573,43.6979689537362],[-79.4616696269329,43.6979686930984],[-79.4616714012928,43.6979682976368],[-79.4616725924684,43.6979680369989],[-79.4616743668283,43.6979676415372],[-79.4616755580096,43.697967371898],[-79.4616767491851,43.6979671112601],[-79.4616785235449,43.6979667157984],[-79.4616802979047,43.6979663203366],[-79.461681489086,43.6979660506974],[-79.4616832634457,43.6979656552356],[-79.4616844546212,43.6979653945976],[-79.4616862289809,43.6979649991357],[-79.4616874201621,43.6979647294964],[-79.4616891945218,43.6979643340345],[-79.4616909688872,43.6979639295713],[-79.4616921600626,43.6979636689332],[-79.461693934428,43.69796326447],[-79.4616951256034,43.6979630038319],[-79.4616968999687,43.6979625993686],[-79.4616986743282,43.6979622039066],[-79.4616998655093,43.6979619342671],[-79.4617016398745,43.6979615298038],[-79.461703414234,43.6979611343417],[-79.4617051885992,43.6979607298782],[-79.4617063797803,43.6979604602388],[-79.4617081541397,43.6979600647765],[-79.4617099285048,43.6979596603131],[-79.4617117028699,43.6979592558496],[-79.461713477235,43.697958851386],[-79.461714668416,43.6979585817464],[-79.461716442781,43.6979581772828],[-79.461718217146,43.6979577728192],[-79.461719991511,43.6979573683555],[-79.461721765876,43.6979569638919],[-79.461723540241,43.6979565594282],[-79.4617253146059,43.6979561549644],[-79.4617270889708,43.6979557505007],[-79.4617288633357,43.6979553460369],[-79.4617306377062,43.6979549325718],[-79.4617324120711,43.697954528108],[-79.4617341864359,43.6979541236441],[-79.4617359608064,43.6979537101789],[-79.4617377351712,43.697953305715],[-79.4617391621125,43.697952973145],[-79.4617409364772,43.6979525686811],[-79.4617426984413,43.6979521552117],[-79.4617438896277,43.6979518765705],[-79.461745651586,43.6979514721023],[-79.4617468427724,43.697951193461],[-79.4617486047364,43.6979507799915],[-79.461749795917,43.6979505103515],[-79.4617515578809,43.697950096882],[-79.4617527490672,43.6979498182407],[-79.4617556774048,43.6979491261214],[-79.4617574641813,43.6979487126601],[-79.4617586553619,43.69794844302],[-79.4617604173314,43.697948020549],[-79.4617621917016,43.6979476070834],[-79.4617639660717,43.6979471936178],[-79.4617657280354,43.697946780148],[-79.4617675024112,43.6979463576811],[-79.4617692767813,43.6979459442154],[-79.461771038745,43.6979455307455],[-79.4617728131207,43.6979451082785],[-79.4617745874907,43.6979446948127],[-79.46177634946,43.6979442723415],[-79.4617781238299,43.6979438588756],[-79.4617798857992,43.6979434364043],[-79.4617816601748,43.6979430139372],[-79.4617834221383,43.6979426004671],[-79.4617846133243,43.6979423218255],[-79.4617863752935,43.6979418993541],[-79.4617881496691,43.6979414768868],[-79.4617898868255,43.6979410544071],[-79.4617916860137,43.697940631948],[-79.461793447977,43.6979402184778],[-79.4617946267623,43.6979399308306],[-79.4617963887314,43.6979395083591],[-79.4617981631067,43.6979390858917],[-79.4617999250757,43.6979386634201],[-79.461801699451,43.6979382409526],[-79.46180346142,43.6979378184809],[-79.4618052357953,43.6979373960134],[-79.4618069977642,43.6979369735417],[-79.4618081765494,43.6979366858944],[-79.4618099385182,43.6979362634226],[-79.4618111173034,43.6979359757753],[-79.4618128792722,43.6979355533035],[-79.4618140580573,43.6979352656561],[-79.4618158324324,43.6979348431885],[-79.4618175944069,43.6979344117153],[-79.4618193563756,43.6979339892434],[-79.4618205351607,43.697933701596],[-79.4618217139457,43.6979334139485],[-79.4618234759144,43.6979329914766],[-79.4618246546994,43.6979327038291],[-79.4618258334844,43.6979324161816],[-79.461827595453,43.6979319937096],[-79.4618577729486,43.6979236775936],[-79.4618896382905,43.6979144258987],[-79.4619161557634,43.6979063245779],[-79.4619212681643,43.6979047600573],[-79.4619526749587,43.6978947070775],[-79.4619838214656,43.6978842489447],[-79.4620027080886,43.6978776212765],[-79.4620147200738,43.6978734126669],[-79.4620453459872,43.6978621712324],[-79.4620756991996,43.6978505336426],[-79.4620878108105,43.6978457129709],[-79.4621057672817,43.6978385358987],[-79.4621355502501,43.6978261509971],[-79.462172640888,43.697813192424],[-79.4622585982954,43.6977831475399],[-79.4622613531056,43.6977821763105],[-79.4623427076805,43.6977521388445],[-79.4623438989785,43.6977516711701],[-79.4624233060366,43.697721065924],[-79.4624286296809,43.6977189163665],[-79.4625031357533,43.6976889755489],[-79.4625128275889,43.6976849281489],[-79.4625821844104,43.6976558857195],[-79.4625964306836,43.6976496794944],[-79.4626604271926,43.6976217964291],[-79.4626794885916,43.697613161419],[-79.4627378392738,43.697586725674],[-79.4628143834328,43.6975506734436],[-79.4628438448008,43.6975362629627],[-79.4628900596563,43.6975136577422],[-79.4629648307125,43.6974756965622],[-79.4630386841933,43.6974367899012],[-79.4631115828673,43.6973969557515],[-79.4631853146833,43.6976985406275],[-79.4631051698671,43.6977392636109],[-79.4630240206565,43.6977789690675],[-79.4629419415026,43.6978176390168],[-79.4628589448252,43.6978552554583],[-79.4627750554342,43.6978918273994],[-79.4626903105681,43.6979273278464],[-79.4626047102354,43.6979617477962],[-79.4625183040703,43.6979950782619],[-79.4624311044938,43.6980273012431],[-79.4622950761571,43.6980748552539],[-79.4621865723471,43.6981106535305],[-79.4620772132356,43.6981450742235],[-79.4619670608718,43.6981780993484],[-79.4618561152622,43.698209728903],[-79.4617444384567,43.6982399449031],[-79.461632055275,43.6982687473551],[-79.4615189781417,43.6982961182584],[-79.4614052815027,43.6983220576362],[-79.4612909653767,43.6983465474841],[-79.4611760669906,43.6983695878128],[-79.4610606359835,43.6983911696363],[-79.4609447095827,43.6984112929656],[-79.4608283250271,43.6984299398095],[-79.4607115071377,43.6984471101752],[-79.4605942807415,43.6984627950685],[-79.4603641609157,43.6984891612823],[-79.4593937232404,43.6985879068114],[-79.4592804453704,43.6983228596769],[-79.4594126076915,43.698309359746],[-79.4594796317811,43.698302515544],[-79.4595076349934,43.6982996540573],[-79.4596027118965,43.6982899393057],[-79.4596977763564,43.698280233472],[-79.4597928407917,43.6982705185579],[-79.45988789279,43.6982608035604],[-79.4599829571581,43.6982510974894],[-79.4600780214955,43.6982413913394],[-79.4601730858083,43.6982316761089],[-79.4602681500846,43.6982219698007],[-79.460311563008,43.6982175382472],[-79.4603630532783,43.6982119123074],[-79.460437968507,43.6982037200865],[-79.460457708685,43.6982012875685],[-79.4605489775145,43.6981900494951],[-79.4605519056828,43.6981896544491]]],[[[-79.4367429440433,43.7025417806559],[-79.436760877027,43.7025375509764],[-79.4368298159766,43.7027109537187],[-79.4368055288092,43.702716692111],[-79.4367956749563,43.7027190089926],[-79.4366800471197,43.7027463268877],[-79.4365583258013,43.7027749464693],[-79.4365367316765,43.7027800202044],[-79.4364684122386,43.7027961395472],[-79.4363926464752,43.7028140369589],[-79.4363785233702,43.7028173865758],[-79.4362886467981,43.7028386785468],[-79.4362488340157,43.7028481076913],[-79.4361988072891,43.7028600604805],[-79.4361090048618,43.7028815143745],[-79.4361050086801,43.7028824662763],[-79.436019029127,43.7029025360395],[-79.4359628221882,43.7029156644333],[-79.4359290409317,43.7029235486253],[-79.4358390650809,43.7029445611471],[-79.4358158699192,43.7029499758958],[-79.4357491138764,43.702965672626],[-79.4356728761768,43.7029835962986],[-79.435659187385,43.702986820053],[-79.4355404684537,43.7030147201371],[-79.435529534791,43.7030172883363],[-79.4354217742175,43.703042629113],[-79.4353857216286,43.7030511059454],[-79.4353318350987,43.7030637672738],[-79.4352418959166,43.7030849053636],[-79.4351519690692,43.7031060523909],[-79.4350978838643,43.7031187675039],[-79.4350620421586,43.7031271993474],[-79.4349721151946,43.7031483372317],[-79.4349538716597,43.703152620461],[-79.43488217576,43.703169475038],[-79.4347972377203,43.7031894454605],[-79.43479224866,43.7031906217819],[-79.4347023090992,43.7032117594464],[-79.4346419687583,43.7032259469795],[-79.4346123942902,43.7032328970543],[-79.4345224546031,43.7032540345772],[-79.4344853468547,43.7032627625566],[-79.4343287123424,43.7032995869129],[-79.4342850269217,43.7033098412652],[-79.4342162595532,43.7033260130105],[-79.43419511181,43.7033309875456],[-79.4341721024732,43.703336393066],[-79.4341051718202,43.7033521337408],[-79.4340152317771,43.7033732708639],[-79.4339253040783,43.7033944079232],[-79.4338588573259,43.7034100227155],[-79.433835363909,43.7034155449046],[-79.4337454484816,43.7034366908306],[-79.4337022344552,43.7034468462191],[-79.433655508196,43.7034578186689],[-79.4335655802348,43.7034789644461],[-79.4335456114028,43.7034836605064],[-79.433475639813,43.7035001011439],[-79.433385724133,43.7035212467866],[-79.4327401290376,43.7036729813083],[-79.4326398267037,43.7035066686603],[-79.4341395833393,43.703154314496],[-79.4342583280482,43.7031263798773],[-79.4342839807524,43.7031203547709],[-79.4343770850348,43.7030984631447],[-79.4344279932753,43.7030864846552],[-79.4344674961682,43.7030771909868],[-79.4345575100837,43.7030560265452],[-79.434571993219,43.7030526233518],[-79.4346475115287,43.7030348620255],[-79.4347159930106,43.7030187528655],[-79.4347375129201,43.7030136884335],[-79.4348275142288,43.7029925327731],[-79.4348599926304,43.7029848911988],[-79.4349175279011,43.7029713590462],[-79.4350040045152,43.7029510113548],[-79.4350075291027,43.7029501852413],[-79.4350975426484,43.7029290113725],[-79.4351480038112,43.7029171493246],[-79.4351875312968,43.7029078554211],[-79.4352775323086,43.7028866814032],[-79.435292002955,43.7028832781114],[-79.4353675456645,43.7028655073214],[-79.4354360143346,43.7028494157249],[-79.4354575465401,43.7028443421628],[-79.4355475473525,43.7028231769333],[-79.4355800007472,43.7028155441413],[-79.4356375481112,43.7028020026315],[-79.4357240118028,43.7027816813913],[-79.4357275611948,43.7027808462682],[-79.4358175494197,43.7027596718175],[-79.4358679978915,43.7027478094443],[-79.4359075623863,43.702738506311],[-79.435997562892,43.7027173317252],[-79.4360120086329,43.7027139373295],[-79.4361508937021,43.7026812773428],[-79.4362669931787,43.7026539152392],[-79.436287222153,43.7026491468375],[-79.4363830801331,43.7026265620119],[-79.4364240468646,43.7026169084301],[-79.4364991669914,43.7025991996652],[-79.4365606356438,43.7025847147342],[-79.4366152661422,43.7025718462085],[-79.4367313403539,43.7025445106226],[-79.4367429440433,43.7025417806559]]],[[[-79.3971391975875,43.6957007868102],[-79.3970545165785,43.6956926364216],[-79.3969992597235,43.6957005077782],[-79.3969098795221,43.6955677211992],[-79.3969690918008,43.6955682246499],[-79.3972409710979,43.6955580278889],[-79.3972447542775,43.6955583823401],[-79.3973536324891,43.6955703168581],[-79.3973769994188,43.6955736593145],[-79.3974039383575,43.6955775180457],[-79.3974616611194,43.6955857880169],[-79.397568616897,43.6956047866175],[-79.3976283295303,43.6956174779205],[-79.3976487297818,43.6956218258089],[-79.3976742766262,43.6956272584554],[-79.3977784543124,43.6956531583614],[-79.397880901946,43.6956824321102],[-79.398122355071,43.6957498421845],[-79.3985271920359,43.6958628624132],[-79.3987533076785,43.6959259909256],[-79.3998691739712,43.6962375002934],[-79.3999201685768,43.6963532565103],[-79.3999311683469,43.6963782627171],[-79.3999665532599,43.6964585851768],[-79.3974962327724,43.6957699043855],[-79.3973202016364,43.6957285564984],[-79.3971391975875,43.6957007868102]]],[[[-79.4402620405448,43.7017133329393],[-79.4406903591322,43.701612714641],[-79.4406940969268,43.7016219969001],[-79.4407117095063,43.7016653562014],[-79.4407620222975,43.7017893839185],[-79.4401575805944,43.7019298040841],[-79.4400711075279,43.7019498136315],[-79.4399846467662,43.7019698681262],[-79.4398981859829,43.7019898865503],[-79.4398117251242,43.7020099229114],[-79.4397576793071,43.7020224422243],[-79.4397252766241,43.7020299502123],[-79.439721677703,43.7020307854335],[-79.4396388156683,43.7020499684399],[-79.4395523546461,43.7020699956033],[-79.4394658935664,43.7020900227011],[-79.4393794448363,43.7021100497401],[-79.4393686480442,43.7021125553706],[-79.4393326339342,43.7021208894492],[-79.4392930208723,43.7021300677254],[-79.4392067830043,43.702150040738],[-79.4391205574864,43.702170013692],[-79.4390343195132,43.7021899775729],[-79.4389480938809,43.7022099503965],[-79.4388879046864,43.7022238882184],[-79.4388797759911,43.7022258191473],[-79.4387692257105,43.7022520527183],[-79.4386505342073,43.7022802260894],[-79.4385928389851,43.7022939130584],[-79.4384706972755,43.7023228945041],[-79.4383807849131,43.7023442331092],[-79.4382908600704,43.702365580638],[-79.4382009475805,43.7023869191014],[-79.4381110226197,43.7024082574872],[-79.4380211100024,43.7024295958089],[-79.4379958302026,43.7024356039545],[-79.4379340640872,43.7024502695217],[-79.4379022010047,43.7023552707222],[-79.437874939346,43.7022739923624],[-79.4378812313546,43.7022725015696],[-79.4379146646158,43.7022645896068],[-79.4380007546344,43.702244185428],[-79.4380115391554,43.7022416259124],[-79.438134524778,43.7022124833907],[-79.4381418344154,43.7022107500997],[-79.4382684561115,43.7021807452786],[-79.4382721295419,43.7021798741383],[-79.4384024245347,43.702148998028],[-79.4385327193848,43.7021181307704],[-79.4386588684931,43.7020888363631],[-79.4387850050624,43.7020595508111],[-79.4388346707016,43.7020476957092],[-79.4388448718863,43.7020452618207],[-79.4389107076964,43.7020298328264],[-79.4390367698138,43.7020003129233],[-79.4391628442147,43.7019707928874],[-79.4392889060849,43.7019412727057],[-79.4394149802569,43.7019117343887],[-79.4395410418799,43.7018822139284],[-79.439814795484,43.7018180982583],[-79.4398187294737,43.7018171731978],[-79.4402584416412,43.7017141771787],[-79.4402620405448,43.7017133329393]]],[[[-79.4001741963586,43.696351930416],[-79.4001647169377,43.6963227579639],[-79.4002693631249,43.6963517974554],[-79.4002836110831,43.6963557524497],[-79.4005844679386,43.6964392314138],[-79.4010802474474,43.6965767871458],[-79.4014179482327,43.6966704852488],[-79.4016006813272,43.6967211939274],[-79.4016690203142,43.6967401554389],[-79.4016836900721,43.696744227638],[-79.4017414639056,43.6967602546],[-79.4018882237023,43.6968009764662],[-79.4020370297812,43.6968422669785],[-79.4021778253184,43.6968813361252],[-79.4027402156982,43.6970373672669],[-79.4028207793541,43.6972536556965],[-79.4015945610696,43.6969133301369],[-79.4002338870271,43.6965357888266],[-79.4001741963586,43.696351930416]]],[[[-79.4036100158646,43.6974605254169],[-79.4034135430258,43.6974033994319],[-79.4034023452516,43.6974234358343],[-79.4032066055812,43.6973657610343],[-79.4031889995209,43.6973205056587],[-79.4031377629973,43.6971887734302],[-79.4031221215482,43.6971485334244],[-79.4034739098807,43.6972498884767],[-79.4035134912816,43.6972618576002],[-79.4035002873586,43.6972796509989],[-79.4035506074109,43.6972948336326],[-79.4035949505862,43.6973082109462],[-79.4036571997141,43.6973269861051],[-79.4037123559315,43.697343630952],[-79.403811569202,43.6973742198417],[-79.4038167772491,43.6973758264531],[-79.4038663777146,43.6973911253589],[-79.4038884127295,43.697397921857],[-79.403921037024,43.6974082557564],[-79.4040253737752,43.6974391638116],[-79.4040357900214,43.6974422960031],[-79.40405896616,43.6974492734521],[-79.4041163289446,43.6974671531319],[-79.4041972271563,43.6974923615551],[-79.404206130419,43.6974951414129],[-79.4042313770209,43.6975030116894],[-79.4042636666348,43.6975132371949],[-79.4043226162953,43.6975319012119],[-79.4043871088097,43.6975523160845],[-79.4044041712537,43.6975577131243],[-79.4044468900801,43.6975707827046],[-79.4044500149544,43.6975717304518],[-79.4045238336308,43.6975943133511],[-79.4045761379219,43.6976103073057],[-79.4046103370319,43.6976212814139],[-79.4047492539863,43.6976658636089],[-79.4047999941696,43.6976825132513],[-79.4048787084567,43.6977083494624],[-79.4049229511904,43.6977228603384],[-79.4049575715022,43.6977343027597],[-79.4050968092675,43.6977803250039],[-79.4056028298765,43.6979514803921],[-79.4056433343724,43.6980557487199],[-79.4056682573542,43.6981199574558],[-79.4055197940441,43.6980701027391],[-79.4054191936309,43.6980367237894],[-79.4053035770855,43.6979983546011],[-79.4051803967548,43.6979574856655],[-79.4051638553638,43.6979519811588],[-79.4050695055338,43.6979202543216],[-79.4049896511123,43.6978934001498],[-79.4049531086341,43.697881380058],[-79.4048161519961,43.6978363136754],[-79.4046429487638,43.6977806133819],[-79.4044888415545,43.6977312116805],[-79.4044699811717,43.6977251650584],[-79.4043154262755,43.6976766088695],[-79.4042974957391,43.6976709770564],[-79.4041464252305,43.6976237107397],[-79.4041250970597,43.6976170409023],[-79.4039530076247,43.697563869857],[-79.4037816845433,43.6975126614775],[-79.4036100158646,43.6974605254169]]]]},"properties":{"_id":2906,"AREA_ID":41026,"AREA_ATTR_ID":566,"PARENT_AREA_ID":null,"AREA_CLASS_ID":802,"AREA_CLASS":"Park","AREA_SHORT_CODE":"566","AREA_LONG_CODE":"566","AREA_NAME":"KAY GARDNER BELTLINE PARK","AREA_DESC":"None","OBJECTID":4330545}},{"type":"Feature","geometry":{"type":"MultiPolygon","coordinates":[[[[-79.4903042663473,43.7031888180886],[-79.4902131311311,43.7028238805049],[-79.4902302891774,43.702832010127],[-79.4913896165113,43.7034618777425],[-79.4920900339197,43.7038195130915],[-79.4919877305902,43.7038422431916],[-79.4916706208008,43.703912673517],[-79.4913679159317,43.703979962605],[-79.4912596686072,43.7040041498106],[-79.4910232960582,43.7040569239788],[-79.4909060030067,43.7040831084218],[-79.4907006003277,43.7041289804027],[-79.4905740009506,43.704157243042],[-79.490683051653,43.7046374340474],[-79.4906836716155,43.7046401704857],[-79.4907239817565,43.7048177059185],[-79.4901835792498,43.7049380978485],[-79.4898666196969,43.7046590846632],[-79.4898656272241,43.7046582204528],[-79.4898644114395,43.7046571941996],[-79.4898631832442,43.7046561859478],[-79.489861930232,43.7046551866951],[-79.4898606772183,43.7046541964437],[-79.4898598087865,43.7046535482748],[-79.4898584937297,43.7046525850216],[-79.4898571910776,43.7046516397722],[-79.4898562978275,43.7046510096036],[-79.4898549207261,43.70465008235],[-79.4898535560294,43.7046491731001],[-79.489852178922,43.7046482818515],[-79.4898512360349,43.7046476876837],[-79.4898498217014,43.7046468144343],[-79.4898488415866,43.704646247267],[-79.4898474148424,43.704645392019],[-79.489845926055,43.7046445637694],[-79.4898444496738,43.7046437445222],[-79.4898429608804,43.7046429522777],[-79.4898419435365,43.704642421112],[-79.489840417517,43.7046416468667],[-79.4898393877609,43.7046411427037],[-79.4898378369214,43.70464039546],[-79.4898362860789,43.7046396662188],[-79.4898352190951,43.7046391890563],[-79.4898336434327,43.7046384868167],[-79.489832030544,43.7046378025763],[-79.4898309511481,43.7046373524165],[-79.4898293382549,43.7046366951799],[-79.4898282464482,43.7046362630215],[-79.4898265963274,43.7046356327854],[-79.489824946202,43.704635029553],[-79.4898238171676,43.7046346243952],[-79.4898221422223,43.7046340481644],[-79.4898210131834,43.7046336700103],[-79.4898193134196,43.7046331117798],[-79.4898176012436,43.7046325805521],[-79.4898158890646,43.7046320673268],[-79.4898147352026,43.7046317341768],[-79.4898135813407,43.7046314010268],[-79.489812415068,43.7046310858782],[-79.4898106656568,43.7046306266572],[-79.4898089038348,43.7046301854377],[-79.4898071420097,43.7046297622206],[-79.4898053677755,43.7046293480037],[-79.4898035811274,43.7046289697908],[-79.4898017944778,43.7046286005791],[-79.4898005909684,43.7046283664386],[-79.4897987919066,43.7046280242296],[-79.4897969804324,43.7046277090232],[-79.4897951689553,43.7046274118194],[-79.4897939530305,43.7046272226841],[-79.4897927371042,43.70462704255],[-79.4897909132118,43.7046267903514],[-79.4897896848747,43.7046266282187],[-79.4897878609762,43.7046264120252],[-79.4897866326361,43.704626267895],[-79.4897847839175,43.7046260787031],[-79.4897829351944,43.7046259165149],[-79.4897810864697,43.7046257633279],[-79.489779237742,43.7046256281435],[-79.489777996982,43.7046255560223],[-79.4897761482482,43.704625456843],[-79.4897749074851,43.7046254027243],[-79.4897736667205,43.704625357607],[-79.4897724259544,43.7046253214908],[-79.4897711851868,43.704625294376],[-79.4897699444191,43.7046252672611],[-79.4897680832623,43.7046252580933],[-79.4897662221024,43.7046252669279],[-79.4897643609395,43.7046252937651],[-79.4897631201626,43.7046253206578],[-79.4897618793842,43.7046253565518],[-79.4897600306214,43.7046254283964],[-79.4897587898399,43.7046254822929],[-79.4897575490554,43.7046255541919],[-79.4897563082709,43.7046256260909],[-79.489754471905,43.7046257609455],[-79.4897526107206,43.7046259138003],[-79.4897507743501,43.7046260756586],[-79.4897489379749,43.7046262645207],[-79.4897476971781,43.7046264084299],[-79.489746468789,43.7046265523401],[-79.4897446448139,43.7046267862096],[-79.4897434288294,43.7046269481235],[-79.4897422128419,43.7046271280399],[-79.4897409968544,43.7046273079563],[-79.4897391852762,43.7046276048358],[-79.4897379692856,43.7046278027547],[-79.4897361577027,43.7046281266379],[-79.4897349541137,43.704628360563],[-79.4897331673417,43.7046287114523],[-79.4897313681573,43.7046290893443],[-79.4889602958797,43.7048009238325],[-79.4889586455752,43.7048013197292],[-79.4889568835958,43.7048017426189],[-79.4889557048042,43.7048020395471],[-79.4889539552259,43.7048024984431],[-79.4889527888387,43.704802813375],[-79.4889510640693,43.7048033082784],[-79.4889499100882,43.7048036322128],[-79.4889481977198,43.7048041631225],[-79.4889470561398,43.7048045230631],[-79.4889453685837,43.7048050719777],[-79.4889442394048,43.7048054679246],[-79.4889425642514,43.7048060438442],[-79.4889414474786,43.7048064487935],[-79.488939797134,43.7048070607206],[-79.4889381591905,43.7048077086539],[-79.4889370672298,43.7048081316082],[-79.4889359876703,43.7048085905687],[-79.4889343869467,43.7048092565081],[-79.4889333197915,43.7048097334724],[-79.488931731469,43.7048104354181],[-79.4889301679571,43.70481116437],[-79.488929125614,43.7048116593392],[-79.4889280956771,43.7048121633108],[-79.4889265941972,43.7048129282738],[-79.4889255518492,43.7048134502467],[-79.4889245467227,43.7048139812246],[-79.4889230576439,43.7048147821938],[-79.4889215809678,43.704815610168],[-79.4889201291055,43.7048164471459],[-79.4889191611956,43.7048170141324],[-79.4889182056918,43.7048175901214],[-79.4889167910445,43.7048184721092],[-79.4889154012109,43.7048193631007],[-79.4889140237817,43.7048202720959],[-79.4889126711647,43.7048211990961],[-79.4889113309538,43.7048221350987],[-79.488910015555,43.7048230891062],[-79.4889087125623,43.7048240521163],[-79.4889078563055,43.7048247091263],[-79.4889066029388,43.7048256991449],[-79.4889057714941,43.7048263741599],[-79.4889045429379,43.7048273911847],[-79.4889033391955,43.7048284172133],[-79.4889025449708,43.7048291102343],[-79.4889017631521,43.7048298122579],[-79.4889006090357,43.7048308652951],[-79.4888998644369,43.7048315853248],[-79.4888987475387,43.7048326653693],[-79.4888980277538,43.7048333944027],[-79.4888969480756,43.7048344924534],[-79.4888958932095,43.7048356085091],[-79.4888948631572,43.7048367335684],[-79.4888938579188,43.7048378676314],[-79.4888931877582,43.7048386326747],[-79.4888922445551,43.7048397847463],[-79.4888913013488,43.7048409548204],[-79.4888903705502,43.7048421248957],[-79.4888897748311,43.70484291695],[-79.4888889060663,43.7048441140352],[-79.488888062117,43.7048453111228],[-79.4888875160255,43.7048461211844],[-79.4888867217039,43.7048473362794],[-79.4888861880185,43.7048481553435],[-79.4888856667409,43.7048489744089],[-79.4888851702772,43.7048498024779],[-79.4888844503971,43.7048510445839],[-79.4888837429231,43.7048522956923],[-79.4888830726706,43.7048535558057],[-79.4888824272338,43.7048548159214],[-79.488881806609,43.7048560940421],[-79.4888812356154,43.7048573721677],[-79.4888806522122,43.7048586592933],[-79.488880304635,43.7048595233819],[-79.4888797956767,43.704860819516],[-79.4888792991263,43.7048621156513],[-79.4888789887706,43.7048629887448],[-79.4888785418479,43.7048643028875],[-79.4888781321485,43.7048656170338],[-79.4888778590144,43.7048664991322],[-79.4888776106959,43.704867381233],[-79.4888772630336,43.7048687043866],[-79.4888769401852,43.7048700365439],[-79.4888764682787,43.704872259813],[-79.4888762198769,43.7048735919775],[-79.4888760708172,43.7048744920905],[-79.4888758720448,43.7048758332612],[-79.4888756980879,43.7048771744343],[-79.4888755986593,43.7048780745521],[-79.4888755240462,43.7048789746723],[-79.4888754494331,43.7048798747926],[-79.4888753623307,43.7048812159741],[-79.4888753249409,43.704882116098],[-79.4888752875511,43.7048830162219],[-79.4888752748936,43.7048843664119],[-79.4888752870517,43.7048857166044],[-79.4888753117008,43.7048866167343],[-79.4888753487577,43.7048875168654],[-79.4888753982223,43.7048884169977],[-79.4888754600948,43.7048893171313],[-79.488875534375,43.704890217266],[-79.488875621063,43.704891117402],[-79.4888757697083,43.7048924586064],[-79.4888758936196,43.704893358746],[-79.488876091896,43.7048946999553],[-79.4888763273958,43.7048960411682],[-79.4888765877128,43.7048973733822],[-79.4888767736647,43.7048982645266],[-79.4889670173254,43.7052939063041],[-79.488967686777,43.705297029811],[-79.4889682941894,43.7053001533119],[-79.4889688147436,43.7053032948069],[-79.4889692608506,43.7053064362947],[-79.4889696325088,43.7053095867767],[-79.4889699297199,43.7053127372514],[-79.4889701524821,43.7053158967202],[-79.4889702883893,43.7053190561807],[-79.4889703622572,43.7053222156351],[-79.488970361678,43.7053253750824],[-79.4889702742436,43.7053285345213],[-79.4889701123637,43.7053316849518],[-79.4889698760349,43.7053348443763],[-79.4889695652605,43.7053379947923],[-79.4889691800389,43.7053411452012],[-79.4889687203716,43.7053442866016],[-79.4889681738509,43.7053474189923],[-79.4889675652907,43.7053505513771],[-79.4889668822849,43.7053536747534],[-79.4889661124272,43.7053567801188],[-79.48896528053,43.7053598854781],[-79.488964361781,43.7053629728265],[-79.4889633809941,43.7053660511677],[-79.4889623133553,43.7053691114979],[-79.4889611836787,43.7053721628208],[-79.4889599795563,43.7053752051353],[-79.4889586885836,43.7053782204375],[-79.4889573355731,43.7053812267324],[-79.4889559205264,43.7053842150188],[-79.4889544186292,43.7053871762929],[-79.4889528546942,43.7053901285598],[-79.4889512163167,43.7053930538156],[-79.4889495034952,43.7053959610616],[-79.4889477286373,43.7053988502991],[-79.4889458793369,43.7054017125255],[-79.488943955594,43.7054045477408],[-79.4889419822243,43.7054073559475],[-79.4889399220026,43.7054101461432],[-79.4889378121542,43.7054129093303],[-79.4889356278631,43.7054156455063],[-79.4889333691312,43.7054183456699],[-79.4889310607709,43.7054210278262],[-79.4889286779696,43.70542367397],[-79.4889262455416,43.7054262931052],[-79.4889237386727,43.705428876228],[-79.4889211697707,43.7054314233397],[-79.4889185388324,43.7054339524427],[-79.4889158582706,43.7054364365345],[-79.4889131032678,43.705438884614],[-79.4889102986383,43.7054413056847],[-79.4889074443886,43.7054436637416],[-79.4889045156896,43.7054460307924],[-79.4889015373705,43.7054483348295],[-79.4888985094246,43.7054506118579],[-79.4888954318568,43.7054528348737],[-79.4888922922543,43.7054550308795],[-79.4888891030283,43.7054571818741],[-79.4888858641789,43.7054592878574],[-79.4888825632964,43.7054613578295],[-79.4888792376045,43.705463391794],[-79.488875837475,43.7054653717435],[-79.4888724001283,43.7054673156841],[-79.488868925566,43.7054692146147],[-79.4888653889723,43.7054710685327],[-79.4888618151647,43.7054728684394],[-79.4888582041399,43.7054746323372],[-79.4888545558995,43.7054763512249],[-79.4888508580356,43.7054780251013],[-79.4888471105499,43.705479644965],[-79.4888433258487,43.7054812198187],[-79.4888395287478,43.7054827496646],[-79.4888356820251,43.705484225498],[-79.4888317980868,43.7054856563211],[-79.4888278769347,43.7054870331329],[-79.488823930975,43.7054883649358],[-79.4888199477998,43.7054896517284],[-79.4888159274124,43.7054908755084],[-79.4888118946253,43.7054920542807],[-79.4888078246227,43.7054931880428],[-79.4888037298159,43.7054942587934],[-79.4887995977936,43.7054952845339],[-79.4887940636297,43.7054965711737],[-79.4887366498704,43.7055093653426],[-79.4887327321842,43.7054922175292],[-79.4887290004737,43.7054758438436],[-79.488695489496,43.7053291287642],[-79.4884426313855,43.7042216945787],[-79.4885462890131,43.7041995888768],[-79.4887777006071,43.7041502398301],[-79.4888836286727,43.7041276479759],[-79.4890189393041,43.7040973177523],[-79.489280911712,43.7040386092903],[-79.4894540543021,43.7039991457969],[-79.4895222243267,43.7039836068613],[-79.4897235328382,43.7039381326848],[-79.4897941346719,43.7039222247533],[-79.4899250271454,43.7038927391814],[-79.4901278239884,43.7038470663952],[-79.4904524918638,43.7037739315963],[-79.4904224224629,43.7036552112385],[-79.4903998301905,43.703566015688],[-79.4903737040798,43.7034628948579],[-79.4903429406041,43.7033414830323],[-79.4903042663473,43.7031888180886]]]]},"properties":{"_id":2907,"AREA_ID":41028,"AREA_ATTR_ID":1447,"PARENT_AREA_ID":null,"AREA_CLASS_ID":802,"AREA_CLASS":"Park","AREA_SHORT_CODE":"1447","AREA_LONG_CODE":"1447","AREA_NAME":"OLYMPIA PARK","AREA_DESC":"None","OBJECTID":4330546}},{"type":"Feature","geometry":{"type":"MultiPolygon","coordinates":[[[[-79.4712413600453,43.687639474489],[-79.4710117861383,43.687683909938],[-79.4709876989176,43.6876287168426],[-79.4709635993325,43.6875735327396],[-79.4709270845531,43.6874898473501],[-79.4708883395797,43.687401084645],[-79.4708922100986,43.6874002215056],[-79.4711167869898,43.6873498351708],[-79.4712413600453,43.687639474489]]]]},"properties":{"_id":2971,"AREA_ID":97682,"AREA_ATTR_ID":60822,"PARENT_AREA_ID":null,"AREA_CLASS_ID":802,"AREA_CLASS":"Park","AREA_SHORT_CODE":"60822","AREA_LONG_CODE":"60822","AREA_NAME":"SILVERTHORN PARKETTE","AREA_DESC":"None","OBJECTID":4330621}},{"type":"Feature","geometry":{"type":"MultiPolygon","coordinates":[[[[-79.4507830389608,43.6874002000834],[-79.4508520406175,43.687570678436],[-79.4503117212748,43.6875010177995],[-79.4507830389608,43.6874002000834]]]]},"properties":{"_id":3005,"AREA_ID":41255,"AREA_ATTR_ID":676,"PARENT_AREA_ID":null,"AREA_CLASS_ID":802,"AREA_CLASS":"Park","AREA_SHORT_CODE":"676","AREA_LONG_CODE":"676","AREA_NAME":"MARBLE HILL PARKETTE","AREA_DESC":"None","OBJECTID":4332456}},{"type":"Feature","geometry":{"type":"MultiPolygon","coordinates":[[[[-79.4510192485895,43.6841263378058],[-79.4509998508398,43.6840790006158],[-79.4514629804219,43.683976538286],[-79.4514823909136,43.6840238664025],[-79.451521174778,43.6841185226086],[-79.4510580193806,43.6842210031631],[-79.4510192485895,43.6841263378058]]]]},"properties":{"_id":3036,"AREA_ID":107672,"AREA_ATTR_ID":80564,"PARENT_AREA_ID":null,"AREA_CLASS_ID":802,"AREA_CLASS":"Park","AREA_SHORT_CODE":"80564","AREA_LONG_CODE":"80564","AREA_NAME":"NAIRN PARK","AREA_DESC":"None","OBJECTID":4339103}},{"type":"Feature","geometry":{"type":"MultiPolygon","coordinates":[[[[-79.4940204759436,43.6860909039638],[-79.4943484448172,43.6859874326465],[-79.4943458884173,43.6860002143732],[-79.4943654553135,43.6860689223001],[-79.494418966398,43.6860616698735],[-79.4944764095924,43.6860534544722],[-79.4945337163725,43.6860447529652],[-79.4945908743346,43.6860355473492],[-79.4945606323688,43.6861870018692],[-79.4945573562508,43.6862034020904],[-79.4945461876492,43.6862593536677],[-79.4945341177341,43.686269101504],[-79.4943609828713,43.6864088923538],[-79.4939750484661,43.6867544147248],[-79.4937725997692,43.6870172869466],[-79.4934239455377,43.6873579037347],[-79.4932214968889,43.6872504973635],[-79.4921045323221,43.6868456550619],[-79.4920961103692,43.6868425940367],[-79.4919850995702,43.6868012343177],[-79.4919564104352,43.686790547755],[-79.4920169563716,43.6867770590451],[-79.4921256933815,43.6867528350775],[-79.4922380523872,43.6867277921337],[-79.4922634193596,43.6867221500358],[-79.4923396070832,43.6867051697065],[-79.4924084761828,43.6866898270778],[-79.492484576993,43.68667287365],[-79.4926657922624,43.686632505571],[-79.4927563936039,43.6866123214233],[-79.4928469948858,43.6865921282023],[-79.4929376209138,43.6865719439123],[-79.493028222073,43.6865517595489],[-79.4931188355755,43.6865315751144],[-79.4932094366133,43.6865113906072],[-79.4933906509105,43.6864710213779],[-79.4933230173662,43.6863108842424],[-79.4934972863542,43.686255923322],[-79.4936716790681,43.6862009171356],[-79.4938460838671,43.6861459106834],[-79.4940204759436,43.6860909039638]]]]},"properties":{"_id":3062,"AREA_ID":174762,"AREA_ATTR_ID":808,"PARENT_AREA_ID":null,"AREA_CLASS_ID":802,"AREA_CLASS":"Park","AREA_SHORT_CODE":"808","AREA_LONG_CODE":"808","AREA_NAME":"PEAREN PARK","AREA_DESC":"None","OBJECTID":4342954}},{"type":"Feature","geometry":{"type":"MultiPolygon","coordinates":[[[[-79.4894452169623,43.7026733108002],[-79.4892643129371,43.7026334812973],[-79.4892403283888,43.7027096478619],[-79.4890574132599,43.7026761097363],[-79.4890833719312,43.7025936425029],[-79.4889024435706,43.7025538124244],[-79.488701750907,43.7025125669067],[-79.488621898364,43.7028365960155],[-79.4886204715694,43.7028363258351],[-79.4886192680987,43.7028361006833],[-79.4886174690955,43.7028357674569],[-79.4886156576832,43.7028354432305],[-79.4886138586801,43.702835110004],[-79.4886120472678,43.7028347857775],[-79.488610248263,43.7028344615523],[-79.4886084368508,43.7028341373258],[-79.488606625437,43.7028338221005],[-79.4886048264322,43.7028334978751],[-79.4886036105508,43.7028332907245],[-79.488601799137,43.7028329754992],[-79.4886000001306,43.702832660275],[-79.4885987842492,43.7028324531243],[-79.4885969728337,43.7028321469002],[-79.48859516142,43.7028318316747],[-79.4885933500046,43.7028315254505],[-79.4885915385892,43.7028312192263],[-79.4885897271721,43.7028309220033],[-79.4885885112891,43.7028307238538],[-79.4885866998738,43.7028304176295],[-79.4885848884567,43.7028301204064],[-79.4885836725738,43.7028299222568],[-79.4885818611551,43.702829634035],[-79.4885806452722,43.7028294358854],[-79.4885794293875,43.7028292467371],[-79.4885776179706,43.7028289495139],[-79.488576402086,43.7028287603655],[-79.4885745906673,43.7028284721436],[-79.4885733747827,43.7028282829952],[-79.4885721588982,43.7028280938468],[-79.4885709430136,43.7028279046984],[-79.4885691315933,43.7028276254776],[-79.4885679157088,43.7028274363292],[-79.4885666998225,43.702827256182],[-79.488565483938,43.7028270670335],[-79.4885642680518,43.7028268868863],[-79.4885630521656,43.7028267067391],[-79.4885618362794,43.7028265265919],[-79.4885606203949,43.7028263374434],[-79.4885594045087,43.7028261572961],[-79.4885575806777,43.7028258960765],[-79.4885563647915,43.7028257159292],[-79.4885551489054,43.7028255357819],[-79.4885533250744,43.7028252745622],[-79.4885515012435,43.7028250133425],[-79.4885496774126,43.7028247521227],[-79.4885478535817,43.7028244909029],[-79.4885466252865,43.7028243197556],[-79.4885448014539,43.702824067537],[-79.4885429776213,43.7028238153184],[-79.4885417493262,43.702823644171],[-79.4885399254919,43.7028234009537],[-79.4885381016594,43.702823148735],[-79.4885368733625,43.7028229865888],[-79.4885350495283,43.7028227433714],[-79.4885338212315,43.7028225812252],[-79.4885319973973,43.7028223380077],[-79.4885307691004,43.7028221758614],[-79.4886093690187,43.7024979396612],[-79.4883719716423,43.7024793551209],[-79.4883662890838,43.7024794805606],[-79.4881333041478,43.7024847133577],[-79.4878979197423,43.7025139248329],[-79.487798930401,43.7025336721168],[-79.4877252151082,43.7025511987158],[-79.4876891702213,43.7025594850173],[-79.4876531253225,43.7025677803086],[-79.4875052977217,43.7026017260702],[-79.4873214994154,43.7026439308301],[-79.4871377008514,43.7026861352941],[-79.4869502913165,43.7027291671677],[-79.4867628815157,43.7027721897324],[-79.486674946221,43.7027923873855],[-79.4865752355746,43.7028158060462],[-79.4865719617683,43.7028080375584],[-79.486553062972,43.7027632899815],[-79.4866732587273,43.7027368042941],[-79.4867912705804,43.7027108042969],[-79.4869877127561,43.7026675126754],[-79.4869601083815,43.7026014581467],[-79.4869571693723,43.7025944368139],[-79.486938654883,43.7025501484082],[-79.4869377000275,43.7025478169679],[-79.4869161101126,43.7024963901924],[-79.4868479676035,43.7023339362895],[-79.4867739808741,43.7021750731757],[-79.4866763325241,43.7020230302241],[-79.4865595760374,43.7018782039662],[-79.4864247410192,43.7017418456444],[-79.4862730307658,43.7016150895011],[-79.4861171755247,43.7014955426759],[-79.485787515683,43.7017217313407],[-79.4856966252684,43.7016519870859],[-79.485799811272,43.7015634813606],[-79.4858121091846,43.7015529423883],[-79.4858243946857,43.7015424034132],[-79.4858963205976,43.7014808165481],[-79.4859571770536,43.701428697625],[-79.4860972557044,43.7013087366778],[-79.4861021450443,43.7013045516767],[-79.4862546573744,43.7011739525309],[-79.4863179272892,43.7011450750108],[-79.4863411680159,43.7011344742811],[-79.4864729687231,43.7010743163902],[-79.4864921022638,43.7010655784088],[-79.4865677801969,43.7010310404095],[-79.4864918928683,43.7010035325526],[-79.4864798590833,43.7009991655085],[-79.4864392791851,43.7009844526079],[-79.4861376040568,43.7008750688544],[-79.4861381625582,43.7008742498056],[-79.4861387086506,43.7008734397565],[-79.4861395277871,43.7008722336841],[-79.4861400738794,43.7008714236349],[-79.4861406075669,43.700870604583],[-79.4861414018914,43.7008693895063],[-79.4861419231719,43.7008685704529],[-79.4861424568593,43.700867751401],[-79.486143226372,43.70086652732],[-79.4861439834797,43.7008652942362],[-79.4861447529944,43.700864061154],[-79.4861454976952,43.7008628280687],[-79.4861462175841,43.7008615859791],[-79.4861469498799,43.700860343891],[-79.4861476821757,43.7008591018029],[-79.4861481538324,43.7008582647408],[-79.4861488489094,43.7008570136469],[-79.4861495439863,43.700855762553],[-79.486149990829,43.700854925488],[-79.4861504500786,43.7008540884244],[-79.4861511203437,43.7008528283262],[-79.4861517906087,43.700851568228],[-79.4861522126396,43.7008507221587],[-79.4861528704976,43.700849462059],[-79.4861532925284,43.7008486159897],[-79.4861539131677,43.7008473468842],[-79.4861543476075,43.700846491815],[-79.4861549558397,43.700845222708],[-79.4861553654656,43.7008443676359],[-79.486155961293,43.7008430895261],[-79.4861563585119,43.7008422344524],[-79.4861569295253,43.7008409563396],[-79.4861575129477,43.700839669227],[-79.4861580591492,43.7008383821099],[-79.4861586177577,43.7008370949943],[-79.4861589901648,43.7008362309164],[-79.4861595115524,43.7008349437962],[-79.4861598839594,43.7008340797183],[-79.4861603805351,43.7008327835939],[-79.4861609019247,43.7008314874724],[-79.4861612371129,43.7008306143887],[-79.4861617212817,43.7008293182628],[-79.4861620564699,43.700828445179],[-79.4861623668442,43.7008275720923],[-79.486162838608,43.7008262669636],[-79.4861631489823,43.7008253938769],[-79.4861636083392,43.7008240887466],[-79.4861640552912,43.7008227746136],[-79.4861644898341,43.7008214694804],[-79.4861647753965,43.7008205873894],[-79.4861651851277,43.7008192732519],[-79.4861654582831,43.7008183911593],[-79.4861658680142,43.7008170770218],[-79.4861661287627,43.7008161949278],[-79.4861664267589,43.7008151958216],[-79.4861666751005,43.700814313726],[-79.486166923442,43.7008134316305],[-79.4861671717835,43.700812549535],[-79.4861675318889,43.7008112263901],[-79.4861678795873,43.7008099032438],[-79.4861682148808,43.7008085710947],[-79.4861685377653,43.7008072479454],[-79.4861687488881,43.7008063568441],[-79.4861690593677,43.700805024692],[-79.4861693698473,43.7008036925399],[-79.486169655513,43.7008023603848],[-79.4861698418218,43.7008014692804],[-79.4861700281307,43.7008005781761],[-79.4861702144395,43.7007996870718],[-79.4861704752913,43.7007983549136],[-79.4861707237382,43.7007970137527],[-79.4861709597762,43.7007956815916],[-79.4861711212732,43.700794781483],[-79.4861713449062,43.7007934403191],[-79.4861715561323,43.7007920991537],[-79.4861717673584,43.7007907579883],[-79.4861719537706,43.7007894168199],[-79.4861721401828,43.7007880756515],[-79.4861722520521,43.7007871755368],[-79.4861724260574,43.7007858343669],[-79.4861725255197,43.7007849342508],[-79.4861726747111,43.7007835930779],[-79.4861727741734,43.7007826929617],[-79.4861728612287,43.7007817928441],[-79.4861729856063,43.7007804516682],[-79.4861730726616,43.7007795515505],[-79.48617314731,43.7007786514314],[-79.4861732095516,43.7007777513108],[-79.4861732717931,43.7007768511901],[-79.4861733340346,43.7007759510695],[-79.4861734211913,43.7007746098891],[-79.486173495939,43.7007732777084],[-79.4861735333666,43.7007723775848],[-79.4861735707943,43.7007714774612],[-79.4861736082219,43.7007705773376],[-79.4861736332426,43.7007696772124],[-79.4861736582633,43.7007687770873],[-79.4861736833874,43.7007674268981],[-79.4861737085116,43.7007660767089],[-79.4861737088218,43.7007647265167],[-79.4861737091321,43.7007633763244],[-79.4861736970355,43.7007620261307],[-79.4861736725319,43.7007606759355],[-79.4861736479249,43.7007597758044],[-79.4861736233179,43.7007588756732],[-79.4861735987109,43.7007579755421],[-79.486173561697,43.7007570754095],[-79.4861734999706,43.700755734211],[-79.4861734629567,43.7007548340784],[-79.4866541724841,43.7007402101237],[-79.4865625459907,43.7005241776258],[-79.4865064094213,43.7003932563656],[-79.4864502482823,43.7002623350718],[-79.4863940873878,43.7001314137474],[-79.4863379391423,43.7000005013952],[-79.4862817663317,43.699869571007],[-79.4862256185769,43.6997386495924],[-79.4861449065928,43.6995505130144],[-79.485734527906,43.6997204247697],[-79.485733845744,43.6997195515601],[-79.4857332255941,43.699718768371],[-79.4857322829595,43.6997176070878],[-79.4857313403249,43.6997164458046],[-79.4857306953596,43.6997156716137],[-79.4857297403183,43.699714510329],[-79.4857287728682,43.699713358044],[-79.4857281154941,43.6997125928528],[-79.4857271356353,43.6997114495674],[-79.4857261433698,43.6997103062806],[-79.4857251386955,43.6997091719934],[-79.4857241340191,43.6997080467075],[-79.4857234518317,43.6997072815132],[-79.4857224223419,43.6997061562243],[-79.4857213928522,43.6997050309352],[-79.4857206982538,43.6997042837419],[-79.4857196563553,43.6997031674527],[-79.485718602048,43.6997020601631],[-79.4857178826342,43.699701321968],[-79.4857168159203,43.6997002146769],[-79.4857160965065,43.6996994764817],[-79.4857150173838,43.6996983781903],[-79.4857142855612,43.6996976489949],[-79.4857131940297,43.6996965597032],[-79.4857120900894,43.6996954794112],[-79.4857113458602,43.6996947502142],[-79.4857102295111,43.699693678922],[-79.4857094728732,43.6996929587247],[-79.4861050119009,43.6994743663136],[-79.4858189551442,43.6993011284797],[-79.4854580862548,43.6992390372896],[-79.485591340174,43.6992101870462],[-79.4860390426278,43.6991132627675],[-79.4860650731118,43.6991069290397],[-79.4857484168325,43.6989101669272],[-79.4857157266377,43.6988012292997],[-79.4856432929449,43.6985597697579],[-79.4855496315502,43.6984770181423],[-79.485531546786,43.6984610205708],[-79.4855134248121,43.6984450229915],[-79.48540522656,43.6983493975746],[-79.4852170944005,43.6983032958185],[-79.484925673103,43.6982318955665],[-79.4848732029437,43.6982457236109],[-79.4847074174328,43.6982894027931],[-79.4845176112151,43.6983394063873],[-79.484327804682,43.6983894096657],[-79.4842443423648,43.6984055194942],[-79.4841177132955,43.6984864055224],[-79.4841186027754,43.6984067352697],[-79.4841184030655,43.6983643031825],[-79.4841173568703,43.6983326635188],[-79.48411555388,43.6983010417522],[-79.4841129940934,43.6982694468842],[-79.4841096775116,43.6982378789145],[-79.48410559172,43.6982063738466],[-79.4841007615372,43.6981749136813],[-79.4840951621445,43.6981435254189],[-79.4840888183559,43.6981122090627],[-79.4840817177613,43.6980809826135],[-79.4840738727684,43.6980498460727],[-79.484065270967,43.6980188174412],[-79.484049058338,43.6979626471552],[-79.4840924175491,43.6979663437248],[-79.4842567055722,43.698001741524],[-79.4842909604289,43.6979982717403],[-79.4845158066746,43.6979755111631],[-79.4847395609646,43.6979528580132],[-79.4849516263067,43.6979382230329],[-79.4850861845699,43.697942012207],[-79.4852453737084,43.697979010149],[-79.4854059896954,43.6980163320975],[-79.4855786033818,43.6981031534055],[-79.4857512175706,43.698189956449],[-79.4859161500415,43.698288063899],[-79.4860047444039,43.6983407683059],[-79.4861294468432,43.6984247835013],[-79.4863724818565,43.6987853502058],[-79.4865632269857,43.6988081370362],[-79.4867869985389,43.698604464044],[-79.4867857876353,43.6984125294994],[-79.4868123431453,43.698273192667],[-79.486838261354,43.6983810850623],[-79.4869453560101,43.6988279031314],[-79.4868174732646,43.6989241121876],[-79.487292346361,43.6993935469315],[-79.4874697487645,43.699692355123],[-79.4878001539666,43.6996201465637],[-79.4880433409439,43.7006017621368],[-79.4881026296296,43.7007467429677],[-79.4882510572301,43.701109599973],[-79.4882738752317,43.7011653922561],[-79.4886423128274,43.7016961809676],[-79.4888143307686,43.7018659890756],[-79.4890238870799,43.7020728137922],[-79.4891356683992,43.702183153154],[-79.4891437568971,43.702188743717],[-79.4892872659535,43.7022879513548],[-79.4894095244299,43.7023724757576],[-79.4897349532397,43.702597420402],[-79.4902131311311,43.7028238805049],[-79.4903042663473,43.7031888180886],[-79.4902941667431,43.7031885651957],[-79.4900597666567,43.7031824511873],[-79.4899868486537,43.7029562067014],[-79.4899760225752,43.7029228200117],[-79.4897221386475,43.702730071094],[-79.48967563754,43.7027209126031],[-79.4894452169623,43.7026733108002]]],[[[-79.4787015980092,43.6996493367273],[-79.4790213009636,43.6995219286736],[-79.4791230250272,43.6994810544662],[-79.4796356699854,43.699366065533],[-79.4797620904672,43.6993385710607],[-79.4801133203258,43.6993067861633],[-79.4799278630541,43.6988695793726],[-79.4799640059758,43.6988615205625],[-79.4801502061366,43.6993040201792],[-79.4806076639092,43.6992633858954],[-79.4807394116357,43.6992575663373],[-79.4808711345264,43.6992517376219],[-79.4810028822049,43.6992459087588],[-79.4811346174513,43.6992400797419],[-79.4811334866038,43.699245966395],[-79.4813677781847,43.6992695701865],[-79.4816184659222,43.699311448742],[-79.4816192906767,43.6993326919047],[-79.4816161541125,43.6993657261121],[-79.4819384589212,43.6994724967138],[-79.481936287188,43.6994330617467],[-79.482087659104,43.6995219282374],[-79.4822519865531,43.6994340653362],[-79.4824498042477,43.6993283037905],[-79.4826567415098,43.6992176645886],[-79.482854545375,43.6991119023365],[-79.4830447545817,43.6990102071943],[-79.4832273568004,43.6989125791985],[-79.4832804026571,43.698884223922],[-79.4833521814345,43.6988142584114],[-79.4834594025296,43.698709760059],[-79.4835395326853,43.6986316494739],[-79.483619675037,43.6985535478346],[-79.483701636898,43.6984445269825],[-79.4838580511556,43.6982365474728],[-79.4838590805491,43.6982378077982],[-79.483859253879,43.6982391490142],[-79.4838593777016,43.6982400491602],[-79.4838595510315,43.6982413903763],[-79.483859711955,43.6982427315906],[-79.4838598357777,43.6982436317366],[-79.4838599967012,43.6982449729509],[-79.4838601081174,43.6982458730952],[-79.4838602690409,43.6982472143095],[-79.4838603804571,43.6982481144538],[-79.4838605413807,43.6982494556681],[-79.4838606527969,43.6982503558123],[-79.4838607642132,43.6982512559566],[-79.4838609251367,43.6982525971709],[-79.4838610241466,43.6982534973135],[-79.4838611850701,43.6982548385277],[-79.48386128408,43.6982557386703],[-79.4838614450036,43.6982570798845],[-79.4838615440134,43.6982579800271],[-79.4838616430233,43.6982588801696],[-79.4838617915405,43.6982602213821],[-79.4838618905503,43.6982611215247],[-79.4838621380774,43.6982633628797],[-79.4838622370873,43.6982642630223],[-79.4838623856045,43.6982656042348],[-79.483862472208,43.6982665043756],[-79.4838625712179,43.6982674045181],[-79.4838627073287,43.6982687457289],[-79.4838628063386,43.6982696458714],[-79.483862892942,43.6982705460122],[-79.4838630414593,43.6982718872247],[-79.4838631280628,43.6982727873655],[-79.4838632146663,43.6982736875063],[-79.4838633507771,43.6982750287171],[-79.4838634373806,43.6982759288578],[-79.4838635239841,43.6982768289986],[-79.483863660095,43.6982781702094],[-79.4838637466985,43.6982790703502],[-79.483863833302,43.698279970491],[-79.4838639074991,43.69828087063],[-79.48386404361,43.6982822118407],[-79.4838641178071,43.6982831119798],[-79.4838642044106,43.6982840121206],[-79.4838642786077,43.6982849122596],[-79.4838644023122,43.6982862534686],[-79.4838644889157,43.6982871536094],[-79.4838645631128,43.6982880537484],[-79.48386463731,43.6982889538875],[-79.4838647610144,43.6982902950965],[-79.4838648352116,43.6982911952355],[-79.4838649094087,43.6982920953745],[-79.4838649836058,43.6982929955135],[-79.483865057803,43.6982938956526],[-79.4838651691011,43.6982952368598],[-79.4838652432982,43.6982961369989],[-79.4838653174954,43.6982970371379],[-79.4838653916925,43.6982979372769],[-79.4838654658896,43.6982988374159],[-79.4838655276804,43.6982997375532],[-79.4838656389785,43.6983010787605],[-79.4838657007692,43.6983019788977],[-79.4838657749664,43.6983028790368],[-79.4838658367571,43.6983037791741],[-79.4838658985478,43.6983046793113],[-79.483865972745,43.6983055794503],[-79.4838660716367,43.6983069206558],[-79.4838661334275,43.6983078207931],[-79.4838661952182,43.6983087209304],[-79.483866257009,43.6983096210677],[-79.4838663187997,43.6983105212049],[-79.4838663805905,43.6983114213422],[-79.4838664423812,43.6983123214795],[-79.4838665288665,43.6983136626832],[-79.4838665906573,43.6983145628205],[-79.483866652448,43.6983154629578],[-79.4838667018324,43.6983163630933],[-79.4838667636232,43.6983172632306],[-79.4838667881946,43.6983181633626],[-79.4838668747982,43.6983190635034],[-79.4838669241826,43.6983199636389],[-79.4838669859734,43.6983208637762],[-79.4838670600523,43.6983222049782],[-79.4838671218431,43.6983231051154],[-79.4838671712275,43.698324005251],[-79.4838672206118,43.6983249053865],[-79.4838672699961,43.698325805522],[-79.4838673193805,43.6983267056575],[-79.4838673687649,43.698327605793],[-79.4838674181492,43.6983285059286],[-79.4838674675336,43.6983294060641],[-79.4838675169179,43.6983303061996],[-79.4838675538959,43.6983312063333],[-79.4838676032802,43.6983321064689],[-79.4838676649528,43.6983334476691],[-79.4838677143372,43.6983343478046],[-79.4838677513151,43.6983352479384],[-79.4838678006995,43.6983361480739],[-79.4838678376774,43.6983370482077],[-79.4838678870618,43.6983379483432],[-79.4838679240397,43.698338848477],[-79.4838679610177,43.6983397486108],[-79.4838679979956,43.6983406487445],[-79.4838680349736,43.6983415488783],[-79.483868084358,43.6983424490138],[-79.4838681213359,43.6983433491476],[-79.4838681459075,43.6983442492796],[-79.4838681828854,43.6983451494133],[-79.4838682198634,43.6983460495471],[-79.4838682568413,43.6983469496809],[-79.4838682938193,43.6983478498146],[-79.4838683183908,43.6983487499466],[-79.4838683553688,43.6983496500804],[-79.4838683923467,43.6983505502142],[-79.4838684169183,43.6983514503462],[-79.4838684538963,43.69835235048],[-79.483868490756,43.6983536916767],[-79.4838685153275,43.6983545918087],[-79.4838685523055,43.6983554919425],[-79.4838685768771,43.6983563920745],[-79.4838686014486,43.6983572922065],[-79.4838686260201,43.6983581923385],[-79.4838686503503,43.698359992599],[-79.4838686997348,43.6983608927345],[-79.4838687243063,43.6983617928665],[-79.4838687488778,43.6983626929986],[-79.4838687734494,43.6983635931306],[-79.4838687979003,43.6983649433269],[-79.4838688224718,43.6983658434588],[-79.4838688469227,43.6983671936551],[-79.4838688714943,43.6983680937871],[-79.4838688959452,43.6983694439834],[-79.483868920396,43.6983707941797],[-79.4838689448469,43.6983721443759],[-79.4838689568914,43.6983734945704],[-79.483868981463,43.6983743947024],[-79.4838689935074,43.698375744897],[-79.4838690055519,43.6983770950915],[-79.4838690300028,43.6983784452878],[-79.4838690420473,43.6983797954823],[-79.4838690540917,43.6983811456768],[-79.4838690661362,43.6983824958713],[-79.4838690781807,43.6983838460658],[-79.4838690778187,43.6983851962585],[-79.4838690898632,43.6983865464531],[-79.4838690895012,43.6983878966458],[-79.4838691015457,43.6983892468403],[-79.4838691011838,43.6983905970331],[-79.4838691008218,43.6983919472258],[-79.4838691004598,43.6983932974186],[-79.4838691000978,43.6983946476114],[-79.4838690873295,43.6983959978024],[-79.4838690869675,43.6983973479951],[-79.4838690866055,43.6983986981879],[-79.4838690738371,43.6984000483789],[-79.4838690610687,43.6984013985699],[-79.4838690483003,43.6984027487609],[-79.4838690355319,43.6984040989519],[-79.4838690228142,43.6984052601159],[-79.4838661501174,43.6986620033674],[-79.4838661498278,43.6986630835216],[-79.4838661370593,43.6986644337125],[-79.4838661242907,43.6986657839035],[-79.4838661239287,43.6986671340961],[-79.4838661235666,43.6986684842888],[-79.4838661356111,43.6986698344833],[-79.4838661352491,43.698671184676],[-79.4838661472935,43.6986725348704],[-79.483866159338,43.6986738850648],[-79.4838661837889,43.698675235261],[-79.4838662082399,43.6986765854572],[-79.4838662326909,43.6986779356534],[-79.4838662571418,43.6986792858496],[-79.4838662817135,43.6986801859816],[-79.4838663062851,43.6986810861136],[-79.4838663308567,43.6986819862455],[-79.4838663554284,43.6986828863775],[-79.48386638,43.6986837865094],[-79.4838664169781,43.6986846866432],[-79.4838664415498,43.6986855867751],[-79.4838664785279,43.6986864869088],[-79.4838665277943,43.6986878281072],[-79.4838665647725,43.698688728241],[-79.4838666017506,43.6986896283747],[-79.4838666387287,43.6986905285084],[-79.4838666881134,43.6986914286438],[-79.4838667250915,43.6986923287775],[-79.4838667744762,43.698693228913],[-79.4838668238608,43.6986941290485],[-79.483866860839,43.6986950291822],[-79.4838669102236,43.6986959293176],[-79.4838669720148,43.6986968294549],[-79.4838670213994,43.6986977295903],[-79.4838670707841,43.6986986297258],[-79.4838671325753,43.698699529863],[-79.4838672190612,43.6987008710666],[-79.4838672808523,43.6987017712039],[-79.4838673426435,43.6987026713411],[-79.4838674044346,43.6987035714783],[-79.4838674662258,43.6987044716155],[-79.483867528017,43.6987053717527],[-79.4838676022146,43.6987062718917],[-79.4838677011071,43.6987076130971],[-79.4838677753048,43.698708513236],[-79.4838678495024,43.698709413375],[-79.4838679237001,43.6987103135139],[-79.4838679978978,43.6987112136529],[-79.4838681216033,43.6987125548618],[-79.4838681958009,43.6987134550008],[-79.4838682824051,43.6987143551415],[-79.4838683566028,43.6987152552804],[-79.4838684927148,43.6987165964911],[-79.483868579319,43.6987174966318],[-79.4838686659232,43.6987183967725],[-79.4838687525274,43.6987192969132],[-79.4838689010459,43.6987206381256],[-79.4838689876501,43.6987215382664],[-79.4838690866609,43.6987224384088],[-79.4838692351794,43.6987237796212],[-79.4838693341901,43.6987246797637],[-79.4838694951151,43.6987260209778],[-79.4838695941258,43.6987269211203],[-79.4838697550509,43.6987282623344],[-79.4838698664682,43.6987291624786],[-79.4838699654789,43.6987300626211],[-79.4838701388104,43.698731403837],[-79.483870312142,43.6987327450529],[-79.4838704235593,43.6987336451971],[-79.4838706092974,43.6987349864148],[-79.4838707207147,43.698735886559],[-79.4838709064528,43.6987372277766],[-79.4838710921908,43.6987385689943],[-79.4838712160146,43.6987394691402],[-79.4838714141593,43.6987408103596],[-79.4838716123039,43.698742151579],[-79.4838718104486,43.6987434927984],[-79.4838719466789,43.6987443929461],[-79.4838721448236,43.6987457341655],[-79.4838723553747,43.6987470753867],[-79.4838725659259,43.6987484166078],[-79.4838727888836,43.6987497578307],[-79.4838730118414,43.6987510990536],[-79.4838732348015,43.6987524312752],[-79.4838733834384,43.6987533314247],[-79.4838736063961,43.6987546726476],[-79.4838738417628,43.6987560048709],[-79.4838740028062,43.6987569050221],[-79.4838742381729,43.6987582372455],[-79.4838743992163,43.6987591373967],[-79.4838746469896,43.6987604696218],[-79.4838748947604,43.6987618108482],[-79.4838751425336,43.6987631430733],[-79.4838753159836,43.6987640432262],[-79.4835460339328,43.6990844330308],[-79.4833342456355,43.6992028232437],[-79.4828768174666,43.6993654988506],[-79.4826493145035,43.6995030491664],[-79.4823882733669,43.6997316508459],[-79.4823626244883,43.6997459859354],[-79.4823440736273,43.699755596442],[-79.4822964245665,43.6997802795921],[-79.4822920815486,43.6997825382414],[-79.4822345055421,43.6998123685612],[-79.4820481028306,43.6999089412086],[-79.4819462772105,43.6999616996935],[-79.4818889382561,43.6999859940867],[-79.4818581035011,43.6999990680611],[-79.4818728623806,43.7000162448502],[-79.4818878941255,43.7000337277242],[-79.4818603740857,43.7000397362172],[-79.4818282880444,43.7000467431202],[-79.4817388664665,43.7000662706544],[-79.4817053038912,43.7000736013331],[-79.4816636267275,43.7000827129546],[-79.4816585272013,43.7000838192942],[-79.4816031227424,43.699988774847],[-79.4815840883469,43.6999561331302],[-79.4815008332459,43.6998134043443],[-79.4813956672693,43.6996740294088],[-79.4813186147357,43.6996163906256],[-79.4812360264406,43.6995270843656],[-79.4808687430473,43.6995544683981],[-79.4805663726432,43.6995770196142],[-79.4804390149719,43.6995865122475],[-79.4803116696673,43.6995960047411],[-79.4806078452547,43.7001250157702],[-79.480572061187,43.7001339119624],[-79.4802727117213,43.6995989144401],[-79.4801940018018,43.6996046976557],[-79.4800751552551,43.6996134262489],[-79.4799601796571,43.6996218673561],[-79.4798451668038,43.6996303173424],[-79.4797374804418,43.6996560869812],[-79.479629781581,43.6996818565162],[-79.4795220950316,43.6997076349531],[-79.4794143959863,43.6997334042848],[-79.4793067092524,43.6997591825185],[-79.4791990100226,43.6997849516471],[-79.4790970875269,43.699824277663],[-79.4789951028579,43.6998636215788],[-79.478893155279,43.699902956409],[-79.4787912075668,43.699942291148],[-79.4786892473146,43.6999816257934],[-79.4785872993391,43.7000209513486],[-79.4784853388171,43.7000602948128],[-79.4783833781683,43.7000996201832],[-79.4782814421933,43.7001389634697],[-79.478179481278,43.7001782886576],[-79.4780775326329,43.700217622758],[-79.4779755714477,43.7002569567647],[-79.4778135277136,43.7003194663376],[-79.4776515084566,43.7003819756848],[-79.4774116493943,43.7004744077105],[-79.4771718020054,43.7005668302324],[-79.4769973602669,43.7006341608552],[-79.4769316560107,43.7006595222277],[-79.476460755269,43.7008412971206],[-79.4763999061047,43.700570697044],[-79.476897821349,43.7003714023596],[-79.4772815362162,43.7002178183755],[-79.4773971974368,43.7001717367355],[-79.477769394543,43.7000228294973],[-79.4779917068287,43.6999338858343],[-79.4781415898073,43.6998739210428],[-79.478513783236,43.6997249933697],[-79.4787015980092,43.6996493367273]]],[[[-79.4942078314093,43.7047078589482],[-79.4937554006191,43.7043008424442],[-79.4937543584733,43.7042999062546],[-79.4937535768639,43.7042992041123],[-79.4937527952545,43.7042985019701],[-79.4937520136451,43.7042977998278],[-79.493750847434,43.704296755616],[-79.4937500658247,43.7042960534737],[-79.4937492842154,43.7042953513315],[-79.4937481180044,43.7042943071197],[-79.4937473363952,43.7042936049774],[-79.493746554786,43.7042929028351],[-79.4937453885751,43.7042918586233],[-79.4937446069659,43.704291156481],[-79.4937434283474,43.7042901122685],[-79.4937426467382,43.7042894101261],[-79.4937414681198,43.7042883659136],[-79.4937406865107,43.7042876637712],[-79.4937395203,43.7042866195594],[-79.4937387262833,43.7042859174163],[-79.4937375600727,43.7042848732044],[-79.4937367784637,43.704284171062],[-79.4937359844461,43.7042834779203],[-79.4937352028372,43.7042827757779],[-79.493734024219,43.7042817315653],[-79.4937328456009,43.7042806873526],[-79.4937316793904,43.7042796431407],[-79.4937308853739,43.7042789409976],[-79.4937297067559,43.7042778967849],[-79.4937285281379,43.7042768525722],[-79.49372734952,43.7042758083595],[-79.4937261709021,43.7042747641468],[-79.4937249922842,43.7042737199341],[-79.4937238136664,43.7042726757213],[-79.4937230196491,43.7042719825795],[-79.4937218410314,43.7042709383667],[-79.4937206624137,43.704269894154],[-79.4937198683965,43.7042692010121],[-79.4937186897788,43.7042681567993],[-79.4937178957617,43.7042674636574],[-79.4937167171441,43.7042664194446],[-79.4937159231271,43.7042657263027],[-79.4937147445095,43.7042646820898],[-79.4937139504925,43.7042639889479],[-79.4937127718741,43.7042629537363],[-79.4937119778571,43.7042622605944],[-79.493711183841,43.7042615584512],[-79.4937100052228,43.7042605232396],[-79.4937092112058,43.7042598300976],[-79.4937084171889,43.7042591369556],[-79.4937072385716,43.7042580927427],[-79.4937064445548,43.7042573996008],[-79.4937056505379,43.7042567064588],[-79.493704856521,43.7042560133168],[-79.4937040625042,43.7042553201748],[-79.4937032684874,43.7042546270328],[-79.4937020898694,43.7042535918211],[-79.4937012958526,43.7042528986791],[-79.4937005018359,43.7042522055371],[-79.4936997078192,43.704251512395],[-79.4936989138024,43.704250819253],[-79.4936977227769,43.7042497840406],[-79.4936969287603,43.7042490908986],[-79.4936957377348,43.7042480556861],[-79.4936949437182,43.7042473625441],[-79.4936937526929,43.7042463273316],[-79.4936929586763,43.7042456341895],[-79.4936917552433,43.7042445989764],[-79.4936905642181,43.7042435637639],[-79.4936897702016,43.7042428706218],[-79.4936885791764,43.7042418354093],[-79.4936873757436,43.704240800196],[-79.4936861847185,43.7042397649835],[-79.4936849936925,43.7042387387722],[-79.4936841996761,43.7042380456301],[-79.4936833932521,43.7042373524873],[-79.4936822022272,43.7042363172747],[-79.4936809987937,43.7042352910627],[-79.4936802047773,43.7042345979205],[-79.4936790013449,43.7042335627072],[-79.4936778103191,43.7042325364959],[-79.4936770038953,43.704231843353],[-79.4936758128705,43.7042308081404],[-79.4936746094372,43.7042297819283],[-79.4936738154211,43.7042290887861],[-79.4936726119878,43.704228062574],[-79.4936718055641,43.7042273694311],[-79.493670602131,43.7042263432189],[-79.4936698081149,43.7042256500767],[-79.4936686046818,43.7042246238646],[-79.4936677982582,43.7042239307216],[-79.4936665948252,43.7042229045095],[-79.4936653913931,43.704221869296],[-79.4936641879602,43.7042208430839],[-79.4936629845273,43.7042198168717],[-79.4936621905114,43.7042191237294],[-79.4936609870786,43.7042180975171],[-79.4936597712382,43.7042170713042],[-79.4936585678054,43.704216045092],[-79.493657761382,43.704215351949],[-79.4936565579494,43.7042143257367],[-79.4936553545167,43.7042132995244],[-79.4936541510841,43.7042122733122],[-79.4936529352439,43.7042112470991],[-79.4936517318114,43.7042102208868],[-79.4936505159713,43.7042091946738],[-79.4936493125389,43.7042081684615],[-79.4936481091046,43.7042071602517],[-79.4936472902747,43.7042064581066],[-79.4936460868424,43.7042054318942],[-79.4936448710025,43.7042044056812],[-79.4936436675703,43.7042033794688],[-79.4936424517304,43.7042023532557],[-79.4936412358906,43.7042013270425],[-79.4936400324585,43.7042003008301],[-79.4936388166178,43.7041992836182],[-79.4936376007782,43.7041982574051],[-79.4935185848265,43.7041009289191],[-79.4934495547135,43.7040471693613],[-79.4933792342392,43.7039942738091],[-79.4933076482152,43.7039422782668],[-79.4932348214535,43.7038912097372],[-79.4931607911777,43.7038410592189],[-79.4930855573843,43.7037918537136],[-79.4930091572943,43.7037436022224],[-79.4929316033102,43.7036963407487],[-79.4928529326545,43.7036500602916],[-79.4928085994036,43.7036599049081],[-79.4917489165366,43.7030697995849],[-79.4905537032013,43.7024906548172],[-79.4903978312235,43.7024084691537],[-79.4901113350671,43.7022574482698],[-79.490064317119,43.702224328486],[-79.4898086346832,43.7020441543681],[-79.4895895256047,43.701889762675],[-79.4891699166159,43.7014700570019],[-79.4888412285859,43.7010011576663],[-79.4886276233871,43.7005115659058],[-79.4885359549143,43.7000898016628],[-79.4884584064997,43.6997329830009],[-79.4884052164648,43.6994881877138],[-79.488428082914,43.6994831493121],[-79.488447041097,43.6994789656329],[-79.4886229252593,43.6994401877413],[-79.4886904250463,43.6995978069159],[-79.4888037850284,43.6998639950236],[-79.4888595910991,43.6999950321523],[-79.4889153974029,43.7001261232585],[-79.4889713404134,43.7002572773566],[-79.4890270231764,43.7003881433583],[-79.489082830216,43.7005191983687],[-79.4892372433978,43.7008816046155],[-79.4893936427367,43.7012487004822],[-79.4894724073997,43.7014336390764],[-79.4899066708899,43.7013368424695],[-79.4903626336528,43.7012351493458],[-79.4905427899434,43.7011950006775],[-79.4907236904417,43.7011546717597],[-79.4909044666194,43.7011143965532],[-79.4910852301562,43.7010740670518],[-79.4911720819287,43.7010547030352],[-79.4914209413711,43.701314940016],[-79.4915643581327,43.7014649030245],[-79.4917107405333,43.7016175754496],[-79.4919607212079,43.701878333385],[-79.4922089672732,43.7021372903876],[-79.4924895942264,43.7024299317577],[-79.4928141529368,43.7027671855304],[-79.493109784625,43.7030746063864],[-79.4935208082783,43.7035017950563],[-79.4937072972126,43.703460237576],[-79.4941506137655,43.7033613100782],[-79.4943248181985,43.7033224243395],[-79.4943804037484,43.7034535756991],[-79.4944359771389,43.7035846640191],[-79.4944582313782,43.7036370975396],[-79.4944916004026,43.7037157433102],[-79.4945249943278,43.7037944070736],[-79.4945472239079,43.7038468315725],[-79.4945583759327,43.7038730708257],[-79.4945917576249,43.7039517345669],[-79.4946660060776,43.7039351307004],[-79.4946805455147,43.7039605419818],[-79.4947287788237,43.704044805166],[-79.4947344482316,43.7040547068314],[-79.4948095740422,43.7040806339435],[-79.4948932338394,43.7041362205933],[-79.4949224521504,43.7041556286467],[-79.494943208949,43.7041694195221],[-79.495054676276,43.704203575241],[-79.4950874449128,43.7042027035302],[-79.4951707995864,43.7042004747657],[-79.4952817086405,43.7042361064487],[-79.4953008157663,43.7042443434035],[-79.4953357793394,43.7042594039706],[-79.4953769239195,43.7042487031247],[-79.4954393203448,43.7042700836621],[-79.4955794239936,43.7043180839702],[-79.495612081204,43.7043146377398],[-79.4957458079711,43.7043567237604],[-79.4958023856915,43.7043745213746],[-79.495577807325,43.7043680499908],[-79.495576812679,43.7043956928707],[-79.4955765639873,43.7044030108984],[-79.4948516936979,43.7045644454339],[-79.494763038891,43.7045841902053],[-79.49452763497,43.7046366206093],[-79.4942915854227,43.7046891945162],[-79.4942341239693,43.7047020184497],[-79.4942078314093,43.7047078589482]]]]},"properties":{"_id":3092,"AREA_ID":41067,"AREA_ATTR_ID":1578,"PARENT_AREA_ID":null,"AREA_CLASS_ID":802,"AREA_CLASS":"Park","AREA_SHORT_CODE":"1578","AREA_LONG_CODE":"1578","AREA_NAME":"WESTVIEW GREENBELT","AREA_DESC":"None","OBJECTID":4344140}},{"type":"Feature","geometry":{"type":"MultiPolygon","coordinates":[[[[-79.4850261012485,43.6939012175686],[-79.4850260268267,43.6939011725524],[-79.4850020378057,43.6938881805423],[-79.48480616921,43.6937820654406],[-79.4843236886756,43.6935206747559],[-79.484255716535,43.6934838591263],[-79.4837584045179,43.6928066852318],[-79.4837447643568,43.6927857552838],[-79.4836278824298,43.6928290258267],[-79.4835178155844,43.6926738006912],[-79.4834242046576,43.6925417561668],[-79.4833449041563,43.6924299125542],[-79.4833006844897,43.6923675451319],[-79.4831956910504,43.6922194584418],[-79.4835550422752,43.6921344574662],[-79.4830793395325,43.6920553386636],[-79.4829593802009,43.6918861504951],[-79.4829585493908,43.6918849802028],[-79.4829576688202,43.6918843049743],[-79.4829566147007,43.6918831976578],[-79.4829558954142,43.6918824594443],[-79.4829548164819,43.6918813611253],[-79.482953712737,43.691880271804],[-79.4829525965845,43.691879191482],[-79.4829514680244,43.6918781201596],[-79.4829503270567,43.6918770578364],[-79.4829495581423,43.6918763466194],[-79.4829487768204,43.6918756444018],[-79.4829475986323,43.6918746000757],[-79.4829468049028,43.6918739068576],[-79.4829456018995,43.6918728805304],[-79.4829443988963,43.6918718542032],[-79.4829431586754,43.6918708368717],[-79.4829419184493,43.6918698375428],[-79.4829406658182,43.691868838212],[-79.4829394007795,43.6918678478807],[-79.4829381109256,43.6918668755483],[-79.4829368210717,43.6918659032158],[-79.4829355064102,43.6918649218783],[-79.4829341917335,43.6918639945486],[-79.4829332987456,43.6918633643246],[-79.4829319592613,43.6918624279898],[-79.4829306073694,43.6918615006545],[-79.4829292306622,43.691860591318],[-79.4829278539551,43.6918596819816],[-79.4829264648378,43.6918587906458],[-79.4829255222195,43.6918581964195],[-79.4829241206947,43.6918573140831],[-79.4829231656663,43.6918567378576],[-79.4829222106378,43.6918561616319],[-79.4829207718902,43.6918553062939],[-79.4829198044541,43.6918547390677],[-79.4829183532963,43.6918539017304],[-79.4829168773258,43.6918530733906],[-79.4829154013502,43.6918522630534],[-79.4829143966914,43.6918517228255],[-79.4829129083082,43.6918509214877],[-79.4829118912392,43.6918503992605],[-79.4829103780409,43.6918496159215],[-79.4829088524349,43.691848841582],[-79.4829078229558,43.6918483373555],[-79.4829067934767,43.691847833129],[-79.4829049081667,43.6918469057136],[-79.4829033825583,43.6918461403753],[-79.48290185695,43.691845375037],[-79.4829008274735,43.6918448618091],[-79.4828997979945,43.6918443575826],[-79.4828987685155,43.691843853356],[-79.4828977390366,43.6918433491294],[-79.4828951715392,43.6918420975652],[-79.4828941296527,43.691841602338],[-79.4828925792267,43.6918408639997],[-79.4828915373402,43.6918403687725],[-79.4828899869143,43.6918396304342],[-79.4828884240808,43.6918389010953],[-79.4828868488422,43.6918381717545],[-79.4828852860088,43.6918374424156],[-79.4828842317122,43.691836965189],[-79.4828826564712,43.6918362448495],[-79.4828810812302,43.6918355245099],[-79.4828800269337,43.6918350472834],[-79.4828784516876,43.6918343449464],[-79.4828773849861,43.6918338677179],[-79.482875797335,43.691833165379],[-79.4828742096814,43.6918324720414],[-79.4828731429774,43.6918320038142],[-79.4828715553238,43.6918313104765],[-79.4828699552627,43.6918306261383],[-79.4828688761511,43.6918301669104],[-79.48286727609,43.6918294825722],[-79.4828656636213,43.6918288072333],[-79.4828640511526,43.6918281318944],[-79.4828624386841,43.6918274565555],[-79.4828608262129,43.6918267902178],[-79.4828592013367,43.6918261238783],[-79.482857576458,43.6918254665401],[-79.4828559515793,43.6918248092018],[-79.4828543266981,43.6918241608648],[-79.4828532351739,43.6918237286388],[-79.4828521436498,43.6918232964129],[-79.4828510521256,43.6918228641869],[-79.4828494148368,43.6918222248493],[-79.4828477775481,43.6918215855116],[-79.4828461278518,43.6918209551734],[-79.4828444905606,43.691820324837],[-79.4828433866263,43.6918199106117],[-79.4828422826921,43.6918194963864],[-79.4828411787579,43.6918190821611],[-79.4828400748237,43.6918186679357],[-79.4828384251275,43.6918180375974],[-79.482836763016,43.6918174432623],[-79.4828351009072,43.6918168399259],[-79.4828334387983,43.6918162365895],[-79.482832322454,43.6918158403648],[-79.4828312061097,43.6918154441401],[-79.4828295439983,43.691814849805],[-79.4828284276541,43.6918144535802],[-79.4828267531351,43.6918138682445],[-79.4828256243807,43.6918134900205],[-79.4828239498618,43.6918129046846],[-79.4828227093692,43.6918128504904],[-79.482821468874,43.6918128052976],[-79.4828202283814,43.6918127511033],[-79.4828189878888,43.6918126969091],[-79.4828171395524,43.6918126246209],[-79.4828158990598,43.6918125704267],[-79.4828146585723,43.6918124982298],[-79.4828134180823,43.6918124350343],[-79.482811569751,43.6918123447434],[-79.482810329261,43.6918122815478],[-79.4828090887736,43.6918122093508],[-79.4828072404449,43.6918121100586],[-79.4828059999601,43.6918120288604],[-79.482804151634,43.6918119205668],[-79.4828029111517,43.6918118303672],[-79.4828016706642,43.6918117581702],[-79.4827998223459,43.6918116228726],[-79.4827979740224,43.6918115055777],[-79.4827967335427,43.6918114063767],[-79.4827948852244,43.6918112710791],[-79.4827930369035,43.6918111447828],[-79.4827917964239,43.6918110455818],[-79.4827899481107,43.6918108922815],[-79.482788099795,43.6918107479824],[-79.4827862514844,43.6918105856808],[-79.4827844031739,43.6918104233791],[-79.4827825548633,43.6918102610774],[-79.4827807189605,43.6918100897762],[-79.482779478486,43.6918099725725],[-79.4827776425831,43.6918098012713],[-79.4827757942803,43.6918096119656],[-79.4827739583801,43.6918094316631],[-79.4827721100773,43.6918092423573],[-79.4827708820131,43.6918091071528],[-79.482769046118,43.6918089088475],[-79.4827678180538,43.691808773643],[-79.4827665899896,43.6918086384384],[-79.4827653619254,43.6918085032338],[-79.4827641338638,43.6918083590279],[-79.4827622979714,43.6918081517213],[-79.4827604620841,43.691807926412],[-79.4827586261942,43.691807710104],[-79.482756790307,43.6918074847947],[-79.4827549668274,43.6918072504859],[-79.482753738771,43.6918070882773],[-79.4827519152914,43.6918068539685],[-79.4827506872351,43.6918066917599],[-79.4827488637581,43.6918064484497],[-79.4827476357043,43.6918062772397],[-79.48274581223,43.6918060249282],[-79.4827439887556,43.6918057726167],[-79.4827427731095,43.6918055924072],[-79.4827409496378,43.6918053310943],[-79.4827397339917,43.6918051508849],[-79.4827385183456,43.6918049706754],[-79.4827373026996,43.6918047904659],[-79.4827360870561,43.6918046012551],[-79.48273487141,43.6918044210456],[-79.4827336557665,43.6918042318348],[-79.4827324401257,43.6918040336226],[-79.4827306290669,43.6918037453076],[-79.4827294134234,43.6918035560967],[-79.4827276023672,43.6918032587803],[-79.4827263867264,43.6918030605681],[-79.4827244888424,43.6918027362346],[-79.4827232731965,43.691802556025],[-79.4827220575531,43.691802366814],[-79.4827208419071,43.6918021866043],[-79.4827196262637,43.6918019973934],[-79.4827184106203,43.6918018081824],[-79.4827165995617,43.6918015198671],[-79.4827153839209,43.6918013216548],[-79.4827135728648,43.6918010243382],[-79.4827123572241,43.6918008261258],[-79.4827105461707,43.6918005198078],[-79.4827087351172,43.6918002134898],[-79.4827069240664,43.6917998981705],[-79.4827051130156,43.6917995828511],[-79.4827033143699,43.6917992675336],[-79.4827015033217,43.6917989432129],[-79.4827003000939,43.6917987179985],[-79.4826985014534,43.6917983846783],[-79.482696702813,43.6917980513581],[-79.48269489177,43.6917977090347],[-79.4826931055373,43.691797366715],[-79.4826913069021,43.6917970153922],[-79.4826895082669,43.6917966640692],[-79.4826877220393,43.6917963037469],[-79.4826859110017,43.6917959434208],[-79.4826841247768,43.6917955740971],[-79.482682338552,43.6917952047733],[-79.4826805647322,43.6917948354514],[-79.4826787661049,43.6917944571245],[-79.4826775752927,43.6917941959065],[-79.4826758014782,43.6917938085819],[-79.4826745982609,43.691793547362],[-79.4826728368515,43.6917931600393],[-79.4826716336369,43.691792889818],[-79.4826698722301,43.691792493494],[-79.4826686690155,43.6917922232727],[-79.4826669076113,43.6917918179473],[-79.4826651462098,43.6917914036206],[-79.4826639429978,43.6917911243979],[-79.4826621815964,43.6917907100712],[-79.4826604201975,43.6917902867431],[-79.4826586587987,43.691789863415],[-79.4826574679944,43.6917895751929],[-79.4826563020003,43.6917892869745],[-79.4826545530118,43.6917888456456],[-79.4826533622076,43.6917885574234],[-79.4826516008166,43.6917881070913],[-79.4826498518282,43.6917876657624],[-79.4826480904399,43.6917872064289],[-79.4826463414541,43.6917867560986],[-79.4826445924709,43.691786296767],[-79.4826434388898,43.6917859815465],[-79.4826416899092,43.6917855132135],[-79.4826399409287,43.6917850448806],[-79.4826387873477,43.69178472966],[-79.4826370383698,43.6917842523257],[-79.4826353017996,43.6917837659919],[-79.4826335776345,43.69178327966],[-79.4826320767427,43.691782856371],[-79.4826306626214,43.6917826581277],[-79.4826288267458,43.6917823968111],[-79.48262700327,43.691782153499],[-79.4826251797969,43.6917819011856],[-79.4826239641464,43.6917817389774],[-79.4826221406708,43.6917814956653],[-79.4826209126126,43.6917813424565],[-79.4826190643242,43.6917811081418],[-79.4826172408434,43.6917808828321],[-79.4826160127853,43.6917807296234],[-79.4826147971297,43.6917805854177],[-79.4826129612412,43.6917803691074],[-79.4826111129476,43.6917801527951],[-79.482609884887,43.6917800085876],[-79.482608061401,43.6917798012804],[-79.4826068333377,43.6917796660741],[-79.4826049974441,43.6917794677662],[-79.4826031491428,43.6917792784577],[-79.4826013132466,43.6917790891511],[-79.4825994649453,43.6917788998425],[-79.4825976290465,43.6917787195371],[-79.4825957807427,43.6917785392298],[-79.4825939324362,43.6917783679238],[-79.4825920841298,43.6917781966176],[-79.4825902482258,43.6917780343147],[-79.4825890077498,43.6917779261102],[-79.4825871594382,43.6917777728067],[-79.4825853111266,43.6917776195031],[-79.482583462815,43.6917774661994],[-79.4825816144982,43.6917773308984],[-79.482579766184,43.691777186596],[-79.4825785257027,43.691777096394],[-79.482576677386,43.6917769610928],[-79.4825754369021,43.6917768798921],[-79.4825735885828,43.6917767535922],[-79.4825723480989,43.6917766723914],[-79.482570499777,43.6917765550927],[-79.4825692592906,43.6917764828932],[-79.482567410966,43.6917763745958],[-79.4825661704796,43.6917763023962],[-79.4825649299932,43.6917762301967],[-79.482563081666,43.6917761309005],[-79.482561841177,43.6917760677022],[-79.482560600688,43.6917760045038],[-79.4825587523556,43.6917759232102],[-79.4825575118666,43.6917758600118],[-79.482556271375,43.6917758058148],[-79.4825550308834,43.6917757516177],[-79.4825537903892,43.6917757064219],[-79.4825519420543,43.6917756341294],[-79.4825507015627,43.6917755799323],[-79.4825494610658,43.6917755437377],[-79.4825482205716,43.6917754985419],[-79.4825469800774,43.691775453346],[-79.4825457395806,43.6917754171514],[-79.4825444990838,43.6917753809568],[-79.482543258587,43.6917753447621],[-79.4825420180876,43.6917753175688],[-79.4825407775907,43.6917752813742],[-79.4825395370913,43.6917752541808],[-79.482537688746,43.6917752178933],[-79.4825364482466,43.6917751906999],[-79.4825352077445,43.6917751725077],[-79.4825339672425,43.6917751543156],[-79.4825314862385,43.6917751179313],[-79.482530245739,43.6917750907379],[-79.4825290052449,43.6917750455418],[-79.4825277647533,43.6917749913444],[-79.4825265242617,43.691774937147],[-79.4825252837701,43.6917748829496],[-79.4825234354379,43.6917748016553],[-79.4825221949489,43.6917747384566],[-79.4825209544574,43.6917746842592],[-79.4825197139684,43.6917746210604],[-79.4825178656414,43.6917745217635],[-79.4825166251551,43.6917744495634],[-79.4825153846688,43.6917743773633],[-79.4825135363392,43.6917742870676],[-79.4825122958581,43.6917741968649],[-79.4825104475363,43.6917740795652],[-79.48250920705,43.6917740073651],[-79.4825073587309,43.6917738810641],[-79.4825061182472,43.6917737998626],[-79.4825042699307,43.6917736645603],[-79.4825030294496,43.6917735743574],[-79.4825011811331,43.6917734390551],[-79.4824993328192,43.6917732947514],[-79.4824974845054,43.6917731504477],[-79.482496244027,43.6917730512435],[-79.4824943957158,43.6917728979384],[-79.4824925474072,43.691772735632],[-79.4824907115036,43.6917725733274],[-79.4824894710279,43.6917724651219],[-79.482487635127,43.691772293816],[-79.4824863946538,43.6917721766091],[-79.4824845587556,43.6917719963019],[-79.4824827104523,43.6917718159928],[-79.482480862149,43.6917716356836],[-79.482479026256,43.6917714373737],[-79.4824771779554,43.6917712480631],[-79.4824753420624,43.6917710497532],[-79.4824741139996,43.6917709145455],[-79.4824728859369,43.6917707793377],[-79.4824710500492,43.6917705630251],[-79.4824698219865,43.6917704278174],[-79.4824679861014,43.6917702025034],[-79.4824661502138,43.6917699861907],[-79.4824643267312,43.6917697698799],[-79.4824630986737,43.6917696166694],[-79.4824618706162,43.691769463459],[-79.4824600471416,43.6917692201442],[-79.4824588190841,43.6917690669338],[-79.4824569956121,43.6917688146176],[-79.4824557675573,43.6917686524058],[-79.4824539440853,43.6917684000897],[-79.4824521206134,43.6917681477735],[-79.482450297144,43.6917678864559],[-79.4824490690892,43.6917677242441],[-79.4824478534474,43.6917675350302],[-79.4824466378003,43.6917673638189],[-79.4824454221585,43.691767174605],[-79.4824442065115,43.6917670033937],[-79.4824423954552,43.6917667150741],[-79.4824411798108,43.6917665348614],[-79.482439964169,43.6917663456475],[-79.4824387485298,43.6917661474322],[-79.4824369374762,43.6917658501112],[-79.4824357218318,43.6917656698985],[-79.4824339107782,43.6917653725774],[-79.4824320997273,43.6917650662551],[-79.4824308469098,43.6917647420158],[-79.4824291972194,43.6917641116716],[-79.4824275599341,43.6917634813292],[-79.4824259226514,43.6917628419855],[-79.4824248187237,43.6917624187548],[-79.4824231938488,43.6917617704117],[-79.4824221023289,43.6917613381816],[-79.482421010809,43.6917609059516],[-79.4824193859342,43.6917602576084],[-79.4824182944169,43.691759816377],[-79.4824166695448,43.6917591590325],[-79.4824150570778,43.6917585016898],[-79.4824139779683,43.691758051459],[-79.4824123530989,43.6917573851131],[-79.4824107406373,43.6917567097678],[-79.4824091281756,43.6917560344225],[-79.4824075281218,43.6917553500778],[-79.4824059280679,43.6917546657331],[-79.4824043280141,43.6917539813883],[-79.482402727963,43.6917532880422],[-79.4824011279119,43.6917525946961],[-79.4823995402685,43.6917518923505],[-79.4823984735696,43.6917514241189],[-79.4823968983314,43.6917507217753],[-79.4823958316351,43.6917502445423],[-79.4823942563996,43.6917495331973],[-79.4823932021084,43.6917490559662],[-79.4823921478173,43.6917485787352],[-79.4823905849895,43.6917478583907],[-79.4823890097594,43.6917471290431],[-79.4823874469317,43.6917464086986],[-79.482386405051,43.6917459134668],[-79.482384842226,43.691745184121],[-79.4823838003453,43.6917446888892],[-79.4823827584647,43.6917441936574],[-79.4823812080475,43.6917434553121],[-79.482379657633,43.6917427079656],[-79.4823786281601,43.6917422037343],[-79.4823770777457,43.6917414563877],[-79.482375539739,43.6917407000418],[-79.4823740017349,43.6917399346945],[-79.482372476136,43.6917391693491],[-79.4823714466633,43.6917386651177],[-79.482369921067,43.691737890771],[-79.4823683954708,43.6917371164242],[-79.4823668698747,43.6917363420775],[-79.4823653566862,43.6917355587313],[-79.4823638434979,43.6917347753851],[-79.4823623303122,43.6917339830376],[-79.4823608295316,43.6917331906919],[-79.4823598248771,43.6917326594604],[-79.4823588202226,43.691732128229],[-79.4823573194421,43.6917313358833],[-79.482355831072,43.6917305255369],[-79.4823543426992,43.6917297241918],[-79.4823528543292,43.6917289138455],[-79.4823518620852,43.6917283646132],[-79.4823506839078,43.6917273292823],[-79.4823500266638,43.6917265640706],[-79.4823493694199,43.691725798859],[-79.482348712176,43.6917250336474],[-79.4823477325114,43.6917238903315],[-79.4823470876752,43.6917231161205],[-79.4823461204184,43.6917219638052],[-79.4823451531615,43.6917208114899],[-79.4823445083254,43.6917200372789],[-79.4823435534737,43.6917188849655],[-79.4823426110298,43.6917177236528],[-79.4823416561808,43.6917165623381],[-79.4823410361575,43.6917157791295],[-79.4823400937137,43.6917146178168],[-79.4823394736905,43.6917138346082],[-79.4823388536673,43.6917130513997],[-79.4823379360363,43.6917118810894],[-79.4823373160131,43.6917110978809],[-79.4823364107872,43.6917099275725],[-79.4823354931589,43.691708748261],[-79.4823345879357,43.6917075689513],[-79.4823339927254,43.6917067767453],[-79.4823330999074,43.6917055974375],[-79.4823325046971,43.6917048052315],[-79.4823319094869,43.6917040130254],[-79.4823310290766,43.6917028247183],[-79.4823301486663,43.6917016364111],[-79.4823292806638,43.6917004391046],[-79.4823284126587,43.6916992507993],[-79.4823278422613,43.6916984495958],[-79.4823272594589,43.6916976483904],[-79.4823264162666,43.6916964510876],[-79.4823258458692,43.6916956498841],[-79.4823252754719,43.6916948486806],[-79.4823244322824,43.6916936423765],[-79.4823236014979,43.6916924360744],[-79.4823227707134,43.6916912297723],[-79.4823219523341,43.691690023472],[-79.4823213943446,43.6916892132691],[-79.4823208487601,43.6916884030681],[-79.4823200427885,43.6916871877685],[-79.482319236817,43.6916859724688],[-79.4823184308455,43.6916847571692],[-79.4823178976688,43.6916839379688],[-79.4823171041024,43.6916827226711],[-79.4823165709258,43.6916819034707],[-79.4823160501542,43.6916810842722],[-79.4823152814006,43.691679859977],[-79.482314500242,43.6916786356799],[-79.4823139918756,43.6916778164833],[-79.4823132231247,43.6916765831868],[-79.482312466779,43.6916753498922],[-79.4823117104332,43.6916741165976],[-79.4823112144745,43.6916732884016],[-79.4823104705339,43.691672055109],[-79.4823099745752,43.691671226913],[-79.4823094786166,43.691670398717],[-79.4823087470837,43.6916691564249],[-79.482308027956,43.6916679141348],[-79.4823073088282,43.6916666718446],[-79.4823065897031,43.6916654205531],[-79.4823058829805,43.6916641782649],[-79.4823054118347,43.6916633410714],[-79.482304953094,43.6916625038799],[-79.4823042587791,43.6916612525923],[-79.4823037876334,43.6916604153988],[-79.4823031057236,43.6916591641131],[-79.4823026469829,43.6916583269215],[-79.4823019774809,43.6916570666364],[-79.4823013079789,43.6916558063513],[-79.4823006384769,43.6916545460662],[-79.48229998138,43.691653285783],[-79.4822995226527,43.691652403585],[-79.4822986794642,43.6916511972807],[-79.4822981090677,43.691650396077],[-79.4822972782843,43.6916491897747],[-79.482296447501,43.6916479834724],[-79.4822956167177,43.69164677717],[-79.482295071134,43.6916459669689],[-79.4822945255503,43.6916451567678],[-79.4822939799666,43.6916443465666],[-79.4822931615911,43.6916431312648],[-79.4822923556207,43.6916419159651],[-79.4822915620554,43.6916407006671],[-79.4822907684927,43.6916394763679],[-79.4822899749301,43.6916382520687],[-79.4822891937725,43.6916370277714],[-79.482288412615,43.6916358034741],[-79.4822876438626,43.6916345791788],[-79.4822868751128,43.6916333458821],[-79.4822861187681,43.6916321125873],[-79.4822853624235,43.6916308792925],[-79.4822846060788,43.6916296459977],[-79.4822841101209,43.6916288178017],[-79.4822833661814,43.6916275845088],[-79.4822826346496,43.6916263422165],[-79.4822819031178,43.6916250999243],[-79.4822811839911,43.691623857634],[-79.482280464867,43.6916226063423],[-79.4822797457404,43.691621364052],[-79.4822792745953,43.6916205268584],[-79.4822785678737,43.69161928457],[-79.4822781091338,43.6916184473783],[-79.4822776379887,43.6916176101847],[-79.4822771792488,43.6916167729931],[-79.4822767205088,43.6916159358014],[-79.4822760386001,43.6916146845155],[-79.4822753690991,43.6916134242303],[-79.4822746995981,43.691612163945],[-79.4822740300971,43.6916109036597],[-79.4822733730013,43.6916096433764],[-79.4822729266691,43.6916087971853],[-79.4822722819783,43.6916075369039],[-79.4822718480512,43.6916066907148],[-79.4822712157681,43.6916054214339],[-79.4822707818411,43.6916045752448],[-79.4822701495581,43.691603305964],[-79.4822695296801,43.6916020366851],[-79.4822689098022,43.6916007674062],[-79.4822678932177,43.6915986339413],[-79.4822672857422,43.6915973736656],[-79.482266889033,43.6915965184809],[-79.4822664923265,43.691595654295],[-79.4822660956173,43.6915947991103],[-79.4822655005523,43.6915935208339],[-79.4822649302973,43.6915922425613],[-79.4822645459958,43.6915913783773],[-79.4822639757409,43.6915901001048],[-79.4822634054887,43.691588812831],[-79.4822628476415,43.691587525559],[-79.4822624757451,43.6915866613769],[-79.4822619054929,43.6915853741031],[-79.4822613724533,43.6915840958363],[-79.4822610253697,43.6915832226567],[-79.4822606534734,43.6915823584746],[-79.4822602939821,43.6915814942943],[-79.4822597733449,43.6915802250308],[-79.4822592651233,43.691578919764],[-79.4822589056347,43.6915780465825],[-79.4822584098155,43.6915767503189],[-79.4822578891863,43.6915754540514],[-79.4822573933698,43.6915741487865],[-79.4822568975507,43.6915728525229],[-79.4822565628723,43.6915719793452],[-79.4822560794609,43.6915706740822],[-79.4822556084519,43.6915693778224],[-79.4822552861785,43.6915685046467],[-79.4822549763102,43.6915676314729],[-79.4822541950295,43.6915668302362],[-79.4822525205231,43.691566244892],[-79.4822508460167,43.6915656595477],[-79.4822491715103,43.6915650742035],[-79.4822480551745,43.6915646779731],[-79.4822469388387,43.6915642817427],[-79.4822452767427,43.6915636783977],[-79.4822441604069,43.6915632821673],[-79.482242498311,43.6915626788222],[-79.4822408362178,43.6915620664759],[-79.4822391865296,43.6915614541314],[-79.4822380826043,43.6915610399003],[-79.482235874751,43.6915602204392],[-79.4822347708284,43.6915597972067],[-79.482233121143,43.6915591758609],[-79.4822314838653,43.6915585455157],[-79.4822303799427,43.6915581222832],[-79.4822287426678,43.6915574829366],[-79.4822276511529,43.6915570507047],[-79.482226013878,43.6915564113581],[-79.4822243890109,43.6915557630121],[-79.4822232974961,43.6915553307801],[-79.4822216726316,43.6915546734328],[-79.4822200477672,43.6915540160855],[-79.4822184229054,43.6915533497368],[-79.4822168104488,43.69155268339],[-79.4822151855871,43.6915520170413],[-79.4822135731332,43.6915513416932],[-79.4822119730843,43.691550666347],[-79.4822108939827,43.691550207113],[-79.4822092939366,43.6915495227654],[-79.4822076938905,43.6915488384179],[-79.4822060938471,43.691548145069],[-79.4822044938037,43.6915474517201],[-79.482202906168,43.6915467493719],[-79.4822013185324,43.6915460470236],[-79.4821997308968,43.6915453446752],[-79.4821986766108,43.6915448674423],[-79.4821976223248,43.6915443902095],[-79.4821960470969,43.6915436788617],[-79.482194992811,43.6915432016288],[-79.4821934299909,43.6915424812817],[-79.4821923757077,43.6915419950474],[-79.4821908128903,43.691541265699],[-79.482189250073,43.6915405363505],[-79.4821882081975,43.6915400411169],[-79.4821866453829,43.691539302767],[-79.4821850949735,43.6915385644191],[-79.4821835445666,43.6915378170699],[-79.4821819941599,43.6915370697207],[-79.4821809646922,43.6915365654876],[-79.4821794266905,43.6915358181402],[-79.4821783972255,43.6915353049058],[-79.4821773677579,43.6915348006727],[-79.4821758421666,43.6915340353247],[-79.4821748127017,43.6915335220903],[-79.4821729522256,43.6915325856653],[-79.4821712404898,43.6915320543219],[-79.4821695287541,43.6915315229784],[-79.4821683875987,43.6915311627486],[-79.4821666882733,43.6915306134044],[-79.482164988948,43.6915300640602],[-79.4821632896254,43.6915295057147],[-79.4821621608804,43.6915291274841],[-79.4821604739656,43.6915285601392],[-79.4821587994558,43.6915279927962],[-79.4821576707136,43.6915276055642],[-79.4821559962091,43.6915270202186],[-79.4821548798746,43.6915266239873],[-79.4821537635402,43.691526227756],[-79.4821526472057,43.6915258315247],[-79.4821509851091,43.6915252371796],[-79.4821493230178,43.6915246248319],[-79.4821476609266,43.6915240124842],[-79.4821465570025,43.6915235982521],[-79.482144907319,43.691522976905],[-79.4821432700433,43.6915223465585],[-79.482142166122,43.6915219233251],[-79.482140528849,43.6915212839773],[-79.482138891576,43.6915206446295],[-79.4821372667134,43.691519987281],[-79.4821356418508,43.6915193299324],[-79.4821340169883,43.6915186725838],[-79.4821324045335,43.6915180062359],[-79.4821313254304,43.6915175560024],[-79.4821302463274,43.6915171057689],[-79.482128646283,43.6915164214202],[-79.4821270462387,43.6915157370715],[-79.4821254461971,43.6915150437215],[-79.4821243795045,43.6915145754873],[-79.4821227918706,43.6915138731379],[-79.4821212166418,43.6915131707905],[-79.4821201623569,43.6915126935568],[-79.4821191080721,43.6915122163232],[-79.48211805379,43.6915117300883],[-79.4821164909717,43.6915110097401],[-79.4821149281561,43.6915102803906],[-79.4821138862817,43.6915097851563],[-79.4821123234688,43.6915090468054],[-79.4821107730637,43.6915082994552],[-79.4821092226586,43.691507552105],[-79.482108193192,43.6915070478713],[-79.4821066551947,43.6915062915216],[-79.482105129605,43.6915055261726],[-79.4821036040182,43.6915047518223],[-79.4821020784313,43.691503977472],[-79.4821010613752,43.6915034552376],[-79.4820995481961,43.6915026718878],[-79.4820985435477,43.691502140654],[-79.4820970427764,43.6915013483049],[-79.4820960381281,43.691500817071],[-79.4820945497645,43.6915000157226],[-79.4820930614037,43.6914992053727],[-79.4820911265373,43.6914981429167],[-79.4820898488475,43.6914980527035],[-79.4820880005404,43.6914979173944],[-79.4820867600522,43.6914978721936],[-79.4820849117291,43.6914977908922],[-79.4820836712409,43.6914977456913],[-79.4820824307474,43.691497718493],[-79.482081190254,43.6914976912947],[-79.4820793295043,43.6914976820017],[-79.4820774687521,43.6914976817099],[-79.4820762282452,43.691497699518],[-79.4820749877356,43.6914977263274],[-79.4820737472207,43.6914977711393],[-79.4820725067057,43.6914978159513],[-79.4820712661881,43.6914978697645],[-79.4820694178086,43.6914979774901],[-79.482068177283,43.6914980583072],[-79.4820663288955,43.6914981930367],[-79.4820644804999,43.69149835477],[-79.4820626320962,43.6914985435072],[-79.4820607960922,43.6914987502489],[-79.4820589600829,43.6914989749931],[-79.4820571364704,43.6914992267432],[-79.4820559207252,43.6914994065783],[-79.4820546801673,43.6914995954107],[-79.4820528937565,43.691499892173],[-79.4820510825275,43.6915002159353],[-79.482049630891,43.6915010528279],[-79.4820486507283,43.6915016107544],[-79.4820471866867,43.691502447645],[-79.4820457226504,43.691503266533],[-79.4820447300853,43.6915038154562],[-79.482043253644,43.6915046343422],[-79.4820417648002,43.691505444225],[-79.4820402759565,43.6915062541078],[-79.4820392709916,43.6915067850263],[-79.4820377697454,43.6915075859058],[-79.4820367647805,43.6915081168244],[-79.4820352635397,43.6915088997012],[-79.4820342461697,43.6915094306178],[-79.4820327325264,43.6915102044914],[-79.4820317151591,43.6915107264066],[-79.4820301891135,43.6915114912769],[-79.4820286506627,43.6915122561453],[-79.482027112212,43.6915130210135],[-79.4820260824449,43.6915135249242],[-79.4820245439995,43.6915142717899],[-79.4820235018301,43.6915147666973],[-79.4820219509795,43.691515513561],[-79.4820203877266,43.6915162514214],[-79.4820188244764,43.6915169802805],[-79.4820172612288,43.6915177001383],[-79.482016206657,43.6915181860424],[-79.4820151520877,43.6915186629452],[-79.4820135764377,43.6915193737997],[-79.4820119883854,43.6915200756509],[-79.482010400333,43.6915207775021],[-79.4820093333613,43.6915212454016],[-79.4820077329092,43.6915219292482],[-79.4820061324571,43.6915226130948],[-79.4820045195999,43.6915232969394],[-79.4820029067453,43.6915239717827],[-79.4820012938934,43.6915246376246],[-79.4819996686365,43.6915253034647],[-79.4819980557872,43.6915259603053],[-79.4819964305329,43.6915266171439],[-79.4819953387645,43.6915270400329],[-79.4819936887027,43.6915276878663],[-79.4819920510541,43.6915283086978],[-79.4819904134027,43.6915289385305],[-79.4819892968241,43.6915293614155],[-79.4819882050583,43.6915297753031],[-79.4819870884824,43.6915301891868],[-79.4819854384313,43.6915308010149],[-79.481984321858,43.6915312058973],[-79.4819826718122,43.6915317997228],[-79.4819815552416,43.6915321956038],[-79.4819804386684,43.6915326004861],[-79.4819787638178,43.691533176305],[-79.4819770889619,43.6915337701265],[-79.481975401709,43.6915343369422],[-79.481973714456,43.6915349037577],[-79.481972585483,43.6915352906354],[-79.4819708982354,43.6915358394484],[-79.4819691985827,43.6915363882594],[-79.4819674989273,43.6915369460716],[-79.4819663575573,43.6915373059434],[-79.4819640872249,43.6915380166876],[-79.4819623751725,43.6915385474939],[-79.48196066312,43.6915390783003],[-79.481959509353,43.6915394111661],[-79.4819577849009,43.6915399239679],[-79.4819560604514,43.6915404277682],[-79.4819543360019,43.6915409315686],[-79.4819528472721,43.6915413543945],[-79.4819509989478,43.691541273091],[-79.481949758467,43.6915412008848],[-79.4819485179835,43.6915411376798],[-79.4819472774972,43.6915410834761],[-79.4819454291784,43.6915409841699],[-79.4819441886948,43.6915409209649],[-79.481942948214,43.6915408487586],[-79.4819410998978,43.6915407404511],[-79.481939859417,43.6915406682447],[-79.4819380111008,43.6915405599371],[-79.4819367706227,43.6915404787294],[-79.4819355301419,43.6915404065231],[-79.4819336818312,43.6915402802128],[-79.4819324413531,43.6915401990051],[-79.4819305930423,43.6915400726948],[-79.4819287447316,43.6915399463844],[-79.4819275042535,43.6915398651766],[-79.4819256559455,43.691539729865],[-79.4819238076402,43.691539585552],[-79.4819225671649,43.6915394953428],[-79.4819207188596,43.6915393510297],[-79.4819188705543,43.6915392067167],[-79.4819170222517,43.6915390534023],[-79.4819151739491,43.6915389000878],[-79.4819133256466,43.6915387467733],[-79.4819114773467,43.6915385844575],[-79.4819096290469,43.6915384221417],[-79.4819077807471,43.6915382598259],[-79.48190593245,43.6915380885087],[-79.4819040965579,43.6915379171934],[-79.4819028560907,43.6915377999802],[-79.4819010202014,43.6915376196636],[-79.481899171907,43.691537439345],[-79.4818973360177,43.6915372590284],[-79.4818960955533,43.6915371328138],[-79.4818942596667,43.6915369434958],[-79.48189303161,43.6915368082818],[-79.4818915803197,43.6915364840052],[-79.4818899802749,43.6915358086545],[-79.481888901176,43.6915353494174],[-79.4818873011366,43.6915346560641],[-79.4818857010946,43.691533971712],[-79.4818841134603,43.6915332783606],[-79.4818830467692,43.6915328101242],[-79.481881459135,43.6915321167727],[-79.481880392444,43.6915316485362],[-79.4818788048125,43.6915309461835],[-79.4818777505293,43.6915304689476],[-79.4818766838384,43.6915300007111],[-79.4818751086147,43.6915292893589],[-79.4818735209861,43.6915285780048],[-79.4818719457625,43.6915278666526],[-79.4818708914794,43.6915273894167],[-79.4818693286636,43.6915266690651],[-79.4818682743833,43.6915261828279],[-79.4818666991626,43.6915254624743],[-79.4818651363496,43.6915247331214],[-79.4818635735367,43.6915240037684],[-79.4818620107265,43.6915232654142],[-79.4818604479137,43.6915225360612],[-79.4818594060412,43.6915220408246],[-79.4818578556362,43.6915213024722],[-79.4818568137637,43.6915208072356],[-79.4818552633614,43.6915200598819],[-79.4818537129592,43.6915193125282],[-79.481852174962,43.6915185651764],[-79.4818511454974,43.6915180609404],[-79.4818501160328,43.6915175567043],[-79.4818490865682,43.6915170524683],[-79.4818480571036,43.6915165482322],[-79.4818470276391,43.6915160439962],[-79.4818455020525,43.6915152786437],[-79.4818444725907,43.6915147654063],[-79.4818429470042,43.6915140000538],[-79.4818414214178,43.6915132347013],[-79.4818403919588,43.6915127124626],[-79.4818388787801,43.6915119381107],[-79.4818373531965,43.6915111637568],[-79.4818363361426,43.69151064152],[-79.481834822964,43.6915098671681],[-79.4818338059102,43.6915093449313],[-79.481832801264,43.6915088136951],[-79.4818312880883,43.6915080303419],[-79.4818302834422,43.6915074991057],[-79.4818287826743,43.691506706753],[-79.4818272695014,43.6915059143984],[-79.4818257687335,43.6915051220457],[-79.4818242803734,43.6915043206937],[-79.4818232757302,43.6915037804562],[-79.4818217873702,43.6915029791042],[-79.4818202866079,43.6915021687488],[-79.4818187982507,43.6915013583954],[-79.4818173222985,43.691500548044],[-79.4818163300631,43.6914999988071],[-79.481814854111,43.6914991884556],[-79.4818138618757,43.6914986392187],[-79.4818123859264,43.6914978198659],[-79.4818109099798,43.6914969915118],[-79.4818094340333,43.6914961631577],[-79.4818079580869,43.6914953348035],[-79.4818065069505,43.6914945064533],[-79.481805514718,43.691493948215],[-79.4818040759894,43.6914931108654],[-79.481803083757,43.6914925526271],[-79.4818016326235,43.6914917152755],[-79.4818006652038,43.6914911480398],[-79.4817992264781,43.6914903016889],[-79.4817977629424,43.691489455334],[-79.4817968079279,43.6914888881003],[-79.4817953567972,43.6914880417473],[-79.4817943893804,43.6914874655103],[-79.4817929754676,43.691486610162],[-79.4817919956432,43.6914860429242],[-79.4817910406315,43.6914854666891],[-79.4817900856198,43.691484890454],[-79.4817891306081,43.6914843142189],[-79.4817877166982,43.6914834498692],[-79.4817862903833,43.6914825855175],[-79.4817848640711,43.6914817121645],[-79.4817839090623,43.691481126928],[-79.4817824951552,43.691480253577],[-79.4817810812482,43.6914793802259],[-79.4817801386472,43.6914787859901],[-79.4817787371479,43.6914779036396],[-79.4817773232437,43.6914770212872],[-79.4817759217446,43.6914761389367],[-79.4817745202482,43.691475247585],[-79.4817731311569,43.6914743562352],[-79.4817717296606,43.6914734648833],[-79.4817707994675,43.6914728616481],[-79.481769410379,43.691471961297],[-79.4817680336956,43.6914710609478],[-79.4817666446072,43.6914701605966],[-79.4817652679266,43.6914692512461],[-79.4817638912433,43.6914683508968],[-79.4817629734581,43.6914677386622],[-79.4817615967775,43.6914668293117],[-79.4817602325048,43.6914659109617],[-79.4817588682321,43.6914649926118],[-79.4817575039595,43.6914640742619],[-79.4817561520919,43.6914631559139],[-79.4817552467146,43.6914625346799],[-79.4817538948498,43.6914616073306],[-79.481752542985,43.6914606799813],[-79.4817516376078,43.6914600587473],[-79.4817502981481,43.6914591314],[-79.4817489462862,43.6914581950493],[-79.4817476068293,43.6914572587006],[-79.4817462797802,43.6914563133526],[-79.4817449403234,43.6914553770039],[-79.4817436132744,43.6914544316558],[-79.4817422862254,43.6914534863077],[-79.4817414056639,43.691452847075],[-79.481740078615,43.6914519017269],[-79.4817387639739,43.6914509473795],[-79.4817374493301,43.6914500020334],[-79.4817361470968,43.6914490386866],[-79.4817352665381,43.6914483904526],[-79.4817339643048,43.6914474271058],[-79.4817326620689,43.6914464727603],[-79.4817313598358,43.6914455094134],[-79.4817304916849,43.6914448521801],[-79.4817292018596,43.6914438798339],[-79.4817279120343,43.6914429074877],[-79.481726622209,43.6914419351415],[-79.4817253447888,43.6914409627973],[-79.4817244890431,43.6914403055658],[-79.481723211623,43.6914393332216],[-79.4817223558773,43.6914386759901],[-79.481721090865,43.6914376946466],[-79.4817202351193,43.6914370374151],[-79.4817189701098,43.6914360470702],[-79.4817177051003,43.6914350567252],[-79.4817164524959,43.6914340663823],[-79.4817156091581,43.6914334001515],[-79.4817147658203,43.6914327339206],[-79.4817135132187,43.6914317345763],[-79.4817122730221,43.691430735234],[-79.4817110204206,43.6914297358897],[-79.481709370963,43.6914283944326],[-79.4817085400331,43.6914277192025],[-79.4817072998395,43.6914267108588],[-79.4817060720508,43.6914257025171],[-79.481704844265,43.6914246851741],[-79.4817036164791,43.6914236678311],[-79.4817024010984,43.6914226504901],[-79.4817011733127,43.6914216331471],[-79.4816999579347,43.6914206068047],[-79.4816987549618,43.6914195804643],[-79.4816975395839,43.6914185541219],[-79.4816963366111,43.6914175277815],[-79.4816951336383,43.6914165014411],[-79.4816943399292,43.6914158082142],[-79.4816935462201,43.6914151149872],[-79.4816923556552,43.6914140796475],[-79.4816915619461,43.6914133864205],[-79.4816907682371,43.6914126931936],[-79.4816899745281,43.6914119999666],[-79.4816891808191,43.6914113067396],[-79.4816880026621,43.6914102624005],[-79.4816868245051,43.6914092180614],[-79.4816860432039,43.6914085158351],[-79.4816848774519,43.6914074714979],[-79.4816840961508,43.6914067692716],[-79.4816829304017,43.6914057159331],[-79.4816817770575,43.6914046625966],[-79.4816809957565,43.6914039603703],[-79.4816802268632,43.6914032491447],[-79.4816790735192,43.6914021958081],[-79.4816779325829,43.6914011334723],[-79.4816771636897,43.6914004222466],[-79.4816760227562,43.6913993509095],[-79.4816748818201,43.6913982885736],[-79.4816737284818,43.6913972172344],[-79.4816726123584,43.6913961459012],[-79.4816714838301,43.6913950745659],[-79.4816703677096,43.6913939942314],[-79.4816693259917,43.6913930039217],[-79.4814468434852,43.6910273713591],[-79.4813501540685,43.6909649856373],[-79.4812319771448,43.6909104004317],[-79.4811245381775,43.6908713981227],[-79.481103089629,43.6907544587248],[-79.4810064082817,43.6906297117208],[-79.4809741877463,43.6905283517499],[-79.4809527320733,43.6903568374455],[-79.4809635066724,43.6902554756216],[-79.4809824704488,43.6901867718682],[-79.4799485099315,43.6898148865441],[-79.4798723187937,43.6896343791043],[-79.4793933853194,43.689462107914],[-79.4813284249247,43.6890318901939],[-79.4813884801331,43.6890558794514],[-79.481457469861,43.6890694196175],[-79.482202374006,43.6889415665391],[-79.4825044317212,43.689083347643],[-79.482814348825,43.6890307280501],[-79.4830806206811,43.6898367891411],[-79.4831801460172,43.6901380682945],[-79.4832398139937,43.6903119551381],[-79.483320075082,43.6905277639962],[-79.4833205833202,43.6905290602572],[-79.483321091556,43.6905303655195],[-79.4833215873895,43.6905316617788],[-79.4833220956277,43.6905329580398],[-79.4833224303159,43.6905338312145],[-79.4833229385542,43.6905351274756],[-79.4833234467926,43.6905364237366],[-79.4833239550284,43.6905377289989],[-79.483324450862,43.6905390252582],[-79.4833249591004,43.6905403215192],[-79.4833254673364,43.6905416267815],[-79.4833259755748,43.6905429230425],[-79.4833264838133,43.6905442193036],[-79.4833269920493,43.6905455245659],[-79.4833275002879,43.6905468208269],[-79.4833280085264,43.6905481170879],[-79.483328516765,43.6905494133489],[-79.4833288514533,43.6905502865236],[-79.4833293596919,43.6905515827846],[-79.4833298679305,43.6905528790456],[-79.4833303761692,43.6905541753066],[-79.4833307232624,43.6905550484831],[-79.4833312315011,43.6905563447441],[-79.4833317397398,43.6905576410051],[-79.4833322603833,43.6905589372679],[-79.4833325950717,43.6905598104425],[-79.4833330909057,43.6905611067017],[-79.4833336115493,43.6905624029645],[-79.4833341321929,43.6905636992273],[-79.4833346280244,43.6905650044878],[-79.4833351486681,43.6905663007506],[-79.4833356569095,43.6905675880102],[-79.4833361775507,43.6905688932743],[-79.4833366857921,43.690570180534],[-79.4833370328855,43.6905710537105],[-79.483337541122,43.6905723589727],[-79.483338049361,43.6905736552337],[-79.4833385700073,43.6905749424952],[-79.4833390782438,43.6905762477574],[-79.4833395864828,43.6905775440184],[-79.4833399335763,43.6905784171948],[-79.4833404418179,43.6905797044545],[-79.4833409624593,43.6905810097185],[-79.4833414706984,43.6905823059795],[-79.4833419913449,43.6905835932409],[-79.4833424995816,43.6905848985032],[-79.4833430202281,43.6905861857646],[-79.4833433549168,43.6905870589393],[-79.4833438755609,43.690588355202],[-79.4833443962025,43.690589660466],[-79.4833449044442,43.6905909477257],[-79.4833454250884,43.6905922439884],[-79.4833459333252,43.6905935492506],[-79.4833464539719,43.690594836512],[-79.4833469746161,43.6905961327748],[-79.4833474828554,43.6905974290357],[-79.4833478299491,43.6905983022121],[-79.4833483505934,43.6905995984748],[-79.4833488712376,43.6906008947375],[-79.4833493794771,43.6906021909984],[-79.4833499001214,43.6906034872612],[-79.4833504207658,43.6906047835239],[-79.4833509414101,43.6906060797866],[-79.4833514620545,43.6906073760493],[-79.4833519702941,43.6906086723101],[-79.4833524909385,43.6906099685729],[-79.483353011583,43.6906112648355],[-79.4833535322275,43.6906125610982],[-79.4833540528719,43.6906138573609],[-79.4833545735165,43.6906151536236],[-79.483355094161,43.6906164498863],[-79.4833556148056,43.690617746149],[-79.4833561354502,43.6906190424116],[-79.4833566560948,43.6906203386743],[-79.4833571767394,43.690621634937],[-79.4833576973841,43.6906229311996],[-79.4833582180288,43.6906242274623],[-79.4833587386735,43.690625523725],[-79.4833592593182,43.6906268199876],[-79.4833597799629,43.6906281162503],[-79.4833601394643,43.6906289804272],[-79.4833606601091,43.6906302766899],[-79.4833611807539,43.6906315729525],[-79.4833617013987,43.6906328692152],[-79.4833622220435,43.6906341654778],[-79.4833627550933,43.6906354617422],[-79.4833632757382,43.6906367580049],[-79.4833637963831,43.6906380542675],[-79.4833643170305,43.6906393415288],[-79.483364676532,43.6906402057057],[-79.483365197177,43.6906415019684],[-79.483365717822,43.690642798231],[-79.4833660773235,43.6906436624079],[-79.4833665979686,43.6906449586705],[-79.4833671186136,43.6906462549331],[-79.4833674781152,43.69064711911],[-79.4833679739506,43.690648415369],[-79.4833685194054,43.6906497116352],[-79.4833690524579,43.6906509988984],[-79.483369573103,43.690652295161],[-79.4833699326046,43.6906531593378],[-79.4833704532498,43.6906544556005],[-79.4833708127515,43.6906553197773],[-79.4833713333967,43.6906566160399],[-79.4833716928984,43.6906574802168],[-79.4833722135462,43.6906587674781],[-79.4833727590012,43.6906600637443],[-79.4833732796465,43.6906613600069],[-79.4833736267434,43.6906622241819],[-79.4833741597936,43.6906635204463],[-79.4833745068905,43.6906643846214],[-79.4833750399433,43.6906656718845],[-79.4833755729935,43.6906669681488],[-79.4833759200905,43.6906678323239],[-79.4833764531408,43.6906691285883],[-79.4833768126426,43.6906699927651],[-79.483377345693,43.6906712890295],[-79.483377866341,43.6906725762907],[-79.4833782258428,43.6906734404676],[-79.4833785853447,43.6906743046445],[-79.4833791059903,43.690675600907],[-79.4833794654872,43.6906764830864],[-79.4833799985451,43.6906777523469],[-79.4833805315956,43.6906790486113],[-79.4833810646461,43.6906803448756],[-79.4833815852918,43.6906816411381],[-79.4833821183448,43.6906829284012],[-79.4833824778468,43.690683792578],[-79.4833828373488,43.6906846567549],[-79.4833833703994,43.6906859530192],[-79.4833839034526,43.6906872402822],[-79.4833844365032,43.6906885365466],[-79.4833851431025,43.6906902648984],[-79.4833856761557,43.6906915521614],[-79.4833860356578,43.6906924163383],[-79.4833863951599,43.6906932805151],[-79.4833869282106,43.6906945767794],[-79.4833874612639,43.6906958640424],[-79.483387820766,43.6906967282192],[-79.4833883538168,43.6906980244836],[-79.4833888868702,43.6906993117466],[-79.4833892463724,43.6907001759234],[-79.4833897794232,43.6907014721877],[-79.4833903124766,43.6907027594507],[-79.4833906719789,43.6907036236275],[-79.4833910314811,43.6907044878043],[-79.4833913909834,43.6907053519811],[-79.4833919240368,43.6907066392441],[-79.4833922835391,43.6907075034209],[-79.4833926430414,43.6907083675977],[-79.4833931760949,43.6907096548607],[-79.4833935355972,43.6907105190375],[-79.4833938950995,43.6907113832142],[-79.4833944281531,43.6907126704772],[-79.4833947876554,43.690713534654],[-79.4833951471578,43.6907143988308],[-79.4833955438499,43.690715353026],[-79.4833959033523,43.6907162172027],[-79.4833962628547,43.6907170813795],[-79.4833967959083,43.6907183686425],[-79.4833971554107,43.6907192328193],[-79.4833975149132,43.6907200969961],[-79.4833980603717,43.6907213842608],[-79.4833984198742,43.6907222484376],[-79.4833989529279,43.6907235357006],[-79.4833993124304,43.6907243998773],[-79.4833996719329,43.6907252640541],[-79.4834002173916,43.6907265513189],[-79.4834005768941,43.6907274154956],[-79.4834009363966,43.6907282796724],[-79.4834014818553,43.6907295669372],[-79.4834018413579,43.6907304311139],[-79.4834023868166,43.6907317183787],[-79.4834027463192,43.6907325825554],[-79.4834031058218,43.6907334467322],[-79.4834036388758,43.6907347339951],[-79.4834040107832,43.6907355981737],[-79.4834045438372,43.6907368854366],[-79.4834049033398,43.6907377496133],[-79.4834052752474,43.6907386137919],[-79.4834058083014,43.6907399010548],[-79.4834061802089,43.6907407652334],[-79.483406713263,43.6907420524963],[-79.4834070851706,43.6907429166748],[-79.4834076182247,43.6907442039378],[-79.4834079901323,43.6907450681163],[-79.483408349635,43.6907459322931],[-79.4834088950941,43.6907472195577],[-79.4834092545968,43.6907480837345],[-79.4834098000559,43.6907493709992],[-79.4834101595587,43.6907502351759],[-79.4834107050178,43.6907515224406],[-79.4834110645206,43.6907523866174],[-79.4834116099798,43.6907536738821],[-79.4834119818875,43.6907545380606],[-79.4834125273466,43.6907558253253],[-79.4834128868495,43.690756689502],[-79.4834134323088,43.6907579767667],[-79.4834137918116,43.6907588409434],[-79.4834143496758,43.6907601282099],[-79.4834147215836,43.6907609923884],[-79.4834152670429,43.6907622796531],[-79.483415614141,43.690763143828],[-79.4834161720052,43.6907644310945],[-79.483416543913,43.690765295273],[-79.4834170893724,43.6907665825376],[-79.4834176224269,43.6907678698005],[-79.4834180067397,43.6907687339808],[-79.4834185521991,43.6907700212455],[-79.4834189117022,43.6907708854222],[-79.4834194695665,43.6907721726886],[-79.4834198290696,43.6907730368653],[-79.4834203745291,43.69077432413],[-79.4834209323935,43.6907756113964],[-79.4834212918966,43.6907764755731],[-79.4834218497611,43.6907777628396],[-79.4834222092642,43.6907786270163],[-79.4834227547238,43.6907799142809],[-79.4834233125884,43.6907812015474],[-79.4834236720915,43.690782065724],[-79.4834242299561,43.6907833529905],[-79.4834247754158,43.6907846402551],[-79.4834251473239,43.6907855044336],[-79.4834256927836,43.6907867916982],[-79.4834260646917,43.6907876558767],[-79.4834266101515,43.6907889431413],[-79.4834271680162,43.6907902304077],[-79.4834275399244,43.6907910945862],[-79.4834280853842,43.6907923818508],[-79.483428643249,43.6907936691172],[-79.4834291887089,43.6907949563818],[-79.4834295606171,43.6907958205602],[-79.4834301184819,43.6907971078267],[-79.4834306639419,43.6907983950912],[-79.4834310358501,43.6907992592697],[-79.483431593715,43.6908005465361],[-79.483432139175,43.6908018338007],[-79.48343269704,43.690803121067],[-79.4834330689483,43.6908039852455],[-79.4834336268132,43.6908052725119],[-79.4834341722733,43.6908065597765],[-79.4834347301384,43.6908078470428],[-79.4834351020467,43.6908087112213],[-79.4834356599118,43.6908099984877],[-79.483436205372,43.6908112857522],[-79.4834367632371,43.6908125730186],[-79.4834373211022,43.6908138602849],[-79.4834376930106,43.6908147244634],[-79.4834382508758,43.6908160117297],[-79.483438808741,43.6908172989961],[-79.4834393666062,43.6908185862624],[-79.4834399244714,43.6908198735288],[-79.4834404823367,43.6908211607951],[-79.4834408542452,43.6908220249735],[-79.4834414121105,43.6908233122398],[-79.4834419699758,43.6908245995062],[-79.4834425278412,43.6908258867725],[-79.4834430857066,43.6908271740388],[-79.4834436435719,43.6908284613052],[-79.4834442014374,43.6908297485715],[-79.4834447593028,43.6908310358378],[-79.4834453171683,43.6908323231041],[-79.4834456890769,43.6908331872825],[-79.4834462469424,43.6908344745488],[-79.483446804808,43.6908357618151],[-79.4834473750784,43.6908370490832],[-79.483447932944,43.6908383363496],[-79.4834484908096,43.6908396236158],[-79.4834490486752,43.6908409108821],[-79.4834496065408,43.6908421981484],[-79.4834501768114,43.6908434854165],[-79.4834507346771,43.6908447726828],[-79.4834512925428,43.6908460599491],[-79.4834518628134,43.6908473472172],[-79.4834524206792,43.6908486344834],[-79.483452978545,43.6908499217497],[-79.4834535488157,43.6908512090178],[-79.4834541066815,43.690852496284],[-79.4834546769523,43.6908537835521],[-79.4834552348206,43.6908550618171],[-79.4834556067296,43.6908559259954],[-79.4834561770004,43.6908572132635],[-79.4834567348688,43.6908584915284],[-79.4834573051397,43.6908597787965],[-79.4834578630057,43.6908610660627],[-79.4834584332791,43.6908623443295],[-79.4834588051881,43.6908632085078],[-79.4834593878639,43.6908644957776],[-79.4834599457275,43.6908657920452],[-79.4834605035961,43.6908670703101],[-79.4834608879126,43.690867925489],[-79.4834614457763,43.6908692217565],[-79.4834620284547,43.690870500025],[-79.483462387959,43.6908713642016],[-79.4834629706349,43.6908726514714],[-79.4834635285037,43.6908739297363],[-79.4834639128177,43.6908747939164],[-79.4834644830914,43.6908760721831],[-79.4834648674079,43.690876927362],[-79.4834654252718,43.6908782236295],[-79.4834659955455,43.6908795018962],[-79.4834663798596,43.6908803660763],[-79.4834669501334,43.690881644343],[-79.4834673220452,43.69088249952],[-79.4834678923189,43.6908837777867],[-79.4834682766331,43.6908846419668],[-79.483468846907,43.6908859202335],[-79.4834692188163,43.6908867844118],[-79.4834697890902,43.6908880626785],[-79.4834701734044,43.6908889268586],[-79.4834707436783,43.6908902051253],[-79.4834711155877,43.6908910693036],[-79.4834716858617,43.6908923475703],[-79.483472070176,43.6908932117504],[-79.48347264045,43.6908944900171],[-79.4834730247643,43.6908953541972],[-79.4834735950383,43.6908966324638],[-79.4834741653099,43.6908979197318],[-79.4834747355815,43.6908992069997],[-79.4834753058531,43.6909004942677],[-79.4834758761273,43.6909017725343],[-79.483476446399,43.6909030598023],[-79.4834772150328,43.6909047701598],[-79.4834777853045,43.6909060574278],[-79.4834783555763,43.6909073446957],[-79.4834789258505,43.6909086229623],[-79.4834793101651,43.6909094871424],[-79.4834798928443,43.6909107654108],[-79.4834804631161,43.6909120526787],[-79.483481033388,43.6909133399466],[-79.4834816036623,43.6909146182133],[-79.4834821863391,43.690915905483],[-79.4834827566111,43.6909171927509],[-79.4834833392954,43.6909184530167],[-79.4834837236051,43.6909193351993],[-79.4834842938796,43.6909206134659],[-79.4834848641516,43.6909219007338],[-79.483485446831,43.6909231790022],[-79.4834858311458,43.6909240431823],[-79.4834864014203,43.6909253214488],[-79.4834869840973,43.6909266087185],[-79.4834875543719,43.6909278869851],[-79.483488137049,43.6909291742548],[-79.4834887073212,43.6909304615226],[-79.4834892900008,43.690931739791],[-79.483489872678,43.6909330270607],[-79.4834904429527,43.6909343053273],[-79.4834910256299,43.6909355925969],[-79.4834915959047,43.6909368708634],[-79.4834921785819,43.6909381581331],[-79.4834927612592,43.6909394454027],[-79.4834933315341,43.6909407236693],[-79.4834937282564,43.6909415788498],[-79.4834942985288,43.6909428661177],[-79.4834948812086,43.690944144386],[-79.483495463886,43.6909454316556],[-79.4834960465659,43.690946709924],[-79.4834966168384,43.6909479971918],[-79.4834970135609,43.6909488523723],[-79.4834975838359,43.6909501306388],[-79.4834979805583,43.6909509858193],[-79.4834985632358,43.6909522730889],[-79.4834991335109,43.6909535513554],[-79.4834995302334,43.6909544065359],[-79.483500112911,43.6909556938055],[-79.4835006955911,43.6909569720738],[-79.4835012782687,43.6909582593434],[-79.4835018609488,43.6909595376117],[-79.483502443629,43.69096081588],[-79.4835030263067,43.6909621031496],[-79.4835036089869,43.6909633814179],[-79.4835041916647,43.6909646686875],[-79.4835047743449,43.6909659469557],[-79.4835053570227,43.6909672342253],[-79.483505939703,43.6909685124936],[-79.4835065223834,43.6909697907619],[-79.4835071050612,43.6909710780314],[-79.4835075017839,43.6909719332119],[-79.4835080968692,43.6909732114819],[-79.4835086671423,43.6909744987497],[-79.4835092622276,43.6909757770197],[-79.4835096589504,43.6909766322002],[-79.483510229226,43.6909779104667],[-79.483510811904,43.6909791977362],[-79.4835114069894,43.6909804760062],[-79.4835118037122,43.6909813311867],[-79.4835122004351,43.6909821863671],[-79.4835126715381,43.6909832215842],[-79.4836188340461,43.6912063699969],[-79.4837040602046,43.6913744453879],[-79.4837933311751,43.6915414141244],[-79.4839341366299,43.6917886906018],[-79.4840332965254,43.6919526450942],[-79.484074278581,43.6920162539655],[-79.4842145482474,43.6922338887374],[-79.4848219495513,43.6931403923493],[-79.485447970717,43.6940747899662],[-79.4854588092542,43.6940909756689],[-79.4854263249739,43.6941180204149],[-79.4850261012485,43.6939012175686]]]]},"properties":{"_id":3098,"AREA_ID":41182,"AREA_ATTR_ID":570,"PARENT_AREA_ID":null,"AREA_CLASS_ID":802,"AREA_CLASS":"Park","AREA_SHORT_CODE":"570","AREA_LONG_CODE":"570","AREA_NAME":"NORTH KEELESDALE PARK","AREA_DESC":"None","OBJECTID":4344173}},{"type":"Feature","geometry":{"type":"MultiPolygon","coordinates":[[[[-79.428418685757,43.7021933281138],[-79.4292427234934,43.7020141756412],[-79.4292700032553,43.7020489284614],[-79.4284452578909,43.7022280986892],[-79.428418685757,43.7021933281138]]],[[[-79.4293572679369,43.7019919143141],[-79.4306288395641,43.7017254450949],[-79.4293868046779,43.7020276766447],[-79.4293572679369,43.7019919143141]]]]},"properties":{"_id":3116,"AREA_ID":41074,"AREA_ATTR_ID":1442,"PARENT_AREA_ID":null,"AREA_CLASS_ID":810,"AREA_CLASS":"Traffic Island","AREA_SHORT_CODE":"1442","AREA_LONG_CODE":"1442","AREA_NAME":"OLD FOREST HILL TRAFFIC ISLAND","AREA_DESC":"None","OBJECTID":4344227}},{"type":"Feature","geometry":{"type":"MultiPolygon","coordinates":[[[[-79.4317308370987,43.7015752111131],[-79.4317438789871,43.7015734186455],[-79.4317609403337,43.7015829521864],[-79.4318775109266,43.7018735650282],[-79.4319769041861,43.7021263621429],[-79.4320198046468,43.7022284261648],[-79.4320202064966,43.7022461229184],[-79.4320057467002,43.7022508759946],[-79.4319732182867,43.7022479132225],[-79.4319513632617,43.7021873036032],[-79.4317057832639,43.7015895891939],[-79.4317308370987,43.7015752111131]]],[[[-79.4323528703861,43.7032050554237],[-79.4324082368811,43.7031899660302],[-79.4325452805884,43.7035297191837],[-79.4324915662334,43.7035428293374],[-79.4323528703861,43.7032050554237]]],[[[-79.4324524837872,43.7045473756744],[-79.4324070884115,43.7044109255083],[-79.4325311460205,43.7044501453477],[-79.4324925577537,43.7044946968809],[-79.4324524837872,43.7045473756744]]]]},"properties":{"_id":3168,"AREA_ID":41070,"AREA_ATTR_ID":1445,"PARENT_AREA_ID":null,"AREA_CLASS_ID":810,"AREA_CLASS":"Traffic Island","AREA_SHORT_CODE":"1445","AREA_LONG_CODE":"1445","AREA_NAME":"OLD PARK ROAD TRAFFIC ISLAND","AREA_DESC":"None","OBJECTID":4344284}},{"type":"Feature","geometry":{"type":"MultiPolygon","coordinates":[[[[-79.4714073143044,43.6982965890717],[-79.4720454655621,43.6980511558376],[-79.4720531910487,43.6980590788582],[-79.4720616859246,43.6980665880072],[-79.4720708757723,43.6980736382598],[-79.4720807357918,43.6980802026059],[-79.4720912163742,43.6980862450281],[-79.4721022555001,43.6980917385072],[-79.4721138035606,43.6980966470258],[-79.4721257985318,43.6981009525661],[-79.4721381783942,43.6981046281089],[-79.4721508935261,43.6981076646407],[-79.4721638694972,43.6981100441408],[-79.4721770442877,43.6981117395901],[-79.4721903558569,43.6981127689761],[-79.4722037297787,43.6981131052766],[-79.4722171040164,43.6981127574779],[-79.4722304041315,43.6981117255619],[-79.4722435804979,43.6981100095166],[-79.4722565586686,43.6981076273265],[-79.472269264205,43.6981045789736],[-79.4722816350623,43.6981008914469],[-79.4722936340171,43.6980965737387],[-79.4723051618054,43.698091652829],[-79.472316193602,43.6980861557156],[-79.4724826917342,43.6984830445947],[-79.4722691565912,43.6985265232058],[-79.471906381881,43.6986003981809],[-79.4715560134424,43.6986728618897],[-79.4714073514937,43.69829665209],[-79.4714073143044,43.6982965890717]]]]},"properties":{"_id":3253,"AREA_ID":195985,"AREA_ATTR_ID":77394,"PARENT_AREA_ID":null,"AREA_CLASS_ID":802,"AREA_CLASS":"Park","AREA_SHORT_CODE":"77394","AREA_LONG_CODE":"77394","AREA_NAME":"CANON JACKSON PARK","AREA_DESC":"None","OBJECTID":4344740}},{"type":"Feature","geometry":{"type":"MultiPolygon","coordinates":[[[[-79.487887510083,43.6949330326047],[-79.4878771737402,43.6947600717023],[-79.4877528440487,43.6945156643879],[-79.4875870799273,43.6942750239772],[-79.4873539286689,43.6940418829584],[-79.487146680638,43.6938726625489],[-79.486820255187,43.6936432814406],[-79.4864001177432,43.6933218410543],[-79.4864512437263,43.6932517990598],[-79.4867026837654,43.6933285646128],[-79.4871214376717,43.6936303269046],[-79.4877225052723,43.6940634722341],[-79.4879879229908,43.6944930780886],[-79.4881140603598,43.6946972585658],[-79.4881353045021,43.6947316457053],[-79.4881565610726,43.6947660418432],[-79.4882131378868,43.694857644829],[-79.487887510083,43.6949330326047]]]]},"properties":{"_id":3292,"AREA_ID":41174,"AREA_ATTR_ID":1358,"PARENT_AREA_ID":null,"AREA_CLASS_ID":814,"AREA_CLASS":"Boulevard","AREA_SHORT_CODE":"1358","AREA_LONG_CODE":"1358","AREA_NAME":"INDUSTRY STREET BOULEVARD","AREA_DESC":"None","OBJECTID":4346107}}]}