{"type":"FeatureCollection","features":[{"type":"Feature","geometry":{"type":"MultiPolygon","coordinates":[[[[-79.4510192436311,43.6841263342032],[-79.4509998558034,43.6840789979175],[-79.4514629853811,43.6839765409886],[-79.4514823896718,43.6840238682022],[-79.4515211747766,43.6841185244089],[-79.4510580156625,43.6842209995609],[-79.4510192436311,43.6841263342032]]]]},"properties":{"_id":180,"FLOC_ID":"007426-P01","Property Description":"NAIRN PARK","Address":"261 NAIRN AVE","City":"TORONTO","Intersection":"ROGERS RD & NAIRN AVE","Ward \\#":9,"Ward Name":"Davenport","Former Municipality":"None","District":"South","City Cluster":"Citizen-Focused Services Group A","Property Type":"Park/Rec/Open Space","Property Status":"City Use","Jurisdiction":"Parks & Recreation","Management":"Parks & Recreation","Owner":"City of Toronto","Area (M2)":617,"Frontage (M)":null,"Depth (M)":null,"Area (FT2)":6642,"Frontage (FT)":null,"Depth (FT)":null,"OBJECTID":180}},{"type":"Feature","geometry":{"type":"MultiPolygon","coordinates":[[[[-79.4341395783744,43.7031543162934],[-79.4326398291831,43.7035066704619],[-79.4324380633219,43.7030096745696],[-79.4321814762852,43.7023776760918],[-79.4336935217097,43.7020544784413],[-79.4338643820972,43.7024757418695],[-79.4339497834875,43.7026863023494],[-79.4340202229206,43.7028599956892],[-79.4341395783744,43.7031543162934]]]]},"properties":{"_id":471,"FLOC_ID":"001317-P01","Property Description":"WEST PREPARATORY PUBLIC SCHOOL","Address":"70 RIDGE HILL DR","City":"TORONTO","Intersection":"NWC RIDGE HILL DR, OLD PARK RD","Ward \\#":8,"Ward Name":"Eglinton-Lawrence","Former Municipality":"Toronto (Old)","District":"North","City Cluster":"Citizen-Focused Services Group A","Property Type":"Park/Rec/Open Space","Property Status":"City Use","Jurisdiction":"Parks & Recreation","Management":"Parks & Recreation","Owner":"Toronto District School Board","Area (M2)":16397,"Frontage (M)":null,"Depth (M)":null,"Area (FT2)":176496,"Frontage (FT)":null,"Depth (FT)":null,"OBJECTID":471}},{"type":"Feature","geometry":{"type":"MultiPolygon","coordinates":[[[[-79.4374381929634,43.7043039490738],[-79.437386540735,43.7041720052931],[-79.4373405835985,43.7040545710649],[-79.4373108698047,43.7039819990853],[-79.4372839369856,43.7039162173856],[-79.4372570079429,43.7038504401816],[-79.4372300802101,43.7037846530698],[-79.4372031376396,43.7037188731437],[-79.4371762087734,43.7036530959184],[-79.4371492812105,43.7035873150863],[-79.4371223524609,43.703521538747],[-79.4369930769372,43.7032057945675],[-79.4370218704647,43.7031990594771],[-79.4371419206461,43.7034844147408],[-79.4371551634354,43.7035138417964],[-79.4371845246748,43.703579056885],[-79.4372138735748,43.7036442674579],[-79.4372432386635,43.703709482532],[-79.4372725988566,43.7037746939947],[-79.4373019467019,43.7038399090428],[-79.4373313095008,43.7039051231907],[-79.4373606698714,43.7039703472303],[-79.4373935372797,43.7040433538858],[-79.4374451342193,43.7041579764805],[-79.4375037700924,43.7042882435153],[-79.4375624074722,43.7044184988162],[-79.4376937582079,43.70471027032],[-79.4376055197003,43.7047314426949],[-79.4374898330113,43.7044358919213],[-79.4374381929634,43.7043039490738]]]]},"properties":{"_id":801,"FLOC_ID":"000856-P02","Property Description":"NEWGATE PARKETTE - SOUTH PROP","Address":"126 ELM RIDGE DR","City":"TORONTO","Intersection":"None","Ward \\#":8,"Ward Name":"Eglinton-Lawrence","Former Municipality":"Toronto (Old)","District":"North","City Cluster":"Citizen-Focused Services Group A","Property Type":"Park/Rec/Open Space","Property Status":"City Use","Jurisdiction":"Parks & Recreation","Management":"Parks & Recreation","Owner":"City of Toronto","Area (M2)":783,"Frontage (M)":null,"Depth (M)":null,"Area (FT2)":8425,"Frontage (FT)":null,"Depth (FT)":null,"OBJECTID":801}},{"type":"Feature","geometry":{"type":"MultiPolygon","coordinates":[[[[-79.4805663714016,43.6995770223144],[-79.4804390211753,43.6995865122486],[-79.4803116659441,43.6995960083409],[-79.4801509555181,43.6993039555001],[-79.4806076639081,43.6992633894959],[-79.4807394066728,43.6992575672366],[-79.4808711357683,43.6992517340216],[-79.4810028784829,43.6992459087582],[-79.4811346211744,43.699240076142],[-79.4811334915673,43.6992459636954],[-79.4813677744628,43.6992695701859],[-79.4816184659213,43.6993114514424],[-79.4816192943987,43.6993326919053],[-79.4816161590749,43.699365727013],[-79.4819384614025,43.6994724967143],[-79.4820876541424,43.699521924636],[-79.4822519927561,43.6994340662372],[-79.4824498030062,43.6993283064907],[-79.4826567390301,43.6992176591875],[-79.4828545490978,43.6991118996366],[-79.4830447558229,43.6990102053942],[-79.4832273642431,43.6989125837002],[-79.4832804076188,43.6988842275233],[-79.483352186396,43.6988142620127],[-79.4834594025298,43.6987097591589],[-79.4835395326856,43.6986316485738],[-79.4836196737966,43.6985535469343],[-79.4837016368987,43.6984445242821],[-79.4838587833976,43.6982355628356],[-79.4838627828255,43.6982694253366],[-79.4838658083401,43.6983033399073],[-79.4838678562212,43.6983372939454],[-79.4838689289527,43.698371271249],[-79.4838690240555,43.6984052574157],[-79.483866151359,43.6986619997671],[-79.4838663443745,43.6986824687163],[-79.4838673587041,43.6987029242795],[-79.4838691931126,43.6987233493539],[-79.4838718476051,43.6987437277372],[-79.483875319706,43.6987640414265],[-79.4835460326914,43.699084435731],[-79.4833342456365,43.6992028196431],[-79.4828768149863,43.6993654952498],[-79.4826493182263,43.6995030464666],[-79.4823882684052,43.6997316472446],[-79.4823626220075,43.6997459841348],[-79.4823440699058,43.6997555946412],[-79.4822345018193,43.699812371261],[-79.4820481028306,43.6999089412086],[-79.48194627721,43.6999617014937],[-79.4818889432172,43.6999859994883],[-79.4818580985397,43.6999990635596],[-79.481872856178,43.7000162421488],[-79.4818878891644,43.7000337223226],[-79.4818603716054,43.7000397326163],[-79.4818282868051,43.7000467386193],[-79.4817388751515,43.7000662697557],[-79.4817052989282,43.7000736022325],[-79.4816636230052,43.7000827138541],[-79.4816585259595,43.7000838228945],[-79.4816031177786,43.6999887784467],[-79.4815840809014,43.6999561376296],[-79.4815008344877,43.699813400744],[-79.4813956685099,43.699674029409],[-79.4813186147355,43.6996163915257],[-79.4812360239584,43.6995270870656],[-79.4808687467678,43.6995544728993],[-79.4805663714016,43.6995770223144]]]]},"properties":{"_id":833,"FLOC_ID":"002885-P01","Property Description":"MUNICIPAL PARK","Address":"0 CULFORD RD","City":"TORONTO","Intersection":"SEC PILGRIM CRT & CLIFORD RD","Ward \\#":5,"Ward Name":"York South-Weston","Former Municipality":"Metro Toronto","District":"West","City Cluster":"Citizen-Focused Services Group A","Property Type":"Park/Rec/Open Space","Property Status":"City Use","Jurisdiction":"Parks & Recreation","Management":"Parks & Recreation","Owner":"City of Toronto","Area (M2)":12788,"Frontage (M)":69,"Depth (M)":null,"Area (FT2)":137650,"Frontage (FT)":225,"Depth (FT)":null,"OBJECTID":833}},{"type":"Feature","geometry":{"type":"MultiPolygon","coordinates":[[[[-79.4820876541424,43.699521924636],[-79.4819384614025,43.6994724967143],[-79.4819362884284,43.699433062647],[-79.4820876541424,43.699521924636]]]]},"properties":{"_id":834,"FLOC_ID":"002885-P01","Property Description":"MUNICIPAL PARK","Address":"0 CULFORD RD","City":"TORONTO","Intersection":"SEC PILGRIM CRT & CLIFORD RD","Ward \\#":5,"Ward Name":"York South-Weston","Former Municipality":"Metro Toronto","District":"West","City Cluster":"Citizen-Focused Services Group A","Property Type":"Park/Rec/Open Space","Property Status":"City Use","Jurisdiction":"Parks & Recreation","Management":"Parks & Recreation","Owner":"City of Toronto","Area (M2)":12788,"Frontage (M)":69,"Depth (M)":null,"Area (FT2)":137650,"Frontage (FT)":225,"Depth (FT)":null,"OBJECTID":834}},{"type":"Feature","geometry":{"type":"MultiPolygon","coordinates":[[[[-79.4863724830973,43.6987853493059],[-79.486156863704,43.6988028732016],[-79.4860047456444,43.6983407692062],[-79.4861294518068,43.6984247790013],[-79.4863724830973,43.6987853493059]]]]},"properties":{"_id":835,"FLOC_ID":"002885-P02","Property Description":"MUNICIPAL PARK","Address":"0 CULFORD RD","City":"TORONTO","Intersection":"BTWN 1 PITKIN CRT & 2 PARSON CRT","Ward \\#":5,"Ward Name":"York South-Weston","Former Municipality":"Metro Toronto","District":"West","City Cluster":"Citizen-Focused Services Group A","Property Type":"Park/Rec/Open Space","Property Status":"City Use","Jurisdiction":"Parks & Recreation","Management":"Parks & Recreation","Owner":"City of Toronto","Area (M2)":9024,"Frontage (M)":59,"Depth (M)":null,"Area (FT2)":97139,"Frontage (FT)":193,"Depth (FT)":null,"OBJECTID":835}},{"type":"Feature","geometry":{"type":"MultiPolygon","coordinates":[[[[-79.4856432892195,43.6985597841595],[-79.4855496389949,43.6984770145428],[-79.4855315405834,43.6984610178696],[-79.4855134310159,43.6984450202919],[-79.485405230282,43.698349397575],[-79.4852170919188,43.6983032976184],[-79.4849256668992,43.6982318982661],[-79.4848732091478,43.6982457200113],[-79.4847074211556,43.6982893991931],[-79.4845176099747,43.6983394054869],[-79.4843278071631,43.6983894105662],[-79.4842443436043,43.698405523995],[-79.484117715778,43.6984864010221],[-79.4841186052558,43.6984067388706],[-79.4841185104137,43.6983712305867],[-79.4841174627559,43.6983357311716],[-79.4841154597994,43.6983002532265],[-79.4841125040237,43.6982648102538],[-79.4841085966676,43.6982294157555],[-79.4841037389697,43.6981940832335],[-79.484097932169,43.6981588252897],[-79.484091179985,43.6981236572267],[-79.4840834824161,43.6980885916461],[-79.4840748456637,43.6980536411504],[-79.4840652697259,43.6980188192413],[-79.4840490583368,43.6979626516558],[-79.4840924187892,43.6979663455252],[-79.4842567068122,43.6980017442245],[-79.4842909591877,43.6979982735404],[-79.484515805434,43.697975511163],[-79.4847395646869,43.6979528562135],[-79.4849516312686,43.6979382257339],[-79.485086180848,43.6979420122065],[-79.485250657788,43.6979781359059],[-79.4854102918847,43.6980177188447],[-79.4855823260147,43.6981053276856],[-79.4857512225318,43.6981899618504],[-79.4859161475596,43.6982880665991],[-79.4860047456444,43.6983407692062],[-79.486156863704,43.6988028732016],[-79.4864811990615,43.6990056659554],[-79.486065078075,43.6991069263399],[-79.4857484106284,43.6989101705269],[-79.4857157278794,43.6988012247992],[-79.4856432892195,43.6985597841595]]]]},"properties":{"_id":879,"FLOC_ID":"002885-P02","Property Description":"MUNICIPAL PARK","Address":"0 CULFORD RD","City":"TORONTO","Intersection":"BTWN 1 PITKIN CRT & 2 PARSON CRT","Ward \\#":5,"Ward Name":"York South-Weston","Former Municipality":"Metro Toronto","District":"West","City Cluster":"Citizen-Focused Services Group A","Property Type":"Park/Rec/Open Space","Property Status":"City Use","Jurisdiction":"Parks & Recreation","Management":"Parks & Recreation","Owner":"City of Toronto","Area (M2)":9024,"Frontage (M)":59,"Depth (M)":null,"Area (FT2)":97139,"Frontage (FT)":193,"Depth (FT)":null,"OBJECTID":879}},{"type":"Feature","geometry":{"type":"MultiPolygon","coordinates":[[[[-79.4915466486361,43.6850705965138],[-79.4912857062993,43.6851283590052],[-79.4911905529705,43.6849049698875],[-79.4910562099213,43.6845895842631],[-79.4911543379687,43.6845676107064],[-79.4912269112297,43.6845514868568],[-79.4913175322419,43.6845313452497],[-79.4913663781405,43.6848644666205],[-79.4914727709902,43.684956899124],[-79.4914748929968,43.6849587418497],[-79.4916864400311,43.6850396512731],[-79.4915466486361,43.6850705965138]]]]},"properties":{"_id":1220,"FLOC_ID":"003155-P01","Property Description":"GLADHURST PARK","Address":"0 ELHURST CRT","City":"TORONTO","Intersection":"NWC ASTORIA AVE & ELHURST CRT","Ward \\#":5,"Ward Name":"York South-Weston","Former Municipality":"York","District":"West","City Cluster":"Citizen-Focused Services Group A","Property Type":"Park/Rec/Open Space","Property Status":"City Use","Jurisdiction":"Parks & Recreation","Management":"Parks & Recreation","Owner":"City of Toronto","Area (M2)":890,"Frontage (M)":62,"Depth (M)":null,"Area (FT2)":9583,"Frontage (FT)":205,"Depth (FT)":null,"OBJECTID":1220}},{"type":"Feature","geometry":{"type":"MultiPolygon","coordinates":[[[[-79.4618776048921,43.6886011517227],[-79.4618748428579,43.6885945978546],[-79.4624961024364,43.6884564965846],[-79.4624982280831,43.6884632167532],[-79.46251951923,43.6885305444662],[-79.4619052649894,43.6886666463071],[-79.4618776048921,43.6886011517227]]]]},"properties":{"_id":1230,"FLOC_ID":"003302-P01","Property Description":"BERT ROBINSON PARK","Address":"408 GILBERT AVE","City":"TORONTO","Intersection":"ADJ TO 410X N GIBERT ST","Ward \\#":9,"Ward Name":"Davenport","Former Municipality":"York","District":"South","City Cluster":"Citizen-Focused Services Group A","Property Type":"Park/Rec/Open Space","Property Status":"City Use","Jurisdiction":"Parks & Recreation","Management":"Parks & Recreation","Owner":"City of Toronto","Area (M2)":445,"Frontage (M)":8,"Depth (M)":null,"Area (FT2)":4792,"Frontage (FT)":28,"Depth (FT)":null,"OBJECTID":1230}},{"type":"Feature","geometry":{"type":"MultiPolygon","coordinates":[[[[-79.4603988104977,43.6883754616279],[-79.4603093032642,43.6880703539767],[-79.4603008502415,43.6880187933856],[-79.4602896891255,43.6879506919606],[-79.460284359381,43.6879181612044],[-79.4602717021526,43.6878841849926],[-79.4602268806868,43.6877638463016],[-79.4601717298045,43.6876612869647],[-79.4600337803231,43.6874047575038],[-79.4605053451568,43.6873001993492],[-79.4610187175209,43.6871863560661],[-79.461097408181,43.6873723479911],[-79.4613361242264,43.6873196462442],[-79.4622543662955,43.6871222962303],[-79.4622548980287,43.6871249175853],[-79.4622600634574,43.6872331653607],[-79.4622617089622,43.6872676363936],[-79.4622702009269,43.6874456039538],[-79.4622722186351,43.6874878855383],[-79.4622768711349,43.6875853693794],[-79.46228488841,43.6877885881247],[-79.4623399585269,43.6879627346671],[-79.4623441466108,43.6879759805623],[-79.4623754291785,43.6880749025671],[-79.4623911800637,43.6881247083516],[-79.4624961024364,43.6884564965846],[-79.4618748428579,43.6885945978546],[-79.4617631106806,43.6883300203985],[-79.4615254655594,43.6883841320917],[-79.4614278441757,43.68840573742],[-79.4613374443397,43.6884257446763],[-79.4612470568475,43.6884457527653],[-79.4611566692958,43.6884657598826],[-79.4610301176929,43.6884937675633],[-79.461012028244,43.6884977786755],[-79.4609843059526,43.6884322550476],[-79.460956583714,43.688366743114],[-79.4609266297084,43.6882959349445],[-79.4604132304858,43.6884095554501],[-79.4603988104977,43.6883754616279]]]]},"properties":{"_id":1263,"FLOC_ID":"003302-P02","Property Description":"BERT ROBINSON PARK","Address":"400 CALEDONIA RD","City":"TORONTO","Intersection":"BTWN 396 & 446 CALEDONIA RD","Ward \\#":9,"Ward Name":"Davenport","Former Municipality":"York","District":"South","City Cluster":"Citizen-Focused Services Group A","Property Type":"Park/Rec/Open Space","Property Status":"City Use","Jurisdiction":"Parks & Recreation","Management":"Parks & Recreation","Owner":"City of Toronto","Area (M2)":20841,"Frontage (M)":111,"Depth (M)":null,"Area (FT2)":224334,"Frontage (FT)":363,"Depth (FT)":null,"OBJECTID":1263}},{"type":"Feature","geometry":{"type":"MultiPolygon","coordinates":[[[[-79.4300846809719,43.6935578018505],[-79.4300796697894,43.6935615433231],[-79.4300740004979,43.6935647506163],[-79.4300677773733,43.693567363485],[-79.4300611195643,43.6935693333952],[-79.43005415241,43.6935706226179],[-79.4300470074374,43.69357120603],[-79.4300398198775,43.6935710738129],[-79.4300327261882,43.6935702278503],[-79.4300258578497,43.6935686835248],[-79.4300193463241,43.6935664715214],[-79.4300133143783,43.6935636324212],[-79.4300078760796,43.6935602203018],[-79.4299005549983,43.6934827947269],[-79.4297798054693,43.6933956880123],[-79.4299625688518,43.6932383639218],[-79.4300678691842,43.6933143389975],[-79.4302307348124,43.6934318513867],[-79.4300846809719,43.6935578018505]]]]},"properties":{"_id":1291,"FLOC_ID":"004947-P01","Property Description":"CEDARVALE PARK","Address":"41 MARKDALE AVE","City":"TORONTO","Intersection":"ABUTTING SS & WS 75 STRATHEARN RD","Ward \\#":12,"Ward Name":"Toronto-St. Paul's","Former Municipality":"York","District":"South","City Cluster":"Citizen-Focused Services Group A","Property Type":"Park/Rec/Open Space","Property Status":"City Use","Jurisdiction":"Parks & Recreation","Management":"Parks & Recreation","Owner":"City of Toronto","Area (M2)":648,"Frontage (M)":22,"Depth (M)":30,"Area (FT2)":6970,"Frontage (FT)":71,"Depth (FT)":100,"OBJECTID":1291}},{"type":"Feature","geometry":{"type":"MultiPolygon","coordinates":[[[[-79.4859698455216,43.6968492382265],[-79.4856718738477,43.6967513608658],[-79.4853489645969,43.696688522448],[-79.4853701252826,43.6965522888611],[-79.4849605685543,43.6964103529008],[-79.4849203260816,43.6961917161978],[-79.4849041586787,43.6960529483926],[-79.4847891137035,43.6960758792276],[-79.4844516033544,43.6961431571578],[-79.4844495115616,43.6961341195791],[-79.4844467274909,43.6961251800202],[-79.4844432610601,43.6961163672866],[-79.4847858815264,43.6960481170217],[-79.4849009264476,43.6960251951911],[-79.4848667065602,43.695731425486],[-79.4847561038453,43.6957921532919],[-79.4847387620798,43.6956387582011],[-79.4848746115759,43.6956080980619],[-79.4853112685638,43.6955099806387],[-79.4855978376196,43.6959338356248],[-79.4856410235509,43.6959977034047],[-79.4856667196131,43.6960357100725],[-79.4860848804592,43.6966542015783],[-79.4861773252032,43.6967909324585],[-79.4864532146391,43.6971989650508],[-79.4864339309092,43.6971804444154],[-79.4862336310982,43.6969881763713],[-79.4859698455216,43.6968492382265]]]]},"properties":{"_id":1312,"FLOC_ID":"005552-P01","Property Description":"TRCA LANDS","Address":"0 COMAY RD","City":"TORONTO","Intersection":"BTWN 95 & 96 COMAY RD","Ward \\#":5,"Ward Name":"York South-Weston","Former Municipality":"Metro Toronto","District":"West","City Cluster":"Affiliated Corporations and Organizations","Property Type":"Park/Rec/Open Space","Property Status":"City Use","Jurisdiction":"Toronto & Region Conservation Authority","Management":"Parks & Recreation","Owner":"Toronto & Region Conservation Authority","Area (M2)":13678,"Frontage (M)":3,"Depth (M)":null,"Area (FT2)":147233,"Frontage (FT)":10,"Depth (FT)":null,"OBJECTID":1312}},{"type":"Feature","geometry":{"type":"MultiPolygon","coordinates":[[[[-79.4304048766895,43.6928485900193],[-79.4303562733131,43.6928127253663],[-79.4302522806236,43.6927360123414],[-79.430237565462,43.692725335928],[-79.4302225783978,43.6927148600757],[-79.4301991703827,43.692699262744],[-79.4301751539481,43.692684160107],[-79.4301505501691,43.6926695638788],[-79.4301253776389,43.6926554866723],[-79.4300996586719,43.6926419411026],[-79.4300734143462,43.6926289361834],[-79.4300473414604,43.6926167954874],[-79.4300208114507,43.6926051891824],[-79.4299938429141,43.6925941262808],[-79.4299664581691,43.6925836157974],[-79.4299386782935,43.6925736667459],[-79.4299105256088,43.6925642854407],[-79.4298820211939,43.6925554799957],[-79.4298527508448,43.6925471376402],[-79.4298231634612,43.69253940357],[-79.4297932850859,43.6925322841019],[-79.42976314052,43.6925257864518],[-79.4297327508486,43.6925199133329],[-79.4297021445943,43.6925146719636],[-79.4296713440824,43.6925100650579],[-79.4296478075098,43.692507001836],[-79.4296241861612,43.6925043004092],[-79.4296015889209,43.6925020820776],[-79.4295789354723,43.6925001940544],[-79.4295601294773,43.692496739472],[-79.4295415785659,43.6924926234487],[-79.4295233261463,43.6924878550126],[-79.4295054168652,43.6924824449928],[-79.4294878928848,43.6924764069175],[-79.4294707963655,43.6924697561152],[-79.4294541669883,43.6924625061124],[-79.4294380456676,43.6924546767374],[-79.4294224708398,43.6924462851166],[-79.4294074796973,43.6924373510761],[-79.4293931069486,43.6924278971408],[-79.4293793873018,43.6924179458356],[-79.4293663542256,43.6924075187845],[-79.4293540387002,43.6923966439109],[-79.42934246923,43.692385344636],[-79.4293316743128,43.6923736497817],[-79.4293216787281,43.6923615854675],[-79.4293146247915,43.6923492034255],[-79.4293083724977,43.6923365959463],[-79.4293026225609,43.6923229797323],[-79.4292978082,43.6923091741693],[-79.4292943849666,43.6922970509085],[-79.429291682588,43.6922848317795],[-79.4292897059983,43.692272540189],[-79.4292884601339,43.692260197743],[-79.4292879474478,43.6922478278466],[-79.4292881679121,43.692235453903],[-79.4292891202604,43.6922230975146],[-79.4292911598316,43.6922092331817],[-79.4292941222436,43.6921954558319],[-79.4292979975324,43.6921817987639],[-79.4293027782164,43.6921682943776],[-79.4293084530953,43.6921549723702],[-79.4293150084839,43.692141866038],[-79.4293224307022,43.6921290041764],[-79.4293306998657,43.6921164173774],[-79.4293397985707,43.6921041362345],[-79.429349704456,43.6920921877375],[-79.4293603939166,43.6920806015759],[-79.429371843353,43.6920694029386],[-79.429384025441,43.6920586197123],[-79.4293969116201,43.6920482761829],[-79.4294104720895,43.6920383966351],[-79.4294229849633,43.6920300853646],[-79.4294359762078,43.6920221695449],[-79.4294494197564,43.6920146626616],[-79.4294632932633,43.692007579103],[-79.4294775706629,43.6920009314546],[-79.4294913848986,43.6919946678739],[-79.4295003720541,43.69199073265],[-79.429622128737,43.6919362373262],[-79.429676350041,43.6919119671992],[-79.4297930660739,43.6918597216155],[-79.429913988167,43.6918056026212],[-79.4299988818535,43.6917676115652],[-79.4300217913406,43.6917571129793],[-79.4300443787078,43.6917462532397],[-79.4300666327839,43.6917350377405],[-79.4300885448779,43.6917234727776],[-79.4301163464756,43.6917079877464],[-79.4301435359006,43.6916919415536],[-79.4301460571395,43.6916904146744],[-79.430150788078,43.6916875092467],[-79.4301555029093,43.6916845867066],[-79.4301792166408,43.691669417808],[-79.4302023887643,43.6916538138112],[-79.4302250031407,43.6916377855082],[-79.430247046113,43.6916213427924],[-79.4302685015421,43.6916044964558],[-79.43028935825,43.6915872581936],[-79.4303096000977,43.691569638798],[-79.4303292146679,43.691551649063],[-79.4303481895403,43.6915333024836],[-79.4303722590528,43.6915085995887],[-79.4303880296882,43.6914913213048],[-79.4304032498301,43.6914737852464],[-79.4304195443836,43.6914539761125],[-79.4304351334246,43.6914338704043],[-79.4304500057734,43.6914134816171],[-79.4304631548993,43.6913943042542],[-79.4304756815394,43.6913749077796],[-79.430481383105,43.6913671890353],[-79.4304842793115,43.6913632032224],[-79.4304977752437,43.6913401717112],[-79.4305103795528,43.6913168759183],[-79.4305220835344,43.6912933347415],[-79.430532878486,43.6912695652781],[-79.4305427557035,43.6912455864259],[-79.4305517064825,43.6912214170826],[-79.4305597245998,43.6911970761472],[-79.4305668050726,43.6911725825197],[-79.4305729391968,43.6911479550977],[-79.4305781257112,43.6911232127833],[-79.4305823583916,43.6910983753757],[-79.4305856347364,43.6910734617762],[-79.4305879522441,43.6910484908861],[-79.4305893084109,43.6910234834069],[-79.4305897032162,43.6909984582413],[-79.4305891353979,43.6909734351915],[-79.4305876049355,43.6909484331602],[-79.4305851155286,43.6909234719524],[-79.4305816659163,43.69089857047],[-79.4305772622793,43.6908737485195],[-79.4305719045959,43.6908490259037],[-79.430565599049,43.6908244206287],[-79.4305583505787,43.6907999525003],[-79.4305501628848,43.6907756413235],[-79.430541044631,43.6907515051058],[-79.4305310019989,43.6907275627535],[-79.4305200436511,43.6907038331743],[-79.4305081757701,43.6906803343745],[-79.43049541074,43.6906570852638],[-79.4304817559847,43.6906341029491],[-79.4305328175195,43.6906517306276],[-79.4307132536103,43.6907140265017],[-79.4308937012291,43.6907763310985],[-79.4310741355835,43.690838629101],[-79.4310809456495,43.6908409816455],[-79.4312716103964,43.690906810411],[-79.4314656644829,43.6909738146591],[-79.4315670236541,43.6910088040168],[-79.4316795532519,43.6909850664999],[-79.4318683216763,43.6909452359134],[-79.4320280430772,43.6909115311312],[-79.4321478321473,43.6908862546471],[-79.4322012132885,43.6910191283605],[-79.4322270274938,43.6910834021255],[-79.4322424047028,43.691123018747],[-79.4326861131969,43.6910298690425],[-79.4329325292978,43.6915643695423],[-79.4329445975129,43.6915905505906],[-79.4330283835635,43.6917722944652],[-79.4328021663221,43.6917585922508],[-79.4327160465383,43.6918241241308],[-79.4326455814921,43.6918777366539],[-79.4325411842311,43.6919571664311],[-79.4325882440049,43.6920758960737],[-79.4326509782898,43.6922341695179],[-79.432712258196,43.6923787510982],[-79.432733697273,43.6924427539195],[-79.4327346011144,43.6924454197346],[-79.4327620437636,43.6925110733194],[-79.4327855493944,43.6925775292976],[-79.4328288803168,43.6926914139393],[-79.4328060587249,43.6926910845809],[-79.432783275102,43.6926900810433],[-79.4327605654231,43.6926884042479],[-79.4327379706232,43.6926860569192],[-79.4327155254329,43.6926830435783],[-79.4326932683049,43.6926793678485],[-79.4326712364469,43.6926750378529],[-79.4326494658284,43.6926700590137],[-79.4326279924145,43.6926644412536],[-79.4326068534123,43.692658192696],[-79.432586083546,43.6926513232628],[-79.4325657150556,43.6926438455751],[-79.4325457851432,43.692635772257],[-79.4323160143978,43.6925404324471],[-79.4321190668497,43.6924587144265],[-79.4319221186064,43.6923769870638],[-79.4318813482204,43.6923600754463],[-79.4318650238005,43.6923538773269],[-79.4318483104534,43.6923482514558],[-79.4318312466197,43.6923432113574],[-79.4318138695021,43.6923387678555],[-79.4317962212667,43.6923349308763],[-79.4317783391172,43.6923317103436],[-79.4317602664642,43.6923291125839],[-79.431742044238,43.6923271430224],[-79.4317237121285,43.6923258070836],[-79.4317053135492,43.6923251083937],[-79.4316868894367,43.6923250469773],[-79.4316676631709,43.692325670977],[-79.4316485031046,43.6923269890129],[-79.4316294576202,43.6923289984136],[-79.4316105738619,43.6923316947067],[-79.4315918989771,43.6923350707194],[-79.4315734788744,43.6923391174779],[-79.4315553594627,43.6923438260088],[-79.4315375866551,43.6923491837377],[-79.4315202038835,43.692355178089],[-79.431503254584,43.6923617928866],[-79.4314867797098,43.6923690137531],[-79.4314708227024,43.6923768200119],[-79.4314554220359,43.692385195484],[-79.4314406149534,43.6923941158882],[-79.4314264399325,43.6924035623453],[-79.4314129304967,43.6924135087718],[-79.431407782882,43.6924173843409],[-79.4314019821047,43.692420740143],[-79.4313956299522,43.6924235195311],[-79.431388831923,43.6924256748615],[-79.4313817046694,43.6924271683987],[-79.4313743697902,43.6924279759122],[-79.4313669538362,43.6924280821757],[-79.4313595808595,43.6924274872636],[-79.4313523773832,43.6924262002533],[-79.4313454661934,43.6924242437218],[-79.431338966343,43.6924216501453],[-79.4313329869478,43.6924184636958],[-79.4307833250189,43.692082738537],[-79.4307779938659,43.6920790033718],[-79.4307733765519,43.6920747960706],[-79.4307695536273,43.6920701886928],[-79.4307665882681,43.6920652595878],[-79.4307645337197,43.6920600925002],[-79.4307634208934,43.6920547756612],[-79.4307632720145,43.6920493990975],[-79.4307640882187,43.6920440537227],[-79.4307658557545,43.6920388313417],[-79.430768544749,43.6920338192489],[-79.4307721092026,43.6920291047291],[-79.4307764894805,43.6920247660571],[-79.4307862371439,43.6920163827526],[-79.430713923965,43.6919722019931],[-79.4306676082205,43.692012056849],[-79.4304969960227,43.6921588750773],[-79.4304462966148,43.6922024978192],[-79.4303918370903,43.6922493695163],[-79.4303263879627,43.6923056858486],[-79.4303987087034,43.6923498641549],[-79.4304616047675,43.6922957452448],[-79.4305162989669,43.6922486747289],[-79.4306424444613,43.6921401282123],[-79.430647593341,43.6921362535784],[-79.4306533941318,43.6921328987145],[-79.4306597475274,43.6921301202684],[-79.4306665455492,43.6921279649813],[-79.430673672785,43.6921264714886],[-79.4306810063963,43.6921256640193],[-79.4306884235568,43.6921255560008],[-79.4306957964909,43.692126150056],[-79.4307029999192,43.6921274353074],[-79.4307099110551,43.6921293909777],[-79.4307164133298,43.6921319827913],[-79.4307223939075,43.6921351665736],[-79.4308236530205,43.6921970145865],[-79.4309682888918,43.6922853561201],[-79.4311418611715,43.6923913745439],[-79.4312720286822,43.6924708929061],[-79.4312773623836,43.6924746262493],[-79.4312819810051,43.6924788326304],[-79.4312858052374,43.6924834381914],[-79.4312887706608,43.6924883663824],[-79.4312908277508,43.6924935325616],[-79.4312919406318,43.6924988493951],[-79.4312920908005,43.6925042250583],[-79.4312912746369,43.6925095704365],[-79.4312895071328,43.6925147928252],[-79.4312868181622,43.6925198031296],[-79.4312832524793,43.6925245176644],[-79.4312788722026,43.6925288554552],[-79.4311322171421,43.6926550076451],[-79.4310755448199,43.6927038910204],[-79.4309537311295,43.6928089499191],[-79.4307295646917,43.6930022583987],[-79.4307096480179,43.6930194315973],[-79.4306759104615,43.6930485294261],[-79.4305160859934,43.6929306261553],[-79.4304048766895,43.6928485900193]]]]},"properties":{"_id":1325,"FLOC_ID":"004947-P02","Property Description":"CEDARVALE PARK - CEDARVALE RAVINE","Address":"451 ARLINGTON AVE","City":"TORONTO","Intersection":"REAR OF 45-159 STRATHEARN RD","Ward \\#":12,"Ward Name":"Toronto-St. Paul's","Former Municipality":"York","District":"South","City Cluster":"Citizen-Focused Services Group A","Property Type":"Park/Rec/Open Space","Property Status":"City Use","Jurisdiction":"Parks & Recreation","Management":"Parks & Recreation","Owner":"City of Toronto","Area (M2)":108011,"Frontage (M)":null,"Depth (M)":null,"Area (FT2)":1162617,"Frontage (FT)":null,"Depth (FT)":null,"OBJECTID":1325}},{"type":"Feature","geometry":{"type":"MultiPolygon","coordinates":[[[[-79.4863612697417,43.6967342977471],[-79.4857731045138,43.6960193491178],[-79.4857424061525,43.6959820340491],[-79.4856863611519,43.6959139151891],[-79.4853473827081,43.6955018652101],[-79.4857238691557,43.6954174375435],[-79.4860735685599,43.6958127462207],[-79.4860810126723,43.6958263759798],[-79.4861335046969,43.6959226511494],[-79.486154673926,43.6959614663747],[-79.4868104213402,43.6971640845314],[-79.4867478518445,43.6972041870309],[-79.4866530643153,43.6970889775267],[-79.4863612697417,43.6967342977471]]]]},"properties":{"_id":1344,"FLOC_ID":"005552-P01","Property Description":"TRCA LANDS","Address":"0 COMAY RD","City":"TORONTO","Intersection":"BTWN 95 & 96 COMAY RD","Ward \\#":5,"Ward Name":"York South-Weston","Former Municipality":"Metro Toronto","District":"West","City Cluster":"Affiliated Corporations and Organizations","Property Type":"Park/Rec/Open Space","Property Status":"City Use","Jurisdiction":"Toronto & Region Conservation Authority","Management":"Parks & Recreation","Owner":"Toronto & Region Conservation Authority","Area (M2)":13678,"Frontage (M)":3,"Depth (M)":null,"Area (FT2)":147233,"Frontage (FT)":10,"Depth (FT)":null,"OBJECTID":1344}},{"type":"Feature","geometry":{"type":"MultiPolygon","coordinates":[[[[-79.4284006271729,43.6927031244521],[-79.4283417419264,43.6926238914668],[-79.4283362403204,43.692616497055],[-79.4283188889386,43.6925937210023],[-79.428300851224,43.692571227157],[-79.4282821346065,43.6925490272251],[-79.4282627489978,43.6925271320142],[-79.4282427030692,43.6925055523308],[-79.4282220067333,43.6924842980822],[-79.4281995200078,43.6924622820958],[-79.4281763356667,43.692440650922],[-79.4281524661027,43.6924194153697],[-79.4281279237072,43.6923985871479],[-79.4286602365542,43.6921039166691],[-79.4285917225069,43.6921074384017],[-79.4283623336042,43.6918962748092],[-79.4283138307461,43.6918516312816],[-79.4282701713376,43.6917930918721],[-79.4282205055901,43.6914057790429],[-79.4282195113256,43.6913979814959],[-79.4282179982914,43.6913862257531],[-79.4282442290313,43.6913796613745],[-79.4282701850313,43.6913725459382],[-79.4282958451961,43.6913648848318],[-79.4283211859482,43.6913566843418],[-79.4283461874303,43.6913479516569],[-79.428370828544,43.6913386948652],[-79.4283950869511,43.691328921154],[-79.4284189415522,43.6913186395117],[-79.4284423749712,43.6913078571286],[-79.4285297703614,43.6912609736454],[-79.4285589327064,43.691242576123],[-79.4287188406481,43.6911363418358],[-79.4287401790399,43.6911221699969],[-79.4287451448798,43.6911189056218],[-79.4287628400211,43.6911078009497],[-79.4287810853667,43.6910971763867],[-79.428799858571,43.6910870463207],[-79.4288191323273,43.6910774242365],[-79.42883888181,43.6910683236202],[-79.4288590797138,43.6910597570565],[-79.4288796974939,43.691051736229],[-79.4289007090887,43.6910442710228],[-79.4289237736146,43.6910368718985],[-79.4289472194249,43.6910301346019],[-79.428966431807,43.6910251814272],[-79.4289858532988,43.6910206775438],[-79.4290054640466,43.6910166283403],[-79.4290252441977,43.6910130383046],[-79.429048422049,43.6910094512747],[-79.4290717678618,43.6910064944351],[-79.4290952493796,43.6910041713661],[-79.4291188343474,43.6910024847482],[-79.4291424892694,43.6910014372609],[-79.4291661818905,43.6910010315844],[-79.4291898787203,43.6910012658979],[-79.4292135462642,43.6910021419808],[-79.4292371535127,43.6910036580136],[-79.4292606657362,43.6910058112746],[-79.4292840506846,43.6910085999435],[-79.4293072761124,43.6910120185998],[-79.4293303110121,43.6910160636238],[-79.4293531206581,43.6910207286934],[-79.4293756752856,43.6910260083893],[-79.4293971439563,43.6910317401753],[-79.4294182545916,43.6910381351318],[-79.4294389675102,43.6910451815327],[-79.4294592455126,43.6910528667535],[-79.4294790489215,43.6910611754678],[-79.4294983442608,43.6910700932531],[-79.4295170943363,43.6910796029843],[-79.4295352644334,43.6910896884377],[-79.4295528210822,43.6911003297904],[-79.4295697332926,43.6911115081207],[-79.4295859688363,43.691123202706],[-79.4296014979665,43.6911353919253],[-79.4296162921794,43.6911480523579],[-79.4296303229675,43.6911611632835],[-79.429643566793,43.6911746976841],[-79.429655998872,43.6911886330414],[-79.4296675944269,43.6912029414364],[-79.4296783336377,43.6912175985536],[-79.4296881966898,43.6912325755771],[-79.4296971650058,43.6912478463917],[-79.4297052224922,43.6912633821838],[-79.4297123530547,43.6912791550395],[-79.4297185455627,43.691295135248],[-79.4297237864049,43.6913112930966],[-79.4297280681722,43.6913275988767],[-79.429731382214,43.691344023779],[-79.4297337211233,43.6913605362944],[-79.4297350812125,43.6913771067165],[-79.4297354612771,43.69139370354],[-79.4297348588689,43.6914102979593],[-79.429733276506,43.6914268575712],[-79.4297307167032,43.6914433526729],[-79.4297191230551,43.691487910962],[-79.4297121597046,43.6915063251324],[-79.4297043716194,43.69152456507],[-79.4296957675056,43.6915426109773],[-79.429686356069,43.6915604430566],[-79.4296761472542,43.6915780433112],[-79.4296651510087,43.6915953910441],[-79.4296533809966,43.691612470061],[-79.4296418236869,43.691627989283],[-79.4296296278149,43.6916432488734],[-79.4296168045607,43.6916582353369],[-79.4296033651044,43.6916729351783],[-79.4295478894156,43.6917251166162],[-79.4295301668019,43.691739523067],[-79.4295117983822,43.6917534970545],[-79.4294928040223,43.6917670232887],[-79.4294732035884,43.691780086479],[-79.4294530194256,43.6917926731372],[-79.4294322738797,43.6918047688747],[-79.4294109880546,43.6918163611022],[-79.4294043584512,43.6918198135055],[-79.4293826383484,43.6918304243184],[-79.4293604586097,43.6918405235695],[-79.4293473779459,43.6918464383376],[-79.4293329138768,43.691851497126],[-79.4293186590948,43.6918568593855],[-79.4293014797286,43.6918638751728],[-79.4292846732121,43.6918713502541],[-79.4292682606462,43.6918792738413],[-79.4292522668526,43.6918876360484],[-79.4292367141741,43.6918964251876],[-79.4292216224745,43.6919056277697],[-79.4292197503673,43.6919068336842],[-79.4292031281326,43.691917924688],[-79.4291871726928,43.6919295201749],[-79.4291719138456,43.6919415985606],[-79.4291573789076,43.6919541382592],[-79.4291435951957,43.6919671176848],[-79.4291305863104,43.6919805107486],[-79.4291183783293,43.6919942949637],[-79.4291069911316,43.692008444239],[-79.4290964458349,43.6920229342843],[-79.4290867623218,43.692037736308],[-79.4290779579898,43.6920528251175],[-79.4290700489988,43.692068172819],[-79.4290630502685,43.692083751518],[-79.4290817210975,43.6920828188673],[-79.42907372794,43.6920990567449],[-79.4290665607225,43.6921154967634],[-79.4290602281556,43.6921321164252],[-79.4290547401907,43.6921488932333],[-79.4290501030574,43.6921658046885],[-79.4290463229857,43.6921828282915],[-79.4290434062064,43.6921999406429],[-79.4290413552277,43.6922171192411],[-79.4290401737984,43.6922343415853],[-79.4290398631896,43.6922515824725],[-79.4290404234265,43.6922688211999],[-79.4290418545393,43.6922860325639],[-79.4290442318334,43.6923035280559],[-79.4290475073549,43.6923209466942],[-79.429051678651,43.6923382650738],[-79.4290567383103,43.6923554570864],[-79.4290626789157,43.692372501124],[-79.4290694942963,43.6923893710789],[-79.4290771733134,43.6924060453411],[-79.4290838753485,43.692419099576],[-79.429091103543,43.6924320047154],[-79.4290920308036,43.6924336084211],[-79.4290997447915,43.6924458801702],[-79.4291079949058,43.6924579668245],[-79.4291167737184,43.6924698557776],[-79.4291279072347,43.6924836904695],[-79.4291397680821,43.6924972024647],[-79.4291523389167,43.6925103719494],[-79.4291656011534,43.6925231800091],[-79.4291795349663,43.6925356077286],[-79.4291941192898,43.6925476352917],[-79.4292093318148,43.6925592455819],[-79.4292251514726,43.6925704214834],[-79.4292415534738,43.6925811449781],[-79.4292585130239,43.6925914025485],[-79.4292760053323,43.6926011770764],[-79.4292940056054,43.6926104541443],[-79.4285476640225,43.6929018714135],[-79.4284493029306,43.6927688751788],[-79.428418574872,43.6927273122684],[-79.4284006271729,43.6927031244521]]]]},"properties":{"_id":1374,"FLOC_ID":"004947-P02","Property Description":"CEDARVALE PARK - CEDARVALE RAVINE","Address":"451 ARLINGTON AVE","City":"TORONTO","Intersection":"REAR OF 45-159 STRATHEARN RD","Ward \\#":12,"Ward Name":"Toronto-St. Paul's","Former Municipality":"York","District":"South","City Cluster":"Citizen-Focused Services Group A","Property Type":"Park/Rec/Open Space","Property Status":"City Use","Jurisdiction":"Parks & Recreation","Management":"Parks & Recreation","Owner":"City of Toronto","Area (M2)":108011,"Frontage (M)":null,"Depth (M)":null,"Area (FT2)":1162617,"Frontage (FT)":null,"Depth (FT)":null,"OBJECTID":1374}},{"type":"Feature","geometry":{"type":"MultiPolygon","coordinates":[[[[-79.4247842424991,43.6910660452956],[-79.4247822923237,43.6910661421265],[-79.4247430472046,43.6910678490452],[-79.4247037606588,43.6910689546364],[-79.4246644512949,43.6910694589125],[-79.4246251352403,43.6910693618841],[-79.4245858311061,43.6910686617631],[-79.4245465562568,43.6910673612614],[-79.4245073280627,43.6910654585903],[-79.4244681638885,43.6910629564617],[-79.4244290811011,43.6910598557873],[-79.4243898824918,43.6910561339335],[-79.4243508000111,43.6910518090561],[-79.4243118535046,43.6910468838689],[-79.424273060338,43.6910413601839],[-79.4242344366366,43.691035239812],[-79.4241960010032,43.6910285272664],[-79.4241577708034,43.6910212243592],[-79.4241197621601,43.6910133347017],[-79.4240819924367,43.6910048619062],[-79.4240448411083,43.6909958980383],[-79.4240079559683,43.690986369954],[-79.42397135686,43.6909762821673],[-79.4239350561856,43.6909656373873],[-79.4238990725443,43.6909544428275],[-79.4238634208181,43.6909427020987],[-79.4238281171285,43.6909304197127],[-79.423793176354,43.6909176019805],[-79.4237586146139,43.6909042552141],[-79.4234471480409,43.6907800442808],[-79.4232151883102,43.6906875722978],[-79.4232104793404,43.6906856977648],[-79.423095921917,43.6906399841736],[-79.4230489911652,43.6906221489242],[-79.4230143120079,43.6906096983823],[-79.4229793022621,43.6905977435786],[-79.4229439768071,43.6905862890234],[-79.4229083480413,43.6905753392256],[-79.422872430844,43.6905648986954],[-79.4228362388574,43.6905549692421],[-79.422799785719,43.6905455562755],[-79.4227630863104,43.6905366625056],[-79.4227261542714,43.6905282915421],[-79.4226890032417,43.6905204469945],[-79.4226516481074,43.6905131279724],[-79.4226141025049,43.6905063407858],[-79.4225763800725,43.6905000899445],[-79.422538495694,43.6904943763584],[-79.4225004654901,43.6904892036389],[-79.4224640916075,43.6904847818383],[-79.422427610412,43.6904808541245],[-79.4223910343078,43.6904774205059],[-79.4223543769378,43.6904744818918],[-79.4223176494622,43.69047204099],[-79.4223110382269,43.6904716341389],[-79.4223048648296,43.6904712671907],[-79.4222639935087,43.6904693257275],[-79.4222230754993,43.6904679981063],[-79.4221821281659,43.6904672852391],[-79.4221411701155,43.6904671862385],[-79.4221002174708,43.6904677029156],[-79.4220592851162,43.6904688352807],[-79.4220183928983,43.6904705833472],[-79.4219775606645,43.6904729462287],[-79.4219368033029,43.6904759212349],[-79.4218961406588,43.6904795092797],[-79.4218561322643,43.6904836513371],[-79.4218162483845,43.6904883848509],[-79.4217765063897,43.6904937062326],[-79.421739390224,43.690499229227],[-79.421702425963,43.6905052653874],[-79.4216656272535,43.690511812923],[-79.4216308664587,43.6905185049646],[-79.4215962799648,43.6905256570814],[-79.4215765203986,43.6904770545229],[-79.4216252540322,43.6903550285511],[-79.4216720646479,43.6902378322348],[-79.4216780085405,43.6902229382594],[-79.4217250056428,43.6901052640776],[-79.4218851139423,43.6897044188652],[-79.4219339610631,43.6895809598159],[-79.4220650644506,43.6896258352393],[-79.4221965171546,43.6896722040652],[-79.4223311923912,43.6897179196347],[-79.4224658938823,43.6897636350629],[-79.4226356062668,43.6898211216277],[-79.4228130586663,43.6898715174431],[-79.4229911053401,43.6899220754063],[-79.423031351048,43.6898755684998],[-79.4231952451983,43.6899437861634],[-79.423359142214,43.6900119936917],[-79.4235230420673,43.6900802126878],[-79.423687008106,43.6901483774846],[-79.4238834206822,43.6902300385986],[-79.4240801400428,43.6903118156946],[-79.4242206025848,43.6903702643122],[-79.4242740226326,43.6903731504248],[-79.4245301975398,43.6903870009183],[-79.4247865201803,43.6904008527352],[-79.4250426122308,43.6904146876237],[-79.4252987428301,43.6904285417664],[-79.4255571707822,43.6904425039469],[-79.4257995752296,43.6908753305113],[-79.4258365980115,43.6909414519609],[-79.4254862989501,43.6909851756818],[-79.4254506318032,43.6909896260706],[-79.4253279308341,43.6910048463861],[-79.4251359870692,43.6910288236098],[-79.4249645405145,43.6910502431975],[-79.4249286639877,43.6910544205466],[-79.4248926826466,43.6910580910425],[-79.4248566089004,43.691061251993],[-79.4248204576346,43.6910639043079],[-79.4247842424991,43.6910660452956]]]]},"properties":{"_id":1384,"FLOC_ID":"004947-P03","Property Description":"CEDARVALE PARK","Address":"0 HEATHDALE RD","City":"TORONTO","Intersection":"REAR OF 16-50 HEATHDALE RD","Ward \\#":12,"Ward Name":"Toronto-St. Paul's","Former Municipality":"Metro Toronto","District":"South","City Cluster":"Citizen-Focused Services Group A","Property Type":"Park/Rec/Open Space","Property Status":"City Use","Jurisdiction":"Parks & Recreation","Management":"Parks & Recreation","Owner":"City of Toronto","Area (M2)":24726,"Frontage (M)":null,"Depth (M)":null,"Area (FT2)":266152,"Frontage (FT)":null,"Depth (FT)":null,"OBJECTID":1384}},{"type":"Feature","geometry":{"type":"MultiPolygon","coordinates":[[[[-79.4288031456136,43.6908775377844],[-79.428777593543,43.6908863323359],[-79.4287524414468,43.6908957149157],[-79.4287277166269,43.6909056756396],[-79.4287034414234,43.6909162046205],[-79.4286796431383,43.6909272919741],[-79.4286563453565,43.6909389242135],[-79.4286335716587,43.6909510914525],[-79.4286113456299,43.690963780204],[-79.4285912388964,43.6909760085086],[-79.4285716340533,43.6909886583839],[-79.4285694006467,43.6909901440025],[-79.4284877379252,43.6910443941656],[-79.4283979831234,43.6911040219766],[-79.4283903877811,43.6911090678461],[-79.4283726080737,43.691120293025],[-79.4283543190389,43.6911310795187],[-79.4283355430196,43.6911414156394],[-79.4283162998788,43.6911512887973],[-79.428296610717,43.6911606891041],[-79.4282764991177,43.6911696048728],[-79.428255987422,43.6911780262156],[-79.4282354305682,43.6911858219362],[-79.4282145306847,43.6911931205661],[-79.4281933101085,43.6911999158183],[-79.4281717936593,43.691206199607],[-79.4281500024338,43.6912119656444],[-79.4281279600103,43.691217206744],[-79.4281056924462,43.6912219175215],[-79.4280832233179,43.6912260925907],[-79.4280771821086,43.6912271257391],[-79.4280711297926,43.6912281102731],[-79.4280611543747,43.6912296414171],[-79.4280619314701,43.6912219205941],[-79.4280728474894,43.6911132179055],[-79.4280866934211,43.6909755193794],[-79.4280935204182,43.6909075467805],[-79.4281071641635,43.6907718347061],[-79.4281266042721,43.6905803254288],[-79.4281624457996,43.6902246589799],[-79.4283509550239,43.6902347480314],[-79.4285394692609,43.6902448475767],[-79.4290009950693,43.6902695655927],[-79.4294299049732,43.6902925333648],[-79.4294609836756,43.6902948217747],[-79.4294919474214,43.690297823008],[-79.4295227639636,43.6903015334444],[-79.429553403535,43.6903059503654],[-79.429583835131,43.6903110683511],[-79.4296140277449,43.6903168837821],[-79.4296439516159,43.6903233885392],[-79.4296735769785,43.6903305781035],[-79.4297028740718,43.6903384443559],[-79.4297318131345,43.6903469791771],[-79.4297603656451,43.6903561753488],[-79.4297885018452,43.6903660220514],[-79.4298161956962,43.6903765102681],[-79.4298434174399,43.6903876291793],[-79.4298701410393,43.6903993679678],[-79.4298963379786,43.6904117140146],[-79.4299219847018,43.690424656504],[-79.4299470526952,43.690438181017],[-79.4299715184044,43.6904522749377],[-79.4299953582786,43.6904669229497],[-79.4300185462826,43.6904821124357],[-79.4300410601076,43.6904978262801],[-79.4300628774428,43.6905140491672],[-79.4300839759785,43.6905307648817],[-79.4301043346451,43.6905479572085],[-79.4301239323742,43.6905656090328],[-79.4301427518209,43.6905837014417],[-79.4301607719163,43.6906022173201],[-79.4301779753154,43.6906211377552],[-79.4301943446728,43.6906404438339],[-79.4302098638849,43.690660115744],[-79.4302245168465,43.6906801345732],[-79.4302382886944,43.69070048051],[-79.4302511670479,43.6907211319439],[-79.4302631370435,43.6907420690634],[-79.4302741887806,43.6907632711597],[-79.4302843098794,43.6907847157223],[-79.4302934904392,43.6908063820424],[-79.4303017205602,43.6908282485112],[-79.4303089940641,43.6908502935218],[-79.430315301053,43.6908724936651],[-79.4303206365879,43.6908948282353],[-79.430324995733,43.690917273826],[-79.4303283735512,43.6909398079313],[-79.430330766345,43.6909624089457],[-79.4303321716595,43.6909850534645],[-79.430332588279,43.6910077189837],[-79.4303320162285,43.6910303830001],[-79.4303304567744,43.6910530221112],[-79.4303279099417,43.6910756138136],[-79.4303243782363,43.6910981356055],[-79.4303198666442,43.6911205658868],[-79.4303143776733,43.6911428803554],[-79.4303079187896,43.6911650583128],[-79.4303004962215,43.6911870763592],[-79.4302921161956,43.691208912895],[-79.4302827874194,43.6912305463224],[-79.4302768297873,43.6912387068645],[-79.4302700302669,43.6912465131417],[-79.4302624273667,43.6912539192709],[-79.4302540670349,43.6912608820736],[-79.4302449976977,43.6912673610735],[-79.4302352727413,43.6912733175972],[-79.4302249480277,43.691278717474],[-79.4302140843779,43.6912835292361],[-79.4302027463324,43.6912877232186],[-79.4301909996638,43.6912912769582],[-79.4301789126248,43.6912941688935],[-79.4301665571855,43.6912963810657],[-79.4301540028275,43.6912979018154],[-79.4301413264725,43.6912987221883],[-79.4301286013177,43.6912988359282],[-79.4301159005517,43.69129824398],[-79.4301032986005,43.6912969499896],[-79.4300908711276,43.6912949603044],[-79.4300786888281,43.6912922866693],[-79.4300668248727,43.6912889453315],[-79.4300553462268,43.6912849552347],[-79.4300443223301,43.6912803407251],[-79.4300338164178,43.6912751279453],[-79.4300238904783,43.6912693484379],[-79.4300146027772,43.6912630346434],[-79.4300060078536,43.6912562235006],[-79.4299981552791,43.6912489564461],[-79.4299910909037,43.691241274914],[-79.4299238147838,43.691171202704],[-79.4299127136973,43.691153006078],[-79.429900740208,43.6911351032583],[-79.4298879104178,43.6911175158575],[-79.4298742391888,43.6911002645875],[-79.4298597438625,43.6910833719619],[-79.4298444417828,43.6910668577939],[-79.4298283527741,43.6910507427983],[-79.4298114941802,43.6910350467882],[-79.4297938895489,43.6910197886806],[-79.429775558705,43.6910049882901],[-79.4297565239585,43.6909906618325],[-79.4297368100962,43.6909768291253],[-79.4297164394301,43.6909635045842],[-79.4296954392287,43.6909507071282],[-79.4296738330444,43.6909384511736],[-79.4296516493914,43.6909267511396],[-79.4296289143007,43.6909156232443],[-79.4296056562895,43.6909050792066],[-79.4295819026313,43.690895133445],[-79.4295576843243,43.6908857976801],[-79.4295330298863,43.6908770827307],[-79.4295079690759,43.6908689994164],[-79.4294825341325,43.6908615585584],[-79.429456756057,43.6908547691769],[-79.4294290425296,43.6908482324313],[-79.4294010466353,43.6908423625006],[-79.4293728006206,43.6908371639053],[-79.42934433425,43.6908326420643],[-79.4293156772857,43.690828804197],[-79.4292868619775,43.6908256521234],[-79.4292579193311,43.6908231903632],[-79.4292288803547,43.6908214216358],[-79.4291997772977,43.6908203477616],[-79.4291706411703,43.6908199696597],[-79.4291415029836,43.6908202873494],[-79.4291123962298,43.6908213008514],[-79.4290833506795,43.6908230101842],[-79.4290543985886,43.6908254117674],[-79.4290255709705,43.69082850382],[-79.4289968988394,43.690832283661],[-79.4289684144547,43.6908367450097],[-79.4289401475901,43.6908418851843],[-79.4289121292634,43.6908476988035],[-79.4288843904955,43.6908541777856],[-79.4288569598241,43.6908613158476],[-79.4288298695108,43.6908691049087],[-79.4288031456136,43.6908775377844]]]]},"properties":{"_id":1466,"FLOC_ID":"004947-P02","Property Description":"CEDARVALE PARK - CEDARVALE RAVINE","Address":"451 ARLINGTON AVE","City":"TORONTO","Intersection":"REAR OF 45-159 STRATHEARN RD","Ward \\#":12,"Ward Name":"Toronto-St. Paul's","Former Municipality":"York","District":"South","City Cluster":"Citizen-Focused Services Group A","Property Type":"Park/Rec/Open Space","Property Status":"City Use","Jurisdiction":"Parks & Recreation","Management":"Parks & Recreation","Owner":"City of Toronto","Area (M2)":108011,"Frontage (M)":null,"Depth (M)":null,"Area (FT2)":1162617,"Frontage (FT)":null,"Depth (FT)":null,"OBJECTID":1466}},{"type":"Feature","geometry":{"type":"MultiPolygon","coordinates":[[[[-79.4312757210961,43.6928125500488],[-79.4313170328877,43.6927769360557],[-79.4313992069261,43.6928311506874],[-79.4313560244804,43.6928068986813],[-79.4313498760848,43.6928039308628],[-79.4313432680374,43.6928015388507],[-79.4313363007787,43.6927997596106],[-79.4313290846836,43.6927986211127],[-79.4313217301393,43.6927981405258],[-79.431314348784,43.692798326018],[-79.4313070572319,43.6927991731588],[-79.4312999659032,43.6928006703129],[-79.4312931864719,43.6928027941441],[-79.4312868206991,43.6928055114088],[-79.4312809691157,43.6928087798615],[-79.4312757210961,43.6928125500488]]]]},"properties":{"_id":1503,"FLOC_ID":"004947-P02","Property Description":"CEDARVALE PARK - CEDARVALE RAVINE","Address":"451 ARLINGTON AVE","City":"TORONTO","Intersection":"REAR OF 45-159 STRATHEARN RD","Ward \\#":12,"Ward Name":"Toronto-St. Paul's","Former Municipality":"York","District":"South","City Cluster":"Citizen-Focused Services Group A","Property Type":"Park/Rec/Open Space","Property Status":"City Use","Jurisdiction":"Parks & Recreation","Management":"Parks & Recreation","Owner":"City of Toronto","Area (M2)":108011,"Frontage (M)":null,"Depth (M)":null,"Area (FT2)":1162617,"Frontage (FT)":null,"Depth (FT)":null,"OBJECTID":1503}},{"type":"Feature","geometry":{"type":"MultiPolygon","coordinates":[[[[-79.4303987087034,43.6923498641549],[-79.4303263879627,43.6923056858486],[-79.4303918370903,43.6922493695163],[-79.4304462966148,43.6922024978192],[-79.4305162989669,43.6922486747289],[-79.4304616047675,43.6922957452448],[-79.4303987087034,43.6923498641549]]]]},"properties":{"_id":1510,"FLOC_ID":"004947-P02","Property Description":"CEDARVALE PARK - CEDARVALE RAVINE","Address":"451 ARLINGTON AVE","City":"TORONTO","Intersection":"REAR OF 45-159 STRATHEARN RD","Ward \\#":12,"Ward Name":"Toronto-St. Paul's","Former Municipality":"York","District":"South","City Cluster":"Citizen-Focused Services Group A","Property Type":"Park/Rec/Open Space","Property Status":"City Use","Jurisdiction":"Parks & Recreation","Management":"Parks & Recreation","Owner":"City of Toronto","Area (M2)":108011,"Frontage (M)":null,"Depth (M)":null,"Area (FT2)":1162617,"Frontage (FT)":null,"Depth (FT)":null,"OBJECTID":1510}},{"type":"Feature","geometry":{"type":"MultiPolygon","coordinates":[[[[-79.4327802998374,43.694939571563],[-79.4327358972137,43.6949840145187],[-79.4325807210321,43.6949056586792],[-79.4324255440223,43.6948272954263],[-79.4322703686513,43.6947489373636],[-79.4321151949271,43.6946705772899],[-79.4319600228477,43.6945922170054],[-79.4318048499442,43.6945138457072],[-79.4316496463972,43.6944355038832],[-79.431494439541,43.6943571546445],[-79.4313392330901,43.694278804294],[-79.431184017118,43.6942004546261],[-79.4310288102248,43.6941221128531],[-79.4308580946545,43.6940359294644],[-79.4306718419976,43.6939419133742],[-79.4304856035772,43.6938478897867],[-79.4302730157759,43.6937405702176],[-79.4302678300215,43.6937375867263],[-79.4302632104858,43.6937341472146],[-79.4302592352586,43.6937303075384],[-79.4302559687752,43.693726130746],[-79.4302534630581,43.6937216861791],[-79.4302517602034,43.6937170449738],[-79.4302508886537,43.6937122845586],[-79.4302508619652,43.6937074823527],[-79.4302516812863,43.6937027175684],[-79.4302533316418,43.6936980667074],[-79.4302557868901,43.6936936071649],[-79.4302590084897,43.6936894118278],[-79.4302629405367,43.6936855490717],[-79.4306883115279,43.693318288605],[-79.4308765739167,43.6934570423198],[-79.4310380020401,43.6935760198974],[-79.4310769483135,43.6936047224057],[-79.431117980122,43.6936343856952],[-79.4311596290451,43.6936635920757],[-79.431201886406,43.6936923352406],[-79.4312404246727,43.6937177978819],[-79.4312794385415,43.6937428755407],[-79.4313189230551,43.6937675637129],[-79.4313588682941,43.6937918578914],[-79.4313954794646,43.6938135405802],[-79.4314324607246,43.6938348904314],[-79.4314698058751,43.6938559038404],[-79.4315075087162,43.6938765781027],[-79.4315522121288,43.6939004222991],[-79.4316604378045,43.6939572293991],[-79.4318135821907,43.6940376402839],[-79.431966730703,43.6941180554653],[-79.4321198684616,43.6941984686339],[-79.4321805392043,43.6942292458577],[-79.4322735830569,43.6942781636349],[-79.4324265653116,43.6943585861996],[-79.4325795368002,43.6944390175534],[-79.4327325186333,43.6945194388061],[-79.4328855070723,43.6945998652576],[-79.4330016267578,43.6946609054222],[-79.4330384835276,43.6946802797945],[-79.4331608821118,43.6947446062453],[-79.433253830877,43.6947934484539],[-79.4333140428417,43.6948250799277],[-79.4334671928162,43.6949055533975],[-79.4336203407183,43.6949860275599],[-79.4337734964735,43.6950665015206],[-79.4339266414713,43.695146977069],[-79.4339766699398,43.6951732312351],[-79.4340079960111,43.6951899692211],[-79.4340388514248,43.6952071596917],[-79.4340692250229,43.6952247963401],[-79.4340991044068,43.6952428728585],[-79.4337237067823,43.695556904348],[-79.4336043752637,43.6954722355755],[-79.4335888865154,43.6954644242598],[-79.4334491842043,43.6953939547234],[-79.4334182588579,43.6953783671831],[-79.4332940654425,43.6953157277095],[-79.433263017437,43.6953000698454],[-79.4331388838537,43.6952374653423],[-79.4331078470872,43.6952218137433],[-79.432983716322,43.6951591964707],[-79.4329372195824,43.6951357406429],[-79.4328285591106,43.6950809345945],[-79.432905684623,43.6950028846946],[-79.4327802998374,43.694939571563]]]]},"properties":{"_id":1513,"FLOC_ID":"004947-P02","Property Description":"CEDARVALE PARK - CEDARVALE RAVINE","Address":"451 ARLINGTON AVE","City":"TORONTO","Intersection":"REAR OF 45-159 STRATHEARN RD","Ward \\#":12,"Ward Name":"Toronto-St. Paul's","Former Municipality":"York","District":"South","City Cluster":"Citizen-Focused Services Group A","Property Type":"Park/Rec/Open Space","Property Status":"City Use","Jurisdiction":"Parks & Recreation","Management":"Parks & Recreation","Owner":"City of Toronto","Area (M2)":108011,"Frontage (M)":null,"Depth (M)":null,"Area (FT2)":1162617,"Frontage (FT)":null,"Depth (FT)":null,"OBJECTID":1513}},{"type":"Feature","geometry":{"type":"MultiPolygon","coordinates":[[[[-79.4357063581095,43.6983794821394],[-79.4358238707415,43.6986690033953],[-79.4356642493625,43.6987032787714],[-79.4355046240935,43.6987375413203],[-79.4353450035727,43.6987718342532],[-79.435181756844,43.6988069071183],[-79.4351143279216,43.6988213753327],[-79.4350185149092,43.69884195995],[-79.4348516070391,43.698877801672],[-79.4347339775378,43.6985878725025],[-79.4347179391073,43.6985483819083],[-79.4348848435787,43.6985126168884],[-79.4350481305371,43.6984776236796],[-79.4352113999359,43.6984426311274],[-79.4353710592717,43.6984084203128],[-79.435530704784,43.6983742047664],[-79.4356799412229,43.6983422172593],[-79.4356903513556,43.6983399889975],[-79.4357063581095,43.6983794821394]]]]},"properties":{"_id":1567,"FLOC_ID":"006201-P01","Property Description":"BEN NOBLEMAN PARKETTE","Address":"1075 EGLINTON AVE W","City":"TORONTO","Intersection":"SWC EGLINTON AVE W & STRATHEARN RD","Ward \\#":12,"Ward Name":"Toronto-St. Paul's","Former Municipality":"York","District":"South","City Cluster":"Other Organizations","Property Type":"Park/Rec/Open Space","Property Status":"City Use","Jurisdiction":"Other Government Agency","Management":"Parks & Recreation","Owner":"Province of Ontario","Area (M2)":3116,"Frontage (M)":82,"Depth (M)":38,"Area (FT2)":33542,"Frontage (FT)":268,"Depth (FT)":125,"OBJECTID":1567}},{"type":"Feature","geometry":{"type":"MultiPolygon","coordinates":[[[[-79.4296921507662,43.6927006550593],[-79.4296991672195,43.6927048719803],[-79.4296804177614,43.6926975612983],[-79.42965499476,43.6926930216054],[-79.4296293912232,43.6926890488773],[-79.4296036319577,43.6926856458294],[-79.4295777430095,43.6926828160783],[-79.4295517454638,43.6926805623372],[-79.4295286409329,43.6926782176605],[-79.429505688547,43.6926751907748],[-79.4294829242769,43.6926714862032],[-79.4294603878126,43.692667110271],[-79.4294381176017,43.6926620711033],[-79.4294161483711,43.6926563759229],[-79.4293945173244,43.6926500355543],[-79.4293729515037,43.6926430867344],[-79.4293517995326,43.6926354990743],[-79.4293310961328,43.6926272842974],[-79.4293108772618,43.6926184577284],[-79.4293056488079,43.6926160412479],[-79.4293004501788,43.6926135806794],[-79.4292940056054,43.6926104541443],[-79.4292760053323,43.6926011770764],[-79.4292585130239,43.6925914025485],[-79.4292415534738,43.6925811449781],[-79.4292251514726,43.6925704214834],[-79.4292093318148,43.6925592455819],[-79.4291941192898,43.6925476352917],[-79.4291795349663,43.6925356077286],[-79.4291656011534,43.6925231800091],[-79.4291523389167,43.6925103719494],[-79.4291397680821,43.6924972024647],[-79.4291279072347,43.6924836904695],[-79.4291167737184,43.6924698557776],[-79.4291079949058,43.6924579668245],[-79.4290997447915,43.6924458801702],[-79.4290920308036,43.6924336084211],[-79.429091103543,43.6924320047154],[-79.4290838753485,43.692419099576],[-79.4290771733134,43.6924060453411],[-79.4290694942963,43.6923893710789],[-79.4290626789157,43.692372501124],[-79.4290567383103,43.6923554570864],[-79.429051678651,43.6923382650738],[-79.4290475073549,43.6923209466942],[-79.4290442318334,43.6923035280559],[-79.4290418545393,43.6922860325639],[-79.4290404234265,43.6922688211999],[-79.4290398631896,43.6922515824725],[-79.4290401737984,43.6922343415853],[-79.4290413552277,43.6922171192411],[-79.4290434062064,43.6921999406429],[-79.4290463229857,43.6921828282915],[-79.4290501030574,43.6921658046885],[-79.4290547401907,43.6921488932333],[-79.4290602281556,43.6921321164252],[-79.4290665607225,43.6921154967634],[-79.42907372794,43.6920990567449],[-79.4290817210975,43.6920828188673],[-79.4290630502685,43.692083751518],[-79.4290700489988,43.692068172819],[-79.4290779579898,43.6920528251175],[-79.4290867623218,43.692037736308],[-79.4290964458349,43.6920229342843],[-79.4291069911316,43.692008444239],[-79.4291183783293,43.6919942949637],[-79.4291305863104,43.6919805107486],[-79.4291435951957,43.6919671176848],[-79.4291573789076,43.6919541382592],[-79.4291719138456,43.6919415985606],[-79.4291871726928,43.6919295201749],[-79.4292031281326,43.691917924688],[-79.4292197503673,43.6919068336842],[-79.4292216224745,43.6919056277697],[-79.4292367141741,43.6918964251876],[-79.4292522668526,43.6918876360484],[-79.4292682606462,43.6918792738413],[-79.4292846732121,43.6918713502541],[-79.4293014797286,43.6918638751728],[-79.4293186590948,43.6918568593855],[-79.4293329138768,43.691851497126],[-79.4293473779459,43.6918464383376],[-79.4293604586097,43.6918405235695],[-79.4293826383484,43.6918304243184],[-79.4294043584512,43.6918198135055],[-79.4294109880546,43.6918163611022],[-79.4294322738797,43.6918047688747],[-79.4294530194256,43.6917926731372],[-79.4294732035884,43.691780086479],[-79.4294928040223,43.6917670232887],[-79.4295117983822,43.6917534970545],[-79.4295301668019,43.691739523067],[-79.4295478894156,43.6917251166162],[-79.4296033651044,43.6916729351783],[-79.4296168045607,43.6916582353369],[-79.4296296278149,43.6916432488734],[-79.4296418236869,43.691627989283],[-79.4296533809966,43.691612470061],[-79.4296651510087,43.6915953910441],[-79.4296761472542,43.6915780433112],[-79.429686356069,43.6915604430566],[-79.4296957675056,43.6915426109773],[-79.4297043716194,43.69152456507],[-79.4297121597046,43.6915063251324],[-79.4297191230551,43.691487910962],[-79.4297307167032,43.6914433526729],[-79.429733276506,43.6914268575712],[-79.4297348588689,43.6914102979593],[-79.4297354612771,43.69139370354],[-79.4297350812125,43.6913771067165],[-79.4297337211233,43.6913605362944],[-79.429731382214,43.691344023779],[-79.4297280681722,43.6913275988767],[-79.4297237864049,43.6913112930966],[-79.4297185455627,43.691295135248],[-79.4297123530547,43.6912791550395],[-79.4297052224922,43.6912633821838],[-79.4296971650058,43.6912478463917],[-79.4296881966898,43.6912325755771],[-79.4296783336377,43.6912175985536],[-79.4296675944269,43.6912029414364],[-79.429655998872,43.6911886330414],[-79.429643566793,43.6911746976841],[-79.4296303229675,43.6911611632835],[-79.4296162921794,43.6911480523579],[-79.4296014979665,43.6911353919253],[-79.4295859688363,43.691123202706],[-79.4295697332926,43.6911115081207],[-79.4295528210822,43.6911003297904],[-79.4295352644334,43.6910896884377],[-79.4295170943363,43.6910796029843],[-79.4294983442608,43.6910700932531],[-79.4294790489215,43.6910611754678],[-79.4294592455126,43.6910528667535],[-79.4294389675102,43.6910451815327],[-79.4294182545916,43.6910381351318],[-79.4293971439563,43.6910317401753],[-79.4293756752856,43.6910260083893],[-79.4293531206581,43.6910207286934],[-79.4293303110121,43.6910160636238],[-79.4293072761124,43.6910120185998],[-79.4292840506846,43.6910085999435],[-79.4292606657362,43.6910058112746],[-79.4292371535127,43.6910036580136],[-79.4292135462642,43.6910021419808],[-79.4291898787203,43.6910012658979],[-79.4291661818905,43.6910010315844],[-79.4291424892694,43.6910014372609],[-79.4291188343474,43.6910024847482],[-79.4290952493796,43.6910041713661],[-79.4290717678618,43.6910064944351],[-79.429048422049,43.6910094512747],[-79.4290252441977,43.6910130383046],[-79.4290054640466,43.6910166283403],[-79.4289858532988,43.6910206775438],[-79.428966431807,43.6910251814272],[-79.4289472194249,43.6910301346019],[-79.4289237736146,43.6910368718985],[-79.4289007090887,43.6910442710228],[-79.4288796974939,43.691051736229],[-79.4288590797138,43.6910597570565],[-79.42883888181,43.6910683236202],[-79.4288191323273,43.6910774242365],[-79.428799858571,43.6910870463207],[-79.4287810853667,43.6910971763867],[-79.4287628400211,43.6911078009497],[-79.4287451448798,43.6911189056218],[-79.4287401790399,43.6911221699969],[-79.4287188406481,43.6911363418358],[-79.4285589327064,43.691242576123],[-79.4285297703614,43.6912609736454],[-79.4284423749712,43.6913078571286],[-79.4284189415522,43.6913186395117],[-79.4283950869511,43.691328921154],[-79.428370828544,43.6913386948652],[-79.4283461874303,43.6913479516569],[-79.4283211859482,43.6913566843418],[-79.4282958451961,43.6913648848318],[-79.4282701850313,43.6913725459382],[-79.4282442290313,43.6913796613745],[-79.4282179982914,43.6913862257531],[-79.4282121042603,43.6913876172526],[-79.4282061978571,43.69138898084],[-79.4282002654334,43.6913903192071],[-79.4281929234724,43.6913919339284],[-79.4281641095538,43.6913978341764],[-79.4281350545202,43.6914030744706],[-79.4281057869093,43.691407650328],[-79.4280763352599,43.6914115563658],[-79.4280467293493,43.6914147890018],[-79.4280169977142,43.6914173446536],[-79.4279871713691,43.6914192224403],[-79.4279572776115,43.6914204178786],[-79.4279273462132,43.6914209318871],[-79.4278974081887,43.6914207635855],[-79.4278674920718,43.6914199120914],[-79.4278376263926,43.6914183792232],[-79.4278078434031,43.6914161668016],[-79.427777426192,43.6914131942621],[-79.4277471574559,43.6914095116062],[-79.4277170682018,43.6914051242541],[-79.4276871881982,43.6914000358256],[-79.4276575496918,43.6913942526421],[-79.4276281836904,43.691387779224],[-79.4275991199571,43.6913806236915],[-79.4275703882572,43.6913727923647],[-79.4274295281291,43.6913328596867],[-79.4274209480609,43.6913304229891],[-79.4272050935433,43.6912692209365],[-79.4271642207969,43.6912576282344],[-79.4271484111222,43.6912531535166],[-79.4270425711241,43.6912231432008],[-79.426885877278,43.6911787134987],[-79.4268719881333,43.6911465060764],[-79.4268520574595,43.6911002887688],[-79.4268117645083,43.6910068376193],[-79.4267908690593,43.6909583882607],[-79.4268219968142,43.6909664445502],[-79.4268528734002,43.6909749930413],[-79.4269461858043,43.6910013941096],[-79.4269660913397,43.6910070236386],[-79.4271305699126,43.691053680615],[-79.4273149654832,43.6911059857325],[-79.4274065049204,43.6911319442336],[-79.4274075465773,43.6911322410377],[-79.4274994705076,43.6911583158251],[-79.4276611374285,43.6912041700383],[-79.4276707083278,43.6912068701828],[-79.427676523126,43.6912084391874],[-79.4276823528439,43.6912099802972],[-79.4276837678006,43.6912103538461],[-79.42770644111,43.6912159084858],[-79.4277293607171,43.6912209006958],[-79.427752501819,43.6912253241592],[-79.4277758358892,43.6912291743573],[-79.4277993368818,43.6912324467728],[-79.4278229787515,43.6912351368886],[-79.4278467329692,43.6912372419861],[-79.4278705710052,43.6912387602471],[-79.4278944841816,43.6912396862652],[-79.4279184278389,43.6912400209123],[-79.4279423722046,43.6912397641697],[-79.4279662912274,43.6912389160209],[-79.4279901563743,43.6912374773481],[-79.4280139403504,43.6912354508346],[-79.428037615863,43.6912328373633],[-79.4280611543747,43.6912296414171],[-79.4280711297926,43.6912281102731],[-79.4280771821086,43.6912271257391],[-79.4280832233179,43.6912260925907],[-79.4281056924462,43.6912219175215],[-79.4281279600103,43.691217206744],[-79.4281500024338,43.6912119656444],[-79.4281717936593,43.691206199607],[-79.4281933101085,43.6911999158183],[-79.4282145306847,43.6911931205661],[-79.4282354305682,43.6911858219362],[-79.428255987422,43.6911780262156],[-79.4282764991177,43.6911696048728],[-79.428296610717,43.6911606891041],[-79.4283162998788,43.6911512887973],[-79.4283355430196,43.6911414156394],[-79.4283543190389,43.6911310795187],[-79.4283726080737,43.691120293025],[-79.4283903877811,43.6911090678461],[-79.4283979831234,43.6911040219766],[-79.4284877379252,43.6910443941656],[-79.4285694006467,43.6909901440025],[-79.4285716340533,43.6909886583839],[-79.4285912388964,43.6909760085086],[-79.4286113456299,43.690963780204],[-79.4286335716587,43.6909510914525],[-79.4286563453565,43.6909389242135],[-79.4286796431383,43.6909272919741],[-79.4287034414234,43.6909162046205],[-79.4287277166269,43.6909056756396],[-79.4287524414468,43.6908957149157],[-79.428777593543,43.6908863323359],[-79.4288031456136,43.6908775377844],[-79.4288298695108,43.6908691049087],[-79.4288569598241,43.6908613158476],[-79.4288843904955,43.6908541777856],[-79.4289121292634,43.6908476988035],[-79.4289401475901,43.6908418851843],[-79.4289684144547,43.6908367450097],[-79.4289968988394,43.690832283661],[-79.4290255709705,43.69082850382],[-79.4290543985886,43.6908254117674],[-79.4290833506795,43.6908230101842],[-79.4291123962298,43.6908213008514],[-79.4291415029836,43.6908202873494],[-79.4291706411703,43.6908199696597],[-79.4291997772977,43.6908203477616],[-79.4292288803547,43.6908214216358],[-79.4292579193311,43.6908231903632],[-79.4292868619775,43.6908256521234],[-79.4293156772857,43.690828804197],[-79.42934433425,43.6908326420643],[-79.4293728006206,43.6908371639053],[-79.4294010466353,43.6908423625006],[-79.4294290425296,43.6908482324313],[-79.429456756057,43.6908547691769],[-79.4294825341325,43.6908615585584],[-79.4295079690759,43.6908689994164],[-79.4295330298863,43.6908770827307],[-79.4295576843243,43.6908857976801],[-79.4295819026313,43.690895133445],[-79.4296056562895,43.6909050792066],[-79.4296289143007,43.6909156232443],[-79.4296516493914,43.6909267511396],[-79.4296738330444,43.6909384511736],[-79.4296954392287,43.6909507071282],[-79.4297164394301,43.6909635045842],[-79.4297368100962,43.6909768291253],[-79.4297565239585,43.6909906618325],[-79.429775558705,43.6910049882901],[-79.4297938895489,43.6910197886806],[-79.4298114941802,43.6910350467882],[-79.4298283527741,43.6910507427983],[-79.4298444417828,43.6910668577939],[-79.4298597438625,43.6910833719619],[-79.4298742391888,43.6911002645875],[-79.4298879104178,43.6911175158575],[-79.429900740208,43.6911351032583],[-79.4299127136973,43.691153006078],[-79.4299238147838,43.691171202704],[-79.4299910909037,43.691241274914],[-79.4299949040398,43.6914973641261],[-79.4299986394333,43.6917509950251],[-79.4299988818535,43.6917676115652],[-79.429913988167,43.6918056026212],[-79.4297930660739,43.6918597216155],[-79.429676350041,43.6919119671992],[-79.429622128737,43.6919362373262],[-79.4295003720541,43.69199073265],[-79.4294913848986,43.6919946678739],[-79.4294775706629,43.6920009314546],[-79.4294632932633,43.692007579103],[-79.4294494197564,43.6920146626616],[-79.4294359762078,43.6920221695449],[-79.4294229849633,43.6920300853646],[-79.4294104720895,43.6920383966351],[-79.4293969116201,43.6920482761829],[-79.429384025441,43.6920586197123],[-79.429371843353,43.6920694029386],[-79.4293603939166,43.6920806015759],[-79.429349704456,43.6920921877375],[-79.4293397985707,43.6921041362345],[-79.4293306998657,43.6921164173774],[-79.4293224307022,43.6921290041764],[-79.4293150084839,43.692141866038],[-79.4293084530953,43.6921549723702],[-79.4293027782164,43.6921682943776],[-79.4292979975324,43.6921817987639],[-79.4292941222436,43.6921954558319],[-79.4292911598316,43.6922092331817],[-79.4292891202604,43.6922230975146],[-79.4292881679121,43.692235453903],[-79.4292879474478,43.6922478278466],[-79.4292884601339,43.692260197743],[-79.4292897059983,43.692272540189],[-79.429291682588,43.6922848317795],[-79.4292943849666,43.6922970509085],[-79.4292978082,43.6923091741693],[-79.4293026225609,43.6923229797323],[-79.4293083724977,43.6923365959463],[-79.4293146247915,43.6923492034255],[-79.4293216787281,43.6923615854675],[-79.4293316743128,43.6923736497817],[-79.42934246923,43.692385344636],[-79.4293540387002,43.6923966439109],[-79.4293663542256,43.6924075187845],[-79.4293793873018,43.6924179458356],[-79.4293931069486,43.6924278971408],[-79.4294074796973,43.6924373510761],[-79.4294224708398,43.6924462851166],[-79.4294380456676,43.6924546767374],[-79.4294541669883,43.6924625061124],[-79.4294707963655,43.6924697561152],[-79.4294878928848,43.6924764069175],[-79.4295054168652,43.6924824449928],[-79.4295233261463,43.6924878550126],[-79.4295415785659,43.6924926234487],[-79.4295601294773,43.692496739472],[-79.4295789354723,43.6925001940544],[-79.4296015889209,43.6925020820776],[-79.4296241861612,43.6925043004092],[-79.4296478075098,43.692507001836],[-79.4296713440824,43.6925100650579],[-79.4297021445943,43.6925146719636],[-79.4297327508486,43.6925199133329],[-79.42976314052,43.6925257864518],[-79.4297932850859,43.6925322841019],[-79.4298231634612,43.69253940357],[-79.4298527508448,43.6925471376402],[-79.4298820211939,43.6925554799957],[-79.4299105256088,43.6925642854407],[-79.4299386782935,43.6925736667459],[-79.4299664581691,43.6925836157974],[-79.4299938429141,43.6925941262808],[-79.4300208114507,43.6926051891824],[-79.4300473414604,43.6926167954874],[-79.4300734143462,43.6926289361834],[-79.4300996586719,43.6926419411026],[-79.4301253776389,43.6926554866723],[-79.4301505501691,43.6926695638788],[-79.4301751539481,43.692684160107],[-79.4301991703827,43.692699262744],[-79.4302225783978,43.6927148600757],[-79.430237565462,43.692725335928],[-79.4302522806236,43.6927360123414],[-79.4303562733131,43.6928127253663],[-79.4304048766895,43.6928485900193],[-79.4305160859934,43.6929306261553],[-79.4306759104615,43.6930485294261],[-79.4308516889716,43.6931782014128],[-79.4310521368192,43.693325875293],[-79.4311486971592,43.693397014906],[-79.4312137123972,43.693444997635],[-79.4312567762432,43.6934767711011],[-79.4312386868397,43.6934896383707],[-79.4311321578191,43.6935654407353],[-79.4310769483135,43.6936047224057],[-79.4310380020401,43.6935760198974],[-79.4308765739167,43.6934570423198],[-79.4306883115279,43.693318288605],[-79.4305646088384,43.6932246189834],[-79.4305146168484,43.6931877274091],[-79.4303293942884,43.6930510425417],[-79.4302335297159,43.6929802942132],[-79.430129793884,43.6929023399574],[-79.4301046400909,43.6928848674704],[-79.4300788145786,43.6928679175421],[-79.4300523409015,43.6928515036883],[-79.4300252388931,43.6928356385227],[-79.4299975296265,43.6928203355595],[-79.4299692366578,43.6928056065146],[-79.4299403810619,43.692791463102],[-79.4299109863948,43.6927779170375],[-79.4298810762133,43.6927649791367],[-79.4298506740765,43.6927526584148],[-79.4298198047816,43.6927409656884],[-79.4297884931269,43.6927299108736],[-79.4297567626722,43.6927195020859],[-79.4297246406987,43.6927097474426],[-79.4296921507662,43.6927006550593]]]]},"properties":{"_id":1580,"FLOC_ID":"004947-P02","Property Description":"CEDARVALE PARK - CEDARVALE RAVINE","Address":"451 ARLINGTON AVE","City":"TORONTO","Intersection":"REAR OF 45-159 STRATHEARN RD","Ward \\#":12,"Ward Name":"Toronto-St. Paul's","Former Municipality":"York","District":"South","City Cluster":"Citizen-Focused Services Group A","Property Type":"Park/Rec/Open Space","Property Status":"City Use","Jurisdiction":"Parks & Recreation","Management":"Parks & Recreation","Owner":"City of Toronto","Area (M2)":108011,"Frontage (M)":null,"Depth (M)":null,"Area (FT2)":1162617,"Frontage (FT)":null,"Depth (FT)":null,"OBJECTID":1580}},{"type":"Feature","geometry":{"type":"MultiPolygon","coordinates":[[[[-79.4302827874194,43.6912305463224],[-79.4302921161956,43.691208912895],[-79.4303004962215,43.6911870763592],[-79.4303079187896,43.6911650583128],[-79.4303143776733,43.6911428803554],[-79.4303198666442,43.6911205658868],[-79.4303243782363,43.6910981356055],[-79.4303279099417,43.6910756138136],[-79.4303304567744,43.6910530221112],[-79.4303320162285,43.6910303830001],[-79.430332588279,43.6910077189837],[-79.4303321716595,43.6909850534645],[-79.430330766345,43.6909624089457],[-79.4303283735512,43.6909398079313],[-79.430324995733,43.690917273826],[-79.4303206365879,43.6908948282353],[-79.430315301053,43.6908724936651],[-79.4303089940641,43.6908502935218],[-79.4303017205602,43.6908282485112],[-79.4302934904392,43.6908063820424],[-79.4302843098794,43.6907847157223],[-79.4302741887806,43.6907632711597],[-79.4302631370435,43.6907420690634],[-79.4302511670479,43.6907211319439],[-79.4302382886944,43.69070048051],[-79.4302245168465,43.6906801345732],[-79.4302098638849,43.690660115744],[-79.4301943446728,43.6906404438339],[-79.4301779753154,43.6906211377552],[-79.4301607719163,43.6906022173201],[-79.4301427518209,43.6905837014417],[-79.4301239323742,43.6905656090328],[-79.4301043346451,43.6905479572085],[-79.4300839759785,43.6905307648817],[-79.4300628774428,43.6905140491672],[-79.4300410601076,43.6904978262801],[-79.4300185462826,43.6904821124357],[-79.4299953582786,43.6904669229497],[-79.4299715184044,43.6904522749377],[-79.4299470526952,43.690438181017],[-79.4299219847018,43.690424656504],[-79.4298963379786,43.6904117140146],[-79.4298701410393,43.6903993679678],[-79.4298434174399,43.6903876291793],[-79.4298161956962,43.6903765102681],[-79.4297885018452,43.6903660220514],[-79.4297603656451,43.6903561753488],[-79.4297318131345,43.6903469791771],[-79.4297028740718,43.6903384443559],[-79.4296735769785,43.6903305781035],[-79.4296439516159,43.6903233885392],[-79.4296140277449,43.6903168837821],[-79.429583835131,43.6903110683511],[-79.429553403535,43.6903059503654],[-79.4295227639636,43.6903015334444],[-79.4294919474214,43.690297823008],[-79.4294609836756,43.6902948217747],[-79.4294299049732,43.6902925333648],[-79.4290009950693,43.6902695655927],[-79.4289277604804,43.6900841275467],[-79.4290710793508,43.6900917929592],[-79.4292603127055,43.6901019178659],[-79.4294482536378,43.6901119687511],[-79.4294485786193,43.6901119878545],[-79.42944889989,43.6901119979542],[-79.4294806474307,43.6901140167326],[-79.4295123124088,43.6901166277367],[-79.4295438749808,43.690119828254],[-79.4295753128201,43.6901236173707],[-79.4296066073238,43.6901279923749],[-79.4296377349278,43.6901329496518],[-79.4296697981619,43.6901387050109],[-79.4297016373938,43.6901450795125],[-79.4297332327841,43.6901520668438],[-79.429764558288,43.6901596633884],[-79.4297955953055,43.6901678637343],[-79.4298263190364,43.6901766606655],[-79.4298541179115,43.6901853081724],[-79.42988161727,43.6901944451594],[-79.4299088009904,43.6902040680162],[-79.4299356529544,43.6902141704325],[-79.4299621545627,43.690224746096],[-79.4299882934183,43.6902357886986],[-79.4300140521623,43.6902472919289],[-79.430040761081,43.6902598965936],[-79.4300670116982,43.6902729978433],[-79.4300927854174,43.6902865866657],[-79.4301180673618,43.6903006558509],[-79.430139562645,43.6903132221999],[-79.4301606655466,43.6903261330548],[-79.4301813673896,43.6903393830098],[-79.4302016557777,43.6903529648564],[-79.4302250546843,43.6903692129823],[-79.4302478601472,43.6903858991044],[-79.4302700560517,43.6904030133118],[-79.4302916262848,43.6904205438934],[-79.4303125572171,43.6904384773393],[-79.4303344535362,43.6904583115436],[-79.4303555666147,43.6904785881302],[-79.4303758815872,43.6904992890881],[-79.4303953798627,43.6905204000041],[-79.430414046576,43.690541902867],[-79.430428759002,43.690559877512],[-79.4304428930913,43.6905780948382],[-79.4304564414123,43.6905965449398],[-79.430469399014,43.6906152179125],[-79.4304817559847,43.6906341029491],[-79.43049541074,43.6906570852638],[-79.4305081757701,43.6906803343745],[-79.4305200436511,43.6907038331743],[-79.4305310019989,43.6907275627535],[-79.430541044631,43.6907515051058],[-79.4305501628848,43.6907756413235],[-79.4305583505787,43.6907999525003],[-79.430565599049,43.6908244206287],[-79.4305719045959,43.6908490259037],[-79.4305772622793,43.6908737485195],[-79.4305816659163,43.69089857047],[-79.4305851155286,43.6909234719524],[-79.4305876049355,43.6909484331602],[-79.4305891353979,43.6909734351915],[-79.4305897032162,43.6909984582413],[-79.4305893084109,43.6910234834069],[-79.4305879522441,43.6910484908861],[-79.4305856347364,43.6910734617762],[-79.4305823583916,43.6910983753757],[-79.4305781257112,43.6911232127833],[-79.4305729391968,43.6911479550977],[-79.4305668050726,43.6911725825197],[-79.4305597245998,43.6911970761472],[-79.4305517064825,43.6912214170826],[-79.4305427557035,43.6912455864259],[-79.430532878486,43.6912695652781],[-79.4305220835344,43.6912933347415],[-79.4305103795528,43.6913168759183],[-79.4304977752437,43.6913401717112],[-79.4304842793115,43.6913632032224],[-79.430481383105,43.6913671890353],[-79.4304756815394,43.6913749077796],[-79.4304631548993,43.6913943042542],[-79.4304500057734,43.6914134816171],[-79.4304351334246,43.6914338704043],[-79.4304195443836,43.6914539761125],[-79.4304032498301,43.6914737852464],[-79.4303880296882,43.6914913213048],[-79.4303722590528,43.6915085995887],[-79.4303481895403,43.6915333024836],[-79.4303292146679,43.691551649063],[-79.4303096000977,43.691569638798],[-79.43028935825,43.6915872581936],[-79.4302685015421,43.6916044964558],[-79.430247046113,43.6916213427924],[-79.4302250031407,43.6916377855082],[-79.4302023887643,43.6916538138112],[-79.4301792166408,43.691669417808],[-79.4301555029093,43.6916845867066],[-79.430150788078,43.6916875092467],[-79.4301460571395,43.6916904146744],[-79.4301435359006,43.6916919415536],[-79.4301163464756,43.6917079877464],[-79.4300885448779,43.6917234727776],[-79.4300666327839,43.6917350377405],[-79.4300443787078,43.6917462532397],[-79.4300217913406,43.6917571129793],[-79.4299988818535,43.6917676115652],[-79.4299986394333,43.6917509950251],[-79.4299949040398,43.6914973641261],[-79.4299910909037,43.691241274914],[-79.4299981552791,43.6912489564461],[-79.4300060078536,43.6912562235006],[-79.4300146027772,43.6912630346434],[-79.4300238904783,43.6912693484379],[-79.4300338164178,43.6912751279453],[-79.4300443223301,43.6912803407251],[-79.4300553462268,43.6912849552347],[-79.4300668248727,43.6912889453315],[-79.4300786888281,43.6912922866693],[-79.4300908711276,43.6912949603044],[-79.4301032986005,43.6912969499896],[-79.4301159005517,43.69129824398],[-79.4301286013177,43.6912988359282],[-79.4301413264725,43.6912987221883],[-79.4301540028275,43.6912979018154],[-79.4301665571855,43.6912963810657],[-79.4301789126248,43.6912941688935],[-79.4301909996638,43.6912912769582],[-79.4302027463324,43.6912877232186],[-79.4302140843779,43.6912835292361],[-79.4302249480277,43.691278717474],[-79.4302352727413,43.6912733175972],[-79.4302449976977,43.6912673610735],[-79.4302540670349,43.6912608820736],[-79.4302624273667,43.6912539192709],[-79.4302700302669,43.6912465131417],[-79.4302768297873,43.6912387068645],[-79.4302827874194,43.6912305463224]]]]},"properties":{"_id":1581,"FLOC_ID":"004947-P02","Property Description":"CEDARVALE PARK - CEDARVALE RAVINE","Address":"451 ARLINGTON AVE","City":"TORONTO","Intersection":"REAR OF 45-159 STRATHEARN RD","Ward \\#":12,"Ward Name":"Toronto-St. Paul's","Former Municipality":"York","District":"South","City Cluster":"Citizen-Focused Services Group A","Property Type":"Park/Rec/Open Space","Property Status":"City Use","Jurisdiction":"Parks & Recreation","Management":"Parks & Recreation","Owner":"City of Toronto","Area (M2)":108011,"Frontage (M)":null,"Depth (M)":null,"Area (FT2)":1162617,"Frontage (FT)":null,"Depth (FT)":null,"OBJECTID":1581}},{"type":"Feature","geometry":{"type":"MultiPolygon","coordinates":[[[[-79.4312137123972,43.693444997635],[-79.4311486971592,43.693397014906],[-79.4310521368192,43.693325875293],[-79.4308516889716,43.6931782014128],[-79.4309073064143,43.6931302356469],[-79.431137903813,43.6929313832001],[-79.4312597261007,43.6928263358143],[-79.4312735331306,43.6928144363047],[-79.4312786785916,43.6928103114049],[-79.4312845119569,43.6928067017923],[-79.4312909388786,43.6928036668188],[-79.4312978501327,43.6928012568258],[-79.4313051303043,43.6927995122497],[-79.4313126602688,43.6927984627232],[-79.4313203134734,43.6927981252725],[-79.4313279633782,43.6927985052225],[-79.4313354809748,43.6927995970949],[-79.4313427434739,43.692801381013],[-79.4313496293358,43.692803829],[-79.4313560232388,43.6928068995806],[-79.4313992069261,43.6928311506874],[-79.4314935397372,43.6928841096655],[-79.4316729945717,43.6929848578393],[-79.431852449997,43.6930856147313],[-79.4320319109886,43.6931863686427],[-79.4322113701152,43.6932871087675],[-79.4323908261061,43.693387862109],[-79.4325403523583,43.6934718082962],[-79.432689891422,43.6935557641956],[-79.4328394147861,43.6936397108875],[-79.432989048972,43.6937236610482],[-79.4330158156922,43.6937386638885],[-79.4331071244252,43.6937190630366],[-79.4331005821418,43.6936060236758],[-79.4329800852738,43.6936318696127],[-79.4326476393709,43.6934452430372],[-79.4323126961768,43.6932572188096],[-79.4321631645625,43.6931732813196],[-79.4320136333675,43.6930893418328],[-79.4318641025907,43.6930054012493],[-79.4317145734706,43.6929214613701],[-79.4315650336061,43.6928375185872],[-79.4314170066431,43.6927544172361],[-79.4314115076536,43.6927509160338],[-79.4314067088991,43.6927469084786],[-79.4314027008552,43.6927424675353],[-79.4313995541392,43.6927376742581],[-79.4313973281948,43.6927326177955],[-79.4313960638565,43.6927273881849],[-79.4313957833417,43.692722083554],[-79.4313964915024,43.6927168002194],[-79.4313981758243,43.6927116335873],[-79.4314008064249,43.6927066799536],[-79.4314043335802,43.6927020293014],[-79.431408693927,43.6926977662046],[-79.4315905059829,43.6925412418363],[-79.4315980216262,43.6925352964783],[-79.431606180572,43.6925298150714],[-79.4316149281947,43.6925248353882],[-79.4316242061527,43.6925203897983],[-79.431633953627,43.6925165079695],[-79.4316441048405,43.6925132159661],[-79.4316545915391,43.6925105362503],[-79.431665345476,43.6925084849838],[-79.4316762934435,43.6925070774247],[-79.4316873634823,43.6925063216313],[-79.4316984811534,43.69250622476],[-79.4317095732684,43.6925067849668],[-79.431720564158,43.6925080004063],[-79.431731383123,43.6925098620351],[-79.4317419569871,43.6925123572075],[-79.4317522138188,43.6925154696785],[-79.4317620878933,43.6925191796061],[-79.4318605664141,43.6925600430194],[-79.4320262661076,43.6926287999456],[-79.4321919798166,43.6926975647403],[-79.4323576914356,43.6927663184911],[-79.4323780373163,43.6927751634989],[-79.4323978639881,43.6927846085822],[-79.4324171392181,43.6927946357198],[-79.4324358307698,43.6928052295906],[-79.43245390641,43.6928163721734],[-79.4324713363884,43.6928280436479],[-79.4324880909536,43.6928402250942],[-79.4325041403561,43.6928528957921],[-79.4325185179361,43.692865205449],[-79.432532231398,43.6928779080685],[-79.4325452609152,43.6928909838366],[-79.4325575854187,43.6929044147382],[-79.4325691875631,43.6929181809606],[-79.4325800500058,43.6929322599906],[-79.4325901578813,43.6929466329168],[-79.432599493846,43.6929612781261],[-79.4326049305041,43.6929695616217],[-79.4326110869731,43.6929775764027],[-79.4326183919722,43.6929857736865],[-79.4326264491617,43.6929935906585],[-79.4326352213661,43.6930009912914],[-79.4326446689267,43.6930079413567],[-79.43265474598,43.6930144084227],[-79.4326654066597,43.6930203627578],[-79.4326766013756,43.6930257764287],[-79.4326882780532,43.693030624201],[-79.4327003821332,43.6930348844392],[-79.432712859056,43.693038535508],[-79.4327260808894,43.6930416595381],[-79.4327395726824,43.6930441014274],[-79.4327532674597,43.6930458485347],[-79.4327670982423,43.6930468918192],[-79.4327809968053,43.6930472267401],[-79.43279489244,43.6930468514555],[-79.4328087169145,43.6930457677255],[-79.4328224019921,43.6930439818111],[-79.4328358806754,43.6930415008739],[-79.4328676458283,43.693034778465],[-79.4329584010482,43.6930155869632],[-79.4330751270622,43.6933051288576],[-79.4331017850423,43.6933709349134],[-79.4331284319057,43.6934367499572],[-79.4331550900083,43.6935025505984],[-79.4331739280886,43.6935490793941],[-79.433181734519,43.6935683548253],[-79.4331892079487,43.6935869990706],[-79.4331920138068,43.6935939326061],[-79.4332083455733,43.6936341770282],[-79.4332350423133,43.6936999722704],[-79.4332616758238,43.6937657854712],[-79.4332883466298,43.6938315797841],[-79.4333150583943,43.6938974083188],[-79.4333417503753,43.6939632305341],[-79.4333684622675,43.6940290491535],[-79.4333951593164,43.6940948812591],[-79.4334218663621,43.6941607007618],[-79.4334316799346,43.6941824337954],[-79.4334432619172,43.6942081032225],[-79.4334513046258,43.6942258944576],[-79.4334780415821,43.6942916977608],[-79.4334836940375,43.6943047430215],[-79.4335494847153,43.6943484771562],[-79.4336317380907,43.6944031384786],[-79.4336932509477,43.6944440184369],[-79.4335695844495,43.6944651959831],[-79.4334690985447,43.6944811994454],[-79.4333601616177,43.6944985498868],[-79.4333630194021,43.694506820139],[-79.4334060433199,43.694631319567],[-79.4333977659357,43.6946450660168],[-79.4331528448745,43.6945164098155],[-79.4327243391658,43.6942912233509],[-79.4323723411473,43.6941062335238],[-79.4322193818814,43.6940258595036],[-79.4320664155952,43.6939454726716],[-79.4319233471472,43.6938702870748],[-79.4319505789324,43.6938885291061],[-79.4318376885029,43.6938252709728],[-79.4317298733272,43.6937686326086],[-79.4317004402591,43.6937531688082],[-79.4316621020093,43.693732722862],[-79.4316241450536,43.6937119071779],[-79.4315865743515,43.6936907244595],[-79.4315493985829,43.6936691783129],[-79.4315132859245,43.6936476885992],[-79.4314775644508,43.6936258588596],[-79.4314422378806,43.6936036917972],[-79.4314096404814,43.6935826596241],[-79.4313774019514,43.6935613387157],[-79.4313365837121,43.6935336100251],[-79.4312963714242,43.6935054181174],[-79.4312567762432,43.6934767711011],[-79.4312137123972,43.693444997635]]]]},"properties":{"_id":1588,"FLOC_ID":"004947-P02","Property Description":"CEDARVALE PARK - CEDARVALE RAVINE","Address":"451 ARLINGTON AVE","City":"TORONTO","Intersection":"REAR OF 45-159 STRATHEARN RD","Ward \\#":12,"Ward Name":"Toronto-St. Paul's","Former Municipality":"York","District":"South","City Cluster":"Citizen-Focused Services Group A","Property Type":"Park/Rec/Open Space","Property Status":"City Use","Jurisdiction":"Parks & Recreation","Management":"Parks & Recreation","Owner":"City of Toronto","Area (M2)":108011,"Frontage (M)":null,"Depth (M)":null,"Area (FT2)":1162617,"Frontage (FT)":null,"Depth (FT)":null,"OBJECTID":1588}},{"type":"Feature","geometry":{"type":"MultiPolygon","coordinates":[[[[-79.4296991672184,43.6927048728804],[-79.4296921507652,43.6927006559594],[-79.4297246394572,43.692709748342],[-79.4297567626711,43.692719502986],[-79.4297884918853,43.692729911773],[-79.4298198047805,43.6927409665886],[-79.4298506740765,43.6927526584148],[-79.4298810762133,43.6927649791367],[-79.4299109863948,43.6927779170375],[-79.4299403810619,43.692791463102],[-79.4299692366578,43.6928056065146],[-79.4299975296265,43.6928203355595],[-79.4300252388931,43.6928356385227],[-79.4300523409026,43.6928515027881],[-79.4300788145797,43.6928679166419],[-79.4301046400919,43.6928848665703],[-79.430129793885,43.6929023390573],[-79.4302335297159,43.6929802942132],[-79.430329393049,43.6930510416408],[-79.4305146168484,43.6931877274091],[-79.4305099105448,43.6931917724297],[-79.4302307348124,43.6934318513867],[-79.4300678679437,43.6933143389967],[-79.4299625700933,43.6932383630225],[-79.4297798054693,43.6933956880123],[-79.4297744533256,43.6933918222695],[-79.4296459114892,43.6932990740148],[-79.4295335287733,43.6933148263634],[-79.4295237318338,43.6933077552086],[-79.4295175380965,43.693303284948],[-79.4294249551937,43.6932347414846],[-79.429424689162,43.6932278112247],[-79.429423883643,43.693205946586],[-79.4294168828233,43.6930942281114],[-79.4294152765287,43.6930623283357],[-79.4294098368799,43.6929543715623],[-79.4294082851084,43.6929235870797],[-79.4294005979734,43.6927709365908],[-79.4293945173234,43.6926500364544],[-79.4294161483701,43.692656376823],[-79.4294381176007,43.6926620720035],[-79.4294603890521,43.6926671111719],[-79.4294829242769,43.6926714862032],[-79.429505688547,43.6926751907748],[-79.4295286409329,43.6926782176605],[-79.4295517454638,43.6926805623372],[-79.4295777430095,43.6926828160783],[-79.4296036319577,43.6926856458294],[-79.4296293912242,43.6926890479771],[-79.429654994761,43.6926930207053],[-79.4296804177624,43.6926975603981],[-79.4296991672184,43.6927048728804]]]]},"properties":{"_id":1589,"FLOC_ID":"004947-P02","Property Description":"CEDARVALE PARK - CEDARVALE RAVINE","Address":"451 ARLINGTON AVE","City":"TORONTO","Intersection":"REAR OF 45-159 STRATHEARN RD","Ward \\#":12,"Ward Name":"Toronto-St. Paul's","Former Municipality":"York","District":"South","City Cluster":"Citizen-Focused Services Group A","Property Type":"Park/Rec/Open Space","Property Status":"City Use","Jurisdiction":"Parks & Recreation","Management":"Parks & Recreation","Owner":"City of Toronto","Area (M2)":108011,"Frontage (M)":null,"Depth (M)":null,"Area (FT2)":1162617,"Frontage (FT)":null,"Depth (FT)":null,"OBJECTID":1589}},{"type":"Feature","geometry":{"type":"MultiPolygon","coordinates":[[[[-79.4261071068449,43.7029415313553],[-79.4259217207645,43.7029677698049],[-79.4258990359221,43.702878465125],[-79.4259367553985,43.7027344592203],[-79.4259750468965,43.7025882528575],[-79.4260313708597,43.7025914631698],[-79.4260877501198,43.7025941046094],[-79.4260942971322,43.7027115269178],[-79.4261019949438,43.7028496628082],[-79.4261071068449,43.7029415313553]]]]},"properties":{"_id":1674,"FLOC_ID":"000650-P02","Property Description":"LEASED OFFICE SPACE","Address":"159 OLD FOREST HILL RD","City":"TORONTO","Intersection":"None","Ward \\#":8,"Ward Name":"Eglinton-Lawrence","Former Municipality":"Toronto (Old)","District":"North","City Cluster":"Citizen-Focused Services Group A","Property Type":"Park/Rec/Open Space","Property Status":"City Use","Jurisdiction":"Parks & Recreation","Management":"Parks & Recreation","Owner":"City of Toronto","Area (M2)":405,"Frontage (M)":null,"Depth (M)":null,"Area (FT2)":4356,"Frontage (FT)":null,"Depth (FT)":null,"OBJECTID":1674}},{"type":"Feature","geometry":{"type":"MultiPolygon","coordinates":[[[[-79.4429128598196,43.7035041714274],[-79.4428330040118,43.703521098025],[-79.442705954591,43.703204930257],[-79.4425788940993,43.7028887596245],[-79.4426587404537,43.7028718331978],[-79.4427385842775,43.7028549112146],[-79.4428656455382,43.7031710807719],[-79.4429927069041,43.7034872375687],[-79.4429128598196,43.7035041714274]]]]},"properties":{"_id":1717,"FLOC_ID":"007000-P01","Property Description":"JANE/WOOLNER GARDEN PLOTS","Address":"0 SCARLETT RD","City":"TORONTO","Intersection":"ADJ S 1 TO 139 FOXWELL ST","Ward \\#":5,"Ward Name":"York South-Weston","Former Municipality":"Toronto (Amal)","District":"West","City Cluster":"Citizen-Focused Services Group A","Property Type":"Park/Rec/Open Space","Property Status":"City Use","Jurisdiction":"Parks & Recreation","Management":"Parks & Recreation","Owner":"Province of Ontario","Area (M2)":36829,"Frontage (M)":null,"Depth (M)":null,"Area (FT2)":396423,"Frontage (FT)":null,"Depth (FT)":null,"OBJECTID":1717}},{"type":"Feature","geometry":{"type":"MultiPolygon","coordinates":[[[[-79.4421104175719,43.7019247879065],[-79.442019679129,43.7019439749509],[-79.4418551986537,43.7015343106636],[-79.4419452645752,43.7015133114491],[-79.4420353440912,43.701492302269],[-79.4421254098965,43.7014712930109],[-79.4422154756381,43.7014502845818],[-79.4422342889599,43.7014459023662],[-79.4423075375161,43.7016286338434],[-79.4424015734417,43.7018632051133],[-79.4423826375302,43.701867211941],[-79.442291902983,43.7018863992037],[-79.4422011522373,43.7019055980877],[-79.4421104175719,43.7019247879065]]]]},"properties":{"_id":1720,"FLOC_ID":"007000-P01","Property Description":"JANE/WOOLNER GARDEN PLOTS","Address":"0 SCARLETT RD","City":"TORONTO","Intersection":"ADJ S 1 TO 139 FOXWELL ST","Ward \\#":5,"Ward Name":"York South-Weston","Former Municipality":"Toronto (Amal)","District":"West","City Cluster":"Citizen-Focused Services Group A","Property Type":"Park/Rec/Open Space","Property Status":"City Use","Jurisdiction":"Parks & Recreation","Management":"Parks & Recreation","Owner":"Province of Ontario","Area (M2)":36829,"Frontage (M)":null,"Depth (M)":null,"Area (FT2)":396423,"Frontage (FT)":null,"Depth (FT)":null,"OBJECTID":1720}},{"type":"Feature","geometry":{"type":"MultiPolygon","coordinates":[[[[-79.4868174757462,43.6989241103876],[-79.4864811990615,43.6990056659554],[-79.486156863704,43.6988028732016],[-79.4863724830973,43.6987853493059],[-79.4865632344286,43.6988081415377],[-79.4867870047421,43.6986044640448],[-79.4867857876353,43.6984125294994],[-79.4868123419048,43.6982731917667],[-79.4868382625948,43.6983810841623],[-79.4869453597313,43.6988279067324],[-79.4868174757462,43.6989241103876]]]]},"properties":{"_id":1803,"FLOC_ID":"004325-P01","Property Description":"PART OF WESTVIEW GREENBELT","Address":"22R PARSON CRT","City":"TORONTO","Intersection":"ADJ TO 22 PARSON CRT","Ward \\#":5,"Ward Name":"York South-Weston","Former Municipality":"North York","District":"West","City Cluster":"Citizen-Focused Services Group A","Property Type":"Park/Rec/Open Space","Property Status":"City Use","Jurisdiction":"Parks & Recreation","Management":"Parks & Recreation","Owner":"City of Toronto","Area (M2)":1487,"Frontage (M)":null,"Depth (M)":null,"Area (FT2)":16002,"Frontage (FT)":null,"Depth (FT)":null,"OBJECTID":1803}},{"type":"Feature","geometry":{"type":"MultiPolygon","coordinates":[[[[-79.4893448328743,43.6886824951991],[-79.4893422125764,43.6886852124475],[-79.4874052255271,43.6876992036962],[-79.4871111724588,43.687552323671],[-79.4871142227973,43.6875516462168],[-79.4871336573823,43.6875473385823],[-79.4872569237309,43.6875199605266],[-79.4876732746252,43.6874274862933],[-79.4878059326463,43.6874933144465],[-79.488015888803,43.6875974961236],[-79.488107457642,43.6876429379607],[-79.4884461784719,43.6878109856062],[-79.4890339902493,43.6881030457417],[-79.4891375507972,43.688154529573],[-79.4892411078009,43.6882060133098],[-79.4896011003736,43.6883849798952],[-79.4900564275623,43.6886113419228],[-79.490245448267,43.6887053137868],[-79.4902445412792,43.6887066909084],[-79.4910943319587,43.689128164252],[-79.4911168606531,43.6891393375185],[-79.4916333819137,43.6893955435831],[-79.4919658808645,43.689560457741],[-79.4921499075734,43.6896517356008],[-79.4926664351478,43.689907937875],[-79.4926629748978,43.6899127164425],[-79.4928499068375,43.6900006682764],[-79.4929885156424,43.6900658867703],[-79.4930885713785,43.6901155575284],[-79.4931886123958,43.6901652119953],[-79.4932887031942,43.6902148942811],[-79.4933253187644,43.6902330709465],[-79.4933887929192,43.6902645593764],[-79.4934411034534,43.690290501431],[-79.4936335099027,43.6903859404715],[-79.4938872965744,43.690511819474],[-79.4946081268185,43.690869344982],[-79.495635852059,43.6913791097795],[-79.4966033994238,43.6918589900187],[-79.49731505751,43.6922119290419],[-79.497474192592,43.6922908569247],[-79.4978058663571,43.6924553498353],[-79.497827776053,43.6924662031149],[-79.4979275532188,43.6925156913856],[-79.4980296366448,43.6925663191723],[-79.4980569562592,43.6925798593873],[-79.4981812834223,43.6926415139998],[-79.4983388453287,43.6927196602357],[-79.4990556582924,43.6930756290809],[-79.501318650352,43.6941990695451],[-79.5014840112171,43.6942811548001],[-79.501564971474,43.6946204088018],[-79.5015783747824,43.6946766216819],[-79.5015838686211,43.6946997018168],[-79.4976195909139,43.6927376519095],[-79.4975659243027,43.6927110915601],[-79.4931934635445,43.6905521897916],[-79.4930808404097,43.6904961904567],[-79.4924680284632,43.6901945983315],[-79.4923739131775,43.6902178712492],[-79.4907856128796,43.689412811291],[-79.4895640719304,43.6887936283805],[-79.4893448328743,43.6886824951991]]]]},"properties":{"_id":2597,"FLOC_ID":"003184-P03","Property Description":"KAY GARDNER BELT LINE PARK - PROP G","Address":"0 DUFFERIN ST","City":"TORONTO","Intersection":"ADJ TO 2433 DUFFERIN ST","Ward \\#":9,"Ward Name":"Davenport","Former Municipality":"York","District":"South","City Cluster":"Citizen-Focused Services Group A","Property Type":"Park/Rec/Open Space","Property Status":"City Use","Jurisdiction":"Parks & Recreation","Management":"Parks & Recreation","Owner":"Third Party Organization","Area (M2)":2365,"Frontage (M)":null,"Depth (M)":null,"Area (FT2)":25457,"Frontage (FT)":null,"Depth (FT)":null,"OBJECTID":2597}},{"type":"Feature","geometry":{"type":"MultiPolygon","coordinates":[[[[-79.4657815095864,43.6941655590621],[-79.4657906290187,43.6941981167644],[-79.4657907317741,43.6941984876484],[-79.4658079715621,43.6942600400402],[-79.465725443941,43.6942765272943],[-79.4656664931516,43.6941015757943],[-79.465548845252,43.6937524063689],[-79.4655419731298,43.6937320091685],[-79.4655135298111,43.6936519844989],[-79.4654842032041,43.6935721278785],[-79.4654539957905,43.6934924438081],[-79.4654229100515,43.6934129376885],[-79.4653909484683,43.6933336149206],[-79.4653581110409,43.6932544809044],[-79.4653244014916,43.6931755401409],[-79.4652898210608,43.6930967980306],[-79.4652543734707,43.6930182590743],[-79.4652180587211,43.6929399286721],[-79.4651808817741,43.6928618122255],[-79.4651428426299,43.6927839142342],[-79.4651025501498,43.6927049776921],[-79.465061385549,43.6926262776022],[-79.465019351308,43.6925478202652],[-79.4650103139059,43.6925310777917],[-79.4651224326734,43.6925069966878],[-79.4651307978207,43.6925235994274],[-79.4652503228714,43.6927608919439],[-79.4653190048015,43.6929027659969],[-79.4655486821084,43.6934219517538],[-79.4656722266705,43.6937780998725],[-79.4656905348352,43.6938431190051],[-79.4656981401456,43.6938701161637],[-79.4657583629915,43.6940832182122],[-79.4657679864534,43.6941172729827],[-79.4657815095864,43.6941655590621]]]]},"properties":{"_id":2600,"FLOC_ID":"003184-P03","Property Description":"KAY GARDNER BELT LINE PARK - PROP G","Address":"0 DUFFERIN ST","City":"TORONTO","Intersection":"ADJ TO 2433 DUFFERIN ST","Ward \\#":9,"Ward Name":"Davenport","Former Municipality":"York","District":"South","City Cluster":"Citizen-Focused Services Group A","Property Type":"Park/Rec/Open Space","Property Status":"City Use","Jurisdiction":"Parks & Recreation","Management":"Parks & Recreation","Owner":"Third Party Organization","Area (M2)":2365,"Frontage (M)":null,"Depth (M)":null,"Area (FT2)":25457,"Frontage (FT)":null,"Depth (FT)":null,"OBJECTID":2600}},{"type":"Feature","geometry":{"type":"MultiPolygon","coordinates":[[[[-79.4638248014045,43.6910791454062],[-79.4637440832895,43.6909337317838],[-79.463691544853,43.6908390844704],[-79.4635878538263,43.6906522862678],[-79.4634634472979,43.6904636486813],[-79.4633314010692,43.6902634274325],[-79.4632412310919,43.6902833570501],[-79.4631578693785,43.6903023292526],[-79.4631284850962,43.6902514849469],[-79.4632203761098,43.690230725152],[-79.4632619240656,43.6902214311705],[-79.46339174998,43.6901924616376],[-79.4633686158214,43.6901485188893],[-79.4633453810363,43.6901028379529],[-79.4633233608793,43.6900568765607],[-79.4632994455011,43.6900106121118],[-79.4632765012229,43.6899647161225],[-79.4632541683521,43.6899191128671],[-79.4632326694384,43.6898729715975],[-79.4632098417458,43.68982727456],[-79.463188943128,43.6897813891115],[-79.4631684243551,43.6897351266268],[-79.463131424388,43.6896530930616],[-79.4630952545102,43.689570864423],[-79.463059915956,43.689488446113],[-79.4630437117079,43.6894482302705],[-79.4630278275606,43.6894079479193],[-79.4630036623408,43.6893471561249],[-79.4629802291311,43.6892862142402],[-79.4629544196274,43.6892166096291],[-79.4629295642047,43.6891468216942],[-79.4629056678172,43.6890768576388],[-79.4628852734541,43.6890146520351],[-79.4628656346464,43.6889523170539],[-79.4628467563494,43.6888898598981],[-79.4628321288192,43.6888479486888],[-79.4627682996659,43.6888450925071],[-79.4627492369841,43.6887961696294],[-79.4626549402247,43.6888170380806],[-79.4626111712613,43.6888267244743],[-79.4625818950673,43.6887316134544],[-79.4625613031213,43.6886647171467],[-79.4625407087463,43.6885978109323],[-79.46251951923,43.6885305444662],[-79.4624982280831,43.6884632167532],[-79.4624961024364,43.6884564965846],[-79.4623911800637,43.6881247083516],[-79.4623754291785,43.6880749025671],[-79.4623441466108,43.6879759805623],[-79.4623399585269,43.6879627346671],[-79.46228488841,43.6877885881247],[-79.4622768711349,43.6875853693794],[-79.4622722186351,43.6874878855383],[-79.4622702009269,43.6874456039538],[-79.4622617089622,43.6872676363936],[-79.4622600634574,43.6872331653607],[-79.4622548980287,43.6871249175853],[-79.4622543662955,43.6871222962303],[-79.4622264823893,43.6869850405483],[-79.4621753298735,43.6867332355701],[-79.4620868273577,43.6862975692361],[-79.4620524015736,43.6861183184353],[-79.4619816316917,43.6857599034603],[-79.4619672805025,43.6857048593048],[-79.461966875878,43.6857033073451],[-79.461819821766,43.6851214625203],[-79.4618193590289,43.6851196315],[-79.4615952559319,43.6843251433842],[-79.4615392947962,43.6841253198415],[-79.4614705931631,43.6839526894234],[-79.4613651464967,43.6836877228247],[-79.4613332817025,43.6836575144604],[-79.4611162223932,43.6834517357222],[-79.4611078896106,43.683429016284],[-79.4610871356869,43.6833724278926],[-79.4610238886925,43.6831978952631],[-79.461158845698,43.6831684997169],[-79.4613980159545,43.6831164028437],[-79.4614320478854,43.683108990051],[-79.4615274971045,43.6832763421542],[-79.4615283086309,43.6832777367301],[-79.4615379949003,43.6832944032133],[-79.4616951478857,43.6835647841939],[-79.4617279177461,43.6836211640658],[-79.4617388493054,43.6836399732594],[-79.4617519639661,43.6836625358278],[-79.4617574555474,43.6836869816187],[-79.4617725883412,43.683754343472],[-79.4617879017476,43.683822511],[-79.4618031607676,43.6838904354716],[-79.4618178044757,43.6839585721657],[-79.4618324395584,43.6840266710487],[-79.4618470783867,43.6840947834323],[-79.461861722194,43.6841629201184],[-79.4618763586163,43.6842310189938],[-79.4618910024893,43.6842991565746],[-79.4619056402123,43.6843672644464],[-79.46192030023,43.6844354749378],[-79.4619349380186,43.6845035837044],[-79.4619495746046,43.6845716852668],[-79.4619642099844,43.6846397850259],[-79.4619788466382,43.6847078838826],[-79.4619934857972,43.6847759962394],[-79.4620682813272,43.6851001725358],[-79.4621122025862,43.6852779151923],[-79.4621257295465,43.6853320229248],[-79.4621392590057,43.6853861405576],[-79.4621527538485,43.685440115056],[-79.4621662499497,43.6854940994541],[-79.4621796183846,43.6855479748922],[-79.4621929905565,43.6856018629312],[-79.4622082490179,43.6856563150735],[-79.4622187365194,43.6856937405674],[-79.4622230617376,43.685711519575],[-79.462229669579,43.6857386786968],[-79.4622383170525,43.6857789848982],[-79.4622554106958,43.6858463806155],[-79.4622725019046,43.6859137637267],[-79.4622895931487,43.6859811513352],[-79.4623066869062,43.6860485479426],[-79.4623237794677,43.6861159346448],[-79.4623408708265,43.6861833222433],[-79.4623579634622,43.6862507125393],[-79.4623751217161,43.6863183602909],[-79.4623922787715,43.6863860026378],[-79.4624208145553,43.6864985076222],[-79.4624380867851,43.6865666072643],[-79.4624532019689,43.6866347503008],[-79.462471902238,43.6867024327447],[-79.4624906037884,43.6867701169855],[-79.4625092793883,43.6868377112008],[-79.4625275886969,43.6869039766998],[-79.462531640659,43.6869186447519],[-79.4625648641206,43.6869678738641],[-79.4625659026253,43.6869694134271],[-79.4627643157911,43.6872502405786],[-79.4628542624642,43.6874202396435],[-79.4628762430668,43.687471878256],[-79.4628798439477,43.6874800121023],[-79.4628993248893,43.6875240203941],[-79.4629200285052,43.6875666788835],[-79.4629223727379,43.6875709696647],[-79.4629476880647,43.6876220278596],[-79.4629511824664,43.6876298718269],[-79.4629707875503,43.6876738810458],[-79.4629792380072,43.6876949333282],[-79.4629919490022,43.6877265986246],[-79.4630085418135,43.6877655004222],[-79.4630143225481,43.687779052853],[-79.4630362904585,43.6878315969584],[-79.4630467373655,43.6878578004258],[-79.4630572102924,43.6878840660095],[-79.4630670010469,43.6879102440592],[-79.4630771026505,43.6879372485277],[-79.4630873767859,43.6879640847267],[-79.4630976274021,43.6879908561076],[-79.4631124175475,43.6880305116155],[-79.4631173921827,43.6880438495493],[-79.463137737591,43.6880967270575],[-79.463162005196,43.688149746246],[-79.4631822729174,43.6882019936292],[-79.4631979359953,43.68824237041],[-79.4630133743836,43.6882824926501],[-79.4628741933683,43.6883133922044],[-79.4629022217827,43.6884228481251],[-79.4629495002392,43.6885894694385],[-79.4629967826769,43.6887560934292],[-79.4630233894889,43.6888400778717],[-79.4630296823457,43.6888621789997],[-79.4630631170994,43.6889656966609],[-79.4630899224606,43.68904581149],[-79.4631174958221,43.6891257816387],[-79.4631457157829,43.6892053442292],[-79.4631748783802,43.6892852086588],[-79.4632045241061,43.6893642334141],[-79.4632352449583,43.689443961508],[-79.4632665790195,43.6895231326091],[-79.463298634033,43.6896020392938],[-79.4633314396807,43.6896808318927],[-79.463365017066,43.6897594897089],[-79.4633993166173,43.6898379398154],[-79.463434486905,43.689914615133],[-79.4635774968069,43.6902180693585],[-79.4636765002758,43.6904114460441],[-79.4637081671313,43.6904712679267],[-79.4637405722621,43.690530881204],[-79.4637737144326,43.690590280474],[-79.4638072305597,43.6906488391311],[-79.4638414626427,43.6907071801729],[-79.4638764069657,43.6907652972966],[-79.4639637535737,43.6909057928107],[-79.4640373774681,43.6910164788436],[-79.464339410811,43.6914650702732],[-79.4646950924385,43.6919933326162],[-79.4646541174057,43.6920054744026],[-79.4644065812352,43.6920716417258],[-79.4643027579053,43.691889347519],[-79.4642027684087,43.6917382682064],[-79.4641796029329,43.6917032666115],[-79.4640672392573,43.691582586975],[-79.4641231450798,43.6915700018206],[-79.4640461458215,43.6914433185884],[-79.4640307192407,43.6914179372806],[-79.4638248014045,43.6910791454062]]]]},"properties":{"_id":2605,"FLOC_ID":"003184-P03","Property Description":"KAY GARDNER BELT LINE PARK - PROP G","Address":"0 DUFFERIN ST","City":"TORONTO","Intersection":"ADJ TO 2433 DUFFERIN ST","Ward \\#":9,"Ward Name":"Davenport","Former Municipality":"York","District":"South","City Cluster":"Citizen-Focused Services Group A","Property Type":"Park/Rec/Open Space","Property Status":"City Use","Jurisdiction":"Parks & Recreation","Management":"Parks & Recreation","Owner":"Third Party Organization","Area (M2)":2365,"Frontage (M)":null,"Depth (M)":null,"Area (FT2)":25457,"Frontage (FT)":null,"Depth (FT)":null,"OBJECTID":2605}},{"type":"Feature","geometry":{"type":"MultiPolygon","coordinates":[[[[-79.4776367739576,43.6824443162308],[-79.4779856364447,43.6826740982906],[-79.4785030719242,43.6829064908777],[-79.4789848223959,43.6830955737588],[-79.4792554811137,43.6831806693698],[-79.4795771326703,43.6832524767264],[-79.4796203189975,43.6832621131346],[-79.4796769619248,43.6832747619575],[-79.4797110151628,43.6832823624113],[-79.479830225745,43.6833089796765],[-79.4798248281272,43.6833635698639],[-79.4798950082293,43.6833984172951],[-79.4799230835156,43.683412362557],[-79.4799620856068,43.6834317222149],[-79.479954729034,43.6834470546551],[-79.4799466618078,43.6834621979425],[-79.4799378926163,43.683477134076],[-79.4799284313871,43.6834918468549],[-79.4798533920579,43.6834628071332],[-79.479950351846,43.6836296769424],[-79.479987194895,43.6836930886169],[-79.4799947578827,43.6837061229355],[-79.4801769599526,43.6840197017519],[-79.4800642940773,43.6839639766628],[-79.4798065581347,43.6838365107029],[-79.4794773036348,43.6836736615992],[-79.4790034984535,43.683439304788],[-79.4789785968143,43.6834269954219],[-79.4783552692813,43.6831117270528],[-79.4777396176111,43.6827886076201],[-79.4770043295357,43.682386775892],[-79.4769782017111,43.6823721624057],[-79.4765485095249,43.6821249377674],[-79.4760268498735,43.6818248086473],[-79.4760129619708,43.6818160672606],[-79.4765198476062,43.6817677985539],[-79.4768832260777,43.6819777165913],[-79.476971851733,43.6820305622754],[-79.4771704704461,43.6821489729574],[-79.4776367739576,43.6824443162308]]]]},"properties":{"_id":2610,"FLOC_ID":"003184-P03","Property Description":"KAY GARDNER BELT LINE PARK - PROP G","Address":"0 DUFFERIN ST","City":"TORONTO","Intersection":"ADJ TO 2433 DUFFERIN ST","Ward \\#":9,"Ward Name":"Davenport","Former Municipality":"York","District":"South","City Cluster":"Citizen-Focused Services Group A","Property Type":"Park/Rec/Open Space","Property Status":"City Use","Jurisdiction":"Parks & Recreation","Management":"Parks & Recreation","Owner":"Third Party Organization","Area (M2)":2365,"Frontage (M)":null,"Depth (M)":null,"Area (FT2)":25457,"Frontage (FT)":null,"Depth (FT)":null,"OBJECTID":2610}},{"type":"Feature","geometry":{"type":"MultiPolygon","coordinates":[[[[-79.4801769599526,43.6840197017519],[-79.4799947578827,43.6837061229355],[-79.479987194895,43.6836930886169],[-79.479950351846,43.6836296769424],[-79.4798533920579,43.6834628071332],[-79.4799284313871,43.6834918468549],[-79.4799378926163,43.683477134076],[-79.4799466618078,43.6834621979425],[-79.479954729034,43.6834470546551],[-79.4799620856068,43.6834317222149],[-79.4800582097362,43.6834785323294],[-79.4801428699252,43.683520527372],[-79.4802126783673,43.6835551486098],[-79.4802350147072,43.6836107985651],[-79.4804543376752,43.6841570644705],[-79.4801769599526,43.6840197017519]]]]},"properties":{"_id":2634,"FLOC_ID":"003184-P03","Property Description":"KAY GARDNER BELT LINE PARK - PROP G","Address":"0 DUFFERIN ST","City":"TORONTO","Intersection":"ADJ TO 2433 DUFFERIN ST","Ward \\#":9,"Ward Name":"Davenport","Former Municipality":"York","District":"South","City Cluster":"Citizen-Focused Services Group A","Property Type":"Park/Rec/Open Space","Property Status":"City Use","Jurisdiction":"Parks & Recreation","Management":"Parks & Recreation","Owner":"Third Party Organization","Area (M2)":2365,"Frontage (M)":null,"Depth (M)":null,"Area (FT2)":25457,"Frontage (FT)":null,"Depth (FT)":null,"OBJECTID":2634}},{"type":"Feature","geometry":{"type":"MultiPolygon","coordinates":[[[[-79.4651224326734,43.6925069966878],[-79.4650103139059,43.6925310777917],[-79.4649966108729,43.6925058564695],[-79.4649935289997,43.6925001730084],[-79.4650238681798,43.6924942378407],[-79.465106958875,43.6924762174391],[-79.4651096080207,43.6924815470142],[-79.4651224326734,43.6925069966878]]]]},"properties":{"_id":2640,"FLOC_ID":"003184-P03","Property Description":"KAY GARDNER BELT LINE PARK - PROP G","Address":"0 DUFFERIN ST","City":"TORONTO","Intersection":"ADJ TO 2433 DUFFERIN ST","Ward \\#":9,"Ward Name":"Davenport","Former Municipality":"York","District":"South","City Cluster":"Citizen-Focused Services Group A","Property Type":"Park/Rec/Open Space","Property Status":"City Use","Jurisdiction":"Parks & Recreation","Management":"Parks & Recreation","Owner":"Third Party Organization","Area (M2)":2365,"Frontage (M)":null,"Depth (M)":null,"Area (FT2)":25457,"Frontage (FT)":null,"Depth (FT)":null,"OBJECTID":2640}},{"type":"Feature","geometry":{"type":"MultiPolygon","coordinates":[[[[-79.4816426689839,43.6847467175027],[-79.4813267749346,43.684590047193],[-79.4810379892735,43.6840907673306],[-79.4810865401278,43.6841148520726],[-79.4811619739175,43.6841522604627],[-79.4812458545241,43.6841938656984],[-79.481342257155,43.6842416820189],[-79.4815781350765,43.6843586724661],[-79.4816955566122,43.6844169054853],[-79.481665756339,43.6844478057986],[-79.4820649085485,43.6846456701492],[-79.4821958590021,43.6847105873438],[-79.4824549343749,43.6848390193437],[-79.4827174981094,43.6849697349124],[-79.4829745368386,43.6850971194691],[-79.4829835395221,43.6850880591945],[-79.4830864872453,43.6851382747589],[-79.4831802748725,43.6851844932029],[-79.4832740614037,43.6852307106693],[-79.4833678505595,43.6852769289589],[-79.4834616522615,43.6853231525737],[-79.4835241748204,43.6853539640717],[-79.4835554379842,43.6853693707081],[-79.4836179606393,43.6854001812544],[-79.4836492263318,43.6854155878655],[-79.483743017305,43.6854618022455],[-79.4838368059381,43.6855080291496],[-79.4839305909965,43.6855542469747],[-79.4840243799211,43.6856004611224],[-79.4841181689863,43.6856466877946],[-79.484211954477,43.6856929044877],[-79.4843057425932,43.6857391184033],[-79.4843995320928,43.6857853358423],[-79.4844933217344,43.6858315613052],[-79.4845871078019,43.6858777749886],[-79.4846571088638,43.685912269306],[-79.4846807848262,43.685924119099],[-79.4849534100334,43.6860606321962],[-79.4850463061365,43.6861071442271],[-79.485046814634,43.6861073963302],[-79.4851156738285,43.6861418803145],[-79.4851402094565,43.6861541603862],[-79.4851747240528,43.6861714491731],[-79.4852336143471,43.686200925267],[-79.4852959860536,43.6862321570327],[-79.4853270057386,43.6862476900694],[-79.4853582003136,43.6862633113328],[-79.4854204109194,43.6862944547968],[-79.4855138013606,43.6863412194456],[-79.4856072105532,43.68638798312],[-79.4856163747441,43.6863925749388],[-79.485684801746,43.6864268343916],[-79.4857006161696,43.6864347467172],[-79.4857625654331,43.6864657747447],[-79.4857940082843,43.6864815210377],[-79.485840321781,43.6865047042422],[-79.4858874129504,43.6865282853815],[-79.4859185470452,43.6865438704785],[-79.4859807941796,43.6865751117548],[-79.4860032415607,43.6865863841383],[-79.4860739584962,43.6866218849173],[-79.4861030338502,43.6866364786694],[-79.4861517102626,43.6866609141157],[-79.4861672519446,43.6866687228284],[-79.4862293988712,43.6866999351523],[-79.4862604661568,43.6867155408507],[-79.4863070714571,43.6867389480327],[-79.4863536792716,43.6867623677977],[-79.4863847590264,43.6867779698631],[-79.4864469098991,43.6868091856691],[-79.4864624367731,43.6868169925395],[-79.4865401220653,43.6868560043621],[-79.4866333343744,43.6869028328801],[-79.4867110198858,43.6869418553876],[-79.4867265455903,43.6869496514201],[-79.4867886955768,43.6869808679394],[-79.4868197743147,43.6869964797873],[-79.4868663800491,43.6870198912408],[-79.48691298458,43.6870432990745],[-79.4869440509777,43.6870589135874],[-79.4870061949884,43.6870901272868],[-79.4870217344131,43.6870979268811],[-79.4870994043033,43.6871369464212],[-79.4871613660819,43.6871684066509],[-79.4872656983641,43.6872213774881],[-79.4874124733643,43.687295635592],[-79.486997958799,43.6873881072861],[-79.481658523203,43.6847429548009],[-79.4816426689839,43.6847467175027]]]]},"properties":{"_id":2669,"FLOC_ID":"003184-P03","Property Description":"KAY GARDNER BELT LINE PARK - PROP G","Address":"0 DUFFERIN ST","City":"TORONTO","Intersection":"ADJ TO 2433 DUFFERIN ST","Ward \\#":9,"Ward Name":"Davenport","Former Municipality":"York","District":"South","City Cluster":"Citizen-Focused Services Group A","Property Type":"Park/Rec/Open Space","Property Status":"City Use","Jurisdiction":"Parks & Recreation","Management":"Parks & Recreation","Owner":"Third Party Organization","Area (M2)":2365,"Frontage (M)":null,"Depth (M)":null,"Area (FT2)":25457,"Frontage (FT)":null,"Depth (FT)":null,"OBJECTID":2669}},{"type":"Feature","geometry":{"type":"MultiPolygon","coordinates":[[[[-79.4626240510349,43.6903645457514],[-79.4631284850962,43.6902514849469],[-79.4631578693785,43.6903023292526],[-79.4626466436059,43.6904169316893],[-79.4626240510349,43.6903645457514]]]]},"properties":{"_id":2685,"FLOC_ID":"003184-P03","Property Description":"KAY GARDNER BELT LINE PARK - PROP G","Address":"0 DUFFERIN ST","City":"TORONTO","Intersection":"ADJ TO 2433 DUFFERIN ST","Ward \\#":9,"Ward Name":"Davenport","Former Municipality":"York","District":"South","City Cluster":"Citizen-Focused Services Group A","Property Type":"Park/Rec/Open Space","Property Status":"City Use","Jurisdiction":"Parks & Recreation","Management":"Parks & Recreation","Owner":"Third Party Organization","Area (M2)":2365,"Frontage (M)":null,"Depth (M)":null,"Area (FT2)":25457,"Frontage (FT)":null,"Depth (FT)":null,"OBJECTID":2685}},{"type":"Feature","geometry":{"type":"MultiPolygon","coordinates":[[[[-79.4647924315598,43.6931767943325],[-79.4647757824993,43.6931510599057],[-79.4647598287639,43.6931264004452],[-79.4647272235425,43.693076004747],[-79.4646939763622,43.6930246159982],[-79.4646703867011,43.6929881543697],[-79.464701521902,43.6929791464923],[-79.4647674549455,43.6929600714886],[-79.4647826788469,43.6929556673462],[-79.4648877137805,43.6929252806855],[-79.4647079506797,43.6925618214735],[-79.4646255911721,43.6923907165089],[-79.4649413024294,43.6923222932176],[-79.4650007382033,43.6923094116755],[-79.465094479372,43.6924567159245],[-79.465106958875,43.6924762174391],[-79.4650238681798,43.6924942378407],[-79.4649935289997,43.6925001730084],[-79.4649966108729,43.6925058564695],[-79.4650103139059,43.6925310777917],[-79.465019351308,43.6925478202652],[-79.4650613843085,43.6926262776018],[-79.4651025489093,43.6927049776918],[-79.4651428426299,43.6927839142342],[-79.4651808817741,43.6928618122255],[-79.4652180587211,43.6929399286721],[-79.4652543734707,43.6930182590743],[-79.4652898210608,43.6930967980306],[-79.4653244014916,43.6931755401409],[-79.4653581110409,43.6932544809044],[-79.4653909484683,43.6933336149206],[-79.4654229100515,43.6934129376885],[-79.4654539957905,43.6934924438081],[-79.4654842032041,43.6935721278785],[-79.4655135298111,43.6936519844989],[-79.4655419731298,43.6937320091685],[-79.465548845252,43.6937524063689],[-79.4656664931516,43.6941015757943],[-79.465725443941,43.6942765272943],[-79.4658079715621,43.6942600400402],[-79.4657320826377,43.6942996734062],[-79.4657453280791,43.6943454606466],[-79.4657464300103,43.6943492685232],[-79.4657638690038,43.6944095589985],[-79.4657741689852,43.6944451657918],[-79.46578240997,43.6944736537462],[-79.4658009522142,43.6945377520911],[-79.4658019055744,43.6945410504495],[-79.4658194932568,43.6946018513321],[-79.4658296434899,43.6946369396],[-79.4658380355794,43.6946659505696],[-79.4658573814936,43.6947328287421],[-79.4658590355365,43.6947387448847],[-79.4658724263493,43.6947866636559],[-79.4658851820574,43.6948323130102],[-79.4659130916645,43.6949321834576],[-79.4659410038387,43.695032065599],[-79.4659689123893,43.6951319378292],[-79.4659968247502,43.6952318172531],[-79.4660247347259,43.6953316903668],[-79.4660526472704,43.695431572474],[-79.4661022376084,43.6956090278178],[-79.466128098887,43.6957015687417],[-79.4661539627222,43.6957941168601],[-79.4661798241592,43.6958866586695],[-79.4662056881528,43.6959792076733],[-79.4662315497498,43.6960717476678],[-79.4662420687351,43.6961093905648],[-79.4662574139018,43.6961642975572],[-79.4662832744171,43.6962568375366],[-79.4663091387286,43.6963493865112],[-79.4663350006434,43.6964419264763],[-79.4663608626376,43.6965344664342],[-79.466386727187,43.6966270162868],[-79.4664125880996,43.6967195562296],[-79.4664384528084,43.6968121051675],[-79.4664643151205,43.696904645096],[-79.4664901799878,43.6969971949194],[-79.4665160424588,43.6970897348332],[-79.466541906247,43.6971822801409],[-79.4665541838045,43.6972262118158],[-79.4666706667241,43.6976430054201],[-79.4664257055604,43.6976970035605],[-79.4663443226456,43.6977149434951],[-79.4659130038086,43.6961757800303],[-79.4655145656856,43.694753875266],[-79.4655086244962,43.6947973497092],[-79.4655020667616,43.694840777159],[-79.4654948937231,43.6948841540151],[-79.4654379021386,43.6947000882999],[-79.465345353006,43.6944011786991],[-79.4651559571092,43.6937894725216],[-79.4651428177462,43.6937564301712],[-79.4651035483969,43.6936576695076],[-79.4650623000353,43.6935939142522],[-79.4650215177867,43.6935308792273],[-79.464993788038,43.693488019183],[-79.4649921557103,43.6934854974209],[-79.4649518321968,43.6934231700121],[-79.4649395457739,43.6934041807166],[-79.4648987811337,43.6933411735552],[-79.4648576311194,43.6932775703746],[-79.4648250331713,43.6932271855095],[-79.4647924315598,43.6931767943325]]]]},"properties":{"_id":2689,"FLOC_ID":"003184-P03","Property Description":"KAY GARDNER BELT LINE PARK - PROP G","Address":"0 DUFFERIN ST","City":"TORONTO","Intersection":"ADJ TO 2433 DUFFERIN ST","Ward \\#":9,"Ward Name":"Davenport","Former Municipality":"York","District":"South","City Cluster":"Citizen-Focused Services Group A","Property Type":"Park/Rec/Open Space","Property Status":"City Use","Jurisdiction":"Parks & Recreation","Management":"Parks & Recreation","Owner":"Third Party Organization","Area (M2)":2365,"Frontage (M)":null,"Depth (M)":null,"Area (FT2)":25457,"Frontage (FT)":null,"Depth (FT)":null,"OBJECTID":2689}},{"type":"Feature","geometry":{"type":"MultiPolygon","coordinates":[[[[-79.48187752285,43.703264525893],[-79.4818822416651,43.7032306863375],[-79.4818860299361,43.7031967863255],[-79.4818888876608,43.7031628375589],[-79.4818908123552,43.7031288544394],[-79.4824592045075,43.7030145188288],[-79.4824044704837,43.7028832213734],[-79.4823935212337,43.7028569359548],[-79.4825747000446,43.7028171114581],[-79.4827556093619,43.7027773370405],[-79.4829365010688,43.7027375659341],[-79.4831173912942,43.7026978008419],[-79.4832078189466,43.702677919536],[-79.4832982924491,43.7026580282637],[-79.483479184681,43.702618250897],[-79.4835171026638,43.7025955821499],[-79.4835550342691,43.7025729025906],[-79.4837357982399,43.7025332742199],[-79.4839165508097,43.7024936320597],[-79.4840973155461,43.7024539995164],[-79.4843009578746,43.7024093381163],[-79.484521485887,43.7023609800153],[-79.4847420855109,43.7023126061957],[-79.484970202735,43.7022625875049],[-79.4851308170312,43.7021314391672],[-79.4852881222157,43.7020029770569],[-79.4854152676483,43.7018991446856],[-79.4855412076688,43.7017963111607],[-79.4856191635631,43.7018560948946],[-79.4853683688948,43.7020611140203],[-79.485242961612,43.7021636323741],[-79.4850342099624,43.7023342595876],[-79.4846139194768,43.7024792305955],[-79.4846413029664,43.7025448328982],[-79.4842870124118,43.7026409526072],[-79.4843218949226,43.702724387548],[-79.4841382287997,43.7027635888807],[-79.4835857226541,43.7028815104355],[-79.4833825872586,43.7029248681463],[-79.4821983350088,43.7033680747955],[-79.4818733224108,43.7034309687504],[-79.4818713257665,43.7034071978603],[-79.4818701939331,43.703383397403],[-79.4818699281454,43.703359583581],[-79.4818705296382,43.7033357725969],[-79.4818719959237,43.7033119824528],[-79.4818743282372,43.7032882275508],[-79.48187752285,43.703264525893]]]]},"properties":{"_id":2764,"FLOC_ID":"004333-P01","Property Description":"REDBANK GREENBELT PARK","Address":"99 CULFORD RD","City":"TORONTO","Intersection":"None","Ward \\#":5,"Ward Name":"York South-Weston","Former Municipality":"North York","District":"West","City Cluster":"Citizen-Focused Services Group A","Property Type":"Park/Rec/Open Space","Property Status":"City Use","Jurisdiction":"Parks & Recreation","Management":"Parks & Recreation","Owner":"City of Toronto","Area (M2)":7851,"Frontage (M)":34,"Depth (M)":null,"Area (FT2)":84506,"Frontage (FT)":111,"Depth (FT)":null,"OBJECTID":2764}},{"type":"Feature","geometry":{"type":"MultiPolygon","coordinates":[[[[-79.4862256185771,43.6997386486923],[-79.4861449127955,43.6995505157155],[-79.4857345303865,43.6997204283705],[-79.4857267449292,43.6997110057554],[-79.4857183862224,43.6997018450055],[-79.4857094716312,43.6996929641253],[-79.4861050131403,43.6994743717145],[-79.4858189625873,43.6993011320811],[-79.4854580825332,43.6992390354889],[-79.4855913389335,43.6992101861459],[-79.4860390475904,43.6991132627682],[-79.486065078075,43.6991069263399],[-79.4864811990615,43.6990056659554],[-79.4868174757462,43.6989241103876],[-79.4872923476019,43.6993935460314],[-79.4874697500048,43.6996923569234],[-79.4878001539664,43.6996201474638],[-79.4880433359809,43.7006017630364],[-79.4881026308701,43.7007467438679],[-79.4882510572301,43.701109599973],[-79.4882738764729,43.7011653895558],[-79.4886423115868,43.7016961800674],[-79.4888143357315,43.7018659890761],[-79.4890238870796,43.7020728155925],[-79.4891356733615,43.7021831558549],[-79.489143758137,43.7021887482178],[-79.4890919844839,43.7022000326935],[-79.4890670586293,43.7022054562833],[-79.4890396735591,43.7022114242094],[-79.488987314299,43.7021614152696],[-79.4889357207271,43.7021109896202],[-79.4888848990452,43.7020601517636],[-79.488834857936,43.7020089098027],[-79.4887856011198,43.7019572682395],[-79.4887371347976,43.7019052351769],[-79.4886894651711,43.701852815117],[-79.4886425996819,43.7018000161628],[-79.4885965408091,43.7017468437162],[-79.488551297235,43.7016933049802],[-79.4885068739202,43.7016394053569],[-79.4884632745837,43.7015851529487],[-79.4884205066672,43.7015305540584],[-79.4883785738902,43.7014756140879],[-79.4883374824531,43.70142034114],[-79.4882972373157,43.701364742417],[-79.4882578421975,43.7013088224209],[-79.4882193020577,43.7012525910546],[-79.488181623097,43.7011960528199],[-79.4881448090344,43.7011392149194],[-79.488108864829,43.7010820854555],[-79.4880737941998,43.7010246707302],[-79.4880396021062,43.7009669779458],[-79.4880135812906,43.7009217851872],[-79.4879880990078,43.700876431356],[-79.4879631589784,43.7008309191533],[-79.4879320342752,43.7007723211289],[-79.4879017893314,43.7007134819542],[-79.4878724253842,43.7006544079308],[-79.4878439473927,43.7005951062612],[-79.4878163578345,43.7005355841471],[-79.4877896604281,43.7004758478905],[-79.4877669628723,43.700423061045],[-79.487745933633,43.7003724544839],[-79.4876737337118,43.7003883015796],[-79.4873165241752,43.7004011721409],[-79.4870685142579,43.7004101069294],[-79.4865625708045,43.7005241776288],[-79.4865064168645,43.700393259967],[-79.4864502482834,43.7002623305711],[-79.486394089869,43.7001314146478],[-79.4863379366618,43.7000004977944],[-79.4862817700541,43.6998695692072],[-79.4862256185771,43.6997386486923]]]]},"properties":{"_id":2877,"FLOC_ID":"004339-P01","Property Description":"WESTVIEW GREENBELT","Address":"0 TRETHEWEY DR","City":"TORONTO","Intersection":"ABUTTING SS 20A NORDALE CRES & ES 2221 KEELE ST","Ward \\#":5,"Ward Name":"York South-Weston","Former Municipality":"North York","District":"West","City Cluster":"Citizen-Focused Services Group A","Property Type":"Park/Rec/Open Space","Property Status":"City Use","Jurisdiction":"Parks & Recreation","Management":"Parks & Recreation","Owner":"City of Toronto","Area (M2)":28733,"Frontage (M)":4,"Depth (M)":null,"Area (FT2)":309276,"Frontage (FT)":12,"Depth (FT)":null,"OBJECTID":2877}},{"type":"Feature","geometry":{"type":"MultiPolygon","coordinates":[[[[-79.4898086322016,43.702044155268],[-79.4900088145944,43.702000395217],[-79.490064322082,43.7022243275863],[-79.4898086322016,43.702044155268]]]]},"properties":{"_id":2878,"FLOC_ID":"004340-P01","Property Description":"PARK LAND","Address":"20A NORDALE CRES","City":"TORONTO","Intersection":"None","Ward \\#":5,"Ward Name":"York South-Weston","Former Municipality":"North York","District":"West","City Cluster":"Citizen-Focused Services Group A","Property Type":"Park/Rec/Open Space","Property Status":"City Use","Jurisdiction":"Parks & Recreation","Management":"Parks & Recreation","Owner":"City of Toronto","Area (M2)":36300,"Frontage (M)":255,"Depth (M)":null,"Area (FT2)":390734,"Frontage (FT)":838,"Depth (FT)":null,"OBJECTID":2878}},{"type":"Feature","geometry":{"type":"MultiPolygon","coordinates":[[[[-79.4916706245232,43.7039126726172],[-79.4913679221352,43.7039799644057],[-79.4912596611629,43.7040041480098],[-79.491023294817,43.7040569266791],[-79.4909060017653,43.7040831129223],[-79.4907006028091,43.7041289813031],[-79.4905740071539,43.7041572457429],[-79.4904853283318,43.7037667504151],[-79.4904524968268,43.7037739315967],[-79.490422426185,43.7036552121389],[-79.4903998301905,43.703566015688],[-79.4903737015979,43.7034628975581],[-79.4903429455664,43.7033414875334],[-79.4903042688292,43.7031888153884],[-79.4902131348531,43.7028238814053],[-79.490230291659,43.7028320092271],[-79.491389620233,43.7034618813432],[-79.4920900351605,43.7038195130916],[-79.4919877330722,43.7038422395912],[-79.4916706245232,43.7039126726172]]]]},"properties":{"_id":2889,"FLOC_ID":"004340-P01","Property Description":"PARK LAND","Address":"20A NORDALE CRES","City":"TORONTO","Intersection":"None","Ward \\#":5,"Ward Name":"York South-Weston","Former Municipality":"North York","District":"West","City Cluster":"Citizen-Focused Services Group A","Property Type":"Park/Rec/Open Space","Property Status":"City Use","Jurisdiction":"Parks & Recreation","Management":"Parks & Recreation","Owner":"City of Toronto","Area (M2)":36300,"Frontage (M)":255,"Depth (M)":null,"Area (FT2)":390734,"Frontage (FT)":838,"Depth (FT)":null,"OBJECTID":2889}},{"type":"Feature","geometry":{"type":"MultiPolygon","coordinates":[[[[-79.49293518177,43.7036318585214],[-79.492852930173,43.7036500602914],[-79.4928085994036,43.7036599049082],[-79.4917489214994,43.7030698004854],[-79.4905537044427,43.7024906503167],[-79.4903978312228,43.7024084736544],[-79.4901113301049,43.7022574437688],[-79.490064322082,43.7022243275863],[-79.4900088145944,43.702000395217],[-79.4917107442557,43.7016175736496],[-79.4919607224493,43.7018783288844],[-79.4922089722358,43.7021372921882],[-79.4924895967085,43.7024299263571],[-79.4928141479741,43.7027671837299],[-79.4931097871067,43.7030746045863],[-79.4935208057967,43.7035017959563],[-79.4935135224239,43.7035034247744],[-79.4933096238139,43.7035489846887],[-79.49293518177,43.7036318585214]]]]},"properties":{"_id":2929,"FLOC_ID":"004340-P01","Property Description":"PARK LAND","Address":"20A NORDALE CRES","City":"TORONTO","Intersection":"None","Ward \\#":5,"Ward Name":"York South-Weston","Former Municipality":"North York","District":"West","City Cluster":"Citizen-Focused Services Group A","Property Type":"Park/Rec/Open Space","Property Status":"City Use","Jurisdiction":"Parks & Recreation","Management":"Parks & Recreation","Owner":"City of Toronto","Area (M2)":36300,"Frontage (M)":255,"Depth (M)":null,"Area (FT2)":390734,"Frontage (FT)":838,"Depth (FT)":null,"OBJECTID":2929}},{"type":"Feature","geometry":{"type":"MultiPolygon","coordinates":[[[[-79.4791126911609,43.6986386340798],[-79.4791059809465,43.6986373240666],[-79.4790995426379,43.6986354281191],[-79.479093471755,43.698632975959],[-79.4790878600935,43.6986300036083],[-79.4790827907614,43.6986265551886],[-79.4790783394198,43.6986226838214],[-79.4790745755251,43.6986184471277],[-79.4790715524034,43.6986139072262],[-79.4790693171748,43.6986091343356],[-79.4790679033122,43.6986041986722],[-79.4790673306402,43.69859917405],[-79.4790666967668,43.698527570511],[-79.4790659307556,43.6984970065069],[-79.479064220607,43.6984664630326],[-79.4790615700394,43.6984359544909],[-79.4790579778079,43.6984054970838],[-79.4790534476308,43.6983751052138],[-79.4790479807448,43.6983447941835],[-79.4790415808677,43.6983145801955],[-79.4790342492364,43.6982844776521],[-79.4790259920502,43.6982545018563],[-79.4790168117866,43.6982246672105],[-79.4790067121636,43.6981949890174],[-79.4789957006208,43.6981654825802],[-79.4789837821172,43.6981361623016],[-79.4788545340378,43.6978314332317],[-79.4790352350115,43.6977910606422],[-79.4792159444252,43.6977506931692],[-79.4793966374694,43.6977103227068],[-79.479468920822,43.697694175703],[-79.4795772818565,43.6976700410625],[-79.4797578776018,43.6976298050304],[-79.4799384557366,43.6975895696098],[-79.4801190522398,43.6975493330066],[-79.4802996485015,43.6975090961178],[-79.4803516915641,43.6974975042169],[-79.4803599210101,43.6975229513688],[-79.4804482368083,43.6977959809306],[-79.4807302118715,43.6978133787927],[-79.4807336230364,43.6978229162306],[-79.4807378195759,43.6978322872768],[-79.4807427866135,43.6978414577241],[-79.4804572954767,43.6978240205864],[-79.4805505784325,43.6981123971961],[-79.4805802549797,43.6981916126563],[-79.4806109121165,43.6982734215444],[-79.480709571583,43.6985057650132],[-79.4803243774786,43.698591675134],[-79.4797894134572,43.6987110621556],[-79.4797676298522,43.6987155463426],[-79.4797455971066,43.6987193373824],[-79.4797233586453,43.6987224307819],[-79.4797009554133,43.698724818447],[-79.4796784308353,43.6987264967849],[-79.4796558258548,43.6987274622024],[-79.4796331851364,43.698727713807],[-79.4796105508635,43.6987272498063],[-79.4795879652184,43.6987260720078],[-79.4795654716242,43.6987241822197],[-79.4795431135028,43.6987215849504],[-79.4795209317953,43.6987182838079],[-79.4794989686824,43.6987142851007],[-79.4791707201439,43.6986490483538],[-79.4791417876163,43.698643600001],[-79.4791126911609,43.6986386340798]]]]},"properties":{"_id":2936,"FLOC_ID":"004326-P01","Property Description":"GULLIVER PARK","Address":"55 GULLIVER RD","City":"TORONTO","Intersection":"None","Ward \\#":5,"Ward Name":"York South-Weston","Former Municipality":"North York","District":"West","City Cluster":"Citizen-Focused Services Group A","Property Type":"Park/Rec/Open Space","Property Status":"City Use","Jurisdiction":"Parks & Recreation","Management":"Parks & Recreation","Owner":"City of Toronto","Area (M2)":14407,"Frontage (M)":137,"Depth (M)":null,"Area (FT2)":155074,"Frontage (FT)":450,"Depth (FT)":null,"OBJECTID":2936}},{"type":"Feature","geometry":{"type":"MultiPolygon","coordinates":[[[[-79.4888037800665,43.6998639905225],[-79.4888595898579,43.6999950348526],[-79.4889153998848,43.7001261205584],[-79.4889713354515,43.7002572728555],[-79.4890270244167,43.7003881451587],[-79.4890828351791,43.7005191965689],[-79.489237248361,43.7008816019155],[-79.4893936501815,43.7012486968824],[-79.4894724098808,43.7014336408769],[-79.4899066696492,43.7013368424693],[-79.4903626373758,43.7012351439453],[-79.4905427874618,43.7011950015774],[-79.4907236854784,43.7011546753598],[-79.4909044591755,43.7011143947523],[-79.4910852351189,43.7010740679523],[-79.49117208441,43.7010547039356],[-79.4914209413714,43.7013149382157],[-79.4915643506886,43.7014649021238],[-79.4917107442557,43.7016175736496],[-79.4900088145944,43.702000395217],[-79.4898086322016,43.702044155268],[-79.4895895305674,43.7018897635756],[-79.4891699178562,43.7014700597024],[-79.4888412285857,43.7010011585664],[-79.4886276171828,43.7005115704059],[-79.4885359586362,43.7000898025633],[-79.4884584102219,43.6997329821012],[-79.4884052115014,43.6994881913138],[-79.4884280791913,43.6994831529123],[-79.4884470336522,43.6994789701328],[-79.4886229302225,43.6994401850414],[-79.4886904262862,43.6995978114166],[-79.4888037800665,43.6998639905225]]]]},"properties":{"_id":3038,"FLOC_ID":"004339-P01","Property Description":"WESTVIEW GREENBELT","Address":"0 TRETHEWEY DR","City":"TORONTO","Intersection":"ABUTTING SS 20A NORDALE CRES & ES 2221 KEELE ST","Ward \\#":5,"Ward Name":"York South-Weston","Former Municipality":"North York","District":"West","City Cluster":"Citizen-Focused Services Group A","Property Type":"Park/Rec/Open Space","Property Status":"City Use","Jurisdiction":"Parks & Recreation","Management":"Parks & Recreation","Owner":"City of Toronto","Area (M2)":28733,"Frontage (M)":4,"Depth (M)":null,"Area (FT2)":309276,"Frontage (FT)":12,"Depth (FT)":null,"OBJECTID":3038}},{"type":"Feature","geometry":{"type":"MultiPolygon","coordinates":[[[[-79.4862748753124,43.6807717616095],[-79.4863832763289,43.6807476393524],[-79.4864916685744,43.6807235268929],[-79.4865919228594,43.6807012226402],[-79.486600069417,43.6806994062303],[-79.4867084751319,43.6806752935665],[-79.4868168633982,43.6806511717965],[-79.4869252676991,43.6806270598269],[-79.4870336557917,43.6806029378511],[-79.4871420599197,43.6805788220751],[-79.4872504465985,43.6805546998934],[-79.4873588517941,43.6805305794111],[-79.4874672519399,43.6805064678267],[-79.4875756433188,43.6804823471371],[-79.4876840569361,43.6804582254469],[-79.4877273060145,43.6804486085941],[-79.4877924344965,43.6804341135513],[-79.4878999400182,43.6804102003896],[-79.4879792726521,43.6803925472818],[-79.4880868772529,43.6803686051503],[-79.4880879842974,43.6803712264483],[-79.4882129444879,43.6806675941521],[-79.4878540410537,43.6807492272968],[-79.4878651586026,43.6807754403018],[-79.4878874160507,43.6808278852133],[-79.4879152273777,43.6808934168163],[-79.4879207898964,43.6809065332175],[-79.487948500992,43.680971270885],[-79.4879596111757,43.6809975117831],[-79.4879817943747,43.6810499377636],[-79.4879984448172,43.6810892824509],[-79.488015095285,43.681128610033],[-79.4880428287477,43.6811941613962],[-79.4880483826402,43.6812072768894],[-79.4880816762825,43.6812859500366],[-79.4881105516717,43.6813541748904],[-79.4881149762148,43.6813646159727],[-79.4881394035715,43.6814223448256],[-79.4881482663102,43.681443289098],[-79.4881682530563,43.6814905129522],[-79.4881815713757,43.6815219649144],[-79.4881971075675,43.6815586819713],[-79.4882037028903,43.6815742801255],[-79.4882148604068,43.6816006281165],[-79.4882259559428,43.6816268500815],[-79.4882314504053,43.6816398395404],[-79.4882481532433,43.6816793039101],[-79.4882559126998,43.6816976394796],[-79.4882591967402,43.6817053998478],[-79.4882814548513,43.681757967092],[-79.4882858806903,43.6817684270698],[-79.4882869480975,43.6817709565478],[-79.4882869828063,43.681771057366],[-79.4883147441409,43.6818366428637],[-79.4883424435507,43.6819020735249],[-79.4883480496421,43.6819153150257],[-79.4883701814453,43.6819676329014],[-79.4883813391075,43.6819939808743],[-79.4883980285527,43.6820331643774],[-79.4884148407578,43.6820726197298],[-79.4884259364975,43.6820986868508],[-79.4884483300925,43.682151257673],[-79.4884516141916,43.6821589703282],[-79.4880000593247,43.6822609194721],[-79.4879743100963,43.6822006610905],[-79.4879463108092,43.6821351574012],[-79.4879440668998,43.6821299175014],[-79.4877024392107,43.6821758461557],[-79.487730424607,43.6822413544034],[-79.4872801826941,43.6823430128011],[-79.487308051114,43.6824085454409],[-79.4873359357206,43.6824740690735],[-79.4873638216262,43.6825396017],[-79.4873917075945,43.6826051253177],[-79.4873972689171,43.6826182408402],[-79.4873936755445,43.6826190505619],[-79.487387433597,43.6826103798112],[-79.4873803568448,43.6826020537182],[-79.4873724800083,43.6825941145927],[-79.4873638440093,43.6825866038452],[-79.4873544910111,43.6825795583854],[-79.4873444706186,43.682573015124],[-79.487333833678,43.6825670064713],[-79.4873226335164,43.6825615630374],[-79.4873109271822,43.6825567127326],[-79.4872987729651,43.6825524807669],[-79.4872862353566,43.6825488878503],[-79.4872733763685,43.6825459528923],[-79.4872602629743,43.6825436903024],[-79.4872469596677,43.6825421117893],[-79.487233534664,43.682541225462],[-79.4872200574194,43.6825410358286],[-79.4872065961508,43.682541543797],[-79.4871932178355,43.6825427466743],[-79.4871799931722,43.6825446381675],[-79.4871669866591,43.6825472092826],[-79.487154266516,43.6825504465253],[-79.4871418960021,43.6825543337006],[-79.4871299396181,43.6825588510129],[-79.4871184569038,43.6825639741655],[-79.4871075061592,43.6825696797618],[-79.4870971432049,43.6825759363035],[-79.4870874226216,43.6825827131926],[-79.4870783903085,43.6825899753293],[-79.487070095886,43.6825976867141],[-79.4870625790531,43.6826058068459],[-79.4870558795087,43.6826142961233],[-79.4870500295111,43.6826231095438],[-79.4870450613182,43.6826322030047],[-79.487040997266,43.6826415306019],[-79.4870378609313,43.6826510446313],[-79.4870356659682,43.6826606973875],[-79.4870344260315,43.6826704384649],[-79.4870341448532,43.6826802192567],[-79.4870348249251,43.682689989356],[-79.4870364625375,43.682699699255],[-79.4868704995098,43.6827371743706],[-79.4868585409259,43.682740145229],[-79.4868468278197,43.6827435958843],[-79.4868353986435,43.6827475137391],[-79.4867991091244,43.6826635723363],[-79.4862861035869,43.6826938292546],[-79.486282198626,43.6826848427781],[-79.4862896570464,43.6826831901322],[-79.4862394969399,43.6825652372354],[-79.4861614536872,43.6823817450994],[-79.4860510719776,43.6821193812754],[-79.4861233447394,43.6821032588221],[-79.4856244922025,43.6809164623895],[-79.4857328949781,43.6808923497513],[-79.4858412877445,43.6808682379092],[-79.4859496903463,43.6808441259653],[-79.4860580953421,43.6808200130187],[-79.4861664828912,43.6807958828646],[-79.4862748753124,43.6807717616095]]]]},"properties":{"_id":3433,"FLOC_ID":"003097-P01","Property Description":"WESTLAKE MEMORIAL PARK","Address":"86 JASPER AVE","City":"TORONTO","Intersection":"S END CASHMAN CRES","Ward \\#":5,"Ward Name":"York South-Weston","Former Municipality":"York","District":"West","City Cluster":"Citizen-Focused Services Group A","Property Type":"Park/Rec/Open Space","Property Status":"City Use","Jurisdiction":"Parks & Recreation","Management":"Parks & Recreation","Owner":"City of Toronto","Area (M2)":35450,"Frontage (M)":34,"Depth (M)":null,"Area (FT2)":381586,"Frontage (FT)":111,"Depth (FT)":null,"OBJECTID":3433}},{"type":"Feature","geometry":{"type":"MultiPolygon","coordinates":[[[[-79.4685125239501,43.6956620533714],[-79.4685816873131,43.6956941430972],[-79.4686248729054,43.6957141747271],[-79.4687005479078,43.695749289701],[-79.4687372133727,43.6957662932693],[-79.4688130435427,43.6958014802211],[-79.4688495490676,43.6958184207005],[-79.4689255406133,43.6958536706304],[-79.4689618986088,43.6958705381232],[-79.4690380428414,43.69590586093],[-79.4686875503826,43.6962044210258],[-79.4686763865516,43.696196664257],[-79.4686658209154,43.6961884782896],[-79.4686558869578,43.6961798865362],[-79.4686466131995,43.6961709142085],[-79.4686380256783,43.6961615892179],[-79.4686301529141,43.6961519376759],[-79.468623015981,43.696141990193],[-79.4686166371949,43.6961317746793],[-79.4686110351484,43.6961213217445],[-79.4686068808025,43.6961110177284],[-79.4686035627026,43.696100555519],[-79.4686010919953,43.6960899702246],[-79.4685994785857,43.6960792987533],[-79.4685987261768,43.6960685762112],[-79.4685988384697,43.6960578413047],[-79.4685998154462,43.6960471282389],[-79.4686016521232,43.6960364757178],[-79.4686043447601,43.6960259188454],[-79.4686078809313,43.6960154945236],[-79.4686123673719,43.6960027391287],[-79.4686162174428,43.6959898746432],[-79.4686194249322,43.6959769181681],[-79.4686219873512,43.6959638859049],[-79.468624161405,43.6959485861103],[-79.4686254459798,43.695933233864],[-79.4686258385811,43.6959178561692],[-79.4686253379554,43.6959024791293],[-79.4686239453288,43.6958871315488],[-79.4686216631692,43.6958718404322],[-79.468618495185,43.6958566327843],[-79.4686144475661,43.6958415347105],[-79.4686095265016,43.6958265741164],[-79.4686035423993,43.69581133419],[-79.4685966525635,43.6957962965435],[-79.4685888706265,43.6957814899846],[-79.4685802102206,43.6957669424208],[-79.4685706887006,43.6957526808604],[-79.4685603221804,43.6957387323118],[-79.468549132977,43.6957251237846],[-79.4685378588286,43.6957126439945],[-79.4685258922568,43.695700507862],[-79.4685132518591,43.695688737895],[-79.4684999599571,43.6956773512021],[-79.46848603763,43.6956663684916],[-79.4684715096809,43.6956558068728],[-79.4684563984302,43.6956456852542],[-79.4684383076477,43.6956348913147],[-79.4684196173787,43.6956246489858],[-79.4684003611106,43.6956149744787],[-79.4683805698481,43.6956058858044],[-79.4683602795605,43.6955973973744],[-79.4683395224948,43.6955895235997],[-79.4684001888339,43.6956099355091],[-79.4684628132935,43.6956389891645],[-79.4685125239501,43.6956620533714]]]]},"properties":{"_id":3494,"FLOC_ID":"003094-P01","Property Description":"WOODBOROUGH PARK","Address":"0 CASTLEFIELD AVE","City":"TORONTO","Intersection":"SC WOODBOROUGH AVE & CASTLEFIELD AVE","Ward \\#":5,"Ward Name":"York South-Weston","Former Municipality":"York","District":"West","City Cluster":"Citizen-Focused Services Group A","Property Type":"Park/Rec/Open Space","Property Status":"City Use","Jurisdiction":"Parks & Recreation","Management":"Parks & Recreation","Owner":"City of Toronto","Area (M2)":1133,"Frontage (M)":44,"Depth (M)":null,"Area (FT2)":12197,"Frontage (FT)":143,"Depth (FT)":null,"OBJECTID":3494}},{"type":"Feature","geometry":{"type":"MultiPolygon","coordinates":[[[[-79.4694546028951,43.6973475860066],[-79.4693536304893,43.69728552481],[-79.4692526471231,43.6972234698215],[-79.4691516776156,43.6971614075459],[-79.4690507083178,43.6970993424801],[-79.4689497379863,43.6970372800245],[-79.4688944129301,43.6970032851223],[-79.4688487554584,43.6969752147753],[-79.4687477855384,43.6969131620415],[-79.4687078021879,43.696888588389],[-79.4686468170733,43.6968510975166],[-79.4685458388903,43.6967890355995],[-79.4684194329079,43.6967113367338],[-79.4685356254901,43.6966124140157],[-79.4687137785974,43.6964607417008],[-79.4688756817041,43.6963229068623],[-79.4691448781502,43.6960937062164],[-79.469188732952,43.6961209019384],[-79.4692922714243,43.6961850963879],[-79.4693960794545,43.6962490414795],[-79.4694998256893,43.6963129585555],[-79.46960327325,43.6963766963317],[-79.469707099306,43.6964406483444],[-79.4698108213945,43.6965045552283],[-79.4699145697556,43.6965684629244],[-79.4700186246684,43.6966325686343],[-79.4701220386035,43.696696280725],[-79.4702258149099,43.6967602070464],[-79.4704809528823,43.6966154226911],[-79.4704842684031,43.6966116322047],[-79.4704868421836,43.6966075498849],[-79.4704886270438,43.6966032513305],[-79.4704895894479,43.6965988175444],[-79.4704897107475,43.6965943286333],[-79.4704889896604,43.6965898701091],[-79.4704874385526,43.6965855238867],[-79.4704850883992,43.6965813718858],[-79.470481981344,43.696577489728],[-79.4704781744187,43.6965739512385],[-79.470473739547,43.6965708203452],[-79.4705105053212,43.6965851715886],[-79.470547689481,43.696598943245],[-79.4705852746603,43.6966121290086],[-79.4706232447339,43.6966247216738],[-79.4705796525925,43.6967052728909],[-79.4705297705277,43.6967780426557],[-79.4704666154509,43.6968524931101],[-79.4705465323598,43.6968846096219],[-79.4706055267928,43.6969083251983],[-79.4706631928378,43.6969315021262],[-79.470709445025,43.6969501007462],[-79.4707309046952,43.6969587195752],[-79.4707798361312,43.696978390006],[-79.4708839084161,43.6970202185418],[-79.4708965193018,43.6970252867778],[-79.4710131542772,43.6970721690158],[-79.4707112465206,43.6973856996036],[-79.4705695611565,43.6975328594553],[-79.4704913731799,43.6976138238737],[-79.4700108011888,43.697456954897],[-79.4695554904319,43.6974012515904],[-79.4695503900747,43.6974064610768],[-79.4694546028951,43.6973475860066]]]]},"properties":{"_id":3541,"FLOC_ID":"003094-P02","Property Description":"WOODBOROUGH PARK","Address":"1486 CASTLEFIELD AVE","City":"TORONTO","Intersection":"NWS CASTLEFIELD AVE & WOODBOROUGH AVE","Ward \\#":5,"Ward Name":"York South-Weston","Former Municipality":"York","District":"West","City Cluster":"Citizen-Focused Services Group A","Property Type":"Park/Rec/Open Space","Property Status":"City Use","Jurisdiction":"Parks & Recreation","Management":"Parks & Recreation","Owner":"City of Toronto","Area (M2)":16916,"Frontage (M)":89,"Depth (M)":null,"Area (FT2)":182081,"Frontage (FT)":293,"Depth (FT)":null,"OBJECTID":3541}},{"type":"Feature","geometry":{"type":"MultiPolygon","coordinates":[[[[-79.4899917453261,43.6877944519631],[-79.4899839299132,43.687806315895],[-79.4896171119872,43.6876368228479],[-79.4896988608479,43.6875130875383],[-79.4899872697038,43.68764631984],[-79.4900654897264,43.6876824560923],[-79.490011980522,43.6877637151862],[-79.4899917453261,43.6877944519631]]]]},"properties":{"_id":4415,"FLOC_ID":"005496-P01","Property Description":"MOUNT DENNIS COMMUNITY CENTRE","Address":"4 HOLLIS ST","City":"TORONTO","Intersection":"None","Ward \\#":5,"Ward Name":"York South-Weston","Former Municipality":"York","District":"West","City Cluster":"Citizen-Focused Services Group A","Property Type":"Park/Rec/Open Space","Property Status":"City Use","Jurisdiction":"Parks & Recreation","Management":"Parks & Recreation","Owner":"City of Toronto","Area (M2)":526,"Frontage (M)":15,"Depth (M)":35,"Area (FT2)":5663,"Frontage (FT)":50,"Depth (FT)":115,"OBJECTID":4415}},{"type":"Feature","geometry":{"type":"MultiPolygon","coordinates":[[[[-79.4381345309816,43.702212483394],[-79.4381418294535,43.7022107491969],[-79.4382684610744,43.7021807452813],[-79.4382721357445,43.7021798750418],[-79.4384024282541,43.7021490007305],[-79.4385327206274,43.7021181289707],[-79.4386588697338,43.7020888363638],[-79.4387850038235,43.7020595490102],[-79.4388448706447,43.7020452627201],[-79.4388580176552,43.7020998553114],[-79.4388879084067,43.7022238900207],[-79.4387692232263,43.7022520554174],[-79.4386505329693,43.7022802233884],[-79.4385928377499,43.702293907657],[-79.4384706972727,43.7023228972045],[-79.4383807849103,43.7023442358096],[-79.4382908613121,43.7023655797385],[-79.4382009500629,43.7023869182026],[-79.4381110251049,43.702408253888],[-79.438021113719,43.7024296012117],[-79.4379958339304,43.7024355985557],[-79.4380007509168,43.7022441809253],[-79.438011535436,43.70224162321],[-79.4381345309816,43.702212483394]]]]},"properties":{"_id":4488,"FLOC_ID":"001422-P02","Property Description":"KAY GARDNER BELT LINE PARK - PROP B","Address":"80R FAIRLEIGH CRES","City":"TORONTO","Intersection":"ADJ S 145-165 ELM RIDGE DR","Ward \\#":8,"Ward Name":"Eglinton-Lawrence","Former Municipality":"Toronto (Old)","District":"North","City Cluster":"Citizen-Focused Services Group A","Property Type":"Park/Rec/Open Space","Property Status":"City Use","Jurisdiction":"Parks & Recreation","Management":"Parks & Recreation","Owner":"City of Toronto","Area (M2)":1644,"Frontage (M)":null,"Depth (M)":null,"Area (FT2)":17696,"Frontage (FT)":null,"Depth (FT)":null,"OBJECTID":4488}},{"type":"Feature","geometry":{"type":"MultiPolygon","coordinates":[[[[-79.4538446317028,43.6881408991433],[-79.453912457719,43.6881257782195],[-79.4539349245425,43.6881207618489],[-79.4539801224135,43.6881106985965],[-79.4540252160814,43.6881006244826],[-79.4540477746821,43.688095602726],[-79.4541155211965,43.6880804978519],[-79.454205817573,43.6880603648455],[-79.4542961089302,43.688040228165],[-79.4543864138724,43.6880200905185],[-79.4544767063493,43.6879999536957],[-79.4545045367065,43.6880654924515],[-79.4545323658838,43.6881310311993],[-79.4545601963615,43.6881965708401],[-79.4545880256531,43.6882621185742],[-79.4546158562526,43.6883276573],[-79.4546436782295,43.6883931960148],[-79.4546687340616,43.6884521815781],[-79.4541262378032,43.6885729804436],[-79.4541123797737,43.688540201145],[-79.4539966554967,43.6885659739619],[-79.4538881728198,43.6885901266485],[-79.4537760673514,43.6886150779828],[-79.4536639617819,43.6886400400084],[-79.4535699287611,43.6886609757834],[-79.4535588842358,43.6886347595092],[-79.4535312630322,43.6885692305162],[-79.453503646851,43.6885037006178],[-79.4534760257676,43.68843817161],[-79.4534484084738,43.6883726317948],[-79.4534207912318,43.6883071027737],[-79.453393171569,43.6882415737443],[-79.4534834560274,43.6882214368035],[-79.4535737491086,43.6882012997948],[-79.4536640408813,43.6881811726156],[-79.4537543338417,43.6881610354641],[-79.4538446317028,43.6881408991433]]]]},"properties":{"_id":5201,"FLOC_ID":"003169-P01","Property Description":"CHARLES CACCIA PARK","Address":"348 NAIRN AVE","City":"YORK","Intersection":"ABUTTING SS 335 HARVIE AVE","Ward \\#":9,"Ward Name":"Davenport","Former Municipality":"York","District":"South","City Cluster":"Citizen-Focused Services Group A","Property Type":"Park/Rec/Open Space","Property Status":"City Use","Jurisdiction":"Parks & Recreation","Management":"Parks & Recreation","Owner":"City of Toronto","Area (M2)":4613,"Frontage (M)":49,"Depth (M)":null,"Area (FT2)":49658,"Frontage (FT)":160,"Depth (FT)":null,"OBJECTID":5201}},{"type":"Feature","geometry":{"type":"MultiPolygon","coordinates":[[[[-79.4925404475044,43.6855392151736],[-79.4923495241554,43.6854847743594],[-79.4920938427004,43.6853708652379],[-79.492000734477,43.6853293843425],[-79.4919489527466,43.6852816458808],[-79.4919032246044,43.6852394994356],[-79.4916864400311,43.6850396512731],[-79.4914748929968,43.6849587418497],[-79.4914727709902,43.684956899124],[-79.4913663781405,43.6848644666205],[-79.4913175322419,43.6845313452497],[-79.4912269112297,43.6845514868568],[-79.4911543379687,43.6845676107064],[-79.4916270692375,43.6840091502725],[-79.4916365420826,43.683997969541],[-79.4916477080372,43.6839865026908],[-79.4919692598786,43.6836564567541],[-79.4920559354047,43.6835675658851],[-79.4926763112296,43.6833057430327],[-79.4929785331864,43.6831781999405],[-79.4930591052326,43.6831441934133],[-79.493092111998,43.6831302604855],[-79.4938452614137,43.6829316194095],[-79.494059077912,43.6828754616481],[-79.4942316906934,43.6828301200889],[-79.494311527304,43.6828091474368],[-79.4943230868857,43.6827983734434],[-79.4947168060636,43.6824315601173],[-79.4951574050886,43.6820210721448],[-79.4951858337872,43.6819945815863],[-79.4956549365687,43.6815575056862],[-79.4957720208031,43.681448400672],[-79.4958197378134,43.6814247802832],[-79.4962139634481,43.6813354136893],[-79.496518615451,43.6812663392009],[-79.4965395778778,43.6812615970458],[-79.496664165421,43.6812553565389],[-79.496933742016,43.6812418684201],[-79.4971284767336,43.6812321241562],[-79.4973579718278,43.6812206467164],[-79.4975511163537,43.6812109800071],[-79.4978312686614,43.682088209415],[-79.4981094088455,43.6829589552246],[-79.4981268250413,43.6830135007481],[-79.4984948966902,43.6841656944182],[-79.4984977777604,43.6841762745934],[-79.4984996975567,43.6841869690725],[-79.4985006486379,43.6841977319488],[-79.4985006260429,43.6842085164154],[-79.4984996310129,43.6842192765657],[-79.4984976660293,43.684229966493],[-79.4984947410153,43.6842405402908],[-79.4984908683752,43.6842509529526],[-79.4984860654746,43.6842611585718],[-79.4984803509195,43.6842711139424],[-79.4984737495176,43.6842807767583],[-79.4984662910382,43.6842901047136],[-79.4984580077311,43.684299058203],[-79.4984489330867,43.6843075994211],[-79.4984391080375,43.6843156905628],[-79.4984285735159,43.6843232974235],[-79.4984173754159,43.6843303875991],[-79.4984055608719,43.6843369295853],[-79.4983931819794,43.6843428972789],[-79.4983802908344,43.6843482627764],[-79.4983669432536,43.6843530044754],[-79.4983531962942,43.6843571016734],[-79.4983391094941,43.6843605372687],[-79.4982549397463,43.6843788554759],[-79.4981571904469,43.6844001447346],[-79.4981433988436,43.6844031437471],[-79.4978103618739,43.6844798010884],[-79.4977968641857,43.6844831781196],[-79.4976964215978,43.6845081547675],[-79.4975963013929,43.6845338028315],[-79.4974965110101,43.6845601205121],[-79.4973970591294,43.6845871033098],[-79.4972979544304,43.6846147512256],[-79.497199205593,43.6846430615603],[-79.4971008200567,43.6846720307144],[-79.4970028065015,43.6847016568889],[-79.4969051736072,43.6847319382846],[-79.496525378959,43.6848517833732],[-79.49599893582,43.6836221479091],[-79.4973096291305,43.6833283115356],[-79.4976709462929,43.68324748051],[-79.4976200019616,43.6831268466118],[-79.4972583245169,43.683207715275],[-79.495828462655,43.6835281951548],[-79.4952313289242,43.6836609816145],[-79.4952830416636,43.6837814986805],[-79.4957603081543,43.68367539105],[-79.4962951888612,43.6849244121893],[-79.4960630483092,43.6849976651645],[-79.4959656538229,43.6850283985301],[-79.4958347660649,43.6850697008313],[-79.4952592515008,43.685251293269],[-79.4947185530402,43.6854218983233],[-79.4946836875693,43.6854328999034],[-79.4941779247001,43.6855924738146],[-79.4941081611003,43.6856144802326],[-79.493762997863,43.685723359715],[-79.4936897548116,43.6856731644158],[-79.4935769126622,43.6856468932215],[-79.4935697711098,43.6856300252735],[-79.4935606996101,43.6856355956708],[-79.4935513850172,43.6856409500224],[-79.4935362130597,43.6856489486258],[-79.4935204991133,43.6856563729131],[-79.4935042803918,43.6856632048836],[-79.4934876027915,43.6856694265372],[-79.4934703211839,43.6856750756708],[-79.4934526613281,43.685680068585],[-79.4934346691199,43.6856843935804],[-79.4934163929361,43.6856880371579],[-79.4933978811533,43.6856909903186],[-79.4933733118489,43.6856330096877],[-79.4932817090601,43.6854167452697],[-79.4931919655713,43.685436777767],[-79.4931022455899,43.6854568101953],[-79.4930877960671,43.6854600317899],[-79.49301192023,43.6854769676342],[-79.4929215898469,43.6854971349028],[-79.4928311403241,43.6855173272961],[-79.4927406758554,43.6855375241175],[-79.4926585369764,43.6855558743343],[-79.4925404475044,43.6855392151736]]]]},"properties":{"_id":5304,"FLOC_ID":"006161-P02","Property Description":"EGLINTON FLATS","Address":"3651 EGLINTON AVE W","City":"TORONTO","Intersection":"SEC EGLINTON AVE W & JANE ST","Ward \\#":5,"Ward Name":"York South-Weston","Former Municipality":"York","District":"West","City Cluster":"Affiliated Corporations and Organizations","Property Type":"Park/Rec/Open Space","Property Status":"City Use","Jurisdiction":"Toronto & Region Conservation Authority","Management":"Parks & Recreation","Owner":"Toronto & Region Conservation Authority","Area (M2)":163377,"Frontage (M)":null,"Depth (M)":null,"Area (FT2)":1758580,"Frontage (FT)":null,"Depth (FT)":null,"OBJECTID":5304}},{"type":"Feature","geometry":{"type":"MultiPolygon","coordinates":[[[[-79.4920961078886,43.6868425922362],[-79.4919850983299,43.6868012334175],[-79.4919564067138,43.6867905486549],[-79.4920169526504,43.6867770590449],[-79.4921256958628,43.6867528314771],[-79.4922380523865,43.6867277975344],[-79.4922634181195,43.6867221473354],[-79.4923396058423,43.686705173307],[-79.4924084737015,43.6866898306782],[-79.4924845819544,43.6866728763507],[-79.492665791022,43.6866325055709],[-79.4927563911233,43.6866123196228],[-79.4928469986072,43.6865921264023],[-79.4929376122313,43.6865719412114],[-79.4930282171118,43.6865517559481],[-79.493118830614,43.686531574214],[-79.4932094366135,43.6865113888069],[-79.493390655872,43.6864710222783],[-79.4933230210867,43.6863108896434],[-79.4934809671794,43.6862610675381],[-79.4934972826332,43.6862559215215],[-79.4936716827891,43.686200918036],[-79.4938460789058,43.6861459079827],[-79.4939319067893,43.6861188375464],[-79.4940204784246,43.6860909012636],[-79.4943423307632,43.6859893622239],[-79.4943458822154,43.6860002143729],[-79.4943311916102,43.6860733645502],[-79.4943124355343,43.6861667620574],[-79.4942367862904,43.6862339773113],[-79.4941620039881,43.686300422047],[-79.4940530505613,43.6863973883836],[-79.4937546917446,43.6866608937527],[-79.4935543586109,43.6869114717274],[-79.4932214993695,43.6872504991639],[-79.4921045298418,43.6868456514612],[-79.4920961078886,43.6868425922362]]]]},"properties":{"_id":5389,"FLOC_ID":"003162-P01","Property Description":"PEAREN PARK","Address":"30 PEAREN ST","City":"TORONTO","Intersection":"SWC GLENVALLEY DR & PEAREN ST","Ward \\#":5,"Ward Name":"York South-Weston","Former Municipality":"York","District":"West","City Cluster":"Citizen-Focused Services Group A","Property Type":"Park/Rec/Open Space","Property Status":"City Use","Jurisdiction":"Parks & Recreation","Management":"Parks & Recreation","Owner":"City of Toronto","Area (M2)":9753,"Frontage (M)":null,"Depth (M)":null,"Area (FT2)":104980,"Frontage (FT)":null,"Depth (FT)":null,"OBJECTID":5389}},{"type":"Feature","geometry":{"type":"MultiPolygon","coordinates":[[[[-79.4848746115759,43.6956080980619],[-79.4838933785869,43.6948986560309],[-79.4838093109654,43.6947705908882],[-79.483759184049,43.6946942357256],[-79.4837832114103,43.6946664269471],[-79.4838514873663,43.6945874025745],[-79.4838831065143,43.6945517628231],[-79.4840567815909,43.6943559874827],[-79.4840610367436,43.6943511894875],[-79.484412128277,43.69420544938],[-79.4844210128615,43.6942017681626],[-79.484538002783,43.6940746587987],[-79.4857238691557,43.6954174375435],[-79.4853473827081,43.6955018652101],[-79.4853112685638,43.6955099806387],[-79.4848746115759,43.6956080980619]]]]},"properties":{"_id":5421,"FLOC_ID":"003163-P01","Property Description":"TRETHEWEY PARK - BLACK CREEK","Address":"121 TRETHEWEY DR","City":"TORONTO","Intersection":"None","Ward \\#":5,"Ward Name":"York South-Weston","Former Municipality":"York","District":"West","City Cluster":"Citizen-Focused Services Group A","Property Type":"Park/Rec/Open Space","Property Status":"City Use","Jurisdiction":"Parks & Recreation","Management":"Parks & Recreation","Owner":"City of Toronto","Area (M2)":10239,"Frontage (M)":null,"Depth (M)":null,"Area (FT2)":110207,"Frontage (FT)":null,"Depth (FT)":null,"OBJECTID":5421}},{"type":"Feature","geometry":{"type":"MultiPolygon","coordinates":[[[[-79.4788111863421,43.6949212402004],[-79.4788030141948,43.6949226554885],[-79.4787946760452,43.6949234046496],[-79.4787862748645,43.6949234778015],[-79.478777914861,43.6949228749635],[-79.4787696977598,43.6949216024553],[-79.4787617265227,43.6949196764986],[-79.4787540979066,43.6949171205146],[-79.4787469086646,43.6949139669261],[-79.4787402443831,43.6949102535545],[-79.4787341894044,43.6949060272222],[-79.4787288181445,43.6949013401508],[-79.4787241975741,43.6948962490608],[-79.478720382256,43.6948908169717],[-79.4787174217887,43.6948851123025],[-79.4787153508837,43.6948792034695],[-79.4787141968071,43.6948731651887],[-79.4787139731787,43.694867071273],[-79.4787146824525,43.694860997334],[-79.4787163159183,43.6948550171804],[-79.4787188537002,43.6948492055193],[-79.4787222635177,43.694843634355],[-79.4788482327798,43.6946693000244],[-79.4788526546717,43.6946643150274],[-79.4788577599898,43.6946596866076],[-79.4788634941325,43.6946554624619],[-79.4788697950548,43.6946516893854],[-79.4788765969937,43.6946484051713],[-79.4788838292242,43.6946456458114],[-79.4788914123402,43.6946434400954],[-79.4788992694185,43.6946418114122],[-79.4789073136136,43.6946407768482],[-79.4789154630443,43.6946403480899],[-79.4789236296294,43.6946405287217],[-79.4789317277704,43.6946413178276],[-79.4793211196409,43.6947051018736],[-79.4793285879224,43.6947085273156],[-79.4793354853439,43.6947125341373],[-79.4793417275638,43.6947170728165],[-79.4793472352057,43.6947220857307],[-79.4793519400592,43.6947275116588],[-79.4793557863214,43.6947332839814],[-79.4793587243946,43.6947393297792],[-79.4793607183271,43.694745575235],[-79.4793617433341,43.6947519429334],[-79.4793617870363,43.694758354561],[-79.4793608482206,43.6947647291059],[-79.479358939319,43.6947709891591],[-79.4793560839291,43.6947770555137],[-79.4793523168118,43.6947828552653],[-79.4793476851336,43.6947883146117],[-79.4793422459835,43.6947933669537],[-79.4793360663738,43.6947979492942],[-79.4793292232393,43.6948020049388],[-79.4793218021964,43.6948054843958],[-79.4793138938218,43.6948083435752],[-79.4788111863421,43.6949212402004]]]]},"properties":{"_id":5431,"FLOC_ID":"003164-P01","Property Description":"GREENHILLS PARK","Address":"0 TRETHEWEY DR","City":"TORONTO","Intersection":"WC PAULSON RD & KING GEORGES DR","Ward \\#":5,"Ward Name":"York South-Weston","Former Municipality":"York","District":"West","City Cluster":"Citizen-Focused Services Group A","Property Type":"Park/Rec/Open Space","Property Status":"City Use","Jurisdiction":"Parks & Recreation","Management":"Parks & Recreation","Owner":"City of Toronto","Area (M2)":567,"Frontage (M)":null,"Depth (M)":null,"Area (FT2)":6098,"Frontage (FT)":null,"Depth (FT)":null,"OBJECTID":5431}},{"type":"Feature","geometry":{"type":"MultiPolygon","coordinates":[[[[-79.4490574648063,43.6931953925048],[-79.448107237992,43.6934004078949],[-79.4478932183301,43.6928649189958],[-79.4488434361731,43.6926599071614],[-79.4490574648063,43.6931953925048]]]]},"properties":{"_id":5432,"FLOC_ID":"003165-P01","Property Description":"FAIRBANK MEMORIAL PARK","Address":"50 KEYWEST AVE","City":"TORONTO","Intersection":"NEC KEYWEST AVE & DUFFERIN ST","Ward \\#":12,"Ward Name":"Toronto-St. Paul's","Former Municipality":"York","District":"South","City Cluster":"Citizen-Focused Services Group A","Property Type":"Park/Rec/Open Space","Property Status":"City Use","Jurisdiction":"Parks & Recreation","Management":"Parks & Recreation","Owner":"City of Toronto","Area (M2)":4937,"Frontage (M)":62,"Depth (M)":80,"Area (FT2)":53143,"Frontage (FT)":203,"Depth (FT)":262,"OBJECTID":5432}},{"type":"Feature","geometry":{"type":"MultiPolygon","coordinates":[[[[-79.4792426007086,43.6880176815239],[-79.4792412756672,43.6879608929701],[-79.4792299589035,43.6874801439628],[-79.4794032136965,43.6872465590992],[-79.4794529362416,43.6871795344436],[-79.4797196766483,43.6868199061976],[-79.4790358643579,43.6858525098585],[-79.4790731811681,43.6858244830312],[-79.4789829582893,43.6857776632914],[-79.4788928977688,43.6856502548221],[-79.4788698445113,43.6856171257586],[-79.4788476472492,43.6855836890039],[-79.4788263159002,43.6855499571624],[-79.4788058566604,43.6855159428374],[-79.4787862769675,43.6854816559321],[-79.4787675842578,43.6854471099505],[-79.4787497847278,43.6854123165958],[-79.4787328845737,43.6853772875711],[-79.4787168887514,43.6853420354797],[-79.4787018034571,43.6853065720249],[-79.4786876348861,43.6852709116102],[-79.4786743867546,43.685235064138],[-79.4786620640177,43.6851990431116],[-79.4786506716306,43.6851628620342],[-79.4786402133087,43.6851265326083],[-79.4786306927669,43.6850900674369],[-79.47862211248,43.6850534791224],[-79.4786144761624,43.6850167811677],[-79.4786077850485,43.684979986175],[-79.4786020440936,43.6849431067473],[-79.4785972545317,43.6849061554867],[-79.4785934163561,43.6848691467955],[-79.4785905320419,43.6848320914758],[-79.4785886028225,43.68479500393],[-79.4785876286918,43.6847578967599],[-79.4785876108838,43.6847207825677],[-79.4785885493919,43.6846836748553],[-79.479157896909,43.6843987491868],[-79.4792295211881,43.6843629073153],[-79.4793032022449,43.6843260288205],[-79.4793551222165,43.6842717693254],[-79.4794533212351,43.6841691415052],[-79.4795067323704,43.6841133123797],[-79.4798568807986,43.6842867362056],[-79.4798419878548,43.6843127419586],[-79.479827981665,43.6843390053035],[-79.4798157584021,43.6843636298232],[-79.4798043016039,43.684388447105],[-79.4797936149963,43.6844134454479],[-79.4797837047867,43.6844386104511],[-79.479774575941,43.6844639322145],[-79.4797662334264,43.6844893954367],[-79.4797586809689,43.6845149884169],[-79.4797519222952,43.684540697654],[-79.4797459623716,43.6845665114472],[-79.4797420164604,43.684585922067],[-79.4797385257431,43.684605378674],[-79.4797354902222,43.6846248749672],[-79.4797318985946,43.6846529971143],[-79.4797292521002,43.6846811743367],[-79.4797275507461,43.684709389532],[-79.4797267970199,43.6847376264984],[-79.479726989688,43.6847658690332],[-79.4797281299981,43.6847940991342],[-79.4797302859627,43.6848229370033],[-79.4797334280353,43.6848517273401],[-79.479737554983,43.6848804521418],[-79.4797426643324,43.684909093405],[-79.4797487523696,43.6849376340267],[-79.4797558153809,43.6849660560034],[-79.4797638496527,43.6849943413315],[-79.4797728502301,43.6850224738077],[-79.479782810919,43.685050434528],[-79.4797937255239,43.6850782081887],[-79.4798055878506,43.6851057758857],[-79.4798183904637,43.685133120515],[-79.4798321246869,43.6851602267724],[-79.4798467843255,43.685187076654],[-79.4798623569821,43.6852136539549],[-79.4798751569517,43.6852342106919],[-79.4798885077175,43.6852545820973],[-79.4799024055615,43.6852747600692],[-79.4801428079671,43.6856148660177],[-79.4803782191064,43.6859479216618],[-79.4803954909831,43.6859723559674],[-79.4804127616314,43.685996796571],[-79.4804167773977,43.686002486984],[-79.4809351886017,43.6867361998324],[-79.4816323159221,43.6867825869779],[-79.4817884524273,43.6867929049507],[-79.4818578851735,43.6867974958549],[-79.4819766227424,43.6870342120157],[-79.4822075745984,43.6875210332605],[-79.4822340294854,43.6875825243727],[-79.4824238165761,43.6880236004139],[-79.4824520098105,43.6880891351222],[-79.4825082204505,43.6882197616246],[-79.4812071311498,43.6885472411945],[-79.4811784387273,43.6885544933226],[-79.4809885207526,43.6886024649314],[-79.4807645557706,43.6886590393441],[-79.4807174808668,43.6886709329327],[-79.4806979187315,43.6886758740456],[-79.4804999828866,43.6886973886649],[-79.4793337584611,43.6888239310827],[-79.4792614153997,43.6888317779163],[-79.4792602657654,43.6887806233168],[-79.4792529604231,43.6884577705338],[-79.4792426007086,43.6880176815239]]]]},"properties":{"_id":5956,"FLOC_ID":"006882-P01","Property Description":"KEELESDALE PARK","Address":"2855 EGLINTON AVE W","City":"TORONTO","Intersection":"SEC OF BLACK CREEK DR & EGLINTON AVE W","Ward \\#":5,"Ward Name":"York South-Weston","Former Municipality":"Toronto (Amal)","District":"West","City Cluster":"Citizen-Focused Services Group A","Property Type":"Park/Rec/Open Space","Property Status":"City Use","Jurisdiction":"Parks & Recreation","Management":"Parks & Recreation","Owner":"City of Toronto","Area (M2)":73813,"Frontage (M)":null,"Depth (M)":null,"Area (FT2)":794517,"Frontage (FT)":null,"Depth (FT)":null,"OBJECTID":5956}},{"type":"Feature","geometry":{"type":"MultiPolygon","coordinates":[[[[-79.4335418979372,43.6910699628969],[-79.4335748090217,43.6911501538752],[-79.4336068690219,43.6912282695497],[-79.4336318128689,43.691289058988],[-79.4336271857367,43.6912891292119],[-79.4335186647794,43.6910205214663],[-79.4335216178428,43.6910198939931],[-79.4335416369199,43.6910693047503],[-79.4335418979372,43.6910699628969]]]]},"properties":{"_id":6893,"FLOC_ID":"003241-P01","Property Description":"ARLINGTON PARKETTE","Address":"460 ARLINGTON AVE","City":"TORONTO","Intersection":"FRONTING 482-490 & 501 ARLINGTON AVE","Ward \\#":12,"Ward Name":"Toronto-St. Paul's","Former Municipality":"York","District":"South","City Cluster":"Citizen-Focused Services Group A","Property Type":"Park/Rec/Open Space","Property Status":"City Use","Jurisdiction":"Parks & Recreation","Management":"Parks & Recreation","Owner":"City of Toronto","Area (M2)":4897,"Frontage (M)":115,"Depth (M)":null,"Area (FT2)":52708,"Frontage (FT)":378,"Depth (FT)":null,"OBJECTID":6893}},{"type":"Feature","geometry":{"type":"MultiPolygon","coordinates":[[[[-79.4338424094764,43.6918218399557],[-79.4338463645872,43.6918327887202],[-79.4338496348094,43.6918438550051],[-79.4338522152045,43.6918550172047],[-79.4338540971132,43.6918662528105],[-79.4338552805608,43.6918775384194],[-79.4338557606098,43.6918888515253],[-79.4335384736284,43.691957917153],[-79.4335022049292,43.6919656659779],[-79.4334862764146,43.6919693508421],[-79.4334705867614,43.6919735381154],[-79.4334551645079,43.6919782215136],[-79.4334400406786,43.6919833902532],[-79.4334280026703,43.6919879523005],[-79.4334161950575,43.6919928196246],[-79.4334046314909,43.691997987733],[-79.4333792076528,43.6919460282436],[-79.433323696413,43.6918325939572],[-79.4333016998121,43.6917888528308],[-79.4329933652266,43.6911260961],[-79.4329419049988,43.6910154939943],[-79.4332501379267,43.690950137759],[-79.4334308539949,43.6909118184081],[-79.4334782624529,43.6910290581945],[-79.4335186647794,43.6910205214663],[-79.4336271857367,43.6912891292119],[-79.4336537875602,43.6913549783359],[-79.4336601698562,43.6913707973176],[-79.4338424094764,43.6918218399557]]]]},"properties":{"_id":6904,"FLOC_ID":"003241-P01","Property Description":"ARLINGTON PARKETTE","Address":"460 ARLINGTON AVE","City":"TORONTO","Intersection":"FRONTING 482-490 & 501 ARLINGTON AVE","Ward \\#":12,"Ward Name":"Toronto-St. Paul's","Former Municipality":"York","District":"South","City Cluster":"Citizen-Focused Services Group A","Property Type":"Park/Rec/Open Space","Property Status":"City Use","Jurisdiction":"Parks & Recreation","Management":"Parks & Recreation","Owner":"City of Toronto","Area (M2)":4897,"Frontage (M)":115,"Depth (M)":null,"Area (FT2)":52708,"Frontage (FT)":378,"Depth (FT)":null,"OBJECTID":6904}},{"type":"Feature","geometry":{"type":"MultiPolygon","coordinates":[[[[-79.4783625733848,43.6854554826299],[-79.4782702545385,43.6854075466659],[-79.4782496669177,43.6853968564001],[-79.4781779346005,43.6853596061262],[-79.4781385749989,43.6853391656409],[-79.4780856210098,43.6853116700133],[-79.4780049350985,43.6852697714392],[-79.477993302606,43.685263730224],[-79.4779009893097,43.6852157930612],[-79.477898805431,43.6852146584744],[-79.4778086712,43.6851678531221],[-79.4778049644408,43.685165927023],[-79.4777163557203,43.6851199068076],[-79.4785885493919,43.6846836748553],[-79.4785876108838,43.6847207825677],[-79.4785876286918,43.6847578967599],[-79.4785886028225,43.68479500393],[-79.4785905320419,43.6848320914758],[-79.4785934163561,43.6848691467955],[-79.4785972545317,43.6849061554867],[-79.4786020440936,43.6849431067473],[-79.4786077850485,43.684979986175],[-79.4786144761624,43.6850167811677],[-79.47862211248,43.6850534791224],[-79.4786306927669,43.6850900674369],[-79.4786402133087,43.6851265326083],[-79.4786506716306,43.6851628620342],[-79.4786620640177,43.6851990431116],[-79.4786743867546,43.685235064138],[-79.4786876348861,43.6852709116102],[-79.4787018034571,43.6853065720249],[-79.4787168887514,43.6853420354797],[-79.4787328845737,43.6853772875711],[-79.4787497847278,43.6854123165958],[-79.4787675842578,43.6854471099505],[-79.4787862769675,43.6854816559321],[-79.4788058566604,43.6855159428374],[-79.4788263159002,43.6855499571624],[-79.4788476472492,43.6855836890039],[-79.4788698445113,43.6856171257586],[-79.4788928977688,43.6856502548221],[-79.4789829582893,43.6857776632914],[-79.4788548996279,43.6857111596336],[-79.4787702962402,43.6856672220823],[-79.4786856818164,43.6856232736643],[-79.4785164359717,43.6855353838374],[-79.4783625733848,43.6854554826299]]]]},"properties":{"_id":6908,"FLOC_ID":"003256-P01","Property Description":"KEELESDALE PARK","Address":"2801 EGLINTON AVE W","City":"TORONTO","Intersection":"SS EGLINTON AVE W, ES BLACK CREEK DR","Ward \\#":5,"Ward Name":"York South-Weston","Former Municipality":"York","District":"West","City Cluster":"Citizen-Focused Services Group A","Property Type":"Park/Rec/Open Space","Property Status":"City Use","Jurisdiction":"Parks & Recreation","Management":"Parks & Recreation","Owner":"City of Toronto","Area (M2)":60541,"Frontage (M)":null,"Depth (M)":null,"Area (FT2)":651658,"Frontage (FT)":null,"Depth (FT)":null,"OBJECTID":6908}},{"type":"Feature","geometry":{"type":"MultiPolygon","coordinates":[[[[-79.4804853893556,43.6845986091143],[-79.4805214254683,43.6846179284653],[-79.4806687482308,43.6846904896077],[-79.481217888606,43.6856400830504],[-79.4813835446776,43.685926520883],[-79.4813893738035,43.68593678332],[-79.4814544665066,43.6860505721945],[-79.4815128001251,43.6861536654865],[-79.4815703908801,43.6862569791592],[-79.4818578851735,43.6867974958549],[-79.4817884536677,43.6867929049509],[-79.4816323159221,43.6867825869779],[-79.4809351886017,43.6867361998324],[-79.4804167761573,43.6860024869837],[-79.4804127628718,43.6859967965713],[-79.4803954909831,43.6859723559674],[-79.4803782191064,43.6859479216618],[-79.4801428067268,43.6856148660175],[-79.4799024055615,43.6852747600692],[-79.4798885077175,43.6852545820973],[-79.4798751569517,43.6852342106919],[-79.4798623569821,43.6852136539549],[-79.4798467843255,43.685187076654],[-79.4798321246869,43.6851602267724],[-79.4798183904637,43.685133120515],[-79.4798055878506,43.6851057758857],[-79.4797937255239,43.6850782081887],[-79.479782810919,43.685050434528],[-79.4797728502301,43.6850224738077],[-79.4797638496527,43.6849943413315],[-79.4797558153809,43.6849660560034],[-79.4797487523696,43.6849376340267],[-79.4797426643324,43.684909093405],[-79.479737554983,43.6848804521418],[-79.4797334280353,43.6848517273401],[-79.4797302859627,43.6848229370033],[-79.4797281299981,43.6847940991342],[-79.479726989688,43.6847658690332],[-79.4797267970196,43.6847376273985],[-79.4797275507461,43.684709389532],[-79.4797292521002,43.6846811743367],[-79.4797318985943,43.6846529980144],[-79.4797354902219,43.6846248758673],[-79.4797385257431,43.684605378674],[-79.4797420164604,43.684585922067],[-79.4797459623719,43.684566510547],[-79.4797519222955,43.6845406967538],[-79.4797586809692,43.6845149875168],[-79.4797662334267,43.6844893945366],[-79.4797745759412,43.6844639313143],[-79.479783704787,43.684438609551],[-79.4797936149966,43.6844134445477],[-79.4798043016042,43.6843884462048],[-79.4798157584024,43.6843636289231],[-79.4798279816653,43.6843390044033],[-79.4798419878551,43.6843127410585],[-79.4798568807986,43.6842867362056],[-79.4801327609088,43.6844233784294],[-79.4804853893556,43.6845986091143]]]]},"properties":{"_id":6914,"FLOC_ID":"003256-P01","Property Description":"KEELESDALE PARK","Address":"2801 EGLINTON AVE W","City":"TORONTO","Intersection":"SS EGLINTON AVE W, ES BLACK CREEK DR","Ward \\#":5,"Ward Name":"York South-Weston","Former Municipality":"York","District":"West","City Cluster":"Citizen-Focused Services Group A","Property Type":"Park/Rec/Open Space","Property Status":"City Use","Jurisdiction":"Parks & Recreation","Management":"Parks & Recreation","Owner":"City of Toronto","Area (M2)":60541,"Frontage (M)":null,"Depth (M)":null,"Area (FT2)":651658,"Frontage (FT)":null,"Depth (FT)":null,"OBJECTID":6914}},{"type":"Feature","geometry":{"type":"MultiPolygon","coordinates":[[[[-79.4254463036416,43.6838549578387],[-79.4259164253944,43.683758918888],[-79.4259437328928,43.6838273798293],[-79.425952263733,43.6838487535609],[-79.4254820161441,43.6839447250656],[-79.4254463036416,43.6838549578387]]]]},"properties":{"_id":6992,"FLOC_ID":"003230-P01","Property Description":"HUMEWOOD PARK","Address":"0 PINEWOOD AVE","City":"TORONTO","Intersection":"S OF 50 PINEWOOD AVE","Ward \\#":12,"Ward Name":"Toronto-St. Paul's","Former Municipality":"York","District":"South","City Cluster":"Citizen-Focused Services Group A","Property Type":"Park/Rec/Open Space","Property Status":"City Use","Jurisdiction":"Parks & Recreation","Management":"Parks & Recreation","Owner":"City of Toronto","Area (M2)":null,"Frontage (M)":10,"Depth (M)":39,"Area (FT2)":null,"Frontage (FT)":34,"Depth (FT)":129,"OBJECTID":6992}},{"type":"Feature","geometry":{"type":"MultiPolygon","coordinates":[[[[-79.4255511959011,43.6841186736082],[-79.4255190307366,43.68403780831],[-79.4259893794984,43.6839418070158],[-79.4260216555561,43.6840227361641],[-79.4260231023017,43.6840263664277],[-79.4255526327012,43.6841223011708],[-79.4255511959011,43.6841186736082]]]]},"properties":{"_id":6993,"FLOC_ID":"003230-P02","Property Description":"HUMEWOOD PARK","Address":"0 PINEWOOD AVE","City":"TORONTO","Intersection":"ABUTTING SS 50 PINEWOOD AVE","Ward \\#":12,"Ward Name":"Toronto-St. Paul's","Former Municipality":"York","District":"South","City Cluster":"Citizen-Focused Services Group A","Property Type":"Park/Rec/Open Space","Property Status":"City Use","Jurisdiction":"Parks & Recreation","Management":"Parks & Recreation","Owner":"City of Toronto","Area (M2)":null,"Frontage (M)":10,"Depth (M)":39,"Area (FT2)":null,"Frontage (FT)":32,"Depth (FT)":129,"OBJECTID":6993}},{"type":"Feature","geometry":{"type":"MultiPolygon","coordinates":[[[[-79.4254101313263,43.6837639895247],[-79.4253938702621,43.6837230976713],[-79.4258638050785,43.6836270093056],[-79.4258801185304,43.6836679011268],[-79.4259164253944,43.683758918888],[-79.4254463036416,43.6838549578387],[-79.4254101313263,43.6837639895247]]]]},"properties":{"_id":6994,"FLOC_ID":"003230-P03","Property Description":"HUMEWOOD PARK","Address":"44 PINEWOOD AVE","City":"TORONTO","Intersection":"N OF 32 PINEWOOD AVE","Ward \\#":12,"Ward Name":"Toronto-St. Paul's","Former Municipality":"York","District":"South","City Cluster":"Citizen-Focused Services Group A","Property Type":"Park/Rec/Open Space","Property Status":"City Use","Jurisdiction":"Parks & Recreation","Management":"Parks & Recreation","Owner":"City of Toronto","Area (M2)":405,"Frontage (M)":11,"Depth (M)":39,"Area (FT2)":4356,"Frontage (FT)":35,"Depth (FT)":129,"OBJECTID":6994}},{"type":"Feature","geometry":{"type":"MultiPolygon","coordinates":[[[[-79.4253786083003,43.6836847187327],[-79.4258485081053,43.6835886358071],[-79.4258638050785,43.6836270093056],[-79.4253938702621,43.6837230976713],[-79.4253786083003,43.6836847187327]]]]},"properties":{"_id":6995,"FLOC_ID":"003230-P04","Property Description":"HUMEWOOD PARK","Address":"0 PINEWOOD AVE","City":"TORONTO","Intersection":"N OF 32 PINEWOOD AVE","Ward \\#":12,"Ward Name":"Toronto-St. Paul's","Former Municipality":"York","District":"South","City Cluster":"Citizen-Focused Services Group A","Property Type":"Park/Rec/Open Space","Property Status":"City Use","Jurisdiction":"Parks & Recreation","Management":"Parks & Recreation","Owner":"City of Toronto","Area (M2)":null,"Frontage (M)":9,"Depth (M)":39,"Area (FT2)":null,"Frontage (FT)":30,"Depth (FT)":129,"OBJECTID":6995}},{"type":"Feature","geometry":{"type":"MultiPolygon","coordinates":[[[[-79.4253414247074,43.683591238369],[-79.4253335347285,43.6835713862306],[-79.4258032824527,43.6834752601833],[-79.4258111986288,43.6834951060058],[-79.4258481964793,43.6835878731941],[-79.4258485081053,43.6835886358071],[-79.4253786083003,43.6836847187327],[-79.4253414247074,43.683591238369]]]]},"properties":{"_id":6996,"FLOC_ID":"003230-P05","Property Description":"HUMEWOOD PARK","Address":"0 PINEWOOD AVE","City":"TORONTO","Intersection":"ABUTTING NS 32 PINEWOOD AVE","Ward \\#":12,"Ward Name":"Toronto-St. Paul's","Former Municipality":"York","District":"South","City Cluster":"Citizen-Focused Services Group A","Property Type":"Park/Rec/Open Space","Property Status":"City Use","Jurisdiction":"Parks & Recreation","Management":"Parks & Recreation","Owner":"City of Toronto","Area (M2)":null,"Frontage (M)":13,"Depth (M)":39,"Area (FT2)":null,"Frontage (FT)":43,"Depth (FT)":129,"OBJECTID":6996}},{"type":"Feature","geometry":{"type":"MultiPolygon","coordinates":[[[[-79.4260239060605,43.6840283742395],[-79.4260231023017,43.6840263664277],[-79.4260216555561,43.6840227361641],[-79.4259893794984,43.6839418070158],[-79.4259690447069,43.6838908230418],[-79.425952263733,43.6838487535609],[-79.4259437328928,43.6838273798293],[-79.4259164253944,43.683758918888],[-79.4258801185304,43.6836679011268],[-79.4258638050785,43.6836270093056],[-79.4258485081053,43.6835886358071],[-79.4258481964793,43.6835878731941],[-79.4258111986288,43.6834951060058],[-79.4258032824527,43.6834752601833],[-79.4257988544992,43.6834641523946],[-79.4267381795347,43.683269491081],[-79.42678943639,43.6833927941449],[-79.4268886932174,43.6836315426711],[-79.4269519507089,43.6837837052223],[-79.4268436810881,43.6838062571703],[-79.4268249590756,43.6838105649147],[-79.4268065500637,43.6838155335525],[-79.4267884987207,43.6838211496105],[-79.4267708484722,43.6838274014149],[-79.4267536402689,43.6838342727898],[-79.4267369175433,43.6838417466608],[-79.4267207175249,43.6838498068496],[-79.4267050824105,43.6838584326804],[-79.4266900469546,43.6838676034728],[-79.4266756496341,43.6838772976485],[-79.4266619227252,43.6838874927253],[-79.4266489009894,43.6838981626218],[-79.4266399272701,43.6839061608262],[-79.4266313563818,43.6839143879216],[-79.426542786804,43.6839328845356],[-79.426025823227,43.6840408215884],[-79.4260239060605,43.6840283742395]]]]},"properties":{"_id":7030,"FLOC_ID":"003230-P06","Property Description":"HUMEWOOD PARK","Address":"37 HUMEWOOD DR","City":"TORONTO","Intersection":"ES HUMBERWOOD DR & HUMEWOOD GDNS","Ward \\#":12,"Ward Name":"Toronto-St. Paul's","Former Municipality":"York","District":"South","City Cluster":"Citizen-Focused Services Group A","Property Type":"Park/Rec/Open Space","Property Status":"City Use","Jurisdiction":"Parks & Recreation","Management":"Parks & Recreation","Owner":"City of Toronto","Area (M2)":5101,"Frontage (M)":67,"Depth (M)":79,"Area (FT2)":54908,"Frontage (FT)":218,"Depth (FT)":259,"OBJECTID":7030}},{"type":"Feature","geometry":{"type":"MultiPolygon","coordinates":[[[[-79.425498748418,43.6839868143859],[-79.4254820161441,43.6839447250656],[-79.425952263733,43.6838487535609],[-79.4259690447069,43.6838908230418],[-79.4259893794984,43.6839418070158],[-79.4255190307366,43.68403780831],[-79.425498748418,43.6839868143859]]]]},"properties":{"_id":7031,"FLOC_ID":"003230-P07","Property Description":"HUMEWOOD PARK","Address":"0 PINEWOOD AVE","City":"TORONTO","Intersection":"S OF 50 PINEWOOD AVE","Ward \\#":12,"Ward Name":"Toronto-St. Paul's","Former Municipality":"York","District":"South","City Cluster":"Citizen-Focused Services Group A","Property Type":"Park/Rec/Open Space","Property Status":"City Use","Jurisdiction":"Parks & Recreation","Management":"Parks & Recreation","Owner":"City of Toronto","Area (M2)":null,"Frontage (M)":11,"Depth (M)":39,"Area (FT2)":null,"Frontage (FT)":35,"Depth (FT)":129,"OBJECTID":7031}},{"type":"Feature","geometry":{"type":"MultiPolygon","coordinates":[[[[-79.4398147954884,43.7018180937577],[-79.4398187269959,43.701817169596],[-79.4402584379226,43.7017141735762],[-79.440262034343,43.7017133311357],[-79.4406903578941,43.7016127119399],[-79.4406941229826,43.7016219960135],[-79.4407117107426,43.7016653607027],[-79.4407620210532,43.7017893875183],[-79.4401575756288,43.7019298067819],[-79.4400711062683,43.7019498325335],[-79.4399846455273,43.7019698663252],[-79.4398981834988,43.7019898892493],[-79.4398117263631,43.7020099247123],[-79.4397576805478,43.7020224422249],[-79.4397252791091,43.7020299466131],[-79.4397216777057,43.7020307827331],[-79.4396388169055,43.7020499720411],[-79.4395523558886,43.7020699938037],[-79.4394658997681,43.7020900245047],[-79.4393794386336,43.7021100488367],[-79.4393686406017,43.7021125535664],[-79.4393326289668,43.7021208939472],[-79.4392930171483,43.7021300695237],[-79.4392067830089,43.7021500362373],[-79.4391205562429,43.7021700163917],[-79.4390343207485,43.7021899829743],[-79.4389480951235,43.7022099485969],[-79.4388879084067,43.7022238900207],[-79.4388580176552,43.7020998553114],[-79.4388448706447,43.7020452627201],[-79.4389107039715,43.7020298355248],[-79.4390367772562,43.7020003147275],[-79.4391628466961,43.7019707928887],[-79.439288907332,43.7019412664054],[-79.4394149814976,43.7019117343894],[-79.4395410418835,43.7018822103279],[-79.4398147954884,43.7018180937577]]]]},"properties":{"_id":7035,"FLOC_ID":"003184-P01","Property Description":"KAY GARDNER BELT LINE PARK - PROP E - STRATA","Address":"0 MARLEE AVE","City":"TORONTO","Intersection":"E OF MARLEE AVE, ADJ TO 135 MARLEE AVE","Ward \\#":8,"Ward Name":"Eglinton-Lawrence","Former Municipality":"York","District":"North","City Cluster":"Citizen-Focused Services Group A","Property Type":"Park/Rec/Open Space","Property Status":"City Use","Jurisdiction":"Parks & Recreation","Management":"Parks & Recreation","Owner":"City of Toronto","Area (M2)":3197,"Frontage (M)":20,"Depth (M)":156,"Area (FT2)":34414,"Frontage (FT)":67,"Depth (FT)":513,"OBJECTID":7035}},{"type":"Feature","geometry":{"type":"MultiPolygon","coordinates":[[[[-79.4784359828121,43.6884431407403],[-79.4784073484088,43.6883777696861],[-79.4784016222791,43.6883646978149],[-79.4783787140655,43.688312404925],[-79.4783672605951,43.6882862548778],[-79.4783500921918,43.688247031157],[-79.4783271853082,43.688194738256],[-79.4783214579718,43.6881816690804],[-79.4782928238182,43.6881162952942],[-79.4782916823213,43.6881136865002],[-79.4782641897235,43.6880509305014],[-79.4782498720804,43.6880182449515],[-79.4782355556935,43.6879855584997],[-79.4782069341274,43.6879201936934],[-79.4781783002218,43.6878548216759],[-79.4781668456831,43.6878286770071],[-79.4781496663757,43.6877894568514],[-79.4781296216052,43.687743698499],[-79.4781210325954,43.6877240821177],[-79.4780924112769,43.6876587199802],[-79.4780637763805,43.6875933452304],[-79.4780351427831,43.6875279803743],[-79.4780712779069,43.6875199203447],[-79.4781794053394,43.6874958148451],[-79.478233640838,43.6874837157329],[-79.4782878713495,43.6874716264954],[-79.4785924245802,43.6871174097566],[-79.4785374107407,43.6867392087735],[-79.4782551898731,43.6864350895848],[-79.4786385567823,43.6861489950964],[-79.4786783392036,43.6861193144204],[-79.4788758859523,43.6859718881199],[-79.4790358643579,43.6858525098585],[-79.4797196766483,43.6868199061976],[-79.4794529362416,43.6871795344436],[-79.4794032136965,43.6872465590992],[-79.4792299589035,43.6874801439628],[-79.4792412756672,43.6879608929701],[-79.4792426007086,43.6880176815239],[-79.4792529604231,43.6884577705338],[-79.4792602657654,43.6887806233168],[-79.4792614153997,43.6888317779163],[-79.4791776184824,43.6888598422395],[-79.4791641580702,43.6888643485382],[-79.4782528152554,43.6891694092781],[-79.4781871106927,43.6890193981943],[-79.4782774265571,43.6889990427503],[-79.4782956130349,43.6889949398117],[-79.4783677584877,43.6889786836374],[-79.4784039329248,43.6889705316989],[-79.4784580903571,43.688958324453],[-79.4785122477675,43.6889461171814],[-79.4785484234056,43.6889379660975],[-79.4786205687209,43.6889217124638],[-79.4786387501902,43.6889176094696],[-79.4787290694719,43.6888972500685],[-79.4785973764931,43.6885960455682],[-79.4784359828121,43.6884431407403]]]]},"properties":{"_id":7037,"FLOC_ID":"003256-P01","Property Description":"KEELESDALE PARK","Address":"2801 EGLINTON AVE W","City":"TORONTO","Intersection":"SS EGLINTON AVE W, ES BLACK CREEK DR","Ward \\#":5,"Ward Name":"York South-Weston","Former Municipality":"York","District":"West","City Cluster":"Citizen-Focused Services Group A","Property Type":"Park/Rec/Open Space","Property Status":"City Use","Jurisdiction":"Parks & Recreation","Management":"Parks & Recreation","Owner":"City of Toronto","Area (M2)":60541,"Frontage (M)":null,"Depth (M)":null,"Area (FT2)":651658,"Frontage (FT)":null,"Depth (FT)":null,"OBJECTID":7037}},{"type":"Feature","geometry":{"type":"MultiPolygon","coordinates":[[[[-79.4817073657175,43.6853200732933],[-79.4816693440151,43.6853584082655],[-79.4815420571053,43.6851387199072],[-79.4816419154134,43.6851881945656],[-79.4816612938039,43.68516762069],[-79.4817070075616,43.6851190353626],[-79.4818410827092,43.6851854287724],[-79.4817073657175,43.6853200732933]]]]},"properties":{"_id":7038,"FLOC_ID":"003256-P01","Property Description":"KEELESDALE PARK","Address":"2801 EGLINTON AVE W","City":"TORONTO","Intersection":"SS EGLINTON AVE W, ES BLACK CREEK DR","Ward \\#":5,"Ward Name":"York South-Weston","Former Municipality":"York","District":"West","City Cluster":"Citizen-Focused Services Group A","Property Type":"Park/Rec/Open Space","Property Status":"City Use","Jurisdiction":"Parks & Recreation","Management":"Parks & Recreation","Owner":"City of Toronto","Area (M2)":60541,"Frontage (M)":null,"Depth (M)":null,"Area (FT2)":651658,"Frontage (FT)":null,"Depth (FT)":null,"OBJECTID":7038}},{"type":"Feature","geometry":{"type":"MultiPolygon","coordinates":[[[[-79.4385318469049,43.684865326971],[-79.4386042406384,43.6848496756993],[-79.4387434487346,43.6851975698601],[-79.4386709876276,43.6852132319845],[-79.4385888117391,43.685007746555],[-79.4385877601175,43.6850051086072],[-79.4385515333878,43.6850129373778],[-79.4385525850088,43.6850155744258],[-79.4386042151516,43.6851446619964],[-79.438078878276,43.6852582289487],[-79.4380261963392,43.6851264878883],[-79.4379703017132,43.6849866771864],[-79.4385318469049,43.684865326971]]]]},"properties":{"_id":7041,"FLOC_ID":"003239-P01","Property Description":"CHARLES BRERETON PARK","Address":"306 OAKWOOD AVE","City":"TORONTO","Intersection":"WS OAKWOOD AVE, BTWN 302 & 312 OAKWOOD AVE","Ward \\#":9,"Ward Name":"Davenport","Former Municipality":"York","District":"South","City Cluster":"Citizen-Focused Services Group A","Property Type":"Park/Rec/Open Space","Property Status":"City Use","Jurisdiction":"Parks & Recreation","Management":"Parks & Recreation","Owner":"City of Toronto","Area (M2)":1740,"Frontage (M)":31,"Depth (M)":null,"Area (FT2)":18731,"Frontage (FT)":103,"Depth (FT)":null,"OBJECTID":7041}},{"type":"Feature","geometry":{"type":"MultiPolygon","coordinates":[[[[-79.4470524961168,43.6923280492186],[-79.447038036263,43.6922932255114],[-79.4470285378951,43.6922703587213],[-79.447017358581,43.6922433244517],[-79.4470046715641,43.6922126151534],[-79.4469977144744,43.6921932060358],[-79.446985672648,43.6921595644123],[-79.4469791610736,43.6921427919794],[-79.4469651972774,43.6921068271277],[-79.4469599376053,43.6920926287447],[-79.4469455892266,43.6920539021145],[-79.4469407898386,43.6920424673417],[-79.4469235902868,43.692001495362],[-79.4469203988901,43.691992556494],[-79.4469046312193,43.6919484284217],[-79.4468962849403,43.6919288836324],[-79.4468823097568,43.691896094421],[-79.4468680901467,43.6918549437907],[-79.4468639326636,43.691842907126],[-79.44684344386,43.6917901716107],[-79.4468259738182,43.6917367867019],[-79.4468024589148,43.6916847032647],[-79.4467971735999,43.691671531909],[-79.4467813684574,43.6916320997758],[-79.4467753027653,43.6916162465697],[-79.4467611788169,43.6915792986737],[-79.4467440239056,43.6915344282231],[-79.4467409916928,43.6915264975687],[-79.4467184062568,43.6914742147165],[-79.4467157102821,43.6914648197072],[-79.4467029836297,43.6914203923772],[-79.4466926723724,43.6913940317735],[-79.4466823264132,43.6913676450489],[-79.4466616060185,43.6913148400787],[-79.4466408708021,43.6912620035927],[-79.4466306115242,43.6912358410355],[-79.4466305248819,43.6912356240638],[-79.4466199146957,43.6912093002186],[-79.4465986720943,43.6911565715026],[-79.4465774555509,43.6911038760991],[-79.44656577103,43.6910748864621],[-79.4465562266468,43.6910511725843],[-79.4465418945695,43.6910156134604],[-79.4465349977783,43.6909984708654],[-79.4465175948644,43.6909552646001],[-79.4465153792596,43.6909497808734],[-79.4465001770959,43.6909120511238],[-79.4464917257165,43.6908910363404],[-79.4464888652354,43.6908839626822],[-79.4464651585151,43.6908250921],[-79.446462351281,43.6908181309822],[-79.4464590192406,43.6908098662307],[-79.4465778535246,43.6907840854063],[-79.4468794016695,43.6907186658885],[-79.4471204231839,43.6906690868779],[-79.4475555508445,43.6905746260963],[-79.4479187802626,43.6904957751765],[-79.4479544210128,43.690488032291],[-79.4479906610145,43.6904801636488],[-79.448017574767,43.6905459024667],[-79.4480444922918,43.6906116502806],[-79.4480714061617,43.6906773890844],[-79.4480983238149,43.6907431242824],[-79.4481497887269,43.6908688309513],[-79.448809095853,43.6924791691988],[-79.448772843659,43.6924869561804],[-79.447247969926,43.692814542542],[-79.4471372421958,43.6925440826077],[-79.4471186160659,43.692492887231],[-79.4471179440517,43.69249107856],[-79.4471000214324,43.6924425892944],[-79.4470983890873,43.6924381500006],[-79.4470793225036,43.6923927512465],[-79.4470763886226,43.6923857558822],[-79.4470587363165,43.692343117576],[-79.4470524961168,43.6923280492186]],[[-79.4472273088408,43.6909301909959],[-79.4469868880051,43.6909811801112],[-79.4469890418181,43.6909864495691],[-79.447229461442,43.6909354496473],[-79.4472273088408,43.6909301909959]]]]},"properties":{"_id":7050,"FLOC_ID":"003253-P01","Property Description":"FAIRBANK MEMORIAL PARK","Address":"2213 DUFFERIN ST","City":"TORONTO","Intersection":"SEC DUFFERIN ST, KEYWEST AVE","Ward \\#":12,"Ward Name":"Toronto-St. Paul's","Former Municipality":"York","District":"South","City Cluster":"Citizen-Focused Services Group A","Property Type":"Park/Rec/Open Space","Property Status":"City Use","Jurisdiction":"Parks & Recreation","Management":"Parks & Recreation","Owner":"City of Toronto","Area (M2)":31525,"Frontage (M)":242,"Depth (M)":131,"Area (FT2)":339333,"Frontage (FT)":793,"Depth (FT)":431,"OBJECTID":7050}},{"type":"Feature","geometry":{"type":"MultiPolygon","coordinates":[[[[-79.4319222620276,43.7007685314885],[-79.4315596495986,43.7008460968241],[-79.4315169083883,43.7007408336448],[-79.4318795388664,43.7006632522518],[-79.4319222620276,43.7007685314885]]]]},"properties":{"_id":7159,"FLOC_ID":"001024-P01","Property Description":"WEMBLEY PARKETTE - WEST PROP","Address":"10 OLD PARK RD","City":"TORONTO","Intersection":"None","Ward \\#":8,"Ward Name":"Eglinton-Lawrence","Former Municipality":"Toronto (Old)","District":"North","City Cluster":"Citizen-Focused Services Group A","Property Type":"Park/Rec/Open Space","Property Status":"City Use","Jurisdiction":"Parks & Recreation","Management":"Parks & Recreation","Owner":"City of Toronto","Area (M2)":372,"Frontage (M)":null,"Depth (M)":null,"Area (FT2)":4000,"Frontage (FT)":null,"Depth (FT)":null,"OBJECTID":7159}},{"type":"Feature","geometry":{"type":"MultiPolygon","coordinates":[[[[-79.4308996007439,43.7010163451058],[-79.4308461724122,43.7008847950774],[-79.4312777159332,43.7007924681611],[-79.4313311314547,43.7009240395853],[-79.4308996007439,43.7010163451058]]]]},"properties":{"_id":7160,"FLOC_ID":"001024-P02","Property Description":"WEMBLEY PARKETTE - EAST PROP","Address":"9 OLD PARK RD","City":"TORONTO","Intersection":"None","Ward \\#":8,"Ward Name":"Eglinton-Lawrence","Former Municipality":"Toronto (Old)","District":"North","City Cluster":"Citizen-Focused Services Group A","Property Type":"Park/Rec/Open Space","Property Status":"City Use","Jurisdiction":"Parks & Recreation","Management":"Parks & Recreation","Owner":"City of Toronto","Area (M2)":553,"Frontage (M)":null,"Depth (M)":null,"Area (FT2)":5950,"Frontage (FT)":null,"Depth (FT)":null,"OBJECTID":7160}},{"type":"Feature","geometry":{"type":"MultiPolygon","coordinates":[[[[-79.4469868880051,43.6909811801112],[-79.4472273088408,43.6909301909959],[-79.447229461442,43.6909354496473],[-79.4469890418181,43.6909864495691],[-79.4469868880051,43.6909811801112]]]]},"properties":{"_id":7163,"FLOC_ID":"003253-P01","Property Description":"FAIRBANK MEMORIAL PARK","Address":"2213 DUFFERIN ST","City":"TORONTO","Intersection":"SEC DUFFERIN ST, KEYWEST AVE","Ward \\#":12,"Ward Name":"Toronto-St. Paul's","Former Municipality":"York","District":"South","City Cluster":"Citizen-Focused Services Group A","Property Type":"Park/Rec/Open Space","Property Status":"City Use","Jurisdiction":"Parks & Recreation","Management":"Parks & Recreation","Owner":"City of Toronto","Area (M2)":31525,"Frontage (M)":242,"Depth (M)":131,"Area (FT2)":339333,"Frontage (FT)":793,"Depth (FT)":431,"OBJECTID":7163}},{"type":"Feature","geometry":{"type":"MultiPolygon","coordinates":[[[[-79.4343770862775,43.7030984613452],[-79.4344279932743,43.7030864855553],[-79.4344674936838,43.7030771936857],[-79.434557505114,43.7030560328432],[-79.4345719919822,43.7030526197506],[-79.4346475040872,43.7030348593208],[-79.4347159979716,43.7030187546686],[-79.4347375154006,43.703013689335],[-79.4348275142337,43.7029925282725],[-79.4348599913926,43.7029848884977],[-79.4349175266613,43.7029713581454],[-79.4350040020309,43.7029510140538],[-79.4350075253786,43.7029501870395],[-79.4350975364399,43.7029290158696],[-79.43514800878,43.7029171439267],[-79.4351875350228,43.7029078518227],[-79.4352775323086,43.7028866814032],[-79.4352920017153,43.7028832772106],[-79.4353675444218,43.7028655091209],[-79.4354360118589,43.7028494103227],[-79.4354575428121,43.7028443475615],[-79.4355475535562,43.7028231769368],[-79.4355800032276,43.7028155450428],[-79.4356375505908,43.7028020044331],[-79.4357240068408,43.7027816804883],[-79.4357275549931,43.7027808444645],[-79.4358175518973,43.7027596754194],[-79.4358680016175,43.7027478058459],[-79.4359075611466,43.7027385054101],[-79.4359975604077,43.7027173344242],[-79.4360120061485,43.7027139400286],[-79.4361508986698,43.7026812728449],[-79.4362669981397,43.7026539170422],[-79.4362872258714,43.7026491504401],[-79.4363830788971,43.7026265575105],[-79.4364240468666,43.7026169066298],[-79.4364991632711,43.7025991978629],[-79.4365606331604,43.702584716533],[-79.4366800520807,43.7027463286908],[-79.4365583208393,43.7027749455664],[-79.4365367279571,43.702780017502],[-79.4364684085135,43.7027961422455],[-79.4363926439909,43.7028140396579],[-79.4363785246119,43.7028173856763],[-79.4362886467981,43.7028386785468],[-79.4362488377388,43.7028481067932],[-79.4361988072929,43.70286005688],[-79.4361090073471,43.7028815107754],[-79.4361050124061,43.7028824626778],[-79.436019035325,43.7029025414437],[-79.4359628159788,43.7029156698306],[-79.4359290483732,43.7029235513299],[-79.4358390638392,43.7029445620466],[-79.4358158686775,43.7029499767952],[-79.4357491138783,43.7029656708257],[-79.4356728786621,43.7029835926994],[-79.4356591886286,43.7029868173533],[-79.4355404746545,43.703014722841],[-79.4355295298261,43.7030172901338],[-79.4354217692546,43.7030426291102],[-79.435385719149,43.7030511041437],[-79.4353318326133,43.7030637708729],[-79.4352418983962,43.7030849071653],[-79.4351519740321,43.7031060523937],[-79.4350978875904,43.7031187639054],[-79.4350620359588,43.7031271957433],[-79.4349721114694,43.7031483399299],[-79.4349538679346,43.7031526231593],[-79.4348821770027,43.7031694732385],[-79.434797238964,43.7031894427608],[-79.4347922523871,43.7031906172833],[-79.4347023140583,43.7032117630498],[-79.4346419637953,43.7032259469766],[-79.4346123880894,43.7032328943504],[-79.434522450875,43.7032540399758],[-79.4344853480915,43.7032627661578],[-79.4343287173093,43.7032995833153],[-79.4342850293973,43.7033098466674],[-79.4342162669947,43.7033260157151],[-79.4341951080877,43.7033309875434],[-79.4341720962705,43.7033363921623],[-79.4341051705824,43.7033521310397],[-79.4340152317731,43.7033732744644],[-79.4339253053221,43.7033944052236],[-79.433858862283,43.7034100281191],[-79.4338353725903,43.7034155485101],[-79.4337454460031,43.7034366881288],[-79.4337022319776,43.7034468426171],[-79.433655508193,43.7034578213693],[-79.4335655827173,43.7034789635474],[-79.4335456151281,43.7034836578082],[-79.4334756422925,43.7035001029456],[-79.4333857216535,43.7035212449848],[-79.4327391001796,43.7036732264378],[-79.4326398291831,43.7035066704619],[-79.4341395783744,43.7031543162934],[-79.4342583330073,43.7031263834807],[-79.4342839857203,43.7031203502731],[-79.4343770862775,43.7030984613452]]]]},"properties":{"_id":7291,"FLOC_ID":"008070-P01","Property Description":"PORTION OF KAY GARDNER BELTLINE PARK","Address":"90R FAIRLEIGH CRES","City":"TORONTO","Intersection":"Allen Rd & Eglinton Ave W","Ward \\#":8,"Ward Name":"Eglinton-Lawrence","Former Municipality":"None","District":"North","City Cluster":"Citizen-Focused Services Group A","Property Type":"Park/Rec/Open Space","Property Status":"City Use","Jurisdiction":"Parks & Recreation","Management":"Parks & Recreation","Owner":"City of Toronto","Area (M2)":161,"Frontage (M)":null,"Depth (M)":null,"Area (FT2)":1734,"Frontage (FT)":null,"Depth (FT)":null,"OBJECTID":7291}},{"type":"Feature","geometry":{"type":"MultiPolygon","coordinates":[[[[-79.436795677434,43.7027190125945],[-79.4366800520807,43.7027463286908],[-79.4365606331604,43.702584716533],[-79.4366152611783,43.7025718471059],[-79.4367313415994,43.7025445061226],[-79.4367429477683,43.7025417779576],[-79.4367608782705,43.7025375482767],[-79.4368298172192,43.7027109519192],[-79.4368055275742,43.7027166867095],[-79.436795677434,43.7027190125945]]]]},"properties":{"_id":7332,"FLOC_ID":"008070-P01","Property Description":"PORTION OF KAY GARDNER BELTLINE PARK","Address":"90R FAIRLEIGH CRES","City":"TORONTO","Intersection":"Allen Rd & Eglinton Ave W","Ward \\#":8,"Ward Name":"Eglinton-Lawrence","Former Municipality":"None","District":"North","City Cluster":"Citizen-Focused Services Group A","Property Type":"Park/Rec/Open Space","Property Status":"City Use","Jurisdiction":"Parks & Recreation","Management":"Parks & Recreation","Owner":"City of Toronto","Area (M2)":161,"Frontage (M)":null,"Depth (M)":null,"Area (FT2)":1734,"Frontage (FT)":null,"Depth (FT)":null,"OBJECTID":7332}},{"type":"Feature","geometry":{"type":"MultiPolygon","coordinates":[[[[-79.4380007509168,43.7022441809253],[-79.4379958339304,43.7024355985557],[-79.4379340678057,43.7024502731242],[-79.4378749356201,43.7022739959609],[-79.4378812288676,43.702272506969],[-79.4379146621381,43.702264586005],[-79.4380007509168,43.7022441809253]]]]},"properties":{"_id":7333,"FLOC_ID":"008070-P01","Property Description":"PORTION OF KAY GARDNER BELTLINE PARK","Address":"90R FAIRLEIGH CRES","City":"TORONTO","Intersection":"Allen Rd & Eglinton Ave W","Ward \\#":8,"Ward Name":"Eglinton-Lawrence","Former Municipality":"None","District":"North","City Cluster":"Citizen-Focused Services Group A","Property Type":"Park/Rec/Open Space","Property Status":"City Use","Jurisdiction":"Parks & Recreation","Management":"Parks & Recreation","Owner":"City of Toronto","Area (M2)":161,"Frontage (M)":null,"Depth (M)":null,"Area (FT2)":1734,"Frontage (FT)":null,"Depth (FT)":null,"OBJECTID":7333}},{"type":"Feature","geometry":{"type":"MultiPolygon","coordinates":[[[[-79.4614705931631,43.6839526894234],[-79.4615392947962,43.6841253198415],[-79.4615952559319,43.6843251433842],[-79.4615961339667,43.6843273003925],[-79.4617114284751,43.6847369975624],[-79.4618126389308,43.6850958090983],[-79.4618193590289,43.6851196315],[-79.4618105424913,43.685121565636],[-79.4616405445988,43.6851588614359],[-79.4616397909051,43.6851562057976],[-79.4615322363744,43.68477495352],[-79.4615247850505,43.6847485078731],[-79.4613884739864,43.6842653302456],[-79.4613833369482,43.6842471449687],[-79.4613809843378,43.684238884574],[-79.4613702956554,43.6842030449561],[-79.4613588478124,43.6841673283982],[-79.4613466432841,43.6841317448025],[-79.4613336870287,43.6840963013714],[-79.4613199802825,43.6840610062062],[-79.4611940275245,43.6837459735375],[-79.4611016998681,43.6836581820988],[-79.4609437333399,43.6835079801051],[-79.4609076401417,43.6834096293675],[-79.4609066731337,43.6834070213576],[-79.4610871356869,43.6833724278926],[-79.4611078896106,43.683429016284],[-79.4611162223932,43.6834517357222],[-79.4613332817025,43.6836575144604],[-79.4613651464967,43.6836877228247],[-79.4614705931631,43.6839526894234]]]]},"properties":{"_id":7431,"FLOC_ID":"006044-P01","Property Description":"PARKLAND","Address":"0 ALESSIA CIR","City":"TORONTO","Intersection":"BTWN 382 ROGERS RD & CNR, WS OF ALESSIA CIR","Ward \\#":9,"Ward Name":"Davenport","Former Municipality":"York","District":"South","City Cluster":"Citizen-Focused Services Group A","Property Type":"Park/Rec/Open Space","Property Status":"City Use","Jurisdiction":"Parks & Recreation","Management":"Parks & Recreation","Owner":"City of Toronto","Area (M2)":3092,"Frontage (M)":15,"Depth (M)":207,"Area (FT2)":33281,"Frontage (FT)":49,"Depth (FT)":679,"OBJECTID":7431}},{"type":"Feature","geometry":{"type":"MultiPolygon","coordinates":[[[[-79.4258278121055,43.7048332882394],[-79.4253057363579,43.7048246364998],[-79.4251711670123,43.7048184177168],[-79.4246925612592,43.7047856394044],[-79.4245578149437,43.704773236807],[-79.4243694403939,43.7047515641722],[-79.424181613685,43.7047275071525],[-79.424115095217,43.7047181124874],[-79.4239943869397,43.7047010747865],[-79.423807830885,43.7046722815263],[-79.4236220001406,43.7046411238112],[-79.4234369406104,43.7046076214782],[-79.4232527342104,43.7045717709855],[-79.4229048654878,43.704497168354],[-79.4229030284437,43.7044967503559],[-79.4227229949077,43.7044554929569],[-79.4225421610895,43.704411526248],[-79.4223623987859,43.7043652736564],[-79.4221837898822,43.7043167532455],[-79.4220063753152,43.7042659848514],[-79.421893945151,43.7042321541986],[-79.4218302059778,43.7042129649139],[-79.4216553364389,43.7041577249804],[-79.4214818274868,43.7041002840015],[-79.4213148507731,43.7040424259957],[-79.4212281959646,43.7040112453001],[-79.4211418855885,43.7039795670058],[-79.4210559246069,43.7039473929171],[-79.4209703179821,43.7039147248385],[-79.4208850719169,43.7038815645753],[-79.4208001913737,43.7038479139321],[-79.4206280939952,43.7037779698593],[-79.4204748857111,43.7037131225905],[-79.4204577108814,43.7037058583119],[-79.4202890792491,43.7036315928253],[-79.4200558790396,43.7035239808252],[-79.420015432948,43.7035044881694],[-79.4199451287307,43.7034706598613],[-79.419863132777,43.7034304990163],[-79.4197667064316,43.7033824275633],[-79.4196903995247,43.7033432049194],[-79.4196145375099,43.7033035288728],[-79.4195225808655,43.7032553532409],[-79.4193233665439,43.7031465295869],[-79.41927806428,43.7031217881971],[-79.4191761166712,43.7030660981634],[-79.4187370325818,43.7028262340461],[-79.4187071442341,43.7028099132798],[-79.4184506947633,43.7026740912498],[-79.4183901616691,43.7026431871654],[-79.4183293416242,43.7026125807861],[-79.4184297022236,43.7025912564099],[-79.418430319487,43.7025935440752],[-79.4185654737476,43.7025649299646],[-79.4186260856331,43.7025972148088],[-79.418686997001,43.7026292027915],[-79.4187050022398,43.7026385697267],[-79.4187450734604,43.7026592804554],[-79.4188208230673,43.702700318897],[-79.4190533093984,43.7028273099776],[-79.4195645283427,43.7031065691473],[-79.419636301222,43.703145773387],[-79.419925037429,43.7032962397437],[-79.4199954872568,43.7033314390616],[-79.4200533202912,43.7033598974572],[-79.4201113956735,43.7033880940557],[-79.4203298511532,43.703490449725],[-79.420429683467,43.7035351565955],[-79.4205123376394,43.7035724244807],[-79.4205954206407,43.7036091867321],[-79.4206789262683,43.7036454415442],[-79.4207628495637,43.7036811844119],[-79.4208471843218,43.70371641533],[-79.4209319243421,43.7037511306929],[-79.4210170634229,43.703785327795],[-79.4211025953625,43.7038190039307],[-79.4211885151986,43.7038521572956],[-79.4212748167283,43.7038847860841],[-79.4215184937623,43.7039657689085],[-79.4216964685633,43.7040217132799],[-79.4218099778816,43.7040573019154],[-79.4218823760578,43.7040794315459],[-79.4219549856932,43.7041011940227],[-79.4220392624752,43.7041218365515],[-79.4221237607975,43.7041419949003],[-79.4221360172387,43.7041447225353],[-79.4222067754024,43.7041658535014],[-79.4223137015569,43.7041977898384],[-79.422460751102,43.704239779821],[-79.4224925040383,43.7042470662858],[-79.4226722575577,43.7042931989508],[-79.4226962926693,43.7043007321732],[-79.4228526569171,43.7043371111539],[-79.4230333830583,43.7043798999329],[-79.4232153057287,43.7044186656594],[-79.4232436857817,43.7044245256478],[-79.4233975501939,43.7044562989514],[-79.423580797986,43.7044905634459],[-79.4238239145508,43.7045315573079],[-79.4239093389525,43.7045444284202],[-79.4240090032899,43.7045596024612],[-79.424194493453,43.7045862802871],[-79.4243812038181,43.7046087244193],[-79.4245493129401,43.7046260018396],[-79.4245688873235,43.7046280121415],[-79.4247565985551,43.7046470529387],[-79.4249454498887,43.7046623460452],[-79.4251350516186,43.7046749434493],[-79.4253251367877,43.7046859782333],[-79.4255163096683,43.7046934219013],[-79.4257079699176,43.7046991013163],[-79.4260700989303,43.7047027214841],[-79.4261085406688,43.7047026527273],[-79.4261255560503,43.704769819538],[-79.426142770325,43.7048377272788],[-79.4261043532317,43.7048378644726],[-79.4258278121055,43.7048332882394]]]]},"properties":{"_id":7491,"FLOC_ID":"008070-P01","Property Description":"PORTION OF KAY GARDNER BELTLINE PARK","Address":"90R FAIRLEIGH CRES","City":"TORONTO","Intersection":"Allen Rd & Eglinton Ave W","Ward \\#":8,"Ward Name":"Eglinton-Lawrence","Former Municipality":"None","District":"North","City Cluster":"Citizen-Focused Services Group A","Property Type":"Park/Rec/Open Space","Property Status":"City Use","Jurisdiction":"Parks & Recreation","Management":"Parks & Recreation","Owner":"City of Toronto","Area (M2)":161,"Frontage (M)":null,"Depth (M)":null,"Area (FT2)":1734,"Frontage (FT)":null,"Depth (FT)":null,"OBJECTID":7491}},{"type":"Feature","geometry":{"type":"MultiPolygon","coordinates":[[[[-79.4425926967826,43.7011638117701],[-79.4426830837732,43.7011422459535],[-79.442772875016,43.7011208345891],[-79.4428626575101,43.7010994231497],[-79.4429530430623,43.7010778616193],[-79.4430428378455,43.7010564392429],[-79.4431327749481,43.7010353310112],[-79.4432529669002,43.7010071177194],[-79.4432774415951,43.7010682341632],[-79.4433263849541,43.7011904418265],[-79.4432041563221,43.7012190322365],[-79.4431142785984,43.7012400613418],[-79.4430244008153,43.7012610867759],[-79.4429345328994,43.7012821076435],[-79.442844656229,43.701303135637],[-79.4427547782594,43.7013241590584],[-79.4426648952694,43.7013451770058],[-79.4425750308221,43.7013662002926],[-79.4424851526608,43.7013872271022],[-79.4423952694835,43.7014082439371],[-79.4423053924409,43.7014292670053],[-79.4422342889599,43.7014459023662],[-79.4421835281386,43.701319155776],[-79.4421771042794,43.7013031374482],[-79.4421624086847,43.7012664371931],[-79.4422323469957,43.7012497580814],[-79.4424125158177,43.7012067814643],[-79.4425926967826,43.7011638117701]]]]},"properties":{"_id":8167,"FLOC_ID":"005756-P01","Property Description":"FORMER BELT LINE RAILWAY LANDS","Address":"0 BELT LINE RAILWAY","City":"TORONTO","Intersection":"None","Ward \\#":15,"Ward Name":"Don Valley West","Former Municipality":"York","District":"North","City Cluster":"Citizen-Focused Services Group A","Property Type":"Park/Rec/Open Space","Property Status":"City Use","Jurisdiction":"Parks & Recreation","Management":"Parks & Recreation","Owner":"City of Toronto","Area (M2)":80535,"Frontage (M)":null,"Depth (M)":null,"Area (FT2)":866872,"Frontage (FT)":null,"Depth (FT)":null,"OBJECTID":8167}},{"type":"Feature","geometry":{"type":"MultiPolygon","coordinates":[[[[-79.4500737841676,43.6993890289983],[-79.4502553782507,43.6993508617149],[-79.4504369733435,43.6993126950434],[-79.450618560763,43.6992745271796],[-79.4506764538298,43.6992653717657],[-79.4508032621308,43.699245317545],[-79.4509879757115,43.6992161256196],[-79.4511622439025,43.6991885770683],[-79.4512011559925,43.6991824260072],[-79.4512232438133,43.6991789321348],[-79.4512294230921,43.6991779545316],[-79.4512650073335,43.6991722790968],[-79.4513092076581,43.6993647390814],[-79.4512868384957,43.6993693301068],[-79.4512738825706,43.6993719898649],[-79.4512451452613,43.6993778815533],[-79.4512415454988,43.699378617223],[-79.4507220592931,43.6994850524619],[-79.4506504496565,43.6994997188642],[-79.4501671329919,43.6995987420299],[-79.450159863921,43.6996002321736],[-79.4500879584424,43.699423807147],[-79.4500737841676,43.6993890289983]]]]},"properties":{"_id":8175,"FLOC_ID":"005756-P01","Property Description":"FORMER BELT LINE RAILWAY LANDS","Address":"0 BELT LINE RAILWAY","City":"TORONTO","Intersection":"None","Ward \\#":15,"Ward Name":"Don Valley West","Former Municipality":"York","District":"North","City Cluster":"Citizen-Focused Services Group A","Property Type":"Park/Rec/Open Space","Property Status":"City Use","Jurisdiction":"Parks & Recreation","Management":"Parks & Recreation","Owner":"City of Toronto","Area (M2)":80535,"Frontage (M)":null,"Depth (M)":null,"Area (FT2)":866872,"Frontage (FT)":null,"Depth (FT)":null,"OBJECTID":8175}},{"type":"Feature","geometry":{"type":"MultiPolygon","coordinates":[[[[-79.4507830389645,43.6874001955827],[-79.4508213822289,43.6874949516949],[-79.4508520430954,43.6875706820376],[-79.4503117187925,43.6875010195987],[-79.4507830389645,43.6874001955827]]]]},"properties":{"_id":8250,"FLOC_ID":"003204-P01","Property Description":"MARVEL HILL PARKETTE","Address":"0 HATHERLEY RD","City":"TORONTO","Intersection":"NWC HATHERLEY RD & ENNERDALE RD","Ward \\#":9,"Ward Name":"Davenport","Former Municipality":"York","District":"South","City Cluster":"Citizen-Focused Services Group A","Property Type":"Park/Rec/Open Space","Property Status":"City Use","Jurisdiction":"Parks & Recreation","Management":"Parks & Recreation","Owner":"City of Toronto","Area (M2)":405,"Frontage (M)":40,"Depth (M)":null,"Area (FT2)":4356,"Frontage (FT)":130,"Depth (FT)":null,"OBJECTID":8250}},{"type":"Feature","geometry":{"type":"MultiPolygon","coordinates":[[[[-79.4350708547022,43.6894372401277],[-79.4349926058641,43.6893965214831],[-79.4351386114641,43.6891663493808],[-79.4352243912674,43.6891952003808],[-79.4353101798351,43.6892240522214],[-79.4353922621076,43.6892516525223],[-79.4353939866858,43.6892559534178],[-79.4354340325918,43.6893562928269],[-79.4354740835921,43.6894566331232],[-79.4355458080207,43.6896363512205],[-79.4355000858774,43.6896605767301],[-79.4353832647258,43.6895997870896],[-79.4353052956476,43.6895592191401],[-79.4352273452707,43.689518661049],[-79.4351491172883,43.6894779614267],[-79.4350708547022,43.6894372401277]]]]},"properties":{"_id":9012,"FLOC_ID":"003069-P01","Property Description":"CY TOWNSEND PARK","Address":"455 WINONA DR","City":"TORONTO","Intersection":"SEC VAUGHAN RD & WINONA DR","Ward \\#":12,"Ward Name":"Toronto-St. Paul's","Former Municipality":"York","District":"South","City Cluster":"Citizen-Focused Services Group A","Property Type":"Park/Rec/Open Space","Property Status":"City Use","Jurisdiction":"Parks & Recreation","Management":"Parks & Recreation","Owner":"City of Toronto","Area (M2)":1255,"Frontage (M)":48,"Depth (M)":null,"Area (FT2)":13504,"Frontage (FT)":156,"Depth (FT)":null,"OBJECTID":9012}},{"type":"Feature","geometry":{"type":"MultiPolygon","coordinates":[[[[-79.4296347783712,43.6958533059357],[-79.4291814934418,43.6959504172517],[-79.4290971958688,43.6958255423192],[-79.4290129160306,43.6957006529307],[-79.428928630339,43.6955757634738],[-79.4288443449874,43.6954508820534],[-79.4287600612324,43.6953259951683],[-79.4292133199942,43.6952287243733],[-79.429297613195,43.6953536478375],[-79.4293819117068,43.6954785721402],[-79.4294240493268,43.6955410185078],[-79.4294661845477,43.6956034693583],[-79.4295504837716,43.6957283827301],[-79.4296347783712,43.6958533059357]]]]},"properties":{"_id":9045,"FLOC_ID":"003060-P01","Property Description":"GLENCEDAR PARK","Address":"50 GLEN CEDAR RD","City":"TORONTO","Intersection":"NWC WARWICK AVE & GLEN CEDAR RD","Ward \\#":12,"Ward Name":"Toronto-St. Paul's","Former Municipality":"York","District":"South","City Cluster":"Citizen-Focused Services Group A","Property Type":"Park/Rec/Open Space","Property Status":"City Use","Jurisdiction":"Parks & Recreation","Management":"Parks & Recreation","Owner":"City of Toronto","Area (M2)":2944,"Frontage (M)":77,"Depth (M)":38,"Area (FT2)":31693,"Frontage (FT)":254,"Depth (FT)":125,"OBJECTID":9045}},{"type":"Feature","geometry":{"type":"MultiPolygon","coordinates":[[[[-79.4647904440467,43.6901618051382],[-79.4647181411119,43.6901777520478],[-79.4644805470495,43.6896140765465],[-79.4653302864743,43.6894265289194],[-79.4653381346368,43.6894462990532],[-79.4653450250613,43.6894662570233],[-79.4653509478385,43.689486376723],[-79.4653558980183,43.6895066356477],[-79.4653598681728,43.6895270067913],[-79.4653628533525,43.6895474667492],[-79.4653648498501,43.6895679894164],[-79.4653658551971,43.6895885513889],[-79.4653658681676,43.6896091256625],[-79.4653648900155,43.6896296870339],[-79.4653629207533,43.6896502120997],[-79.465359961636,43.6896706738563],[-79.4653560188788,43.6896910480021],[-79.4653510962163,43.6897113102346],[-79.4653451986242,43.6897314344513],[-79.465338334799,43.6897513963512],[-79.4653305121966,43.689771171633],[-79.4653217407531,43.6897907368961],[-79.4653120316466,43.6898100669401],[-79.4653013960535,43.6898291392647],[-79.4652898476321,43.6898479295704],[-79.4652773988,43.6898664144575],[-79.4652640681754,43.689884573228],[-79.4652498681765,43.6899023815822],[-79.4652348199033,43.689919817923],[-79.4652189382523,43.6899368624516],[-79.4652022455646,43.6899534926713],[-79.4651847604578,43.6899696896848],[-79.4651665052728,43.6899854318953],[-79.4651475023481,43.6900007013066],[-79.4651277752636,43.690015479023],[-79.4651073463585,43.690029746148],[-79.4650862429328,43.6900434864874],[-79.4650644898064,43.6900566820457],[-79.4650421130383,43.6900693175284],[-79.465019141169,43.6900813767414],[-79.4649956014969,43.6900928461909],[-79.4649715225629,43.6901037096829],[-79.4649469353859,43.6901139555248],[-79.4649218685047,43.6901235711234],[-79.4648963541795,43.6901325438863],[-79.464870422188,43.6901408639211],[-79.4648441047896,43.6901485204357],[-79.4648174342431,43.6901555035384],[-79.4647904440467,43.6901618051382]]]]},"properties":{"_id":9046,"FLOC_ID":"003061-P01","Property Description":"HAVERSON PARK","Address":"65 WOODENHILL CRT","City":"TORONTO","Intersection":"ES COMMODORE AVE & HAVERSON BLVD","Ward \\#":5,"Ward Name":"York South-Weston","Former Municipality":"York","District":"West","City Cluster":"Citizen-Focused Services Group A","Property Type":"Park/Rec/Open Space","Property Status":"City Use","Jurisdiction":"Parks & Recreation","Management":"Parks & Recreation","Owner":"City of Toronto","Area (M2)":3683,"Frontage (M)":72,"Depth (M)":null,"Area (FT2)":39641,"Frontage (FT)":235,"Depth (FT)":null,"OBJECTID":9046}},{"type":"Feature","geometry":{"type":"MultiPolygon","coordinates":[[[[-79.4502955870031,43.7017597023356],[-79.4502325693358,43.7014769528076],[-79.4504137860804,43.7014374772365],[-79.4504708060732,43.7016956766773],[-79.4504526438819,43.7017009876625],[-79.4504234087996,43.7017102490053],[-79.4503945776467,43.701720157708],[-79.4503661802093,43.701730702082],[-79.4503423050104,43.7017399243254],[-79.4503187693908,43.7017495931748],[-79.4502955870031,43.7017597023356]]]]},"properties":{"_id":9083,"FLOC_ID":"003062-P01","Property Description":"J.T. WATSON PARK","Address":"605 RIDELLE AVE","City":"TORONTO","Intersection":"ABUTTING WS 567 RIDELLE AVE","Ward \\#":8,"Ward Name":"Eglinton-Lawrence","Former Municipality":"York","District":"North","City Cluster":"Citizen-Focused Services Group A","Property Type":"Park/Rec/Open Space","Property Status":"City Use","Jurisdiction":"Parks & Recreation","Management":"Parks & Recreation","Owner":"City of Toronto","Area (M2)":445,"Frontage (M)":15,"Depth (M)":null,"Area (FT2)":4792,"Frontage (FT)":50,"Depth (FT)":null,"OBJECTID":9083}},{"type":"Feature","geometry":{"type":"MultiPolygon","coordinates":[[[[-79.4511585270728,43.7013724026759],[-79.4511938052467,43.7015345695101],[-79.45054168912,43.7016776381994],[-79.4505178640951,43.7016832383862],[-79.4504942322768,43.7016892518103],[-79.4504708060732,43.7016956766773],[-79.4504137860804,43.7014374772365],[-79.4504102286235,43.7014213453987],[-79.4511349980555,43.7012642926403],[-79.4511585270728,43.7013724026759]]]]},"properties":{"_id":9094,"FLOC_ID":"003062-P02","Property Description":"J.T. WATSON PARK","Address":"605 RIDELLE AVE","City":"TORONTO","Intersection":"ABUTTING WS 605 RIDELLE AVE","Ward \\#":8,"Ward Name":"Eglinton-Lawrence","Former Municipality":"York","District":"North","City Cluster":"Citizen-Focused Services Group A","Property Type":"Park/Rec/Open Space","Property Status":"City Use","Jurisdiction":"Parks & Recreation","Management":"Parks & Recreation","Owner":"City of Toronto","Area (M2)":1781,"Frontage (M)":58,"Depth (M)":30,"Area (FT2)":19167,"Frontage (FT)":190,"Depth (FT)":100,"OBJECTID":9094}},{"type":"Feature","geometry":{"type":"MultiPolygon","coordinates":[[[[-79.4468157101602,43.6997740251279],[-79.446997020292,43.6997351130846],[-79.4471783339084,43.6996962043557],[-79.4473596324025,43.6996572953319],[-79.4475409455497,43.6996183869271],[-79.4477222597048,43.6995794764346],[-79.4479035550149,43.6995405665458],[-79.4480848687008,43.6995016563776],[-79.4482661759522,43.699462742318],[-79.4484474767629,43.6994238315682],[-79.4485747761303,43.6997362811488],[-79.4483950124392,43.6997786150802],[-79.4482152460147,43.6998209478271],[-79.4480354830603,43.6998632793924],[-79.447855718611,43.6999056124743],[-79.4476759514292,43.6999479434716],[-79.4474961877105,43.6999902813886],[-79.4473164187825,43.700032611819],[-79.447136654563,43.7000749437689],[-79.4469568900892,43.7001172772358],[-79.4467771290848,43.7001596104214],[-79.4465973690683,43.7002019433243],[-79.4464176038355,43.700244276842],[-79.4462378420754,43.7002866064777],[-79.4460580763372,43.700328939429],[-79.4459070916404,43.7003644888528],[-79.4457365054591,43.6999512626382],[-79.4458888054724,43.6999185872693],[-79.4460701203575,43.6998796794],[-79.4462514349988,43.6998407820442],[-79.4464429230268,43.6998268560262],[-79.4466344097226,43.6998129332872],[-79.4468157101602,43.6997740251279]]]]},"properties":{"_id":9095,"FLOC_ID":"003064-P01","Property Description":"WALTER SAUNDERS MEMORIAL PARK","Address":"440 HOPEWELL AVE","City":"TORONTO","Intersection":"ABUTTING WS 424 HOPEWELL AVE","Ward \\#":8,"Ward Name":"Eglinton-Lawrence","Former Municipality":"York","District":"North","City Cluster":"Citizen-Focused Services Group A","Property Type":"Park/Rec/Open Space","Property Status":"City Use","Jurisdiction":"Parks & Recreation","Management":"Parks & Recreation","Owner":"City of Toronto","Area (M2)":9187,"Frontage (M)":227,"Depth (M)":null,"Area (FT2)":98885,"Frontage (FT)":744,"Depth (FT)":null,"OBJECTID":9095}},{"type":"Feature","geometry":{"type":"MultiPolygon","coordinates":[[[[-79.4459070916404,43.7003644888528],[-79.4458783140684,43.700371272099],[-79.4457075077298,43.6999574867577],[-79.4457365054591,43.6999512626382],[-79.4459070916404,43.7003644888528]]]]},"properties":{"_id":9096,"FLOC_ID":"003064-P01","Property Description":"WALTER SAUNDERS MEMORIAL PARK","Address":"440 HOPEWELL AVE","City":"TORONTO","Intersection":"ABUTTING WS 424 HOPEWELL AVE","Ward \\#":8,"Ward Name":"Eglinton-Lawrence","Former Municipality":"York","District":"North","City Cluster":"Citizen-Focused Services Group A","Property Type":"Park/Rec/Open Space","Property Status":"City Use","Jurisdiction":"Parks & Recreation","Management":"Parks & Recreation","Owner":"City of Toronto","Area (M2)":9187,"Frontage (M)":227,"Depth (M)":null,"Area (FT2)":98885,"Frontage (FT)":744,"Depth (FT)":null,"OBJECTID":9096}},{"type":"Feature","geometry":{"type":"MultiPolygon","coordinates":[[[[-79.4488121480963,43.6996802664927],[-79.4485747761303,43.6997362811488],[-79.4484474767629,43.6994238315682],[-79.4486863782776,43.699372551635],[-79.4488121480963,43.6996802664927]]]]},"properties":{"_id":9131,"FLOC_ID":"003064-P02","Property Description":"WALTER SAUNDERS MEMORIAL PARK","Address":"0 HOPEWELL AVE","City":"TORONTO","Intersection":"ABUTTING ES 440 HOPEWELL AVE","Ward \\#":8,"Ward Name":"Eglinton-Lawrence","Former Municipality":"York","District":"North","City Cluster":"Citizen-Focused Services Group A","Property Type":"Park/Rec/Open Space","Property Status":"City Use","Jurisdiction":"Parks & Recreation","Management":"Parks & Recreation","Owner":"City of Toronto","Area (M2)":728,"Frontage (M)":20,"Depth (M)":36,"Area (FT2)":7841,"Frontage (FT)":66,"Depth (FT)":118,"OBJECTID":9131}},{"type":"Feature","geometry":{"type":"MultiPolygon","coordinates":[[[[-79.4500038979039,43.6994035346254],[-79.4498915536768,43.6994268554654],[-79.4497116529646,43.6994690905952],[-79.4495317520001,43.6995113254415],[-79.4493518507817,43.6995535618044],[-79.4491719480719,43.6995957960831],[-79.4489920463481,43.699638032779],[-79.4488121480963,43.6996802664927],[-79.4486863782776,43.699372551635],[-79.4488676884493,43.6993336654258],[-79.4490490033556,43.6992947717299],[-79.4492303130597,43.6992558840447],[-79.4494116386553,43.6992169996792],[-79.4495929466505,43.6991781114175],[-79.4497742606119,43.699139226471],[-79.4498858604689,43.6991152852304],[-79.4499555731091,43.6991003286342],[-79.4500737841669,43.6993890298984],[-79.4500038979039,43.6994035346254]]]]},"properties":{"_id":9149,"FLOC_ID":"003064-P03","Property Description":"WALTER SAUNDERS MEMORIAL PARK","Address":"440 HOPEWELL AVE","City":"TORONTO","Intersection":"NWC HOPEWELL AE & LOCKSLEY AVE","Ward \\#":8,"Ward Name":"Eglinton-Lawrence","Former Municipality":"York","District":"North","City Cluster":"Citizen-Focused Services Group A","Property Type":"Park/Rec/Open Space","Property Status":"City Use","Jurisdiction":"Parks & Recreation","Management":"Parks & Recreation","Owner":"City of Toronto","Area (M2)":3682,"Frontage (M)":107,"Depth (M)":35,"Area (FT2)":39638,"Frontage (FT)":350,"Depth (FT)":113,"OBJECTID":9149}},{"type":"Feature","geometry":{"type":"MultiPolygon","coordinates":[[[[-79.4452848573378,43.6945495847285],[-79.445197381301,43.6945238270342],[-79.4453396989154,43.6942696518973],[-79.4454271684411,43.6942954094808],[-79.4454735281774,43.69430905956],[-79.4455146306074,43.6943211570922],[-79.4453723148509,43.6945753315454],[-79.4452848573378,43.6945495847285]]]]},"properties":{"_id":9150,"FLOC_ID":"003067-P01","Property Description":"SENATOR PETER BOSA PARKETTE","Address":"725 VAUGHAN RD","City":"TORONTO","Intersection":"NEC VAUGHAN RD & GREYTON CRES","Ward \\#":12,"Ward Name":"Toronto-St. Paul's","Former Municipality":"York","District":"South","City Cluster":"Citizen-Focused Services Group A","Property Type":"Park/Rec/Open Space","Property Status":"City Use","Jurisdiction":"Parks & Recreation","Management":"Parks & Recreation","Owner":"City of Toronto","Area (M2)":465,"Frontage (M)":15,"Depth (M)":30,"Area (FT2)":5000,"Frontage (FT)":50,"Depth (FT)":100,"OBJECTID":9150}},{"type":"Feature","geometry":{"type":"MultiPolygon","coordinates":[[[[-79.4368928002094,43.6932265073624],[-79.43681909733,43.6932419488732],[-79.4368083831362,43.693215643872],[-79.4369556709285,43.693184778754],[-79.4369663516679,43.6932111017256],[-79.4368928002094,43.6932265073624]]]]},"properties":{"_id":9151,"FLOC_ID":"003068-P01","Property Description":"LAUGHLIN PARK","Address":"420 ATLAS AVE","City":"TORONTO","Intersection":"ABUTTING NS 541 WINONA DR & 374 ATLAS AVE","Ward \\#":12,"Ward Name":"Toronto-St. Paul's","Former Municipality":"York","District":"South","City Cluster":"Citizen-Focused Services Group A","Property Type":"Park/Rec/Open Space","Property Status":"City Use","Jurisdiction":"Parks & Recreation","Management":"Parks & Recreation","Owner":"City of Toronto","Area (M2)":4824,"Frontage (M)":58,"Depth (M)":null,"Area (FT2)":51924,"Frontage (FT)":191,"Depth (FT)":null,"OBJECTID":9151}},{"type":"Feature","geometry":{"type":"MultiPolygon","coordinates":[[[[-79.4367336379603,43.6932313106841],[-79.4366639726347,43.6932459055075],[-79.4365943171958,43.6932605038945],[-79.4364904413612,43.6932822653631],[-79.4364787421674,43.6932690305619],[-79.4364664496988,43.6932560825709],[-79.4364535763479,43.6932434339988],[-79.4361531687465,43.6929583729607],[-79.4357862597697,43.6926101837092],[-79.4361230119019,43.6925406627631],[-79.4360971680504,43.6924834477925],[-79.4366258247467,43.6923707164546],[-79.436652466353,43.6924365180839],[-79.4366791043054,43.6925023107028],[-79.4367057435498,43.6925681096164],[-79.4368184221848,43.6928463758509],[-79.4369556709285,43.693184778754],[-79.4368083831362,43.693215643872],[-79.4367336379603,43.6932313106841]]]]},"properties":{"_id":9152,"FLOC_ID":"003068-P01","Property Description":"LAUGHLIN PARK","Address":"420 ATLAS AVE","City":"TORONTO","Intersection":"ABUTTING NS 541 WINONA DR & 374 ATLAS AVE","Ward \\#":12,"Ward Name":"Toronto-St. Paul's","Former Municipality":"York","District":"South","City Cluster":"Citizen-Focused Services Group A","Property Type":"Park/Rec/Open Space","Property Status":"City Use","Jurisdiction":"Parks & Recreation","Management":"Parks & Recreation","Owner":"City of Toronto","Area (M2)":4824,"Frontage (M)":58,"Depth (M)":null,"Area (FT2)":51924,"Frontage (FT)":191,"Depth (FT)":null,"OBJECTID":9152}},{"type":"Feature","geometry":{"type":"MultiPolygon","coordinates":[[[[-79.4443825493578,43.700722055057],[-79.444562251707,43.7006797067104],[-79.4447386416866,43.7006381368908],[-79.4448316569609,43.7006156750162],[-79.4449216571574,43.7005947148272],[-79.4450079815897,43.7005746097209],[-79.4450943072142,43.7005544946485],[-79.4450995589225,43.7005532720965],[-79.4451806191276,43.7005343858051],[-79.4452669446278,43.7005142805036],[-79.4452793169041,43.7005113970156],[-79.4453532737923,43.7004941751385],[-79.4454395855304,43.7004740687997],[-79.4454588686329,43.700469575561],[-79.4455259096202,43.7004539597011],[-79.4456122348898,43.7004338541384],[-79.4456389264257,43.7004276280467],[-79.4456985601098,43.7004137395091],[-79.4457848778192,43.7003936347124],[-79.4458783140684,43.700371272099],[-79.4459070903997,43.7003644888522],[-79.4460580763372,43.700328939429],[-79.4462378420754,43.7002866064777],[-79.4464176038355,43.700244276842],[-79.4465973690675,43.7002019442245],[-79.4467771303255,43.7001596104219],[-79.4469568900892,43.7001172772358],[-79.447136654563,43.7000749437689],[-79.4473164187825,43.700032611819],[-79.4474961877105,43.6999902813886],[-79.4476759514292,43.6999479434716],[-79.4478557186118,43.6999056115742],[-79.4480354818197,43.6998632793919],[-79.448215244774,43.6998209478265],[-79.4483950124392,43.6997786150802],[-79.448574777371,43.6997362811494],[-79.4488121480963,43.6996802664927],[-79.4489920451074,43.6996380327784],[-79.4491719480719,43.6995957960831],[-79.4493518495411,43.6995535618039],[-79.4495317520009,43.6995113245414],[-79.4497116529646,43.6994690905952],[-79.4498915536768,43.6994268554654],[-79.4500038966625,43.699403535525],[-79.4500737841676,43.6993890289983],[-79.4500879584424,43.699423807147],[-79.450159863921,43.6996002321736],[-79.4500106011087,43.6996306444397],[-79.4499911590109,43.6996346055015],[-79.4497655934124,43.6996875160521],[-79.4495270337928,43.6997434700549],[-79.4493827971108,43.6997773051074],[-79.4489057876802,43.6998891948617],[-79.4488349744594,43.699905807459],[-79.448355852178,43.7000181881405],[-79.4483523055991,43.7000190308584],[-79.4483145329588,43.7000279547593],[-79.4482932783207,43.7000329759636],[-79.4482659778696,43.7000394256318],[-79.4482362588376,43.7000464493802],[-79.4481831867267,43.7000589929251],[-79.4481760898425,43.7000606720474],[-79.4481301009469,43.7000715355389],[-79.448086237745,43.7000819031064],[-79.448060478481,43.7000879951744],[-79.4479963620049,43.700103141285],[-79.4479908423396,43.7001044430595],[-79.4479377713664,43.7001169873909],[-79.4479065010897,43.7001243793995],[-79.4478846867274,43.7001295271908],[-79.4478316157107,43.7001420705727],[-79.4478166140544,43.7001456201318],[-79.4477761459462,43.7001551799148],[-79.4477619794358,43.7001585282196],[-79.4477478079571,43.700161881021],[-79.4477267480496,43.7001668581026],[-79.4476923381647,43.700174980421],[-79.4476392670702,43.7001875210131],[-79.4476368484831,43.7001880959872],[-79.4475861959435,43.7002000732821],[-79.4475470220581,43.7002093284339],[-79.4474874347442,43.7002234051843],[-79.4473671855065,43.7002516679128],[-79.4470077702992,43.7003370824452],[-79.4466482783312,43.7004211636207],[-79.4465222222378,43.7004504344929],[-79.4462508943864,43.7005126177058],[-79.4459642936807,43.7005782945536],[-79.4459633517946,43.7005785209407],[-79.4457258263936,43.7006285869528],[-79.4456416990501,43.7006463173075],[-79.4455881418936,43.7006576064371],[-79.4455345909197,43.7006688964446],[-79.4454786275652,43.7006806911483],[-79.4454643345516,43.7006837096608],[-79.4454500390642,43.7006867182689],[-79.4453940794012,43.7006985102326],[-79.4453405233885,43.7007098037472],[-79.4452869710826,43.7007210918377],[-79.4452334063449,43.7007323852978],[-79.4451631448775,43.7007471857245],[-79.4450928908073,43.7007619996135],[-79.4450393371672,43.7007732884873],[-79.4449857810223,43.7007845809354],[-79.4449298224182,43.7007963726721],[-79.4449155256276,43.7007993911141],[-79.4449152513858,43.7007994440895],[-79.444901218919,43.700802399648],[-79.4448452354506,43.700814210234],[-79.4448332964315,43.7008167248315],[-79.4447930299386,43.7008286536919],[-79.4447411188384,43.7008440207996],[-79.4446892126728,43.7008593896863],[-79.4446373027479,43.7008747702493],[-79.4445853952911,43.7008901363878],[-79.4445280632397,43.7009071165004],[-79.4444815294054,43.7009208946729],[-79.4443915509038,43.7009418509243],[-79.4443015748177,43.7009628107064],[-79.4442115862536,43.7009837794128],[-79.4441216112878,43.7010047336528],[-79.4440316350154,43.7010256914219],[-79.4439774928607,43.7010383017977],[-79.443941671064,43.7010466743296],[-79.4438517169409,43.7010676940766],[-79.4437617664763,43.7010887146547],[-79.4436718122294,43.7011097324595],[-79.4435638675455,43.7011349548122],[-79.4433263849541,43.7011904418265],[-79.4432774403544,43.7010682341626],[-79.4432529669002,43.7010071177194],[-79.4433124665487,43.70099314935],[-79.443355637467,43.7009830164061],[-79.4434234168299,43.7009670988036],[-79.4434920511825,43.7009509835553],[-79.4435061610041,43.7009476789584],[-79.4435888889967,43.700928258145],[-79.4436239687079,43.700920022177],[-79.4436156867912,43.7009017778958],[-79.4436606809244,43.7008921687103],[-79.443843425898,43.7008491064927],[-79.4440231302452,43.7008067598958],[-79.4442028343373,43.7007644157163],[-79.4443825493578,43.700722055057]]]]},"properties":{"_id":9364,"FLOC_ID":"003184-P02","Property Description":"KAY GARDNER BELT LINE PARK - PROP F","Address":"260 BOWIE AVE","City":"TORONTO","Intersection":"PTS BELT LINE ADJ N 440 HOPEWELL AVE TO 250 BOWIE","Ward \\#":8,"Ward Name":"Eglinton-Lawrence","Former Municipality":"York","District":"North","City Cluster":"Citizen-Focused Services Group A","Property Type":"Park/Rec/Open Space","Property Status":"City Use","Jurisdiction":"Parks & Recreation","Management":"Parks & Recreation","Owner":"City of Toronto","Area (M2)":54143,"Frontage (M)":null,"Depth (M)":null,"Area (FT2)":582791,"Frontage (FT)":null,"Depth (FT)":null,"OBJECTID":9364}},{"type":"Feature","geometry":{"type":"MultiPolygon","coordinates":[[[[-79.4604379709895,43.6982037182871],[-79.4604577124075,43.6982012866697],[-79.4605489812388,43.6981900458959],[-79.4605519081647,43.6981896535498],[-79.4606456009279,43.6981768860172],[-79.4606596462153,43.6981749726779],[-79.4607388563448,43.6981631389176],[-79.4607699237267,43.6981585031204],[-79.4607770986468,43.6981770671337],[-79.4609951742923,43.6981276193818],[-79.4612895524493,43.6980608804051],[-79.4613509629028,43.6980470968135],[-79.4614121837926,43.698032873862],[-79.461452179835,43.698024488257],[-79.4614919219283,43.6980154895649],[-79.4615313914589,43.6980058822803],[-79.4615705722958,43.6979956690984],[-79.4616094458244,43.6979848563142],[-79.4616479946724,43.6979734475227],[-79.4617383270396,43.6979531708938],[-79.4618281786412,43.697931851684],[-79.4618576761912,43.6979236586587],[-79.4618870039659,43.697915150524],[-79.4619161557612,43.6979063281784],[-79.4619452197186,43.6978971016383],[-79.461974071735,43.6978875329714],[-79.4620027068452,43.6978776257768],[-79.4620313384518,43.6978673576222],[-79.4620597109908,43.6978567176213],[-79.4620878145347,43.6978457093716],[-79.4621057697653,43.697838532299],[-79.4621355527325,43.6978261491977],[-79.4621726433721,43.6978131879241],[-79.4622586007778,43.6977831457404],[-79.4622613804018,43.697782172719],[-79.4623427126447,43.6977521361458],[-79.4623439014603,43.6977516702708],[-79.4624232973527,43.697721065021],[-79.4624286358846,43.6977189154684],[-79.4625031283095,43.6976889755465],[-79.4625128226269,43.6976849272472],[-79.4625821769672,43.6976558848169],[-79.4625964244805,43.6976496794923],[-79.4626604247102,43.6976217982286],[-79.4626794836285,43.6976131623175],[-79.4627347096068,43.6975880262398],[-79.4627894991463,43.6975623922219],[-79.462843842319,43.697536263862],[-79.4628983397504,43.6975093758176],[-79.4629523709604,43.6974819970259],[-79.4630059272614,43.6974541310851],[-79.4630589999653,43.697425783394],[-79.4631115816256,43.6973969575514],[-79.4631853208843,43.69769854423],[-79.4631250173851,43.6977292794876],[-79.4630641658176,43.6977594411541],[-79.4630027761106,43.6977890247313],[-79.4629408606757,43.6978180230213],[-79.4628784282007,43.6978464324256],[-79.4628154886146,43.697874248446],[-79.4627520555681,43.6979014665853],[-79.4626881365104,43.6979280805444],[-79.4626237450918,43.6979540867264],[-79.462558891241,43.6979794815332],[-79.4624935848879,43.6980042595665],[-79.4624278396837,43.6980284163294],[-79.462361664316,43.6980519491237],[-79.4622950711963,43.6980748525519],[-79.4622215654935,43.698099253271],[-79.4621476668453,43.6981230237226],[-79.4620733876622,43.6981461603095],[-79.4619987378739,43.6981686585338],[-79.4619237261683,43.6981905165972],[-79.4618483649552,43.6982117318029],[-79.4617726641648,43.6982322996528],[-79.4616966337248,43.6982522192494],[-79.4616202860467,43.6982714860957],[-79.4615436285776,43.6982900983933],[-79.4614666749691,43.6983080525457],[-79.4613894351492,43.6983253476554],[-79.461311917807,43.6983419801243],[-79.4612341365931,43.6983579481562],[-79.4611561014367,43.6983732490536],[-79.4610778222659,43.6983878819193],[-79.4609993102513,43.6984018431559],[-79.460920577803,43.6984151309672],[-79.4608416336085,43.6984277444553],[-79.4607624913187,43.6984396818244],[-79.4606831596224,43.6984509403766],[-79.4606036496885,43.6984615192153],[-79.4605239739267,43.6984714174442],[-79.4604441422665,43.698480632366],[-79.4603641671171,43.6984891639848],[-79.459393728203,43.6985879068131],[-79.4592804478498,43.6983228623782],[-79.4594126101728,43.6983093597469],[-79.4594796342624,43.6983025155449],[-79.4595076399554,43.6982996549591],[-79.4596027032102,43.698289942003],[-79.4596977713932,43.6982802343704],[-79.4597928345867,43.6982705212561],[-79.4598878903057,43.6982608080602],[-79.4599829534344,43.6982511001885],[-79.4600780214985,43.6982413868387],[-79.4601730858042,43.6982316824098],[-79.4602681525688,43.6982219653009],[-79.4603115654911,43.6982175355477],[-79.4603630570031,43.698211907808],[-79.4604379709895,43.6982037182871]]]]},"properties":{"_id":9461,"FLOC_ID":"003184-P02","Property Description":"KAY GARDNER BELT LINE PARK - PROP F","Address":"260 BOWIE AVE","City":"TORONTO","Intersection":"PTS BELT LINE ADJ N 440 HOPEWELL AVE TO 250 BOWIE","Ward \\#":8,"Ward Name":"Eglinton-Lawrence","Former Municipality":"York","District":"North","City Cluster":"Citizen-Focused Services Group A","Property Type":"Park/Rec/Open Space","Property Status":"City Use","Jurisdiction":"Parks & Recreation","Management":"Parks & Recreation","Owner":"City of Toronto","Area (M2)":54143,"Frontage (M)":null,"Depth (M)":null,"Area (FT2)":582791,"Frontage (FT)":null,"Depth (FT)":null,"OBJECTID":9461}},{"type":"Feature","geometry":{"type":"MultiPolygon","coordinates":[[[[-79.4515617511438,43.6991117743795],[-79.4524288523723,43.6990223084136],[-79.4525785448065,43.6990068704015],[-79.4527056715287,43.6989937523914],[-79.4528179513036,43.6989821700325],[-79.4529302260763,43.6989705830606],[-79.4530424896371,43.6989589995744],[-79.4531547680455,43.6989474123834],[-79.4532670439336,43.6989358196803],[-79.4533793048829,43.6989242367623],[-79.4535063493666,43.6989111268292],[-79.4541158737656,43.6988482309135],[-79.4542264654415,43.6988370011438],[-79.4544760034726,43.6988116685677],[-79.4558875354244,43.6986683823796],[-79.4561717271832,43.6986395318654],[-79.4566264346731,43.6985933684928],[-79.4568774732135,43.698567888122],[-79.456988679888,43.6988334202156],[-79.4569615287199,43.6988361643891],[-79.4568868235998,43.6988437171189],[-79.4567382917639,43.6988587138489],[-79.4567157486965,43.6988609898408],[-79.4566221370652,43.6988704444092],[-79.4565285253987,43.6988799070021],[-79.4564349124681,43.6988893614166],[-79.4563960113984,43.6988932891466],[-79.4563412734491,43.6988988229456],[-79.4562475959405,43.698908284383],[-79.4561539357768,43.6989177385494],[-79.4560602582094,43.6989271998332],[-79.4559665979818,43.698936661047],[-79.455934831142,43.6989398721653],[-79.4558729327621,43.6989461221821],[-79.4558143608084,43.698952042204],[-79.4557792600671,43.6989555859379],[-79.4556957701651,43.6989640139158],[-79.4556855947886,43.6989650469194],[-79.4555919207962,43.6989745078208],[-79.4555759411984,43.6989761236431],[-79.4554982566976,43.6989839713497],[-79.4554579832407,43.6989880332452],[-79.4554045826464,43.6989934320974],[-79.4553381566625,43.6990001391236],[-79.4553109209723,43.6990028927733],[-79.4552172518296,43.6990123470686],[-79.4551235900967,43.6990218075909],[-79.4550299345384,43.6990312671387],[-79.4549362603402,43.6990407275026],[-79.4548426047198,43.6990501913975],[-79.4547489292228,43.6990596507072],[-79.4545857293851,43.699076132145],[-79.454349106643,43.699100032613],[-79.4543350377298,43.6991014671989],[-79.454234220236,43.6991117243475],[-79.4541405978448,43.6991212506894],[-79.4540469617734,43.6991307814498],[-79.4539739085715,43.6991382141226],[-79.4539533380852,43.6991403040373],[-79.4538990153075,43.6991458377339],[-79.4538596969912,43.6991498355423],[-79.453820378667,43.6991538369377],[-79.4537660695205,43.6991593597751],[-79.4537305069666,43.6991629630016],[-79.4536724420139,43.6991688920323],[-79.4535788008389,43.6991784134058],[-79.4534847783878,43.6991868003855],[-79.4534110401682,43.6991942792264],[-79.4533913108818,43.6991962775697],[-79.4533542593725,43.699200033994],[-79.453297483518,43.6992058022373],[-79.4532407076625,43.6992115578505],[-79.453204042007,43.6992152792789],[-79.4531839317969,43.6992173125354],[-79.4531099416262,43.699224819883],[-79.4530170064905,43.6992355724614],[-79.4529233700632,43.6992451032011],[-79.4528297410553,43.6992546275663],[-79.4527361132542,43.699264157256],[-79.4526424717827,43.6992736787623],[-79.4525488451631,43.699283208299],[-79.4524552048716,43.6992927314526],[-79.4524327371535,43.6992950156323],[-79.4523615794335,43.6993022608365],[-79.4522679539729,43.6993117811423],[-79.4521743148291,43.699321309467],[-79.4520806893094,43.6993308296194],[-79.4519870501028,43.6993403622912],[-79.4516222727211,43.6993774639032],[-79.4515660933671,43.6993831397257],[-79.4515556216007,43.6993360675755],[-79.4515054231337,43.6991174744128],[-79.4515617511438,43.6991117743795]]]]},"properties":{"_id":9509,"FLOC_ID":"003184-P02","Property Description":"KAY GARDNER BELT LINE PARK - PROP F","Address":"260 BOWIE AVE","City":"TORONTO","Intersection":"PTS BELT LINE ADJ N 440 HOPEWELL AVE TO 250 BOWIE","Ward \\#":8,"Ward Name":"Eglinton-Lawrence","Former Municipality":"York","District":"North","City Cluster":"Citizen-Focused Services Group A","Property Type":"Park/Rec/Open Space","Property Status":"City Use","Jurisdiction":"Parks & Recreation","Management":"Parks & Recreation","Owner":"City of Toronto","Area (M2)":54143,"Frontage (M)":null,"Depth (M)":null,"Area (FT2)":582791,"Frontage (FT)":null,"Depth (FT)":null,"OBJECTID":9509}},{"type":"Feature","geometry":{"type":"MultiPolygon","coordinates":[[[[-79.4579312856175,43.6984608990856],[-79.4580260676939,43.6984512737498],[-79.4581208460156,43.6984416519346],[-79.4582156280252,43.6984320354429],[-79.4582445110237,43.6984291034772],[-79.4583103963637,43.6984224098664],[-79.458405178319,43.6984127842162],[-79.4584999565203,43.6984031611864],[-79.4585947384151,43.698393535379],[-79.4590307357197,43.6983492765354],[-79.4591436444066,43.6986138233127],[-79.4574241593979,43.6987889476774],[-79.456988679888,43.6988334202156],[-79.4568774732135,43.698567888122],[-79.4569834867764,43.6985571274247],[-79.4570782641934,43.6985475019731],[-79.4571730477828,43.6985378773454],[-79.4572678300948,43.6985282616399],[-79.4573625999746,43.6985186395503],[-79.4574573785107,43.6985090146849],[-79.457552160739,43.6984993888421],[-79.4576469429364,43.6984897638209],[-79.4577417213727,43.6984801513214],[-79.4578365035103,43.6984705252428],[-79.4579312856175,43.6984608990856]]]]},"properties":{"_id":9540,"FLOC_ID":"003184-P02","Property Description":"KAY GARDNER BELT LINE PARK - PROP F","Address":"260 BOWIE AVE","City":"TORONTO","Intersection":"PTS BELT LINE ADJ N 440 HOPEWELL AVE TO 250 BOWIE","Ward \\#":8,"Ward Name":"Eglinton-Lawrence","Former Municipality":"York","District":"North","City Cluster":"Citizen-Focused Services Group A","Property Type":"Park/Rec/Open Space","Property Status":"City Use","Jurisdiction":"Parks & Recreation","Management":"Parks & Recreation","Owner":"City of Toronto","Area (M2)":54143,"Frontage (M)":null,"Depth (M)":null,"Area (FT2)":582791,"Frontage (FT)":null,"Depth (FT)":null,"OBJECTID":9540}},{"type":"Feature","geometry":{"type":"MultiPolygon","coordinates":[[[[-79.4648406213057,43.6956889544315],[-79.4648711985171,43.6956265713933],[-79.4649002785014,43.6955638062318],[-79.4649278277485,43.6955006904423],[-79.464953863632,43.6954372222311],[-79.4649783799298,43.6953734421031],[-79.4650013419038,43.6953093608501],[-79.4650227619523,43.6952449991799],[-79.465042636351,43.6951803696939],[-79.4650568587568,43.6951304978921],[-79.4650701569888,43.6950804907863],[-79.4650825298019,43.6950303600782],[-79.4650939734724,43.6949801129679],[-79.4651044867568,43.6949297584567],[-79.4651140671705,43.6948793064454],[-79.4651227134701,43.6948287659351],[-79.4651304231719,43.6947781450266],[-79.4651371962721,43.6947274545215],[-79.4651430315282,43.6946767016207],[-79.4651479276959,43.6946258971255],[-79.4651518822916,43.6945750491363],[-79.4651548965525,43.6945241675551],[-79.465156821406,43.6944778961029],[-79.4651579659505,43.6944316118106],[-79.4651705990177,43.6943344224134],[-79.4651692952517,43.6942678682649],[-79.465168224111,43.6942130716739],[-79.4651680422989,43.6942035482517],[-79.4651667383395,43.6941373379508],[-79.4651654263087,43.6940700744956],[-79.4651640764223,43.6939996335717],[-79.4651627265396,43.693929191747],[-79.4651613778275,43.6938588759397],[-79.4651559571092,43.6937894725216],[-79.465345353006,43.6944011786991],[-79.4654379021386,43.6947000882999],[-79.4654948937231,43.6948841540151],[-79.4654853928857,43.6949370112272],[-79.4654749393253,43.6949897736368],[-79.4654635355261,43.6950424322429],[-79.4654511839717,43.6950949780449],[-79.4654378859051,43.6951474029415],[-79.4654236438111,43.6951996961317],[-79.4654084589323,43.6952518504145],[-79.4653923362341,43.6953038558896],[-79.4653752782007,43.6953557035561],[-79.4653572860755,43.6954073844125],[-79.4653383635822,43.6954588912587],[-79.4653185132059,43.6955102132933],[-79.4652977411516,43.6955613433167],[-79.4652760474227,43.695612271427],[-79.4652534382254,43.6956629886243],[-79.4652299160428,43.6957134877077],[-79.465205485841,43.6957637587768],[-79.4651801513445,43.6958137937311],[-79.4651539175183,43.6958635844701],[-79.4651267868475,43.6959131210928],[-79.4650987667775,43.6959623972998],[-79.4650698597938,43.6960114022896],[-79.4650400721018,43.6960601288626],[-79.465009408667,43.6961085689183],[-79.4649778744552,43.6961567134563],[-79.464945474432,43.6962045543762],[-79.4649166363122,43.6962456796182],[-79.4648871916318,43.6962865778338],[-79.464857142874,43.6963272445227],[-79.4648264937621,43.696367675185],[-79.4647952492608,43.6964078644208],[-79.4647595595705,43.6964524007998],[-79.4647230996051,43.6964966074826],[-79.4646858743302,43.6965404772687],[-79.4646560931642,43.696575005107],[-79.4646027244931,43.6966345195123],[-79.4644918457139,43.6967513857507],[-79.4644498324089,43.6967934717155],[-79.4644070823541,43.6968351649791],[-79.4643636029968,43.6968764583417],[-79.4643193993019,43.6969173464036],[-79.464274481198,43.6969578219657],[-79.4642288536515,43.696997877828],[-79.4641825265899,43.6970375085918],[-79.4641355049802,43.6970767061567],[-79.4640877975091,43.6971154660239],[-79.4640394128653,43.6971537800942],[-79.463990357255,43.6971916429679],[-79.4639406393657,43.6972290492462],[-79.4638902691265,43.6972659917301],[-79.4638392515036,43.6973024641197],[-79.4637875964248,43.6973384619165],[-79.4637353125788,43.6973739779214],[-79.4636824086529,43.6974090076357],[-79.4636288933359,43.6974435438602],[-79.463574772834,43.6974775820954],[-79.4635200595576,43.6975111160436],[-79.4634647597134,43.697544140305],[-79.4634088844703,43.6975766503819],[-79.4633336869353,43.6972662232091],[-79.4633856640911,43.6972334040747],[-79.4634370447513,43.6972000932553],[-79.4634878189867,43.6971662970495],[-79.4635379781095,43.6971320208562],[-79.4635875146714,43.6970972718748],[-79.4636364199855,43.6970620546039],[-79.4636846853634,43.6970263753425],[-79.4637323021167,43.6969902412897],[-79.463779262799,43.6969536569446],[-79.4638255587219,43.6969166295062],[-79.4638711824374,43.696879166174],[-79.4639161264996,43.6968412714472],[-79.4639603822196,43.6968029534248],[-79.4640039421504,43.6967642184064],[-79.4640467988449,43.6967250726911],[-79.4640889448564,43.6966855225784],[-79.4641303739779,43.6966455752682],[-79.464184100602,43.6965920092469],[-79.4642365112327,43.6965377955956],[-79.4642535171376,43.6965195301],[-79.464275776615,43.6964956323375],[-79.464312092971,43.6964556554581],[-79.4643477196968,43.6964153525051],[-79.4643826505862,43.6963747297781],[-79.464416879433,43.6963337944769],[-79.4644504012725,43.6962925520014],[-79.4644832111394,43.6962510086515],[-79.4645153040676,43.6962091725274],[-79.4645466750925,43.6961670490289],[-79.464577318009,43.6961246435556],[-79.4646072303318,43.6960819651085],[-79.4646513972525,43.6960157121855],[-79.4646654978689,43.6959945554146],[-79.4647034606348,43.6959343431179],[-79.46473995474,43.6958736595875],[-79.4647750000288,43.6958125201332],[-79.4648085555541,43.6957509436463],[-79.4648406213057,43.6956889544315]]]]},"properties":{"_id":9557,"FLOC_ID":"003184-P02","Property Description":"KAY GARDNER BELT LINE PARK - PROP F","Address":"260 BOWIE AVE","City":"TORONTO","Intersection":"PTS BELT LINE ADJ N 440 HOPEWELL AVE TO 250 BOWIE","Ward \\#":8,"Ward Name":"Eglinton-Lawrence","Former Municipality":"York","District":"North","City Cluster":"Citizen-Focused Services Group A","Property Type":"Park/Rec/Open Space","Property Status":"City Use","Jurisdiction":"Parks & Recreation","Management":"Parks & Recreation","Owner":"City of Toronto","Area (M2)":54143,"Frontage (M)":null,"Depth (M)":null,"Area (FT2)":582791,"Frontage (FT)":null,"Depth (FT)":null,"OBJECTID":9557}},{"type":"Feature","geometry":{"type":"MultiPolygon","coordinates":[[[[-79.4633640021792,43.6921135941164],[-79.4642762842563,43.6919101331414],[-79.4635181747237,43.6924775540787],[-79.4633640021792,43.6921135941164]]]]},"properties":{"_id":9584,"FLOC_ID":"006014-P01","Property Description":"EGLINTON-GILBERT PARKETTE (FORMER GILBERT LOOP)","Address":"0 EGLINTON AVE W","City":"TORONTO","Intersection":"SWC EGLINTON AVE W & GILBERT AVE","Ward \\#":5,"Ward Name":"York South-Weston","Former Municipality":"York","District":"West","City Cluster":"Citizen-Focused Services Group A","Property Type":"Park/Rec/Open Space","Property Status":"City Use","Jurisdiction":"Parks & Recreation","Management":"Parks & Recreation","Owner":"City of Toronto","Area (M2)":1619,"Frontage (M)":57,"Depth (M)":28,"Area (FT2)":17425,"Frontage (FT)":186,"Depth (FT)":93,"OBJECTID":9584}},{"type":"Feature","geometry":{"type":"MultiPolygon","coordinates":[[[[-79.4282526923702,43.687178025712],[-79.4282297866209,43.6871200105377],[-79.428665736347,43.6870291794345],[-79.4286917465238,43.6870951203061],[-79.4282558087783,43.6871859389131],[-79.4282526923702,43.687178025712]]]]},"properties":{"_id":10060,"FLOC_ID":"006932-P01","Property Description":"HUMEWOOD COMMUNITY SCHOOL - OUTDOOR ICE RINK","Address":"15 CHERRYWOOD AVE","City":"TORONTO","Intersection":"NEC CHERRYWOOD DR & MAPLEWOOD AVE","Ward \\#":12,"Ward Name":"Toronto-St. Paul's","Former Municipality":"Toronto (Amal)","District":"South","City Cluster":"Citizen-Focused Services Group A","Property Type":"Park/Rec/Open Space","Property Status":"City Use","Jurisdiction":"Parks & Recreation","Management":"Parks & Recreation","Owner":"Toronto District School Board","Area (M2)":null,"Frontage (M)":null,"Depth (M)":null,"Area (FT2)":null,"Frontage (FT)":null,"Depth (FT)":null,"OBJECTID":10060}},{"type":"Feature","geometry":{"type":"MultiPolygon","coordinates":[[[[-79.4283338743193,43.6873837510025],[-79.428309145555,43.6873211062334],[-79.4287450854197,43.687230304529],[-79.4287698009465,43.6872929572978],[-79.4287723980203,43.6872995469695],[-79.4283364850068,43.687390329891],[-79.4283338743193,43.6873837510025]]]]},"properties":{"_id":10061,"FLOC_ID":"006932-P01","Property Description":"HUMEWOOD COMMUNITY SCHOOL - OUTDOOR ICE RINK","Address":"15 CHERRYWOOD AVE","City":"TORONTO","Intersection":"NEC CHERRYWOOD DR & MAPLEWOOD AVE","Ward \\#":12,"Ward Name":"Toronto-St. Paul's","Former Municipality":"Toronto (Amal)","District":"South","City Cluster":"Citizen-Focused Services Group A","Property Type":"Park/Rec/Open Space","Property Status":"City Use","Jurisdiction":"Parks & Recreation","Management":"Parks & Recreation","Owner":"Toronto District School Board","Area (M2)":null,"Frontage (M)":null,"Depth (M)":null,"Area (FT2)":null,"Frontage (FT)":null,"Depth (FT)":null,"OBJECTID":10061}},{"type":"Feature","geometry":{"type":"MultiPolygon","coordinates":[[[[-79.4277938480004,43.6872108273819],[-79.4282297866209,43.6871200105377],[-79.4282526923702,43.687178025712],[-79.4278167570851,43.6872688426448],[-79.4277938480004,43.6872108273819]]]]},"properties":{"_id":10062,"FLOC_ID":"006932-P01","Property Description":"HUMEWOOD COMMUNITY SCHOOL - OUTDOOR ICE RINK","Address":"15 CHERRYWOOD AVE","City":"TORONTO","Intersection":"NEC CHERRYWOOD DR & MAPLEWOOD AVE","Ward \\#":12,"Ward Name":"Toronto-St. Paul's","Former Municipality":"Toronto (Amal)","District":"South","City Cluster":"Citizen-Focused Services Group A","Property Type":"Park/Rec/Open Space","Property Status":"City Use","Jurisdiction":"Parks & Recreation","Management":"Parks & Recreation","Owner":"Toronto District School Board","Area (M2)":null,"Frontage (M)":null,"Depth (M)":null,"Area (FT2)":null,"Frontage (FT)":null,"Depth (FT)":null,"OBJECTID":10062}},{"type":"Feature","geometry":{"type":"MultiPolygon","coordinates":[[[[-79.4282781877233,43.6872426431613],[-79.4282558087783,43.6871859389131],[-79.4286917465238,43.6870951203061],[-79.4287177617075,43.6871610710756],[-79.4282818371807,43.6872518789874],[-79.4282781877233,43.6872426431613]]]]},"properties":{"_id":10063,"FLOC_ID":"006932-P01","Property Description":"HUMEWOOD COMMUNITY SCHOOL - OUTDOOR ICE RINK","Address":"15 CHERRYWOOD AVE","City":"TORONTO","Intersection":"NEC CHERRYWOOD DR & MAPLEWOOD AVE","Ward \\#":12,"Ward Name":"Toronto-St. Paul's","Former Municipality":"Toronto (Amal)","District":"South","City Cluster":"Citizen-Focused Services Group A","Property Type":"Park/Rec/Open Space","Property Status":"City Use","Jurisdiction":"Parks & Recreation","Management":"Parks & Recreation","Owner":"Toronto District School Board","Area (M2)":null,"Frontage (M)":null,"Depth (M)":null,"Area (FT2)":null,"Frontage (FT)":null,"Depth (FT)":null,"OBJECTID":10063}},{"type":"Feature","geometry":{"type":"MultiPolygon","coordinates":[[[[-79.4282297866209,43.6871200105377],[-79.4277938480004,43.6872108273819],[-79.4277250800524,43.6870368022394],[-79.4281611118306,43.6869459488078],[-79.428596959889,43.6868551494048],[-79.428665736347,43.6870291794345],[-79.4282297866209,43.6871200105377]]]]},"properties":{"_id":10131,"FLOC_ID":"006932-P01","Property Description":"HUMEWOOD COMMUNITY SCHOOL - OUTDOOR ICE RINK","Address":"15 CHERRYWOOD AVE","City":"TORONTO","Intersection":"NEC CHERRYWOOD DR & MAPLEWOOD AVE","Ward \\#":12,"Ward Name":"Toronto-St. Paul's","Former Municipality":"Toronto (Amal)","District":"South","City Cluster":"Citizen-Focused Services Group A","Property Type":"Park/Rec/Open Space","Property Status":"City Use","Jurisdiction":"Parks & Recreation","Management":"Parks & Recreation","Owner":"Toronto District School Board","Area (M2)":null,"Frontage (M)":null,"Depth (M)":null,"Area (FT2)":null,"Frontage (FT)":null,"Depth (FT)":null,"OBJECTID":10131}},{"type":"Feature","geometry":{"type":"MultiPolygon","coordinates":[[[[-79.4278167570851,43.6872688426448],[-79.4282526923702,43.687178025712],[-79.4282558087783,43.6871859389131],[-79.4282781877233,43.6872426431613],[-79.4278422606924,43.6873334592953],[-79.4278167570851,43.6872688426448]]]]},"properties":{"_id":10132,"FLOC_ID":"006932-P01","Property Description":"HUMEWOOD COMMUNITY SCHOOL - OUTDOOR ICE RINK","Address":"15 CHERRYWOOD AVE","City":"TORONTO","Intersection":"NEC CHERRYWOOD DR & MAPLEWOOD AVE","Ward \\#":12,"Ward Name":"Toronto-St. Paul's","Former Municipality":"Toronto (Amal)","District":"South","City Cluster":"Citizen-Focused Services Group A","Property Type":"Park/Rec/Open Space","Property Status":"City Use","Jurisdiction":"Parks & Recreation","Management":"Parks & Recreation","Owner":"Toronto District School Board","Area (M2)":null,"Frontage (M)":null,"Depth (M)":null,"Area (FT2)":null,"Frontage (FT)":null,"Depth (FT)":null,"OBJECTID":10132}},{"type":"Feature","geometry":{"type":"MultiPolygon","coordinates":[[[[-79.4278678546664,43.6873982749253],[-79.4283037697167,43.6873074649882],[-79.428309145555,43.6873211062334],[-79.4283338743193,43.6873837510025],[-79.4278979587887,43.6874745385496],[-79.4278678546664,43.6873982749253]]]]},"properties":{"_id":10161,"FLOC_ID":"006932-P01","Property Description":"HUMEWOOD COMMUNITY SCHOOL - OUTDOOR ICE RINK","Address":"15 CHERRYWOOD AVE","City":"TORONTO","Intersection":"NEC CHERRYWOOD DR & MAPLEWOOD AVE","Ward \\#":12,"Ward Name":"Toronto-St. Paul's","Former Municipality":"Toronto (Amal)","District":"South","City Cluster":"Citizen-Focused Services Group A","Property Type":"Park/Rec/Open Space","Property Status":"City Use","Jurisdiction":"Parks & Recreation","Management":"Parks & Recreation","Owner":"Toronto District School Board","Area (M2)":null,"Frontage (M)":null,"Depth (M)":null,"Area (FT2)":null,"Frontage (FT)":null,"Depth (FT)":null,"OBJECTID":10161}},{"type":"Feature","geometry":{"type":"MultiPolygon","coordinates":[[[[-79.4273188496284,43.6856088109116],[-79.4274642933772,43.685578551795],[-79.4276088461732,43.6855484710549],[-79.4277551282815,43.6855180824801],[-79.4279005343079,43.685487883993],[-79.4280448359859,43.6854579087581],[-79.4281697158734,43.6857739511166],[-79.4282218135273,43.685905810653],[-79.4282739176303,43.6860376539644],[-79.4283260095445,43.6861695080429],[-79.4283781190424,43.6863013702068],[-79.4284302213376,43.686433222438],[-79.4284823325435,43.686565074648],[-79.4285344315755,43.6866969250233],[-79.428596959889,43.6868551494048],[-79.4281611118306,43.6869459488078],[-79.4277250800524,43.6870368022394],[-79.4276625426742,43.6868785818811],[-79.4276104478679,43.6867467383164],[-79.4275583359239,43.6866148947141],[-79.4275062316492,43.68648305199],[-79.4274541400073,43.6863512083471],[-79.4274020349479,43.6862193655689],[-79.4273499288759,43.6860875227633],[-79.4272978292338,43.685955679935],[-79.4271727605608,43.6856392143528],[-79.4273188496284,43.6856088109116]]]]},"properties":{"_id":10162,"FLOC_ID":"006932-P01","Property Description":"HUMEWOOD COMMUNITY SCHOOL - OUTDOOR ICE RINK","Address":"15 CHERRYWOOD AVE","City":"TORONTO","Intersection":"NEC CHERRYWOOD DR & MAPLEWOOD AVE","Ward \\#":12,"Ward Name":"Toronto-St. Paul's","Former Municipality":"Toronto (Amal)","District":"South","City Cluster":"Citizen-Focused Services Group A","Property Type":"Park/Rec/Open Space","Property Status":"City Use","Jurisdiction":"Parks & Recreation","Management":"Parks & Recreation","Owner":"Toronto District School Board","Area (M2)":null,"Frontage (M)":null,"Depth (M)":null,"Area (FT2)":null,"Frontage (FT)":null,"Depth (FT)":null,"OBJECTID":10162}},{"type":"Feature","geometry":{"type":"MultiPolygon","coordinates":[[[[-79.4278458964514,43.6873426888256],[-79.4278422606924,43.6873334592953],[-79.4282781877233,43.6872426431613],[-79.4282818371807,43.6872518789874],[-79.4283037697167,43.6873074649882],[-79.4278678546664,43.6873982749253],[-79.4278458964514,43.6873426888256]]]]},"properties":{"_id":10168,"FLOC_ID":"006932-P01","Property Description":"HUMEWOOD COMMUNITY SCHOOL - OUTDOOR ICE RINK","Address":"15 CHERRYWOOD AVE","City":"TORONTO","Intersection":"NEC CHERRYWOOD DR & MAPLEWOOD AVE","Ward \\#":12,"Ward Name":"Toronto-St. Paul's","Former Municipality":"Toronto (Amal)","District":"South","City Cluster":"Citizen-Focused Services Group A","Property Type":"Park/Rec/Open Space","Property Status":"City Use","Jurisdiction":"Parks & Recreation","Management":"Parks & Recreation","Owner":"Toronto District School Board","Area (M2)":null,"Frontage (M)":null,"Depth (M)":null,"Area (FT2)":null,"Frontage (FT)":null,"Depth (FT)":null,"OBJECTID":10168}},{"type":"Feature","geometry":{"type":"MultiPolygon","coordinates":[[[[-79.4283037697167,43.6873074649882],[-79.4282818371807,43.6872518789874],[-79.4287177617075,43.6871610710756],[-79.4287450854197,43.687230304529],[-79.428309145555,43.6873211062334],[-79.4283037697167,43.6873074649882]]]]},"properties":{"_id":10169,"FLOC_ID":"006932-P01","Property Description":"HUMEWOOD COMMUNITY SCHOOL - OUTDOOR ICE RINK","Address":"15 CHERRYWOOD AVE","City":"TORONTO","Intersection":"NEC CHERRYWOOD DR & MAPLEWOOD AVE","Ward \\#":12,"Ward Name":"Toronto-St. Paul's","Former Municipality":"Toronto (Amal)","District":"South","City Cluster":"Citizen-Focused Services Group A","Property Type":"Park/Rec/Open Space","Property Status":"City Use","Jurisdiction":"Parks & Recreation","Management":"Parks & Recreation","Owner":"Toronto District School Board","Area (M2)":null,"Frontage (M)":null,"Depth (M)":null,"Area (FT2)":null,"Frontage (FT)":null,"Depth (FT)":null,"OBJECTID":10169}},{"type":"Feature","geometry":{"type":"MultiPolygon","coordinates":[[[[-79.4718608044867,43.6970186179357],[-79.4719070250652,43.6970155076581],[-79.4720144981304,43.696994597026],[-79.4722032860729,43.6969492612987],[-79.4722026387812,43.6969459072615],[-79.4722315741207,43.6969394432687],[-79.4723618148612,43.6969100199198],[-79.4724918569501,43.6968806539828],[-79.4726218976732,43.696851284297],[-79.4727653084616,43.6968188995175],[-79.472881997349,43.6967925417849],[-79.4728819616518,43.6967946723812],[-79.4730118990621,43.6967652266159],[-79.4730120277662,43.6967631725524],[-79.4731435407289,43.6967334803739],[-79.4732255185262,43.6967149488507],[-79.4732721080732,43.6967044255466],[-79.4734021641613,43.6966750585762],[-79.4735321878668,43.6966456914502],[-79.4736381003411,43.6966217715985],[-79.4736622449476,43.6966163106819],[-79.4737922733618,43.6965869432609],[-79.4738187021185,43.6965809724619],[-79.4739223152972,43.6965575720943],[-79.4739992999249,43.6965401829401],[-79.4740523657928,43.6965281944807],[-79.4741799148632,43.6964993742339],[-79.4741823950673,43.6964988257155],[-79.474312449032,43.6964694451061],[-79.4743605245747,43.6964586111473],[-79.474442486729,43.6964400949493],[-79.474541125373,43.6964178108679],[-79.4745725267936,43.6964107131404],[-79.474698953752,43.6963821531015],[-79.4748965506932,43.6963375106701],[-79.4750019583539,43.6963136992582],[-79.4750557780734,43.696262886139],[-79.4751017866307,43.6964615690107],[-79.475052406445,43.6964925262768],[-79.4747979710219,43.6965543426187],[-79.4746411570089,43.6966401820273],[-79.4745151037321,43.6966433521508],[-79.474288506396,43.6966819115315],[-79.4742451236727,43.6967222266354],[-79.4740230911212,43.6967669749032],[-79.4738736761939,43.6968373876296],[-79.473721711253,43.6968486089057],[-79.4736313587868,43.6968739591285],[-79.4733391259808,43.6969559515815],[-79.4733306286307,43.696959617624],[-79.4732702524935,43.6969856712505],[-79.4732008207641,43.6970040176201],[-79.4730485272348,43.6970385584595],[-79.4729828044334,43.6970522375032],[-79.4729155506837,43.6970603992573],[-79.4728930271687,43.6970606810594],[-79.4728758738932,43.6970700806353],[-79.4728647068263,43.6970761997605],[-79.4728271216372,43.69708876113],[-79.472510948938,43.6971572177344],[-79.4724045996868,43.6971782776252],[-79.4721355314924,43.6972352589098],[-79.4721193769952,43.6972601903364],[-79.4720280274606,43.697303268882],[-79.4719237324384,43.6973079752892],[-79.4718308834224,43.6973284780807],[-79.4718275339703,43.6973438928594],[-79.4718163541988,43.69739534236],[-79.4718389387895,43.6974663041705],[-79.4716420969601,43.6970463859666],[-79.4717186956068,43.6970346870678],[-79.4717193456989,43.6970373066033],[-79.4717616989806,43.697034876825],[-79.4718608044867,43.6970186179357]]]]},"properties":{"_id":10519,"FLOC_ID":"007519-P05","Property Description":"FUTURE PARKLAND (BLOCK 7)","Address":" 2175 KEELE ST","City":"TORONTO","Intersection":"Keele St north of Strathnairn Ave","Ward \\#":5,"Ward Name":"York South-Weston","Former Municipality":"None","District":"West","City Cluster":"Citizen-Focused Services Group A","Property Type":"Park/Rec/Open Space","Property Status":"City Use","Jurisdiction":"Parks & Recreation","Management":"Parks & Recreation","Owner":"City of Toronto","Area (M2)":7826,"Frontage (M)":null,"Depth (M)":null,"Area (FT2)":84238,"Frontage (FT)":null,"Depth (FT)":null,"OBJECTID":10519}}]}