{"type":"FeatureCollection","features":[{"type":"Feature","geometry":{"type":"MultiPolygon","coordinates":[[[[-79.4540152933529,43.6915012130849],[-79.4538725125749,43.6911600586296],[-79.45397872739,43.6911374181739],[-79.4539849805911,43.6911667937227],[-79.4539921419238,43.6911960607209],[-79.4540002101614,43.6912252029655],[-79.4540091803548,43.6912542051519],[-79.4540190475529,43.6912830546763],[-79.4540298068074,43.6913117353342],[-79.4540414531683,43.691340232721],[-79.4540539804446,43.6913685333323],[-79.4540673812063,43.6913966218624],[-79.4540816505026,43.6914244848072],[-79.4540967809032,43.6914521068611],[-79.4541127637354,43.6914794754185],[-79.4540152933529,43.6915012130849]]]]},"properties":{"_id":173,"FLOC_ID":"003307-P01","Property Description":"VACANT LAND","Address":"461 NAIRN AVE","City":"NORTH YORK","Intersection":"BTWN 429 & 475 NAIRN AVE","Ward \\#":9,"Ward Name":"Davenport","Former Municipality":"York","District":"South","City Cluster":"Internal Services Group","Property Type":"Vacant Land","Property Status":"City Use","Jurisdiction":"Facilities Management & Real Estate Services","Management":"Facilities Management & Real Estate Services","Owner":"City of Toronto","Area (M2)":364,"Frontage (M)":40,"Depth (M)":null,"Area (FT2)":3921,"Frontage (FT)":131,"Depth (FT)":null,"OBJECTID":173}},{"type":"Feature","geometry":{"type":"MultiPolygon","coordinates":[[[[-79.4491061118217,43.6839785799846],[-79.4491855906561,43.6839610600921],[-79.4492614754938,43.6839443333646],[-79.4492617874159,43.6839450986142],[-79.4491064200127,43.6839793551344],[-79.4491061118217,43.6839785799846]]]]},"properties":{"_id":390,"FLOC_ID":"001168-P01","Property Description":"RESERVE STRIP","Address":"258 BOON AVE","City":"TORONTO","Intersection":"WS BOON AVE, N MORRISON AVE","Ward \\#":9,"Ward Name":"Davenport","Former Municipality":"Toronto (Old)","District":"South","City Cluster":"Citizen-Focused Services Group B","Property Type":"Reserve Strip","Property Status":"City Use","Jurisdiction":"Transportation Services","Management":"Transportation Services","Owner":"City of Toronto","Area (M2)":1,"Frontage (M)":null,"Depth (M)":null,"Area (FT2)":13,"Frontage (FT)":null,"Depth (FT)":null,"OBJECTID":390}},{"type":"Feature","geometry":{"type":"MultiPolygon","coordinates":[[[[-79.4394840640084,43.6998042163865],[-79.4399185433195,43.6997128566262],[-79.4399506425054,43.6997918678532],[-79.4395162631822,43.699883212485],[-79.4394840640084,43.6998042163865]]]]},"properties":{"_id":634,"FLOC_ID":"001470-P01","Property Description":"RESERVE STRIP","Address":"61 MARLEE AVE","City":"TORONTO","Intersection":"SS OF WHITMORE","Ward \\#":8,"Ward Name":"Eglinton-Lawrence","Former Municipality":"Toronto (Old)","District":"North","City Cluster":"Citizen-Focused Services Group B","Property Type":"Reserve Strip","Property Status":"City Use","Jurisdiction":"Transportation Services","Management":"Transportation Services","Owner":"City of Toronto","Area (M2)":190,"Frontage (M)":null,"Depth (M)":null,"Area (FT2)":2048,"Frontage (FT)":null,"Depth (FT)":null,"OBJECTID":634}},{"type":"Feature","geometry":{"type":"MultiPolygon","coordinates":[[[[-79.4396800202485,43.7002973427096],[-79.4396480143997,43.7002181325345],[-79.4396427768256,43.7002051841248],[-79.4396054345496,43.7001127392335],[-79.4396094576704,43.7001119033397],[-79.4396366496829,43.7001786352076],[-79.4396633875692,43.7002442263663],[-79.439690255429,43.7003101731371],[-79.4397229328565,43.700390358492],[-79.4397438663702,43.7004417128413],[-79.4397588777463,43.7004785711014],[-79.4397974589371,43.7005732507074],[-79.439824330817,43.7006391929443],[-79.4398510653927,43.7007047813516],[-79.439877989375,43.7007708478196],[-79.4399046633895,43.7008363200644],[-79.4399582690637,43.7009678596532],[-79.4400118762162,43.7010993956141],[-79.4400046575783,43.7011008887386],[-79.439978019768,43.7010349655749],[-79.4399407630891,43.7009427440832],[-79.4399388967216,43.7009381335465],[-79.4399035065251,43.7008505216779],[-79.4398661782653,43.7007581488997],[-79.4398609183431,43.7007451221784],[-79.4398289479301,43.7006659804886],[-79.4398183377489,43.7006397280659],[-79.4397917127335,43.700573824663],[-79.4397757585534,43.700534324935],[-79.439754483857,43.7004816661268],[-79.4397331819847,43.7004289253882],[-79.4397172538627,43.7003894985751],[-79.4396905906705,43.7003235321167],[-79.4396800202485,43.7002973427096]]]]},"properties":{"_id":647,"FLOC_ID":"001472-P01","Property Description":"RESERVE STRIP","Address":"140 WHITMORE AVE","City":"TORONTO","Intersection":"NS WHITMORE AVE, E MARLEE AVE","Ward \\#":8,"Ward Name":"Eglinton-Lawrence","Former Municipality":"Toronto (Old)","District":"North","City Cluster":"Citizen-Focused Services Group B","Property Type":"Reserve Strip","Property Status":"City Use","Jurisdiction":"Transportation Services","Management":"Transportation Services","Owner":"City of Toronto","Area (M2)":57,"Frontage (M)":null,"Depth (M)":null,"Area (FT2)":612,"Frontage (FT)":null,"Depth (FT)":null,"OBJECTID":647}},{"type":"Feature","geometry":{"type":"MultiPolygon","coordinates":[[[[-79.4791230237859,43.6994810562662],[-79.4796356749499,43.6993660601331],[-79.4797620892263,43.6993385719606],[-79.4801133501021,43.6993067852684],[-79.4802727104797,43.6995989171403],[-79.4801940018033,43.699604693155],[-79.4800751825492,43.6996134280539],[-79.4799601722121,43.6996218700552],[-79.479845164323,43.6996303155417],[-79.4797374816819,43.6996560887817],[-79.4796297865424,43.6996818601176],[-79.4795220913101,43.6997076331521],[-79.4794143959853,43.6997334069852],[-79.4793067080123,43.699759180718],[-79.4791990125043,43.6997849507474],[-79.4790970838036,43.6998242812628],[-79.4789951028591,43.6998636179783],[-79.4788931614817,43.6999029582104],[-79.4787912075684,43.6999422866473],[-79.4786892522767,43.6999816275946],[-79.4785872931344,43.700020954948],[-79.4784853388171,43.7000602948128],[-79.4783833831307,43.7000996210843],[-79.4782814409536,43.700138960769],[-79.4781794850007,43.7001782868581],[-79.4780775301506,43.7002176254578],[-79.477975570209,43.7002569513637],[-79.477813533917,43.7003194663388],[-79.4776515059742,43.7003819783847],[-79.4774116543581,43.7004744050111],[-79.4771717958027,43.7005668284309],[-79.4769973602666,43.7006341617553],[-79.47693165477,43.7006595222274],[-79.4764607589921,43.700841294421],[-79.4763999073468,43.7005706934438],[-79.4768978163856,43.7003714041589],[-79.4772815374565,43.7002178192759],[-79.4773971999192,43.7001717340356],[-79.477769394542,43.7000228321976],[-79.4779917117901,43.6999338894357],[-79.4781415848456,43.6998739183415],[-79.4785137857177,43.69972499247],[-79.4787016042125,43.6996493367284],[-79.4790213022058,43.6995219241732],[-79.4791230237859,43.6994810562662]]]]},"properties":{"_id":880,"FLOC_ID":"002887-P01","Property Description":"VACANT LAND","Address":"0 KEELE ST","City":"TORONTO","Intersection":"BTWN 2110 & 2214 KEELE ST","Ward \\#":5,"Ward Name":"York South-Weston","Former Municipality":"Metro Toronto","District":"West","City Cluster":"Citizen-Focused Services Group B","Property Type":"Vacant Land","Property Status":"City Use","Jurisdiction":"Toronto Water","Management":"Toronto Water","Owner":"City of Toronto","Area (M2)":10927,"Frontage (M)":30,"Depth (M)":null,"Area (FT2)":117612,"Frontage (FT)":100,"Depth (FT)":null,"OBJECTID":880}},{"type":"Feature","geometry":{"type":"MultiPolygon","coordinates":[[[[-79.4498244077467,43.6932342941688],[-79.4497707444887,43.6932477824422],[-79.4497583253223,43.6932167495259],[-79.4498127350201,43.693205154558],[-79.4498244077467,43.6932342941688]]]]},"properties":{"_id":1192,"FLOC_ID":"003306-P01","Property Description":"VACANT LAND","Address":"0 DYNEVOR RD","City":"TORONTO","Intersection":"BTWN 109 & 111 DYNEVOR RD","Ward \\#":9,"Ward Name":"Davenport","Former Municipality":"York","District":"South","City Cluster":"Internal Services Group","Property Type":"Vacant Land","Property Status":"City Use","Jurisdiction":"Facilities Management & Real Estate Services","Management":"Facilities Management & Real Estate Services","Owner":"City of Toronto","Area (M2)":40,"Frontage (M)":null,"Depth (M)":null,"Area (FT2)":436,"Frontage (FT)":1,"Depth (FT)":null,"OBJECTID":1192}},{"type":"Feature","geometry":{"type":"MultiPolygon","coordinates":[[[[-79.4588936382901,43.6867383323608],[-79.4589213823131,43.6868038880275],[-79.4587913187031,43.6868324698594],[-79.4586612450532,43.6868610416381],[-79.4585311861667,43.6868896105736],[-79.458372208869,43.6869245363556],[-79.4583189113672,43.6867986769103],[-79.4584778784401,43.686763751198],[-79.4586079519666,43.6867351796274],[-79.4587380241361,43.6867065980067],[-79.4588680974165,43.6866780252396],[-79.4588936382901,43.6867383323608]]]]},"properties":{"_id":1277,"FLOC_ID":"003303-P01","Property Description":"VACANT LAND","Address":"0 MCROBERTS AVE","City":"TORONTO","Intersection":"ADJ TO 422 MCROBERTS","Ward \\#":9,"Ward Name":"Davenport","Former Municipality":"York","District":"South","City Cluster":"Internal Services Group","Property Type":"Vacant Land","Property Status":"City Use","Jurisdiction":"Facilities Management & Real Estate Services","Management":"Facilities Management & Real Estate Services","Owner":"City of Toronto","Area (M2)":688,"Frontage (M)":15,"Depth (M)":46,"Area (FT2)":7405,"Frontage (FT)":48,"Depth (FT)":152,"OBJECTID":1277}},{"type":"Feature","geometry":{"type":"MultiPolygon","coordinates":[[[[-79.4522874032559,43.6899039384945],[-79.4522388370939,43.6897811612002],[-79.4523295429453,43.689761757158],[-79.4522874032559,43.6899039384945]]]]},"properties":{"_id":1288,"FLOC_ID":"003304-P01","Property Description":"VACANT LAND","Address":"0 HOLMESDALE CRES","City":"TORONTO","Intersection":"NEC HOLMESDALE CRES, ENNERDALE RD","Ward \\#":9,"Ward Name":"Davenport","Former Municipality":"York","District":"South","City Cluster":"Internal Services Group","Property Type":"Vacant Land","Property Status":"Sell Abutting Owner","Jurisdiction":"Facilities Management & Real Estate Services","Management":"Facilities Management & Real Estate Services","Owner":"City of Toronto","Area (M2)":65,"Frontage (M)":8,"Depth (M)":14,"Area (FT2)":700,"Frontage (FT)":25,"Depth (FT)":47,"OBJECTID":1288}},{"type":"Feature","geometry":{"type":"MultiPolygon","coordinates":[[[[-79.4668553862146,43.6940439304816],[-79.4669806870002,43.6940102650067],[-79.4671075383771,43.6939833346074],[-79.4672341518112,43.6939557487049],[-79.4673602426961,43.693926172327],[-79.467486920277,43.693898819296],[-79.4676127140448,43.6938676475259],[-79.4677402578528,43.6938438760736],[-79.4678669897836,43.6938163138063],[-79.4680071265936,43.6937894572518],[-79.4682491300822,43.6937406360075],[-79.4682815108955,43.6937335096725],[-79.4683848120738,43.693710783022],[-79.4683999501054,43.6937067546288],[-79.4685138307892,43.6936765048049],[-79.4686446228186,43.6936503667975],[-79.4687747328385,43.6936210590988],[-79.4689050170718,43.6935928674596],[-79.4690351629378,43.69356332364],[-79.4691651260755,43.6935342494903],[-79.4692949890593,43.6935042822374],[-79.4694247862886,43.6934740717845],[-79.4695540289274,43.6934412866664],[-79.4696844339174,43.6934132183879],[-79.4698149290242,43.6933857899762],[-79.4698572370868,43.6933770230794],[-79.4698608710201,43.6933762427253],[-79.4698616859572,43.6933789154241],[-79.4698580644277,43.6933796984819],[-79.4698548771517,43.6933803529355],[-79.4698156099674,43.6933884896439],[-79.469744977291,43.693403333006],[-79.4696851198168,43.6934159189577],[-79.4696369803547,43.6934262774709],[-79.4695547098642,43.6934439773343],[-79.4695282605934,43.6934506978531],[-79.4694254659748,43.6934767714541],[-79.4694200689805,43.6934780211901],[-79.4693119962238,43.6935031814458],[-79.4692956823906,43.6935069729102],[-79.4692038577174,43.6935281669564],[-79.4691658057507,43.6935369491614],[-79.4690944179162,43.6935529080777],[-79.469035847579,43.6935660053106],[-79.4689855636783,43.6935774233205],[-79.4689057103867,43.6935955581346],[-79.4688769649869,43.6936017783062],[-79.468775413742,43.6936237506713],[-79.4687681829946,43.6936253860311],[-79.4686599066524,43.6936497760035],[-79.4686453024713,43.6936530673718],[-79.4685507667133,43.693671962119],[-79.4685145129161,43.6936792080811],[-79.468444749749,43.6936977378079],[-79.4683855053667,43.6937134737002],[-79.4683387809508,43.6937237501457],[-79.4682498233675,43.693743330287],[-79.4682221189818,43.6937489204924],[-79.4681924692015,43.6937549080069],[-79.4681099651772,43.6937715446119],[-79.4680078335166,43.6937921479361],[-79.4678676830546,43.6938190044875],[-79.4677409511189,43.6938465658554],[-79.4676134073055,43.6938703373085],[-79.4674876147676,43.6939015189812],[-79.4673609371867,43.6939288621115],[-79.4672348574557,43.6939584492949],[-79.4671082316092,43.6939860378949],[-79.4670127971768,43.6940062984069],[-79.4669813926379,43.6940129583972],[-79.4669181522884,43.6940299516545],[-79.466856079438,43.6940466301701],[-79.4668223345907,43.6940543506905],[-79.466729678263,43.6940755758105],[-79.4666019726894,43.6940986322845],[-79.4664926687711,43.6941206273581],[-79.4664749392492,43.6941241848711],[-79.4663690222075,43.6941479504737],[-79.4663683226878,43.6941454551098],[-79.4664742323903,43.6941214950777],[-79.4666012670657,43.6940959424922],[-79.4667289713953,43.6940728824181],[-79.4668553862146,43.6940439304816]]]]},"properties":{"_id":1299,"FLOC_ID":"003138-P01","Property Description":"VACANT LAND","Address":"0 EGLINTON AVE W","City":"TORONTO","Intersection":"ADJ TO 1 - 33 GABIAN WAY","Ward \\#":5,"Ward Name":"York South-Weston","Former Municipality":"York","District":"West","City Cluster":"Internal Services Group","Property Type":"Vacant Land","Property Status":"City Use","Jurisdiction":"Facilities Management & Real Estate Services","Management":"Facilities Management & Real Estate Services","Owner":"City of Toronto","Area (M2)":243,"Frontage (M)":null,"Depth (M)":null,"Area (FT2)":2614,"Frontage (FT)":1,"Depth (FT)":null,"OBJECTID":1299}},{"type":"Feature","geometry":{"type":"MultiPolygon","coordinates":[[[[-79.4698608710201,43.6933762427253],[-79.4698572370868,43.6933770230794],[-79.4697569126289,43.6930501353081],[-79.4697605205022,43.6930493360476],[-79.4698608710201,43.6933762427253]]]]},"properties":{"_id":1308,"FLOC_ID":"003138-P01","Property Description":"VACANT LAND","Address":"0 EGLINTON AVE W","City":"TORONTO","Intersection":"ADJ TO 1 - 33 GABIAN WAY","Ward \\#":5,"Ward Name":"York South-Weston","Former Municipality":"York","District":"West","City Cluster":"Internal Services Group","Property Type":"Vacant Land","Property Status":"City Use","Jurisdiction":"Facilities Management & Real Estate Services","Management":"Facilities Management & Real Estate Services","Owner":"City of Toronto","Area (M2)":243,"Frontage (M)":null,"Depth (M)":null,"Area (FT2)":2614,"Frontage (FT)":1,"Depth (FT)":null,"OBJECTID":1308}},{"type":"Feature","geometry":{"type":"MultiPolygon","coordinates":[[[[-79.4697809166607,43.6930136603127],[-79.469739936945,43.6929173473284],[-79.4697182756302,43.6928663789656],[-79.4695857237378,43.6925547144635],[-79.468294424236,43.692842511225],[-79.4682929840595,43.6928400084657],[-79.4686669787953,43.6927566542939],[-79.4695882523979,43.6925513225484],[-79.469628296116,43.6926454741338],[-79.4697219318419,43.6928656427281],[-79.4697435968761,43.6929166209927],[-79.4697954468761,43.6930386679471],[-79.4697918861492,43.6930394573198],[-79.4697809166607,43.6930136603127]]]]},"properties":{"_id":1340,"FLOC_ID":"003138-P01","Property Description":"VACANT LAND","Address":"0 EGLINTON AVE W","City":"TORONTO","Intersection":"ADJ TO 1 - 33 GABIAN WAY","Ward \\#":5,"Ward Name":"York South-Weston","Former Municipality":"York","District":"West","City Cluster":"Internal Services Group","Property Type":"Vacant Land","Property Status":"City Use","Jurisdiction":"Facilities Management & Real Estate Services","Management":"Facilities Management & Real Estate Services","Owner":"City of Toronto","Area (M2)":243,"Frontage (M)":null,"Depth (M)":null,"Area (FT2)":2614,"Frontage (FT)":1,"Depth (FT)":null,"OBJECTID":1340}},{"type":"Feature","geometry":{"type":"MultiPolygon","coordinates":[[[[-79.4858792576561,43.6856173721239],[-79.4858693985553,43.6856197463501],[-79.485847493485,43.6856089879801],[-79.4857535691662,43.6855628599237],[-79.4857583458353,43.6855577504777],[-79.4858521448426,43.6856040009325],[-79.4858792576561,43.6856173721239]]]]},"properties":{"_id":1371,"FLOC_ID":"003130-P01","Property Description":"VACANT LAND","Address":"0 WESTON RD","City":"TORONTO","Intersection":"ADJ TO 1043 WESTON RD","Ward \\#":5,"Ward Name":"York South-Weston","Former Municipality":"York","District":"West","City Cluster":"Internal Services Group","Property Type":"Vacant Land","Property Status":"City Use","Jurisdiction":"Facilities Management & Real Estate Services","Management":"Facilities Management & Real Estate Services","Owner":"City of Toronto","Area (M2)":8,"Frontage (M)":12,"Depth (M)":1,"Area (FT2)":87,"Frontage (FT)":39,"Depth (FT)":2,"OBJECTID":1371}},{"type":"Feature","geometry":{"type":"MultiPolygon","coordinates":[[[[-79.4875081402637,43.686423471072],[-79.4877291166684,43.6861877454411],[-79.4877303668586,43.6861883594642],[-79.4875093941782,43.6864240823976],[-79.4875081402637,43.686423471072]]]]},"properties":{"_id":1372,"FLOC_ID":"003131-P01","Property Description":"VACANT LAND","Address":"0 WESTON RD","City":"TORONTO","Intersection":"BTWN 1099 - 1101 & 1103 - 1107 WESTON RD","Ward \\#":5,"Ward Name":"York South-Weston","Former Municipality":"York","District":"West","City Cluster":"Internal Services Group","Property Type":"Vacant Land","Property Status":"City Use","Jurisdiction":"Facilities Management & Real Estate Services","Management":"Facilities Management & Real Estate Services","Owner":"City of Toronto","Area (M2)":4,"Frontage (M)":null,"Depth (M)":32,"Area (FT2)":42,"Frontage (FT)":null,"Depth (FT)":104,"OBJECTID":1372}},{"type":"Feature","geometry":{"type":"MultiPolygon","coordinates":[[[[-79.4880488564411,43.6870615944057],[-79.4881208836313,43.6869846821756],[-79.4881929230416,43.6869077699004],[-79.4882648828663,43.686830936782],[-79.4885859640718,43.6869890771906],[-79.4884177614442,43.687018662858],[-79.4882495971041,43.6870482482816],[-79.4880815888972,43.687077799269],[-79.4880488564411,43.6870615944057]]]]},"properties":{"_id":1373,"FLOC_ID":"003132-P01","Property Description":"VACANT LAND","Address":"0 EGLINTON AVE W","City":"TORONTO","Intersection":"SWC OF EGLINTON AVE W & BROWNVILLE AVE","Ward \\#":5,"Ward Name":"York South-Weston","Former Municipality":"York","District":"West","City Cluster":"Internal Services Group","Property Type":"Vacant Land","Property Status":"City Use","Jurisdiction":"Facilities Management & Real Estate Services","Management":"Facilities Management & Real Estate Services","Owner":"Toronto Public Library Board","Area (M2)":688,"Frontage (M)":42,"Depth (M)":null,"Area (FT2)":7405,"Frontage (FT)":137,"Depth (FT)":null,"OBJECTID":1373}},{"type":"Feature","geometry":{"type":"MultiPolygon","coordinates":[[[[-79.489773473765,43.6850352979298],[-79.4897773570399,43.6850444787096],[-79.4895967300637,43.6850848755793],[-79.4895064040806,43.6851050761561],[-79.4894160904422,43.6851252676613],[-79.4894122233419,43.685116087771],[-79.489502536968,43.6850958953686],[-79.4895928505355,43.6850756911932],[-79.489773473765,43.6850352979298]]]]},"properties":{"_id":1403,"FLOC_ID":"003134-P01","Property Description":"VACANT LAND","Address":"0 GUESTVILLE AVE","City":"TORONTO","Intersection":"BTWN 99 & 101 GUESTVILLE AVE","Ward \\#":5,"Ward Name":"York South-Weston","Former Municipality":"York","District":"West","City Cluster":"Internal Services Group","Property Type":"Vacant Land","Property Status":"City Use","Jurisdiction":"Facilities Management & Real Estate Services","Management":"Facilities Management & Real Estate Services","Owner":"City of Toronto","Area (M2)":33,"Frontage (M)":1,"Depth (M)":30,"Area (FT2)":350,"Frontage (FT)":4,"Depth (FT)":100,"OBJECTID":1403}},{"type":"Feature","geometry":{"type":"MultiPolygon","coordinates":[[[[-79.4340887964144,43.6986589049938],[-79.4344699135299,43.6985772394286],[-79.4344729565103,43.698585515154],[-79.4340919873988,43.6986668018605],[-79.4340887964144,43.6986589049938]]]]},"properties":{"_id":1415,"FLOC_ID":"006191-P01","Property Description":"VACANT LAND","Address":"0 STRATHEARN RD","City":"TORONTO","Intersection":"ADJ N 222 STRATHEARN RD","Ward \\#":12,"Ward Name":"Toronto-St. Paul's","Former Municipality":"Toronto (Old)","District":"South","City Cluster":"Internal Services Group","Property Type":"Vacant Land","Property Status":"City Use","Jurisdiction":"Facilities Management & Real Estate Services","Management":"Facilities Management & Real Estate Services","Owner":"Province of Ontario","Area (M2)":29,"Frontage (M)":1,"Depth (M)":null,"Area (FT2)":315,"Frontage (FT)":3,"Depth (FT)":null,"OBJECTID":1415}},{"type":"Feature","geometry":{"type":"MultiPolygon","coordinates":[[[[-79.4385503793776,43.7039685761519],[-79.4385809960482,43.7040478560456],[-79.4386320153376,43.7041799780751],[-79.438683033632,43.7043120784752],[-79.4387377486045,43.7044537248833],[-79.4387141686976,43.7044613651277],[-79.4384383185861,43.7038210722456],[-79.4380650854568,43.7029547119185],[-79.4381317294276,43.7029388103461],[-79.4382611459091,43.703254249986],[-79.4382881018948,43.7033199729673],[-79.4383150703542,43.7033856887472],[-79.4383420214937,43.7034514126118],[-79.4383689913097,43.7035171301785],[-79.43839594754,43.7035828441301],[-79.4384229162228,43.7036485715834],[-79.4384498725698,43.703714286421],[-79.4384891524672,43.7038100307419],[-79.4385197677432,43.7038893034525],[-79.4385503793776,43.7039685761519]]]]},"properties":{"_id":1549,"FLOC_ID":"004238-P01","Property Description":"VACANT LAND","Address":"136 ELM RIDGE DR","City":"TORONTO","Intersection":"NWC ELM RIDGE DR, WILLIAM ALLEN RD","Ward \\#":8,"Ward Name":"Eglinton-Lawrence","Former Municipality":"Metro Toronto","District":"North","City Cluster":"Internal Services Group","Property Type":"Vacant Land","Property Status":"City Use","Jurisdiction":"Facilities Management & Real Estate Services","Management":"Facilities Management & Real Estate Services","Owner":"City of Toronto","Area (M2)":736,"Frontage (M)":6,"Depth (M)":null,"Area (FT2)":7920,"Frontage (FT)":19,"Depth (FT)":null,"OBJECTID":1549}},{"type":"Feature","geometry":{"type":"MultiPolygon","coordinates":[[[[-79.4334654776334,43.6942228584712],[-79.4334513046258,43.6942258944576],[-79.4334432631577,43.6942081032233],[-79.4334316811752,43.6941824337961],[-79.4339611908465,43.6940691167274],[-79.4339789955482,43.6941129786061],[-79.4334654776334,43.6942228584712]]]]},"properties":{"_id":1655,"FLOC_ID":"005880-P01","Property Description":"VACANT LAND","Address":"543 ARLINGTON AVE","City":"TORONTO","Intersection":"ES ARLINGTON AVE, S AVA RD","Ward \\#":12,"Ward Name":"Toronto-St. Paul's","Former Municipality":"York","District":"South","City Cluster":"Internal Services Group","Property Type":"Vacant Land","Property Status":"Sell Abutting Owner","Jurisdiction":"Facilities Management & Real Estate Services","Management":"Facilities Management & Real Estate Services","Owner":"Province of Ontario","Area (M2)":226,"Frontage (M)":5,"Depth (M)":45,"Area (FT2)":2431,"Frontage (FT)":17,"Depth (FT)":146,"OBJECTID":1655}},{"type":"Feature","geometry":{"type":"MultiPolygon","coordinates":[[[[-79.4338430844958,43.6956416117271],[-79.4337279893242,43.6957078161497],[-79.4336888152475,43.695730349762],[-79.433540135905,43.6955369031148],[-79.4335299888571,43.6955237013241],[-79.4335888865154,43.6954644242598],[-79.4336043752637,43.6954722355755],[-79.4337237067823,43.695556904348],[-79.4338430844958,43.6956416117271]]]]},"properties":{"_id":1661,"FLOC_ID":"004955-P01","Property Description":"VACANT LAND","Address":"161 STRATHEARN RD","City":"TORONTO","Intersection":"WS STRATHEARN RD, S AVA RD","Ward \\#":12,"Ward Name":"Toronto-St. Paul's","Former Municipality":"Metro Toronto","District":"South","City Cluster":"Internal Services Group","Property Type":"Vacant Land","Property Status":"Sell Abutting Owner","Jurisdiction":"Facilities Management & Real Estate Services","Management":"Facilities Management & Real Estate Services","Owner":"City of Toronto","Area (M2)":324,"Frontage (M)":26,"Depth (M)":16,"Area (FT2)":3488,"Frontage (FT)":85,"Depth (FT)":52,"OBJECTID":1661}},{"type":"Feature","geometry":{"type":"MultiPolygon","coordinates":[[[[-79.4633095294267,43.6867951012542],[-79.4637234652442,43.6866997943448],[-79.463751525825,43.6867653930466],[-79.4633376119982,43.6868605848468],[-79.4633095294267,43.6867951012542]]]]},"properties":{"_id":1765,"FLOC_ID":"003296-P01","Property Description":"VACANT LAND","Address":"426 BLACKTHORN AVE","City":"YORK","Intersection":"ADJ TO 424 BLACKTHORN AVE","Ward \\#":5,"Ward Name":"York South-Weston","Former Municipality":"York","District":"West","City Cluster":"Internal Services Group","Property Type":"Vacant Land","Property Status":"City Use","Jurisdiction":"Facilities Management & Real Estate Services","Management":"Facilities Management & Real Estate Services","Owner":"City of Toronto","Area (M2)":283,"Frontage (M)":8,"Depth (M)":35,"Area (FT2)":3049,"Frontage (FT)":25,"Depth (FT)":115,"OBJECTID":1765}},{"type":"Feature","geometry":{"type":"MultiPolygon","coordinates":[[[[-79.4852809569881,43.6870710676261],[-79.4857522799677,43.6872260289705],[-79.4859687006618,43.6872971831368],[-79.4858426000711,43.6873393746979],[-79.4850601241583,43.6876012058152],[-79.4848557188667,43.6876553973622],[-79.48470293815,43.6876959035824],[-79.4845696021949,43.6877312607793],[-79.4843949062417,43.6877775793682],[-79.484349921458,43.6876899086354],[-79.4843088942139,43.687609972346],[-79.4842627952303,43.6875196739433],[-79.4842270708724,43.6874497099952],[-79.4846883007381,43.686941700455],[-79.4847369742813,43.6868881042019],[-79.484775659695,43.686845494489],[-79.4843002151764,43.6866104997483],[-79.4839880907512,43.686460801671],[-79.4840154579693,43.6864455761945],[-79.4847908067839,43.6868288080884],[-79.484934332459,43.6868997501663],[-79.4852809569881,43.6870710676261]]]]},"properties":{"_id":1777,"FLOC_ID":"007100-P01","Property Description":"VACANT LAND","Address":"3501 EGLINTON AVE W","City":"TORONTO","Intersection":"SEC EGLINTON AVE W & PHOTOGRAPHY DR","Ward \\#":5,"Ward Name":"York South-Weston","Former Municipality":"Toronto (Amal)","District":"West","City Cluster":"Internal Services Group","Property Type":"Vacant Land","Property Status":"City Use","Jurisdiction":"Facilities Management & Real Estate Services","Management":"Facilities Management & Real Estate Services","Owner":"City of Toronto","Area (M2)":7258,"Frontage (M)":null,"Depth (M)":null,"Area (FT2)":78124,"Frontage (FT)":null,"Depth (FT)":null,"OBJECTID":1777}},{"type":"Feature","geometry":{"type":"MultiPolygon","coordinates":[[[[-79.4538934507896,43.6870712598847],[-79.4538199260482,43.6869007311182],[-79.4539137493464,43.6868891735045],[-79.4540145277675,43.6871436404284],[-79.4539922092486,43.6871368723692],[-79.4539696721208,43.6871304984747],[-79.4539600625139,43.6871274359618],[-79.4539508266967,43.6871238182184],[-79.4539420254313,43.6871196686723],[-79.4539337169968,43.687115014351],[-79.4539259559464,43.6871098876813],[-79.4539187931122,43.6871043210886],[-79.4539122756023,43.687098350597],[-79.4539064467999,43.6870920167302],[-79.4539013451259,43.6870853609096],[-79.4538970027977,43.6870784263546],[-79.4538934507896,43.6870712598847]]]]},"properties":{"_id":1935,"FLOC_ID":"003301-P01","Property Description":"VACANT LAND","Address":"120 HATHERLEY RD","City":"YORK","Intersection":"NWC OF HATHERLEY RD & HARVIE AVE","Ward \\#":9,"Ward Name":"Davenport","Former Municipality":"York","District":"South","City Cluster":"Internal Services Group","Property Type":"Vacant Land","Property Status":"City Use","Jurisdiction":"Facilities Management & Real Estate Services","Management":"Facilities Management & Real Estate Services","Owner":"City of Toronto","Area (M2)":202,"Frontage (M)":8,"Depth (M)":24,"Area (FT2)":2178,"Frontage (FT)":25,"Depth (FT)":80,"OBJECTID":1935}},{"type":"Feature","geometry":{"type":"MultiPolygon","coordinates":[[[[-79.4778293233071,43.7031127655532],[-79.4778047073365,43.7030446039995],[-79.4777683151138,43.7030112660948],[-79.477518670863,43.7027825046893],[-79.4775932658555,43.7027403564475],[-79.4778911351148,43.7030133044023],[-79.4779793268142,43.7032574459836],[-79.4780684897687,43.7035042394491],[-79.4779769893566,43.703521532213],[-79.4779490896323,43.7034443066763],[-79.4779219782954,43.7033692577929],[-79.4779060645323,43.7033252024658],[-79.4778906936924,43.7032826333521],[-79.4778753092303,43.7032400525317],[-79.4778676356018,43.7032188080307],[-79.4778599260262,43.7031974843109],[-79.4778445552525,43.7031549124896],[-79.4778293233071,43.7031127655532]]]]},"properties":{"_id":2718,"FLOC_ID":"004330-P01","Property Description":"VACANT LAND","Address":"0 FLAMBOROUGH DR","City":"TORONTO","Intersection":"NS OF FLAMBOROUGH DR, MAY BE ADJ TO 26 FLAMBOROUGH","Ward \\#":5,"Ward Name":"York South-Weston","Former Municipality":"North York","District":"West","City Cluster":"Internal Services Group","Property Type":"Vacant Land","Property Status":"City Use","Jurisdiction":"Facilities Management & Real Estate Services","Management":"Facilities Management & Real Estate Services","Owner":"City of Toronto","Area (M2)":769,"Frontage (M)":8,"Depth (M)":101,"Area (FT2)":8276,"Frontage (FT)":25,"Depth (FT)":332,"OBJECTID":2718}},{"type":"Feature","geometry":{"type":"MultiPolygon","coordinates":[[[[-79.4336653192503,43.6913707219947],[-79.4336601698562,43.6913707973176],[-79.4336537875602,43.6913549783359],[-79.4336271857367,43.6912891292119],[-79.4336318128689,43.691289058988],[-79.4336588240578,43.6913549119491],[-79.4336653192503,43.6913707219947]]]]},"properties":{"_id":3441,"FLOC_ID":"003089-P01","Property Description":"RESERVE STRIP","Address":"454 ARLINGTON AVE","City":"TORONTO","Intersection":"REAR OF 251-271 WINNETT AVE","Ward \\#":12,"Ward Name":"Toronto-St. Paul's","Former Municipality":"York","District":"South","City Cluster":"Citizen-Focused Services Group B","Property Type":"Reserve Strip","Property Status":"City Use","Jurisdiction":"Transportation Services","Management":"Transportation Services","Owner":"City of Toronto","Area (M2)":40,"Frontage (M)":null,"Depth (M)":93,"Area (FT2)":436,"Frontage (FT)":1,"Depth (FT)":305,"OBJECTID":3441}},{"type":"Feature","geometry":{"type":"MultiPolygon","coordinates":[[[[-79.4645907305283,43.6935727907333],[-79.4649921557103,43.6934854974209],[-79.464993788038,43.693488019183],[-79.4645918231408,43.6935754212495],[-79.4645907305283,43.6935727907333]]]]},"properties":{"_id":3460,"FLOC_ID":"003087-P01","Property Description":"RESERVE STRIP","Address":"0 CROHAM RD","City":"TORONTO","Intersection":"BTWN 28 & 30 CROHAM RD","Ward \\#":8,"Ward Name":"Eglinton-Lawrence","Former Municipality":"York","District":"North","City Cluster":"Citizen-Focused Services Group B","Property Type":"Reserve Strip","Property Status":"City Use","Jurisdiction":"Transportation Services","Management":"Transportation Services","Owner":"City of Toronto","Area (M2)":10,"Frontage (M)":null,"Depth (M)":33,"Area (FT2)":110,"Frontage (FT)":1,"Depth (FT)":110,"OBJECTID":3460}},{"type":"Feature","geometry":{"type":"MultiPolygon","coordinates":[[[[-79.4500277752245,43.693954411072],[-79.449997078293,43.693883596183],[-79.4499639026094,43.6938070616788],[-79.4499570542616,43.6937912722141],[-79.4499307307318,43.6937305271656],[-79.4499287372779,43.6937259266319],[-79.4499004203526,43.6936605846425],[-79.449897560176,43.6936539962429],[-79.4498721022407,43.6935952516461],[-79.449864509807,43.6935777417019],[-79.4498437668301,43.6935299096331],[-79.4498312775214,43.6935010559086],[-79.4498154513304,43.6934645667209],[-79.4497982025493,43.6934247536287],[-79.4497871334103,43.6933992247001],[-79.4497651524221,43.6933485107577],[-79.4497588167937,43.6933338808717],[-79.4497304952749,43.6932685388337],[-79.4497263350766,43.6932589506267],[-79.4497707444887,43.6932477824422],[-79.4498244077467,43.6932342941688],[-79.4498254612418,43.6932369356107],[-79.4497310501713,43.6932606629461],[-79.4497519241602,43.6933088578473],[-79.44976457934,43.6933380510031],[-79.4497802804053,43.6933742611035],[-79.449792388336,43.6934022046361],[-79.4498086242968,43.6934396760483],[-79.4498201119432,43.6934661790983],[-79.4498369794229,43.6935050810888],[-79.4498522818644,43.693540398075],[-79.4498653222045,43.6935704870162],[-79.4498936799349,43.6936358920422],[-79.4499214768446,43.6936999925275],[-79.4499220228403,43.693701297054],[-79.4499503794451,43.6937667119654],[-79.4499787237142,43.6938321169622],[-79.4500070754851,43.6938975255551],[-79.4500324990213,43.6939561773903],[-79.4500289019598,43.6939570210392],[-79.4496922567417,43.6940360001342],[-79.449691209433,43.6940333685955],[-79.4500277752245,43.693954411072]]]]},"properties":{"_id":3510,"FLOC_ID":"003088-P01","Property Description":"RESERVE STRIP","Address":"0 DUFFERIN ST","City":"TORONTO","Intersection":"REAR OF 2300 - 2316 DUFFERIN ST","Ward \\#":9,"Ward Name":"Davenport","Former Municipality":"York","District":"South","City Cluster":"Citizen-Focused Services Group B","Property Type":"Reserve Strip","Property Status":"City Use","Jurisdiction":"Transportation Services","Management":"Transportation Services","Owner":"City of Toronto","Area (M2)":40,"Frontage (M)":null,"Depth (M)":81,"Area (FT2)":436,"Frontage (FT)":1,"Depth (FT)":265,"OBJECTID":3510}},{"type":"Feature","geometry":{"type":"MultiPolygon","coordinates":[[[[-79.4338756730721,43.6918845154202],[-79.4338557606098,43.6918888515253],[-79.4338552805608,43.6918775384194],[-79.4338540971132,43.6918662528105],[-79.4338522152045,43.6918550172047],[-79.4338496348094,43.6918438550051],[-79.4338463645872,43.6918327887202],[-79.4338424094764,43.6918218399557],[-79.4338490248162,43.6918187185345],[-79.4338756730721,43.6918845154202]]]]},"properties":{"_id":3587,"FLOC_ID":"003089-P01","Property Description":"RESERVE STRIP","Address":"454 ARLINGTON AVE","City":"TORONTO","Intersection":"REAR OF 251-271 WINNETT AVE","Ward \\#":12,"Ward Name":"Toronto-St. Paul's","Former Municipality":"York","District":"South","City Cluster":"Citizen-Focused Services Group B","Property Type":"Reserve Strip","Property Status":"City Use","Jurisdiction":"Transportation Services","Management":"Transportation Services","Owner":"City of Toronto","Area (M2)":40,"Frontage (M)":null,"Depth (M)":93,"Area (FT2)":436,"Frontage (FT)":1,"Depth (FT)":305,"OBJECTID":3587}},{"type":"Feature","geometry":{"type":"MultiPolygon","coordinates":[[[[-79.4338490248162,43.6918187185345],[-79.4338424094764,43.6918218399557],[-79.4336601698562,43.6913707973176],[-79.4336653192503,43.6913707219947],[-79.4336723835279,43.6913879365724],[-79.433725577174,43.6915176734021],[-79.433758555484,43.6915980920929],[-79.4337913916032,43.6916781659411],[-79.4338233778534,43.6917561734895],[-79.4338490248162,43.6918187185345]]]]},"properties":{"_id":3588,"FLOC_ID":"003089-P01","Property Description":"RESERVE STRIP","Address":"454 ARLINGTON AVE","City":"TORONTO","Intersection":"REAR OF 251-271 WINNETT AVE","Ward \\#":12,"Ward Name":"Toronto-St. Paul's","Former Municipality":"York","District":"South","City Cluster":"Citizen-Focused Services Group B","Property Type":"Reserve Strip","Property Status":"City Use","Jurisdiction":"Transportation Services","Management":"Transportation Services","Owner":"City of Toronto","Area (M2)":40,"Frontage (M)":null,"Depth (M)":93,"Area (FT2)":436,"Frontage (FT)":1,"Depth (FT)":305,"OBJECTID":3588}},{"type":"Feature","geometry":{"type":"MultiPolygon","coordinates":[[[[-79.4503296091471,43.6920949509517],[-79.4503015730203,43.6920294732454],[-79.4502748533601,43.6919637251652],[-79.4502484600769,43.6918978989088],[-79.4502206499411,43.691832374472],[-79.4501935222622,43.6917667081047],[-79.4501664541993,43.6917010264539],[-79.4501391020686,43.691635406781],[-79.4501117326238,43.6915697951944],[-79.4501063236199,43.6915568228661],[-79.4501968684333,43.6915367120501],[-79.4502874280811,43.6915165903672],[-79.4503779727735,43.6914964794077],[-79.4504685161731,43.6914763584742],[-79.450559065708,43.6914562455729],[-79.4505916074962,43.6914490154001],[-79.4505927217975,43.6914516334587],[-79.4501110459464,43.6915586422889],[-79.4501339435318,43.6916135754879],[-79.4501449175677,43.6916398820615],[-79.4501613117572,43.6916792149722],[-79.4501784834797,43.6917203916845],[-79.450188689961,43.6917448607544],[-79.4502151438803,43.6918107068556],[-79.4502436996658,43.6918760866977],[-79.4502701941116,43.6919425718943],[-79.4502969620332,43.6920084460149],[-79.4503237411817,43.6920743156328],[-79.4503526341527,43.692138770258],[-79.4503814259876,43.6922040934562],[-79.450410598789,43.6922693376004],[-79.450417089888,43.6922865427909],[-79.4504355704866,43.6923355169496],[-79.4504486941614,43.6923698967839],[-79.4504608003228,43.6924016288947],[-79.4504890849283,43.6924670724604],[-79.4505164477191,43.6925327199486],[-79.4505435165195,43.6925984231104],[-79.4505711796888,43.6926640068047],[-79.4505996246037,43.6927294036026],[-79.4506274231406,43.6927949522354],[-79.4506307425422,43.6928028208001],[-79.4506550740906,43.6928605305012],[-79.4506830588656,43.6929260332927],[-79.4507089120753,43.6929920140263],[-79.4507164261817,43.6930114609609],[-79.4503294477715,43.6931096640994],[-79.4503283979669,43.6931070361656],[-79.4507122979615,43.6930096130156],[-79.4506864773674,43.6929477188844],[-79.4506591116937,43.6928821056453],[-79.4506317485674,43.6928164842989],[-79.4506043706048,43.6927508746404],[-79.450576508811,43.6926853691804],[-79.4505486111027,43.6926198636973],[-79.4505213549141,43.6925542261653],[-79.4504940913418,43.6924885886229],[-79.4504661193674,43.692423101988],[-79.4504399465257,43.6923572281698],[-79.4504127923205,43.692291561849],[-79.4503854160776,43.6922259494324],[-79.4503580535474,43.6921603280131],[-79.4503296091471,43.6920949509517]]]]},"properties":{"_id":3642,"FLOC_ID":"003107-P01","Property Description":"VACANT LAND","Address":"0 DYNEVOR RD","City":"TORONTO","Intersection":"REAR OF 1 - 83 KIRKNEWTON RD","Ward \\#":9,"Ward Name":"Davenport","Former Municipality":"York","District":"South","City Cluster":"Internal Services Group","Property Type":"Vacant Land","Property Status":"City Use","Jurisdiction":"Facilities Management & Real Estate Services","Management":"Facilities Management & Real Estate Services","Owner":"City of Toronto","Area (M2)":81,"Frontage (M)":null,"Depth (M)":242,"Area (FT2)":871,"Frontage (FT)":1,"Depth (FT)":795,"OBJECTID":3642}},{"type":"Feature","geometry":{"type":"MultiPolygon","coordinates":[[[[-79.4326416379099,43.6832426212676],[-79.4326678653855,43.6833085650071],[-79.4326657550885,43.683309003928],[-79.4325793858479,43.683091839643],[-79.4325814961389,43.6830913998235],[-79.4325991619985,43.6831358371033],[-79.4326070172382,43.6831555717044],[-79.4326416379099,43.6832426212676]]]]},"properties":{"_id":3651,"FLOC_ID":"003292-P01","Property Description":"VACANT LAND","Address":"0 DUNDURN CRES","City":"TORONTO","Intersection":"MAY BE ADJ TO 11 DUNDURN CRES","Ward \\#":12,"Ward Name":"Toronto-St. Paul's","Former Municipality":"York","District":"South","City Cluster":"Internal Services Group","Property Type":"Vacant Land","Property Status":"City Use","Jurisdiction":"Facilities Management & Real Estate Services","Management":"Facilities Management & Real Estate Services","Owner":"City of Toronto","Area (M2)":4,"Frontage (M)":null,"Depth (M)":25,"Area (FT2)":48,"Frontage (FT)":1,"Depth (FT)":83,"OBJECTID":3651}},{"type":"Feature","geometry":{"type":"MultiPolygon","coordinates":[[[[-79.4333087843951,43.6884481547555],[-79.4336826864038,43.6883690780296],[-79.4336837391203,43.6883717061201],[-79.4333098631428,43.688450785565],[-79.4333087843951,43.6884481547555]]]]},"properties":{"_id":3660,"FLOC_ID":"003293-P01","Property Description":"VACANT LAND","Address":"0 ATLAS AVE","City":"TORONTO","Intersection":"BTWN 231 & 233 ATLAS AVE","Ward \\#":12,"Ward Name":"Toronto-St. Paul's","Former Municipality":"York","District":"South","City Cluster":"Internal Services Group","Property Type":"Vacant Land","Property Status":"City Use","Jurisdiction":"Facilities Management & Real Estate Services","Management":"Facilities Management & Real Estate Services","Owner":"City of Toronto","Area (M2)":10,"Frontage (M)":null,"Depth (M)":31,"Area (FT2)":103,"Frontage (FT)":1,"Depth (FT)":103,"OBJECTID":3660}},{"type":"Feature","geometry":{"type":"MultiPolygon","coordinates":[[[[-79.4710258153868,43.6852252855561],[-79.4710228121212,43.6852259589926],[-79.4709157095468,43.6849772256972],[-79.4709186966764,43.6849765522594],[-79.4710258153868,43.6852252855561]]]]},"properties":{"_id":3661,"FLOC_ID":"003294-P01","Property Description":"VACANT LAND","Address":"0 DONALD AVE","City":"TORONTO","Intersection":"BTWN 229 & 231 DONALD AVE","Ward \\#":5,"Ward Name":"York South-Weston","Former Municipality":"York","District":"West","City Cluster":"Internal Services Group","Property Type":"Vacant Land","Property Status":"City Use","Jurisdiction":"Facilities Management & Real Estate Services","Management":"Facilities Management & Real Estate Services","Owner":"City of Toronto","Area (M2)":7,"Frontage (M)":null,"Depth (M)":29,"Area (FT2)":79,"Frontage (FT)":1,"Depth (FT)":95,"OBJECTID":3661}},{"type":"Feature","geometry":{"type":"MultiPolygon","coordinates":[[[[-79.4346340168707,43.6889462988123],[-79.4347432380115,43.6889237760547],[-79.4347494392138,43.6889396110813],[-79.4346403259949,43.6889621069025],[-79.4346340168707,43.6889462988123]]]]},"properties":{"_id":3682,"FLOC_ID":"003279-P01","Property Description":"VACANT LAND","Address":"435R WINONA DR","City":"TORONTO","Intersection":"R OF WINONA DR","Ward \\#":12,"Ward Name":"Toronto-St. Paul's","Former Municipality":"York","District":"South","City Cluster":"Internal Services Group","Property Type":"Vacant Land","Property Status":"City Use","Jurisdiction":"Facilities Management & Real Estate Services","Management":"Facilities Management & Real Estate Services","Owner":"City of Toronto","Area (M2)":17,"Frontage (M)":2,"Depth (M)":9,"Area (FT2)":180,"Frontage (FT)":6,"Depth (FT)":30,"OBJECTID":3682}},{"type":"Feature","geometry":{"type":"MultiPolygon","coordinates":[[[[-79.4519557639767,43.6928580475505],[-79.4519316793435,43.69280026802],[-79.4519283994601,43.6927924103112],[-79.451910161464,43.6927486275462],[-79.4519010337727,43.6927267604623],[-79.4518924148045,43.6927047675736],[-79.4518751545511,43.6926607898857],[-79.4518477889786,43.692595143623],[-79.4518207584652,43.6925294245838],[-79.451792772638,43.6924639193654],[-79.4517651218675,43.6923983449708],[-79.4517381895559,43.6923325980473],[-79.4517103987064,43.6922670487824],[-79.4516842245977,43.6922011410417],[-79.4516568594428,43.6921354938282],[-79.4516294931005,43.692069854708],[-79.4516021379883,43.6920042083842],[-79.4515753797305,43.6919384263864],[-79.4515480148085,43.6918727854447],[-79.4515194290721,43.6918074104164],[-79.4514932925951,43.6917414927412],[-79.4514656002992,43.6916759254493],[-79.4514409391634,43.6916096780395],[-79.4514117705259,43.6915444341524],[-79.4513847248324,43.6914787158917],[-79.4513573714907,43.6914130758042],[-79.4513300058087,43.6913474294033],[-79.4513062112942,43.6912959327541],[-79.4508315411313,43.6913992273718],[-79.4508304528791,43.6913965994253],[-79.4509216432895,43.6913767583512],[-79.4510123398351,43.691357023208],[-79.4511030301253,43.6913372798889],[-79.4511937389599,43.6913175410063],[-79.4512065319889,43.6913147587663],[-79.4513087918192,43.6912925070598],[-79.4513336535281,43.6913466208397],[-79.4513609807581,43.6914122672234],[-79.4513883725582,43.6914779082266],[-79.4514154182553,43.6915436264864],[-79.451444588139,43.6916088676726],[-79.4514692492844,43.6916751078806],[-79.4514858577009,43.6917144595948],[-79.4514969403354,43.6917406850726],[-79.4515230768168,43.6918066018468],[-79.451551662556,43.6918719777743],[-79.4515790138367,43.6919376178092],[-79.4516057720982,43.6920033998062],[-79.4516331408596,43.6920690461349],[-79.4516605072048,43.6921346861544],[-79.4516878587183,43.6922003324612],[-79.4517140340705,43.6922662411017],[-79.45174183857,43.6923317894713],[-79.4517687684114,43.6923975273917],[-79.4517964204187,43.6924631107872],[-79.4518243926039,43.692528615999],[-79.4518514243614,43.6925943350379],[-79.451878781253,43.6926599821961],[-79.4519046815673,43.6927259527808],[-79.4519320460207,43.6927915990278],[-79.4519594117792,43.6928572389672],[-79.4519885531125,43.6929224835881],[-79.4519849437629,43.6929232921885],[-79.4519557639767,43.6928580475505]]]]},"properties":{"_id":3685,"FLOC_ID":"003108-P01","Property Description":"VACANT LAND","Address":"0 DYNEVOR RD","City":"TORONTO","Intersection":"REAR OF 127 - 175 ENNERDALE RD","Ward \\#":9,"Ward Name":"Davenport","Former Municipality":"York","District":"South","City Cluster":"Internal Services Group","Property Type":"Vacant Land","Property Status":"City Use","Jurisdiction":"Facilities Management & Real Estate Services","Management":"Facilities Management & Real Estate Services","Owner":"City of Toronto","Area (M2)":81,"Frontage (M)":null,"Depth (M)":230,"Area (FT2)":871,"Frontage (FT)":1,"Depth (FT)":756,"OBJECTID":3685}},{"type":"Feature","geometry":{"type":"MultiPolygon","coordinates":[[[[-79.4798302411338,43.6922696760525],[-79.47983677478,43.6922738547063],[-79.4798921163298,43.6924050664299],[-79.479891355112,43.6924073976313],[-79.4798905393142,43.6924097198219],[-79.4798898303458,43.6924116090689],[-79.4798856838563,43.6924210380958],[-79.4798806107771,43.6924302257248],[-79.4798746371751,43.6924391233533],[-79.4798677953186,43.6924476859803],[-79.4798601211977,43.6924558677056],[-79.4798516532824,43.6924636271297],[-79.4798424362452,43.6924709228543],[-79.4798325184786,43.6924777179826],[-79.4798219508566,43.692483975618],[-79.4798107892128,43.6924896651658],[-79.4797990906221,43.6924947551315],[-79.4797869171195,43.6924992194219],[-79.4797743319796,43.692503035545],[-79.4797613997164,43.6925061837092],[-79.4797481885651,43.6925086459238],[-79.4797347667585,43.6925104113994],[-79.4797212050102,43.6925114702469],[-79.479707572792,43.6925118161778],[-79.4796939420553,43.6925114474045],[-79.4796803835092,43.6925103675401],[-79.4796669678627,43.6925085801978],[-79.4796537633413,43.6925060961913],[-79.4796408418918,43.6925029272352],[-79.4796282680159,43.6924990904434],[-79.4796161086952,43.6924946065312],[-79.4796044259487,43.6924894971126],[-79.4795932817934,43.6924837901031],[-79.4795827332833,43.6924775152171],[-79.4795761702001,43.6924723346997],[-79.4795689581633,43.6924676311345],[-79.4795611604252,43.6924634468388],[-79.4795528501632,43.6924598205312],[-79.4795441017975,43.6924567846295],[-79.4795349947121,43.6924543661518],[-79.4795256120137,43.6924525885161],[-79.4795160380523,43.6924514670398],[-79.4795066114889,43.6924510044838],[-79.4794971648604,43.6924511783151],[-79.4794877825225,43.6924519876485],[-79.479179430343,43.6924864950715],[-79.4789042122299,43.6925172947481],[-79.4788951646067,43.69251869728],[-79.4788863698097,43.6925207839562],[-79.4788779283292,43.6925235313921],[-79.4788699319747,43.6925269081001],[-79.4788624700763,43.6925308780917],[-79.4788556270051,43.6925353963761],[-79.4786457836231,43.6926898987927],[-79.4785634357507,43.6927505250994],[-79.4782978030456,43.6929460911003],[-79.4781633706296,43.6928496589384],[-79.4783970538524,43.6926776192971],[-79.4784289164827,43.6926541661408],[-79.478720999796,43.6924391187493],[-79.4787325903451,43.6924310746489],[-79.4787448046962,43.6924235311353],[-79.4787576006625,43.6924165143043],[-79.478770934818,43.6924100466507],[-79.4787847624961,43.6924041506694],[-79.4787990390318,43.6923988452546],[-79.4788137147975,43.6923941501998],[-79.4788287401682,43.6923900789976],[-79.4788440667584,43.6923866469411],[-79.4788596399821,43.6923838648217],[-79.4788754102157,43.6923817416314],[-79.4788921454866,43.6923798634522],[-79.4790446125455,43.692362807047],[-79.4791334210541,43.6923528705614],[-79.4793877719789,43.6923243970064],[-79.4794589792278,43.6923164265758],[-79.4794737792937,43.6923144309469],[-79.4794883848187,43.6923117853877],[-79.4795027412162,43.6923084997899],[-79.4795167951395,43.6923045858457],[-79.4795304944814,43.692300058848],[-79.4795437896152,43.6922949349905],[-79.4795566296729,43.6922892331669],[-79.4795689675071,43.6922829758722],[-79.4795807584519,43.6922761838016],[-79.4795919565986,43.692268884851],[-79.4796025222419,43.6922611042171],[-79.479613055868,43.692256280502],[-79.479624006132,43.6922519708341],[-79.479635323407,43.6922481950074],[-79.4796469593076,43.6922449683152],[-79.4796588629682,43.6922423051506],[-79.4796709822837,43.6922402163058],[-79.4796832651491,43.6922387125728],[-79.4796956582203,43.6922378002433],[-79.4797081069141,43.6922374820077],[-79.4797205566475,43.6922377596568],[-79.4797329553194,43.692238632281],[-79.4797462345112,43.6922402404657],[-79.4797593224352,43.6922425291129],[-79.4797721533481,43.6922454874094],[-79.4797846615084,43.6922490991415],[-79.4797967848962,43.6922533471958],[-79.4798084614933,43.6922582099583],[-79.4798196330041,43.6922636622153],[-79.4798302411338,43.6922696760525]]]]},"properties":{"_id":3691,"FLOC_ID":"003101-P01","Property Description":"RESERVE STRIP","Address":"0 GREENTREE CRT","City":"TORONTO","Intersection":"W OF GREENTREE CRT","Ward \\#":5,"Ward Name":"York South-Weston","Former Municipality":"York","District":"West","City Cluster":"Citizen-Focused Services Group B","Property Type":"Reserve Strip","Property Status":"City Use","Jurisdiction":"Transportation Services","Management":"Transportation Services","Owner":"City of Toronto","Area (M2)":5,"Frontage (M)":15,"Depth (M)":null,"Area (FT2)":50,"Frontage (FT)":50,"Depth (FT)":null,"OBJECTID":3691}},{"type":"Feature","geometry":{"type":"MultiPolygon","coordinates":[[[[-79.4440865360419,43.6931628499331],[-79.444237066071,43.693129720394],[-79.444245998507,43.6931277525677],[-79.4442480914245,43.6931329635372],[-79.4442833058175,43.693220797326],[-79.4440865360419,43.6931628499331]]]]},"properties":{"_id":3692,"FLOC_ID":"003102-P01","Property Description":"VACANT LAND","Address":"0 GLENHOLME AVE","City":"TORONTO","Intersection":"BTWN 541 & 543 GLENHOLME AVE","Ward \\#":12,"Ward Name":"Toronto-St. Paul's","Former Municipality":"York","District":"South","City Cluster":"Internal Services Group","Property Type":"Vacant Land","Property Status":"City Use","Jurisdiction":"Facilities Management & Real Estate Services","Management":"Facilities Management & Real Estate Services","Owner":"City of Toronto","Area (M2)":81,"Frontage (M)":11,"Depth (M)":null,"Area (FT2)":871,"Frontage (FT)":35,"Depth (FT)":null,"OBJECTID":3692}},{"type":"Feature","geometry":{"type":"MultiPolygon","coordinates":[[[[-79.4506516406886,43.6995027537111],[-79.4506504484159,43.6994997188636],[-79.4507220592931,43.6994850524619],[-79.4507232725965,43.6994881656288],[-79.4506516406886,43.6995027537111]]]]},"properties":{"_id":3693,"FLOC_ID":"003103-P01","Property Description":"VACANT LAND","Address":"0 PRADO CRT","City":"TORONTO","Intersection":"BTWN 18 & 20 PRADO CRT","Ward \\#":8,"Ward Name":"Eglinton-Lawrence","Former Municipality":"York","District":"North","City Cluster":"Internal Services Group","Property Type":"Vacant Land","Property Status":"City Use","Jurisdiction":"Facilities Management & Real Estate Services","Management":"Facilities Management & Real Estate Services","Owner":"City of Toronto","Area (M2)":2,"Frontage (M)":6,"Depth (M)":null,"Area (FT2)":23,"Frontage (FT)":20,"Depth (FT)":1,"OBJECTID":3693}},{"type":"Feature","geometry":{"type":"MultiPolygon","coordinates":[[[[-79.4380141319069,43.6909534837917],[-79.437965987244,43.6909294053087],[-79.4380561009222,43.6909093677827],[-79.4381365960739,43.6908914663891],[-79.4380571262617,43.6909749850926],[-79.4380141319069,43.6909534837917]]]]},"properties":{"_id":3702,"FLOC_ID":"003291-P01","Property Description":"VACANT LAND","Address":"0 VAUGHAN RD","City":"TORONTO","Intersection":"SWC OF VAUGHAN RD & CEDRIC AVE","Ward \\#":12,"Ward Name":"Toronto-St. Paul's","Former Municipality":"York","District":"South","City Cluster":"Internal Services Group","Property Type":"Vacant Land","Property Status":"City Use","Jurisdiction":"Facilities Management & Real Estate Services","Management":"Facilities Management & Real Estate Services","Owner":"City of Toronto","Area (M2)":40,"Frontage (M)":9,"Depth (M)":11,"Area (FT2)":436,"Frontage (FT)":29,"Depth (FT)":37,"OBJECTID":3702}},{"type":"Feature","geometry":{"type":"MultiPolygon","coordinates":[[[[-79.4612984459988,43.6957547616191],[-79.46129663572,43.6957551642639],[-79.4611578616096,43.6954273478281],[-79.4611596718795,43.6954269451854],[-79.4612984459988,43.6957547616191]]]]},"properties":{"_id":3704,"FLOC_ID":"003111-P01","Property Description":"VACANT LAND","Address":"0 BOWIE AVE","City":"TORONTO","Intersection":"BTWN 206 & 208 BOWIE AVE","Ward \\#":8,"Ward Name":"Eglinton-Lawrence","Former Municipality":"York","District":"North","City Cluster":"Internal Services Group","Property Type":"Vacant Land","Property Status":"City Use","Jurisdiction":"Facilities Management & Real Estate Services","Management":"Facilities Management & Real Estate Services","Owner":"City of Toronto","Area (M2)":6,"Frontage (M)":null,"Depth (M)":38,"Area (FT2)":62,"Frontage (FT)":null,"Depth (FT)":125,"OBJECTID":3704}},{"type":"Feature","geometry":{"type":"MultiPolygon","coordinates":[[[[-79.483433401574,43.6948502569602],[-79.4834397866841,43.6948235978616],[-79.4834452860504,43.6947968351195],[-79.4834498971886,43.6947699840358],[-79.483453616374,43.6947430599121],[-79.4834564423629,43.6947160789509],[-79.4834583739115,43.694689056454],[-79.4834588955048,43.6947276576667],[-79.4834603524909,43.6947662473129],[-79.4834627411536,43.6948048118899],[-79.4834660627386,43.6948433396963],[-79.483433401574,43.6948502569602]]]]},"properties":{"_id":3705,"FLOC_ID":"003112-P01","Property Description":"VACANT LAND","Address":"0 GREENBROOK DR","City":"TORONTO","Intersection":"NS GREENBROOK DR, MAY BE BTWN 78 & 80 GREENBROOK","Ward \\#":5,"Ward Name":"York South-Weston","Former Municipality":"York","District":"West","City Cluster":"Internal Services Group","Property Type":"Vacant Land","Property Status":"City Use","Jurisdiction":"Facilities Management & Real Estate Services","Management":"Facilities Management & Real Estate Services","Owner":"City of Toronto","Area (M2)":40,"Frontage (M)":null,"Depth (M)":null,"Area (FT2)":436,"Frontage (FT)":null,"Depth (FT)":null,"OBJECTID":3705}},{"type":"Feature","geometry":{"type":"MultiPolygon","coordinates":[[[[-79.4839352768668,43.68993353509],[-79.4841738677929,43.6898805300191],[-79.484174969881,43.6898831477494],[-79.4839363801825,43.6899361654245],[-79.4839352768668,43.68993353509]]]]},"properties":{"_id":3706,"FLOC_ID":"003113-P01","Property Description":"VACANT LAND","Address":"0 KEELESDALE DR","City":"TORONTO","Intersection":"ADJ TO 36 KEELESDALE DR","Ward \\#":5,"Ward Name":"York South-Weston","Former Municipality":"York","District":"West","City Cluster":"Internal Services Group","Property Type":"Vacant Land","Property Status":"City Use","Jurisdiction":"Facilities Management & Real Estate Services","Management":"Facilities Management & Real Estate Services","Owner":"City of Toronto","Area (M2)":6,"Frontage (M)":null,"Depth (M)":20,"Area (FT2)":66,"Frontage (FT)":1,"Depth (FT)":66,"OBJECTID":3706}},{"type":"Feature","geometry":{"type":"MultiPolygon","coordinates":[[[[-79.4488359153896,43.6999081392125],[-79.4488349744602,43.6999058065589],[-79.4489057889209,43.6998891948623],[-79.4489073266117,43.6998929949911],[-79.4488359153896,43.6999081392125]]]]},"properties":{"_id":3730,"FLOC_ID":"003104-P01","Property Description":"VACANT LAND","Address":"0 SALINAS CRT","City":"TORONTO","Intersection":"BTWN 16 & 18 SALINAS CRT","Ward \\#":8,"Ward Name":"Eglinton-Lawrence","Former Municipality":"York","District":"North","City Cluster":"Internal Services Group","Property Type":"Vacant Land","Property Status":"City Use","Jurisdiction":"Facilities Management & Real Estate Services","Management":"Facilities Management & Real Estate Services","Owner":"City of Toronto","Area (M2)":2,"Frontage (M)":6,"Depth (M)":null,"Area (FT2)":23,"Frontage (FT)":20,"Depth (FT)":1,"OBJECTID":3730}},{"type":"Feature","geometry":{"type":"MultiPolygon","coordinates":[[[[-79.4577461476333,43.6870646630718],[-79.4576233066203,43.6870920994769],[-79.457569922458,43.686966253156],[-79.4576927682065,43.6869388078081],[-79.4578228291762,43.6869097555574],[-79.4579528925019,43.6868807022594],[-79.4580829581824,43.6868516497141],[-79.4581363383618,43.686977484995],[-79.4580062773898,43.6870065475035],[-79.4578762113371,43.6870356008606],[-79.4577461476333,43.6870646630718]]]]},"properties":{"_id":3731,"FLOC_ID":"003110-P01","Property Description":"VACANT LAND","Address":"0 MCROBERTS AVE","City":"TORONTO","Intersection":"ADJ TO 463 MCROBERTS AVE","Ward \\#":9,"Ward Name":"Davenport","Former Municipality":"York","District":"South","City Cluster":"Internal Services Group","Property Type":"Vacant Land","Property Status":"City Use","Jurisdiction":"Facilities Management & Real Estate Services","Management":"Facilities Management & Real Estate Services","Owner":"City of Toronto","Area (M2)":648,"Frontage (M)":15,"Depth (M)":43,"Area (FT2)":6970,"Frontage (FT)":48,"Depth (FT)":142,"OBJECTID":3731}},{"type":"Feature","geometry":{"type":"MultiPolygon","coordinates":[[[[-79.4467653788998,43.6868123616955],[-79.446764325648,43.6868097238231],[-79.4467611584356,43.6868018273047],[-79.446749546594,43.6867728475999],[-79.4467294888936,43.6867228000074],[-79.4475023727116,43.6865509626328],[-79.4475227145465,43.6866001640991],[-79.4475588432902,43.686592086707],[-79.4476130493952,43.6865799895061],[-79.4482019805642,43.6864484526966],[-79.4482139292688,43.686477341495],[-79.4472127889716,43.6867009503168],[-79.4472159475551,43.6867088468188],[-79.4472170132123,43.6867115035956],[-79.4467653788998,43.6868123616955]]]]},"properties":{"_id":3740,"FLOC_ID":"003105-P01","Property Description":"VACANT LAND","Address":"0 DUFFERIN ST","City":"TORONTO","Intersection":"REAR OF 1951 EGLINTON AVE W - 183 ENNERDALE RD","Ward \\#":9,"Ward Name":"Davenport","Former Municipality":"York","District":"South","City Cluster":"Internal Services Group","Property Type":"Vacant Land","Property Status":"City Use","Jurisdiction":"Facilities Management & Real Estate Services","Management":"Facilities Management & Real Estate Services","Owner":"City of Toronto","Area (M2)":40,"Frontage (M)":null,"Depth (M)":122,"Area (FT2)":436,"Frontage (FT)":1,"Depth (FT)":400,"OBJECTID":3740}},{"type":"Feature","geometry":{"type":"MultiPolygon","coordinates":[[[[-79.4491152835502,43.6862875829328],[-79.4490248925755,43.6863077694906],[-79.4489345002991,43.6863279568764],[-79.4488441079552,43.6863481522918],[-79.4487537130768,43.6863683395333],[-79.4486633218591,43.6863885267049],[-79.4485729293404,43.6864087138044],[-79.4484825380015,43.6864289008328],[-79.448392145354,43.6864490967904],[-79.4483017489331,43.6864692827734],[-79.4482183012605,43.6864879137069],[-79.4482113536929,43.6864894677851],[-79.4481209534313,43.6865096518229],[-79.4480305568296,43.6865298366909],[-79.4479401738109,43.6865500223937],[-79.447849777088,43.6865702071185],[-79.4477894658351,43.6865836815432],[-79.4477593815379,43.6865903998735],[-79.4477292935121,43.6865971190943],[-79.4476689846939,43.6866105844552],[-79.4475785853086,43.6866307689641],[-79.4474882019879,43.6866509534089],[-79.4473978062034,43.6866711368762],[-79.4473074091179,43.6866913202714],[-79.4472170132123,43.6867115035956],[-79.4472159475551,43.6867088468188],[-79.4472127889716,43.6867009503168],[-79.4482139292688,43.686477341495],[-79.4482019805642,43.6864484526966],[-79.4491847058274,43.6862289316111],[-79.4491649944533,43.6861808027731],[-79.4491758288361,43.68617838714],[-79.4491173038659,43.6860355203],[-79.4491245243056,43.6860338924774],[-79.4491830579589,43.6861767773202],[-79.4492178363811,43.6862616858788],[-79.4492224129516,43.6862607868812],[-79.4492234650619,43.6862634238306],[-79.4492056757055,43.6862673954039],[-79.4491152835502,43.6862875829328]]]]},"properties":{"_id":3741,"FLOC_ID":"003105-P01","Property Description":"VACANT LAND","Address":"0 DUFFERIN ST","City":"TORONTO","Intersection":"REAR OF 1951 EGLINTON AVE W - 183 ENNERDALE RD","Ward \\#":9,"Ward Name":"Davenport","Former Municipality":"York","District":"South","City Cluster":"Internal Services Group","Property Type":"Vacant Land","Property Status":"City Use","Jurisdiction":"Facilities Management & Real Estate Services","Management":"Facilities Management & Real Estate Services","Owner":"City of Toronto","Area (M2)":40,"Frontage (M)":null,"Depth (M)":122,"Area (FT2)":436,"Frontage (FT)":1,"Depth (FT)":400,"OBJECTID":3741}},{"type":"Feature","geometry":{"type":"MultiPolygon","coordinates":[[[[-79.4849424327764,43.6918316488336],[-79.4849757507741,43.6918249922588],[-79.4863517025673,43.6915523688504],[-79.4863797019911,43.691639909795],[-79.4850005387746,43.6919139337165],[-79.4849424327764,43.6918316488336]]]]},"properties":{"_id":3742,"FLOC_ID":"003114-P01","Property Description":"VACANT LAND","Address":"0 KEELESDALE DR","City":"TORONTO","Intersection":"ADJ TO 221 TODD BAYLIS BLVD","Ward \\#":5,"Ward Name":"York South-Weston","Former Municipality":"York","District":"West","City Cluster":"Internal Services Group","Property Type":"Vacant Land","Property Status":"City Use","Jurisdiction":"Facilities Management & Real Estate Services","Management":"Facilities Management & Real Estate Services","Owner":"City of Toronto","Area (M2)":1214,"Frontage (M)":10,"Depth (M)":117,"Area (FT2)":13068,"Frontage (FT)":34,"Depth (FT)":383,"OBJECTID":3742}},{"type":"Feature","geometry":{"type":"MultiPolygon","coordinates":[[[[-79.4785892845632,43.6920253883294],[-79.4784892689211,43.6920477953795],[-79.4781976282487,43.6913623769515],[-79.4784203975534,43.6913124593277],[-79.4786380734324,43.691824047476],[-79.4785892845632,43.6920253883294]]]]},"properties":{"_id":3743,"FLOC_ID":"003115-P01","Property Description":"VACANT LAND","Address":"0 EGLINTON AVE W","City":"TORONTO","Intersection":"ADJ TO 2690 EGLINTON AVE W","Ward \\#":5,"Ward Name":"York South-Weston","Former Municipality":"York","District":"West","City Cluster":"Internal Services Group","Property Type":"Vacant Land","Property Status":"City Use","Jurisdiction":"Facilities Management & Real Estate Services","Management":"Facilities Management & Real Estate Services","Owner":"City of Toronto","Area (M2)":1416,"Frontage (M)":null,"Depth (M)":null,"Area (FT2)":15246,"Frontage (FT)":null,"Depth (FT)":null,"OBJECTID":3743}},{"type":"Feature","geometry":{"type":"MultiPolygon","coordinates":[[[[-79.4526702338576,43.6945641481811],[-79.4526440577006,43.6944982406859],[-79.4526143056807,43.6944331211149],[-79.4525881296432,43.6943672118051],[-79.452560477141,43.6943016277226],[-79.4525334066129,43.6942359268575],[-79.4525027155762,43.6941710156945],[-79.4524759702627,43.6941052294372],[-79.4524501171192,43.6940392491161],[-79.4524230505581,43.6939735392223],[-79.4524176980474,43.6939603879066],[-79.4523963016947,43.6939077565431],[-79.4523683158418,43.6938422514813],[-79.4523400558373,43.693776811107],[-79.4523132984674,43.6937110293028],[-79.4522877446927,43.6936449860562],[-79.4522546310122,43.6935806120859],[-79.4522296840896,43.693514434059],[-79.4522023326302,43.6934487869968],[-79.4521758708551,43.6933829422711],[-79.4521469908998,43.6933176348036],[-79.4521202339454,43.6932518520489],[-79.4520919744881,43.6931864107065],[-79.4520553717446,43.6930969954125],[-79.4520591709319,43.6930961535847],[-79.4520679324207,43.6931200277895],[-79.452095597498,43.6931856021085],[-79.4521238557176,43.6932510443496],[-79.4521506176385,43.6933168262054],[-79.4521794839506,43.6933821345664],[-79.4522059544132,43.693447979295],[-79.4522333195228,43.6935136254618],[-79.4522373193145,43.6935242135539],[-79.4522582776132,43.6935798043928],[-79.4522741457246,43.6936107034562],[-79.4522913404348,43.6936441783408],[-79.4523117936335,43.6936970028607],[-79.4523169215059,43.6937102206978],[-79.4523436776381,43.6937760034009],[-79.4523719376469,43.6938414428742],[-79.452399914811,43.6939069587329],[-79.4524266463109,43.6939727405039],[-79.452453742656,43.694038441408],[-79.4524795920743,43.6941044307281],[-79.4525063547692,43.69417020439],[-79.452537019757,43.6942351164413],[-79.4525640989627,43.694300829911],[-79.4525917514762,43.6943664040912],[-79.4526179411642,43.6944323125056],[-79.4526476671359,43.6944974320649],[-79.4526738681148,43.6945633305683],[-79.4527034440763,43.6946284842544],[-79.4527317656679,43.6946939182537],[-79.4527480394897,43.6947333434359],[-79.4528565396575,43.694996133215],[-79.4528528656784,43.6949969508171],[-79.4527272144683,43.6946949344176],[-79.4526998445557,43.6946292964817],[-79.4526702338576,43.6945641481811]]]]},"properties":{"_id":3776,"FLOC_ID":"003106-P01","Property Description":"RESERVE STRIP","Address":"0 ENNERDALE RD","City":"TORONTO","Intersection":"REAR OF 183 - 227 ENNERDALE RD","Ward \\#":9,"Ward Name":"Davenport","Former Municipality":"York","District":"South","City Cluster":"Internal Services Group","Property Type":"Vacant Land","Property Status":"City Use","Jurisdiction":"Facilities Management & Real Estate Services","Management":"Facilities Management & Real Estate Services","Owner":"City of Toronto","Area (M2)":81,"Frontage (M)":221,"Depth (M)":null,"Area (FT2)":871,"Frontage (FT)":724,"Depth (FT)":1,"OBJECTID":3776}},{"type":"Feature","geometry":{"type":"MultiPolygon","coordinates":[[[[-79.4853489645969,43.696688522448],[-79.4850066888075,43.6966609089201],[-79.4849605685543,43.6964103529008],[-79.4853701252826,43.6965522888611],[-79.4853489645969,43.696688522448]]]]},"properties":{"_id":3840,"FLOC_ID":"005206-P01","Property Description":"VACANT LAND","Address":"0 COMAY RD","City":"TORONTO","Intersection":"REAR OF 13 PARSON CRT","Ward \\#":5,"Ward Name":"York South-Weston","Former Municipality":"North York","District":"West","City Cluster":"Internal Services Group","Property Type":"Vacant Land","Property Status":"City Use","Jurisdiction":"Facilities Management & Real Estate Services","Management":"Facilities Management & Real Estate Services","Owner":"City of Toronto","Area (M2)":648,"Frontage (M)":null,"Depth (M)":null,"Area (FT2)":6970,"Frontage (FT)":null,"Depth (FT)":null,"OBJECTID":3840}},{"type":"Feature","geometry":{"type":"MultiPolygon","coordinates":[[[[-79.4681437088215,43.6824729978581],[-79.4680362683486,43.6824975153396],[-79.4680193700557,43.6824582468968],[-79.4681437088215,43.6824729978581]]]]},"properties":{"_id":3872,"FLOC_ID":"003298-P01","Property Description":"VACANT LAND","Address":"0 WATT AVE","City":"TORONTO","Intersection":"ADJ TO 2 WATT AVE","Ward \\#":5,"Ward Name":"York South-Weston","Former Municipality":"York","District":"West","City Cluster":"Internal Services Group","Property Type":"Vacant Land","Property Status":"City Use","Jurisdiction":"Facilities Management & Real Estate Services","Management":"Facilities Management & Real Estate Services","Owner":"City of Toronto","Area (M2)":40,"Frontage (M)":5,"Depth (M)":null,"Area (FT2)":436,"Frontage (FT)":15,"Depth (FT)":null,"OBJECTID":3872}},{"type":"Feature","geometry":{"type":"MultiPolygon","coordinates":[[[[-79.4653103040714,43.6981360133758],[-79.4636966482666,43.6984972397348],[-79.4636956928386,43.6984974563623],[-79.4636343321202,43.6985111872207],[-79.4635932988929,43.6983309045186],[-79.4635808093963,43.6982795761105],[-79.463661955392,43.6983155521695],[-79.4650374912926,43.6980080930961],[-79.4663443226456,43.6977149434951],[-79.4663942017724,43.6978933573631],[-79.4662676995987,43.6979216741533],[-79.4653103040714,43.6981360133758]]]]},"properties":{"_id":3873,"FLOC_ID":"003299-P01","Property Description":"VACANT LAND","Address":"0 CASTLEFIELD AVE","City":"TORONTO","Intersection":"SWC OF CASTLEFIELD AVE & CALEDONIA RD","Ward \\#":8,"Ward Name":"Eglinton-Lawrence","Former Municipality":"York","District":"North","City Cluster":"Internal Services Group","Property Type":"Vacant Land","Property Status":"City Use","Jurisdiction":"Facilities Management & Real Estate Services","Management":"Facilities Management & Real Estate Services","Owner":"City of Toronto","Area (M2)":40,"Frontage (M)":6,"Depth (M)":null,"Area (FT2)":436,"Frontage (FT)":19,"Depth (FT)":null,"OBJECTID":3873}},{"type":"Feature","geometry":{"type":"MultiPolygon","coordinates":[[[[-79.4593010335803,43.6976097086231],[-79.4592883908978,43.697612558429],[-79.4591582313447,43.6973041630173],[-79.4591708739514,43.6973013384293],[-79.4593010335803,43.6976097086231]]]]},"properties":{"_id":3874,"FLOC_ID":"003300-P01","Property Description":"VACANT LAND","Address":"0 SCHELL AVE","City":"TORONTO","Intersection":"BTWN 140 & 142 SCHELL AVE","Ward \\#":8,"Ward Name":"Eglinton-Lawrence","Former Municipality":"York","District":"North","City Cluster":"Internal Services Group","Property Type":"Vacant Land","Property Status":"City Use","Jurisdiction":"Facilities Management & Real Estate Services","Management":"Facilities Management & Real Estate Services","Owner":"City of Toronto","Area (M2)":40,"Frontage (M)":1,"Depth (M)":36,"Area (FT2)":436,"Frontage (FT)":4,"Depth (FT)":118,"OBJECTID":3874}},{"type":"Feature","geometry":{"type":"MultiPolygon","coordinates":[[[[-79.4714365359511,43.7003124780167],[-79.4710748682584,43.7003921150271],[-79.4710308646125,43.7002870319155],[-79.4711719178287,43.7002559780468],[-79.4713925317299,43.7002073986433],[-79.4717542872254,43.7001277516456],[-79.4718808098545,43.700099887865],[-79.4719247875592,43.7002049580446],[-79.4717982113742,43.700232834462],[-79.4714365359511,43.7003124780167]]]]},"properties":{"_id":3877,"FLOC_ID":"005208-P01","Property Description":"VACANT LAND","Address":"0 INGRAM DR","City":"TORONTO","Intersection":"ADJ TO 57 & 67 INGRAM DR","Ward \\#":5,"Ward Name":"York South-Weston","Former Municipality":"North York","District":"West","City Cluster":"Citizen-Focused Services Group B","Property Type":"Vacant Land","Property Status":"City Use","Jurisdiction":"Toronto Water","Management":"Toronto Water","Owner":"City of Toronto","Area (M2)":890,"Frontage (M)":72,"Depth (M)":null,"Area (FT2)":9583,"Frontage (FT)":235,"Depth (FT)":null,"OBJECTID":3877}},{"type":"Feature","geometry":{"type":"MultiPolygon","coordinates":[[[[-79.4730761663465,43.6840091404955],[-79.4730499165019,43.6839490235739],[-79.4729300562991,43.6836745237557],[-79.4730192184416,43.6836517697245],[-79.4731083792747,43.6836290192238],[-79.4732338116673,43.6835970121054],[-79.4733536879816,43.6838715197138],[-79.4733799467702,43.6839316545711],[-79.4734062068549,43.6839917822211],[-79.473102412522,43.6840692583097],[-79.4730761663465,43.6840091404955]]]]},"properties":{"_id":4006,"FLOC_ID":"005840-P02","Property Description":"ROAD ALLOWANCE","Address":"1652B KEELE ST","City":"TORONTO","Intersection":"None","Ward \\#":5,"Ward Name":"York South-Weston","Former Municipality":"York","District":"West","City Cluster":"Internal Services Group","Property Type":"Road Allowance","Property Status":"City Use","Jurisdiction":"Facilities Management & Real Estate Services","Management":"Facilities Management & Real Estate Services","Owner":"City of Toronto","Area (M2)":85,"Frontage (M)":null,"Depth (M)":null,"Area (FT2)":915,"Frontage (FT)":null,"Depth (FT)":null,"OBJECTID":4006}},{"type":"Feature","geometry":{"type":"MultiPolygon","coordinates":[[[[-79.4724712728035,43.683791593224],[-79.4728408953301,43.6836972768174],[-79.4729300562991,43.6836745237557],[-79.4730499165019,43.6839490235739],[-79.4730761663465,43.6840091404955],[-79.473102412522,43.6840692583097],[-79.4730132497971,43.6840920025026],[-79.4726414629576,43.6841868194146],[-79.4726209054543,43.6841921135625],[-79.472568411533,43.6840718705075],[-79.4725113469617,43.6839411650065],[-79.4724485706395,43.6837973854973],[-79.4724712728035,43.683791593224]]]]},"properties":{"_id":4037,"FLOC_ID":"005840-P02","Property Description":"ROAD ALLOWANCE","Address":"1652B KEELE ST","City":"TORONTO","Intersection":"None","Ward \\#":5,"Ward Name":"York South-Weston","Former Municipality":"York","District":"West","City Cluster":"Internal Services Group","Property Type":"Road Allowance","Property Status":"City Use","Jurisdiction":"Facilities Management & Real Estate Services","Management":"Facilities Management & Real Estate Services","Owner":"City of Toronto","Area (M2)":85,"Frontage (M)":null,"Depth (M)":null,"Area (FT2)":915,"Frontage (FT)":null,"Depth (FT)":null,"OBJECTID":4037}},{"type":"Feature","geometry":{"type":"MultiPolygon","coordinates":[[[[-79.4468864219827,43.6900926675905],[-79.4468789594448,43.690074231264],[-79.4473146168011,43.6899809409044],[-79.4473217712598,43.6899986047493],[-79.447322096833,43.6899993709099],[-79.4468864219827,43.6900926675905]]]]},"properties":{"_id":4440,"FLOC_ID":"004958-P01","Property Description":"VACANT LAND","Address":"0 WESTMOUNT AVE","City":"TORONTO","Intersection":"BTWN 546 & 548 WESTMOUNT AVE","Ward \\#":12,"Ward Name":"Toronto-St. Paul's","Former Municipality":"Metro Toronto","District":"South","City Cluster":"Internal Services Group","Property Type":"Vacant Land","Property Status":"City Use","Jurisdiction":"Facilities Management & Real Estate Services","Management":"Facilities Management & Real Estate Services","Owner":"City of Toronto","Area (M2)":81,"Frontage (M)":2,"Depth (M)":37,"Area (FT2)":871,"Frontage (FT)":7,"Depth (FT)":120,"OBJECTID":4440}},{"type":"Feature","geometry":{"type":"MultiPolygon","coordinates":[[[[-79.4749853181947,43.6909921996871],[-79.4749961923808,43.6909741859701],[-79.4750062863912,43.6909559335471],[-79.4750155878131,43.6909374622183],[-79.4750240879571,43.6909187881845],[-79.4750317806135,43.6908999303472],[-79.4750390147935,43.6908798446322],[-79.4750453310749,43.6908595957928],[-79.4750507220058,43.690839207231],[-79.4750551826163,43.6908187005488],[-79.4750587091767,43.6907980982487],[-79.4750612954759,43.6907774228329],[-79.4750629402652,43.6907566968043],[-79.4750636410552,43.6907359426656],[-79.4750633965972,43.6907151829199],[-79.4750622093638,43.6906944400709],[-79.475060078106,43.6906737366215],[-79.4750570065363,43.6906530968761],[-79.4750529983688,43.6906325406381],[-79.4750480560755,43.6906120922117],[-79.4751833117015,43.6908448979095],[-79.4750513562605,43.6909430670372],[-79.4749853181947,43.6909921996871]]]]},"properties":{"_id":4473,"FLOC_ID":"004961-P01","Property Description":"VACANT LAND","Address":"0 YORE RD","City":"TORONTO","Intersection":"ADJ TO 111 YORE RD","Ward \\#":5,"Ward Name":"York South-Weston","Former Municipality":"Metro Toronto","District":"West","City Cluster":"Internal Services Group","Property Type":"Vacant Land","Property Status":"City Use","Jurisdiction":"Facilities Management & Real Estate Services","Management":"Facilities Management & Real Estate Services","Owner":"City of Toronto","Area (M2)":202,"Frontage (M)":23,"Depth (M)":28,"Area (FT2)":2178,"Frontage (FT)":75,"Depth (FT)":92,"OBJECTID":4473}},{"type":"Feature","geometry":{"type":"MultiPolygon","coordinates":[[[[-79.4417311521298,43.7034115568916],[-79.4416785227084,43.7034224639026],[-79.4415510524625,43.703106589873],[-79.4416041199455,43.7030953392951],[-79.4417311521298,43.7034115568916]]]]},"properties":{"_id":5121,"FLOC_ID":"003181-P01","Property Description":"VACANT LAND","Address":"0 CASTLEFIELD AVE","City":"TORONTO","Intersection":"ADJ TO 886 CASTLEFIELD AVE","Ward \\#":8,"Ward Name":"Eglinton-Lawrence","Former Municipality":"York","District":"North","City Cluster":"Internal Services Group","Property Type":"Vacant Land","Property Status":"City Use","Jurisdiction":"Facilities Management & Real Estate Services","Management":"Facilities Management & Real Estate Services","Owner":"City of Toronto","Area (M2)":162,"Frontage (M)":4,"Depth (M)":37,"Area (FT2)":1742,"Frontage (FT)":14,"Depth (FT)":120,"OBJECTID":5121}},{"type":"Feature","geometry":{"type":"MultiPolygon","coordinates":[[[[-79.4415243236809,43.7029235352168],[-79.441480928556,43.70293281763],[-79.4413534294449,43.7026168605265],[-79.4413972365223,43.7026073335375],[-79.4415243236809,43.7029235352168]]]]},"properties":{"_id":5133,"FLOC_ID":"003183-P01","Property Description":"VACANT LAND","Address":"0 CASTLEFIELD AVE","City":"TORONTO","Intersection":"ADJ TO 897 CASTLEFIELD AVE","Ward \\#":8,"Ward Name":"Eglinton-Lawrence","Former Municipality":"York","District":"North","City Cluster":"Internal Services Group","Property Type":"Vacant Land","Property Status":"City Use","Jurisdiction":"Facilities Management & Real Estate Services","Management":"Facilities Management & Real Estate Services","Owner":"City of Toronto","Area (M2)":121,"Frontage (M)":3,"Depth (M)":37,"Area (FT2)":1307,"Frontage (FT)":11,"Depth (FT)":120,"OBJECTID":5133}},{"type":"Feature","geometry":{"type":"MultiPolygon","coordinates":[[[[-79.4412177705504,43.6980272603145],[-79.4412138617297,43.6980280963241],[-79.4411119205052,43.6977815418359],[-79.4411009235121,43.6977549652734],[-79.4411048323254,43.6977541202664],[-79.4412177705504,43.6980272603145]]]]},"properties":{"_id":5365,"FLOC_ID":"003185-P01","Property Description":"VACANT LAND","Address":"0 EGLINTON AVE W","City":"TORONTO","Intersection":"BTWN 1508 & 1510 EGLINTON AVE W","Ward \\#":8,"Ward Name":"Eglinton-Lawrence","Former Municipality":"York","District":"North","City Cluster":"Internal Services Group","Property Type":"Vacant Land","Property Status":"City Use","Jurisdiction":"Facilities Management & Real Estate Services","Management":"Facilities Management & Real Estate Services","Owner":"City of Toronto","Area (M2)":9,"Frontage (M)":null,"Depth (M)":29,"Area (FT2)":102,"Frontage (FT)":1,"Depth (FT)":94,"OBJECTID":5365}},{"type":"Feature","geometry":{"type":"MultiPolygon","coordinates":[[[[-79.445346151206,43.6907328258299],[-79.445670945317,43.6906652711017],[-79.4456720852344,43.6906681169536],[-79.4453473022737,43.6907356716903],[-79.445346151206,43.6907328258299]]]]},"properties":{"_id":5366,"FLOC_ID":"003187-P01","Property Description":"VACANT LAND","Address":"0 NORTHCLIFFE BLVD","City":"TORONTO","Intersection":"BTWN 539 & 541 NORTHCLIFFE BLVD","Ward \\#":12,"Ward Name":"Toronto-St. Paul's","Former Municipality":"York","District":"South","City Cluster":"Internal Services Group","Property Type":"Vacant Land","Property Status":"City Use","Jurisdiction":"Facilities Management & Real Estate Services","Management":"Facilities Management & Real Estate Services","Owner":"City of Toronto","Area (M2)":9,"Frontage (M)":null,"Depth (M)":27,"Area (FT2)":97,"Frontage (FT)":1,"Depth (FT)":89,"OBJECTID":5366}},{"type":"Feature","geometry":{"type":"MultiPolygon","coordinates":[[[[-79.4416824455161,43.688089397772],[-79.442100464837,43.6879989518618],[-79.442104648858,43.6880092145647],[-79.4416866034126,43.6880996712783],[-79.4416824455161,43.688089397772]]]]},"properties":{"_id":5367,"FLOC_ID":"003188-P01","Property Description":"VACANT LAND","Address":"0 GLENHOLME AVE","City":"TORONTO","Intersection":"BTWN 365 & 369 GLENHOLME AVE","Ward \\#":12,"Ward Name":"Toronto-St. Paul's","Former Municipality":"York","District":"South","City Cluster":"Internal Services Group","Property Type":"Vacant Land","Property Status":"City Use","Jurisdiction":"Facilities Management & Real Estate Services","Management":"Facilities Management & Real Estate Services","Owner":"City of Toronto","Area (M2)":40,"Frontage (M)":1,"Depth (M)":35,"Area (FT2)":436,"Frontage (FT)":4,"Depth (FT)":115,"OBJECTID":5367}},{"type":"Feature","geometry":{"type":"MultiPolygon","coordinates":[[[[-79.437123748157,43.6972032660114],[-79.4371201210099,43.6972040480283],[-79.4370028033555,43.6969146568561],[-79.4370064267516,43.6969138874427],[-79.437123748157,43.6972032660114]]]]},"properties":{"_id":5368,"FLOC_ID":"003189-P01","Property Description":"VACANT LAND","Address":"0 GLOUCESTER GROVE","City":"TORONTO","Intersection":"BTWN 56 & 58 GLOUCESTER GROVE","Ward \\#":12,"Ward Name":"Toronto-St. Paul's","Former Municipality":"York","District":"South","City Cluster":"Internal Services Group","Property Type":"Vacant Land","Property Status":"City Use","Jurisdiction":"Facilities Management & Real Estate Services","Management":"Facilities Management & Real Estate Services","Owner":"City of Toronto","Area (M2)":10,"Frontage (M)":null,"Depth (M)":34,"Area (FT2)":110,"Frontage (FT)":1,"Depth (FT)":110,"OBJECTID":5368}},{"type":"Feature","geometry":{"type":"MultiPolygon","coordinates":[[[[-79.4345438850349,43.691372062882],[-79.4342290621456,43.6913769508022],[-79.4342165304702,43.691345313036],[-79.4345314276249,43.6913404251929],[-79.4345326139713,43.691343451208],[-79.4345438850349,43.691372062882]]]]},"properties":{"_id":5404,"FLOC_ID":"003191-P01","Property Description":"VACANT LAND","Address":"260 WINNETT AVE","City":"TORONTO","Intersection":"BTWN 256 & 300 WINNETT AVE","Ward \\#":12,"Ward Name":"Toronto-St. Paul's","Former Municipality":"York","District":"South","City Cluster":"Citizen-Focused Services Group B","Property Type":"Vacant Land","Property Status":"City Use","Jurisdiction":"Toronto Water","Management":"Toronto Water","Owner":"City of Toronto","Area (M2)":81,"Frontage (M)":4,"Depth (M)":25,"Area (FT2)":871,"Frontage (FT)":12,"Depth (FT)":83,"OBJECTID":5404}},{"type":"Feature","geometry":{"type":"MultiPolygon","coordinates":[[[[-79.4838941321089,43.6884116075038],[-79.4839234928712,43.6883109473846],[-79.4839599772173,43.688396969845],[-79.4838941321089,43.6884116075038]]]]},"properties":{"_id":6359,"FLOC_ID":"005004-P01","Property Description":"VACANT LAND","Address":"0 KEELESDALE DR","City":"TORONTO","Intersection":"S OF KEELESDALE DR","Ward \\#":5,"Ward Name":"York South-Weston","Former Municipality":"Metro Toronto","District":"West","City Cluster":"Internal Services Group","Property Type":"Vacant Land","Property Status":"City Use","Jurisdiction":"Facilities Management & Real Estate Services","Management":"Facilities Management & Real Estate Services","Owner":"City of Toronto","Area (M2)":28,"Frontage (M)":null,"Depth (M)":null,"Area (FT2)":299,"Frontage (FT)":null,"Depth (FT)":null,"OBJECTID":6359}},{"type":"Feature","geometry":{"type":"MultiPolygon","coordinates":[[[[-79.434222102821,43.6964629478299],[-79.4341900550363,43.6963840024878],[-79.4341580085614,43.6963050706383],[-79.4343284623286,43.6962685100465],[-79.4343391623178,43.6962948296598],[-79.4343498561172,43.696321145668],[-79.4343605424785,43.6963474652714],[-79.4343658924933,43.6963606183256],[-79.4343819288903,43.6964000909806],[-79.4343926165241,43.6964264069808],[-79.434413996787,43.69647903448],[-79.4344193456218,43.6964921533258],[-79.4344247154806,43.6965053351924],[-79.4344461689599,43.6965579951315],[-79.4344568492532,43.6965842679146],[-79.4344728931816,43.6966237693637],[-79.4344889173431,43.6966632140909],[-79.434499622428,43.6966895399913],[-79.4345210028993,43.6967421476654],[-79.4345263467703,43.696755310609],[-79.4345530786117,43.6968210839245],[-79.4345798055001,43.6968869022365],[-79.434585137022,43.6969000363659],[-79.4346065324899,43.6969526809359],[-79.4346172116619,43.6969789726042],[-79.4346332632589,43.6970184605306],[-79.4346493012566,43.6970579241432],[-79.4346599903644,43.6970842401161],[-79.4346813723359,43.6971368666602],[-79.4346867212463,43.6971500232974],[-79.4347134484695,43.6972158019689],[-79.434542571701,43.6972523448838],[-79.4345105230765,43.697173399642],[-79.4344784770046,43.6970944660932],[-79.4344464310312,43.6970155190325],[-79.4344143838866,43.6969365854629],[-79.4343823368386,43.6968576401817],[-79.4343502898618,43.696778706592],[-79.4343182429828,43.6966997603906],[-79.434286196173,43.6966208276811],[-79.4342541494619,43.6965418814596],[-79.434222102821,43.6964629478299]]]]},"properties":{"_id":6384,"FLOC_ID":"000457-P01","Property Description":"SPADINA CORRIDOR REAR LOTS","Address":"177R STRATHEARN RD","City":"TORONTO","Intersection":"WS STRATHEARN RD, S GLOUCESTER GR","Ward \\#":12,"Ward Name":"Toronto-St. Paul's","Former Municipality":"Metro Toronto","District":"South","City Cluster":"Internal Services Group","Property Type":"Vacant Land","Property Status":"Sell Abutting Owner","Jurisdiction":"Facilities Management & Real Estate Services","Management":"Facilities Management & Real Estate Services","Owner":"City of Toronto","Area (M2)":131,"Frontage (M)":9,"Depth (M)":14,"Area (FT2)":1410,"Frontage (FT)":30,"Depth (FT)":46,"OBJECTID":6384}},{"type":"Feature","geometry":{"type":"MultiPolygon","coordinates":[[[[-79.434222102821,43.6964629478299],[-79.4341900550363,43.6963840024878],[-79.4341580085614,43.6963050706383],[-79.4343284623286,43.6962685100465],[-79.4343391623178,43.6962948296598],[-79.4343498561172,43.696321145668],[-79.4343605424785,43.6963474652714],[-79.4343658924933,43.6963606183256],[-79.4343819288903,43.6964000909806],[-79.4343926165241,43.6964264069808],[-79.434413996787,43.69647903448],[-79.4344193456218,43.6964921533258],[-79.4344247154806,43.6965053351924],[-79.4344461689599,43.6965579951315],[-79.4344568492532,43.6965842679146],[-79.4344728931816,43.6966237693637],[-79.4344889173431,43.6966632140909],[-79.434499622428,43.6966895399913],[-79.4345210028993,43.6967421476654],[-79.4345263467703,43.696755310609],[-79.4345530786117,43.6968210839245],[-79.4345798055001,43.6968869022365],[-79.434585137022,43.6969000363659],[-79.4346065324899,43.6969526809359],[-79.4346172116619,43.6969789726042],[-79.4346332632589,43.6970184605306],[-79.4346493012566,43.6970579241432],[-79.4346599903644,43.6970842401161],[-79.4346813723359,43.6971368666602],[-79.4346867212463,43.6971500232974],[-79.4347134484695,43.6972158019689],[-79.434542571701,43.6972523448838],[-79.4345105230765,43.697173399642],[-79.4344784770046,43.6970944660932],[-79.4344464310312,43.6970155190325],[-79.4344143838866,43.6969365854629],[-79.4343823368386,43.6968576401817],[-79.4343502898618,43.696778706592],[-79.4343182429828,43.6966997603906],[-79.434286196173,43.6966208276811],[-79.4342541494619,43.6965418814596],[-79.434222102821,43.6964629478299]]]]},"properties":{"_id":6547,"FLOC_ID":"000460-P01","Property Description":"SPADINA CORRIDOR REAR LOTS","Address":"183R STRATHEARN RD","City":"TORONTO","Intersection":"WS STRATHEARN RD, S GLOUCESTER GR","Ward \\#":12,"Ward Name":"Toronto-St. Paul's","Former Municipality":"Metro Toronto","District":"South","City Cluster":"Internal Services Group","Property Type":"Vacant Land","Property Status":"Sell Abutting Owner","Jurisdiction":"Facilities Management & Real Estate Services","Management":"Facilities Management & Real Estate Services","Owner":"City of Toronto","Area (M2)":131,"Frontage (M)":9,"Depth (M)":14,"Area (FT2)":1410,"Frontage (FT)":30,"Depth (FT)":46,"OBJECTID":6547}},{"type":"Feature","geometry":{"type":"MultiPolygon","coordinates":[[[[-79.434222102821,43.6964629478299],[-79.4341900550363,43.6963840024878],[-79.4341580085614,43.6963050706383],[-79.4343284623286,43.6962685100465],[-79.4343391623178,43.6962948296598],[-79.4343498561172,43.696321145668],[-79.4343605424785,43.6963474652714],[-79.4343658924933,43.6963606183256],[-79.4343819288903,43.6964000909806],[-79.4343926165241,43.6964264069808],[-79.434413996787,43.69647903448],[-79.4344193456218,43.6964921533258],[-79.4344247154806,43.6965053351924],[-79.4344461689599,43.6965579951315],[-79.4344568492532,43.6965842679146],[-79.4344728931816,43.6966237693637],[-79.4344889173431,43.6966632140909],[-79.434499622428,43.6966895399913],[-79.4345210028993,43.6967421476654],[-79.4345263467703,43.696755310609],[-79.4345530786117,43.6968210839245],[-79.4345798055001,43.6968869022365],[-79.434585137022,43.6969000363659],[-79.4346065324899,43.6969526809359],[-79.4346172116619,43.6969789726042],[-79.4346332632589,43.6970184605306],[-79.4346493012566,43.6970579241432],[-79.4346599903644,43.6970842401161],[-79.4346813723359,43.6971368666602],[-79.4346867212463,43.6971500232974],[-79.4347134484695,43.6972158019689],[-79.434542571701,43.6972523448838],[-79.4345105230765,43.697173399642],[-79.4344784770046,43.6970944660932],[-79.4344464310312,43.6970155190325],[-79.4344143838866,43.6969365854629],[-79.4343823368386,43.6968576401817],[-79.4343502898618,43.696778706592],[-79.4343182429828,43.6966997603906],[-79.434286196173,43.6966208276811],[-79.4342541494619,43.6965418814596],[-79.434222102821,43.6964629478299]]]]},"properties":{"_id":6611,"FLOC_ID":"000459-P01","Property Description":"SPADINA CORRIDOR REAR LOTS","Address":"181R STRATHEARN RD","City":"TORONTO","Intersection":"WS STRATHEARN RD, S GLOUCESTER GR","Ward \\#":12,"Ward Name":"Toronto-St. Paul's","Former Municipality":"Metro Toronto","District":"South","City Cluster":"Internal Services Group","Property Type":"Vacant Land","Property Status":"Sell Abutting Owner","Jurisdiction":"Facilities Management & Real Estate Services","Management":"Facilities Management & Real Estate Services","Owner":"City of Toronto","Area (M2)":131,"Frontage (M)":9,"Depth (M)":14,"Area (FT2)":1410,"Frontage (FT)":30,"Depth (FT)":46,"OBJECTID":6611}},{"type":"Feature","geometry":{"type":"MultiPolygon","coordinates":[[[[-79.434222102821,43.6964629478299],[-79.4341900550363,43.6963840024878],[-79.4341580085614,43.6963050706383],[-79.4343284623286,43.6962685100465],[-79.4343391623178,43.6962948296598],[-79.4343498561172,43.696321145668],[-79.4343605424785,43.6963474652714],[-79.4343658924933,43.6963606183256],[-79.4343819288903,43.6964000909806],[-79.4343926165241,43.6964264069808],[-79.434413996787,43.69647903448],[-79.4344193456218,43.6964921533258],[-79.4344247154806,43.6965053351924],[-79.4344461689599,43.6965579951315],[-79.4344568492532,43.6965842679146],[-79.4344728931816,43.6966237693637],[-79.4344889173431,43.6966632140909],[-79.434499622428,43.6966895399913],[-79.4345210028993,43.6967421476654],[-79.4345263467703,43.696755310609],[-79.4345530786117,43.6968210839245],[-79.4345798055001,43.6968869022365],[-79.434585137022,43.6969000363659],[-79.4346065324899,43.6969526809359],[-79.4346172116619,43.6969789726042],[-79.4346332632589,43.6970184605306],[-79.4346493012566,43.6970579241432],[-79.4346599903644,43.6970842401161],[-79.4346813723359,43.6971368666602],[-79.4346867212463,43.6971500232974],[-79.4347134484695,43.6972158019689],[-79.434542571701,43.6972523448838],[-79.4345105230765,43.697173399642],[-79.4344784770046,43.6970944660932],[-79.4344464310312,43.6970155190325],[-79.4344143838866,43.6969365854629],[-79.4343823368386,43.6968576401817],[-79.4343502898618,43.696778706592],[-79.4343182429828,43.6966997603906],[-79.434286196173,43.6966208276811],[-79.4342541494619,43.6965418814596],[-79.434222102821,43.6964629478299]]]]},"properties":{"_id":6693,"FLOC_ID":"000458-P01","Property Description":"SPADINA CORRIDOR REAR LOTS","Address":"179R STRATHEARN RD","City":"TORONTO","Intersection":"WS STRATHEARN RD, S GLOUCESTER GR","Ward \\#":12,"Ward Name":"Toronto-St. Paul's","Former Municipality":"Metro Toronto","District":"South","City Cluster":"Internal Services Group","Property Type":"Vacant Land","Property Status":"Sell Abutting Owner","Jurisdiction":"Facilities Management & Real Estate Services","Management":"Facilities Management & Real Estate Services","Owner":"City of Toronto","Area (M2)":131,"Frontage (M)":9,"Depth (M)":14,"Area (FT2)":1410,"Frontage (FT)":30,"Depth (FT)":46,"OBJECTID":6693}},{"type":"Feature","geometry":{"type":"MultiPolygon","coordinates":[[[[-79.4349442527089,43.6977843738062],[-79.4347708976834,43.6978213603118],[-79.4347592858605,43.6977694153642],[-79.4347475051961,43.6977404767058],[-79.4347153654835,43.6976615260754],[-79.4346832246135,43.6975825763343],[-79.4346510850694,43.6975036256836],[-79.4346189456124,43.6974246723226],[-79.4347837398551,43.6973894535143],[-79.434810495777,43.6974552762831],[-79.4348158410327,43.69746842301],[-79.4348372393589,43.6975210918367],[-79.4348479323694,43.69754739249],[-79.4348639941532,43.6975869181913],[-79.4348800337153,43.6976263619657],[-79.4348907502611,43.6976527310377],[-79.434912126461,43.6977053314262],[-79.4349174977285,43.6977185573741],[-79.4349442527089,43.6977843738062]]]]},"properties":{"_id":6704,"FLOC_ID":"000469-P01","Property Description":"SPADINA CORRIDOR REAR LOTS","Address":"201R STRATHEARN RD","City":"TORONTO","Intersection":"WS STRATHEARN RD, S GLOUCESTER GR","Ward \\#":12,"Ward Name":"Toronto-St. Paul's","Former Municipality":"Metro Toronto","District":"South","City Cluster":"Internal Services Group","Property Type":"Vacant Land","Property Status":"Sell Abutting Owner","Jurisdiction":"Facilities Management & Real Estate Services","Management":"Facilities Management & Real Estate Services","Owner":"City of Toronto","Area (M2)":127,"Frontage (M)":9,"Depth (M)":14,"Area (FT2)":1367,"Frontage (FT)":30,"Depth (FT)":46,"OBJECTID":6704}},{"type":"Feature","geometry":{"type":"MultiPolygon","coordinates":[[[[-79.4349442527089,43.6977843738062],[-79.4347708976834,43.6978213603118],[-79.4347592858605,43.6977694153642],[-79.4347475051961,43.6977404767058],[-79.4347153654835,43.6976615260754],[-79.4346832246135,43.6975825763343],[-79.4346510850694,43.6975036256836],[-79.4346189456124,43.6974246723226],[-79.4347837398551,43.6973894535143],[-79.434810495777,43.6974552762831],[-79.4348158410327,43.69746842301],[-79.4348372393589,43.6975210918367],[-79.4348479323694,43.69754739249],[-79.4348639941532,43.6975869181913],[-79.4348800337153,43.6976263619657],[-79.4348907502611,43.6976527310377],[-79.434912126461,43.6977053314262],[-79.4349174977285,43.6977185573741],[-79.4349442527089,43.6977843738062]]]]},"properties":{"_id":6713,"FLOC_ID":"000470-P01","Property Description":"SPADINA CORRIDOR REAR LOTS","Address":"203R STRATHEARN RD","City":"TORONTO","Intersection":"WS STRATHEARN RD, S GLOUCESTER GR","Ward \\#":12,"Ward Name":"Toronto-St. Paul's","Former Municipality":"Metro Toronto","District":"South","City Cluster":"Internal Services Group","Property Type":"Vacant Land","Property Status":"Sell Abutting Owner","Jurisdiction":"Facilities Management & Real Estate Services","Management":"Facilities Management & Real Estate Services","Owner":"City of Toronto","Area (M2)":127,"Frontage (M)":9,"Depth (M)":14,"Area (FT2)":1367,"Frontage (FT)":30,"Depth (FT)":46,"OBJECTID":6713}},{"type":"Feature","geometry":{"type":"MultiPolygon","coordinates":[[[[-79.434222102821,43.6964629478299],[-79.4341900550363,43.6963840024878],[-79.4341580085614,43.6963050706383],[-79.4343284623286,43.6962685100465],[-79.4343391623178,43.6962948296598],[-79.4343498561172,43.696321145668],[-79.4343605424785,43.6963474652714],[-79.4343658924933,43.6963606183256],[-79.4343819288903,43.6964000909806],[-79.4343926165241,43.6964264069808],[-79.434413996787,43.69647903448],[-79.4344193456218,43.6964921533258],[-79.4344247154806,43.6965053351924],[-79.4344461689599,43.6965579951315],[-79.4344568492532,43.6965842679146],[-79.4344728931816,43.6966237693637],[-79.4344889173431,43.6966632140909],[-79.434499622428,43.6966895399913],[-79.4345210028993,43.6967421476654],[-79.4345263467703,43.696755310609],[-79.4345530786117,43.6968210839245],[-79.4345798055001,43.6968869022365],[-79.434585137022,43.6969000363659],[-79.4346065324899,43.6969526809359],[-79.4346172116619,43.6969789726042],[-79.4346332632589,43.6970184605306],[-79.4346493012566,43.6970579241432],[-79.4346599903644,43.6970842401161],[-79.4346813723359,43.6971368666602],[-79.4346867212463,43.6971500232974],[-79.4347134484695,43.6972158019689],[-79.434542571701,43.6972523448838],[-79.4345105230765,43.697173399642],[-79.4344784770046,43.6970944660932],[-79.4344464310312,43.6970155190325],[-79.4344143838866,43.6969365854629],[-79.4343823368386,43.6968576401817],[-79.4343502898618,43.696778706592],[-79.4343182429828,43.6966997603906],[-79.434286196173,43.6966208276811],[-79.4342541494619,43.6965418814596],[-79.434222102821,43.6964629478299]]]]},"properties":{"_id":6725,"FLOC_ID":"000463-P01","Property Description":"SPADINA CORRIDOR REAR LOTS","Address":"189R STRATHEARN RD","City":"TORONTO","Intersection":"WS STRATHEARN RD, S GLOUCESTER GR","Ward \\#":12,"Ward Name":"Toronto-St. Paul's","Former Municipality":"Metro Toronto","District":"South","City Cluster":"Internal Services Group","Property Type":"Vacant Land","Property Status":"Sell Abutting Owner","Jurisdiction":"Facilities Management & Real Estate Services","Management":"Facilities Management & Real Estate Services","Owner":"City of Toronto","Area (M2)":131,"Frontage (M)":9,"Depth (M)":14,"Area (FT2)":1410,"Frontage (FT)":30,"Depth (FT)":46,"OBJECTID":6725}},{"type":"Feature","geometry":{"type":"MultiPolygon","coordinates":[[[[-79.434222102821,43.6964629478299],[-79.4341900550363,43.6963840024878],[-79.4341580085614,43.6963050706383],[-79.4343284623286,43.6962685100465],[-79.4343391623178,43.6962948296598],[-79.4343498561172,43.696321145668],[-79.4343605424785,43.6963474652714],[-79.4343658924933,43.6963606183256],[-79.4343819288903,43.6964000909806],[-79.4343926165241,43.6964264069808],[-79.434413996787,43.69647903448],[-79.4344193456218,43.6964921533258],[-79.4344247154806,43.6965053351924],[-79.4344461689599,43.6965579951315],[-79.4344568492532,43.6965842679146],[-79.4344728931816,43.6966237693637],[-79.4344889173431,43.6966632140909],[-79.434499622428,43.6966895399913],[-79.4345210028993,43.6967421476654],[-79.4345263467703,43.696755310609],[-79.4345530786117,43.6968210839245],[-79.4345798055001,43.6968869022365],[-79.434585137022,43.6969000363659],[-79.4346065324899,43.6969526809359],[-79.4346172116619,43.6969789726042],[-79.4346332632589,43.6970184605306],[-79.4346493012566,43.6970579241432],[-79.4346599903644,43.6970842401161],[-79.4346813723359,43.6971368666602],[-79.4346867212463,43.6971500232974],[-79.4347134484695,43.6972158019689],[-79.434542571701,43.6972523448838],[-79.4345105230765,43.697173399642],[-79.4344784770046,43.6970944660932],[-79.4344464310312,43.6970155190325],[-79.4344143838866,43.6969365854629],[-79.4343823368386,43.6968576401817],[-79.4343502898618,43.696778706592],[-79.4343182429828,43.6966997603906],[-79.434286196173,43.6966208276811],[-79.4342541494619,43.6965418814596],[-79.434222102821,43.6964629478299]]]]},"properties":{"_id":6730,"FLOC_ID":"000465-P01","Property Description":"SPADINA CORRIDOR REAR LOTS","Address":"193R STRATHEARN RD","City":"TORONTO","Intersection":"WS STRATHEARN RD, S GLOUCESTER GR","Ward \\#":12,"Ward Name":"Toronto-St. Paul's","Former Municipality":"Metro Toronto","District":"South","City Cluster":"Internal Services Group","Property Type":"Vacant Land","Property Status":"Sell Abutting Owner","Jurisdiction":"Facilities Management & Real Estate Services","Management":"Facilities Management & Real Estate Services","Owner":"City of Toronto","Area (M2)":131,"Frontage (M)":9,"Depth (M)":14,"Area (FT2)":1410,"Frontage (FT)":30,"Depth (FT)":46,"OBJECTID":6730}},{"type":"Feature","geometry":{"type":"MultiPolygon","coordinates":[[[[-79.4349442527089,43.6977843738062],[-79.4347708976834,43.6978213603118],[-79.4347592858605,43.6977694153642],[-79.4347475051961,43.6977404767058],[-79.4347153654835,43.6976615260754],[-79.4346832246135,43.6975825763343],[-79.4346510850694,43.6975036256836],[-79.4346189456124,43.6974246723226],[-79.4347837398551,43.6973894535143],[-79.434810495777,43.6974552762831],[-79.4348158410327,43.69746842301],[-79.4348372393589,43.6975210918367],[-79.4348479323694,43.69754739249],[-79.4348639941532,43.6975869181913],[-79.4348800337153,43.6976263619657],[-79.4348907502611,43.6976527310377],[-79.434912126461,43.6977053314262],[-79.4349174977285,43.6977185573741],[-79.4349442527089,43.6977843738062]]]]},"properties":{"_id":6731,"FLOC_ID":"000471-P01","Property Description":"SPADINA CORRIDOR REAR LOTS","Address":"205R STRATHEARN RD","City":"TORONTO","Intersection":"WS STRATHEARN RD, S GLOUCESTER GR","Ward \\#":12,"Ward Name":"Toronto-St. Paul's","Former Municipality":"Metro Toronto","District":"South","City Cluster":"Internal Services Group","Property Type":"Vacant Land","Property Status":"Sell Abutting Owner","Jurisdiction":"Facilities Management & Real Estate Services","Management":"Facilities Management & Real Estate Services","Owner":"City of Toronto","Area (M2)":127,"Frontage (M)":9,"Depth (M)":14,"Area (FT2)":1367,"Frontage (FT)":30,"Depth (FT)":46,"OBJECTID":6731}},{"type":"Feature","geometry":{"type":"MultiPolygon","coordinates":[[[[-79.4349442527089,43.6977843738062],[-79.4347708976834,43.6978213603118],[-79.4347592858605,43.6977694153642],[-79.4347475051961,43.6977404767058],[-79.4347153654835,43.6976615260754],[-79.4346832246135,43.6975825763343],[-79.4346510850694,43.6975036256836],[-79.4346189456124,43.6974246723226],[-79.4347837398551,43.6973894535143],[-79.434810495777,43.6974552762831],[-79.4348158410327,43.69746842301],[-79.4348372393589,43.6975210918367],[-79.4348479323694,43.69754739249],[-79.4348639941532,43.6975869181913],[-79.4348800337153,43.6976263619657],[-79.4348907502611,43.6976527310377],[-79.434912126461,43.6977053314262],[-79.4349174977285,43.6977185573741],[-79.4349442527089,43.6977843738062]]]]},"properties":{"_id":6738,"FLOC_ID":"000472-P01","Property Description":"SPADINA CORRIDOR REAR LOTS","Address":"207R STRATHEARN RD","City":"TORONTO","Intersection":"WS STRATHEARN RD, S GLOUCESTER GR","Ward \\#":12,"Ward Name":"Toronto-St. Paul's","Former Municipality":"Metro Toronto","District":"South","City Cluster":"Internal Services Group","Property Type":"Vacant Land","Property Status":"Sell Abutting Owner","Jurisdiction":"Facilities Management & Real Estate Services","Management":"Facilities Management & Real Estate Services","Owner":"City of Toronto","Area (M2)":127,"Frontage (M)":9,"Depth (M)":14,"Area (FT2)":1367,"Frontage (FT)":30,"Depth (FT)":46,"OBJECTID":6738}},{"type":"Feature","geometry":{"type":"MultiPolygon","coordinates":[[[[-79.434222102821,43.6964629478299],[-79.4341900550363,43.6963840024878],[-79.4341580085614,43.6963050706383],[-79.4343284623286,43.6962685100465],[-79.4343391623178,43.6962948296598],[-79.4343498561172,43.696321145668],[-79.4343605424785,43.6963474652714],[-79.4343658924933,43.6963606183256],[-79.4343819288903,43.6964000909806],[-79.4343926165241,43.6964264069808],[-79.434413996787,43.69647903448],[-79.4344193456218,43.6964921533258],[-79.4344247154806,43.6965053351924],[-79.4344461689599,43.6965579951315],[-79.4344568492532,43.6965842679146],[-79.4344728931816,43.6966237693637],[-79.4344889173431,43.6966632140909],[-79.434499622428,43.6966895399913],[-79.4345210028993,43.6967421476654],[-79.4345263467703,43.696755310609],[-79.4345530786117,43.6968210839245],[-79.4345798055001,43.6968869022365],[-79.434585137022,43.6969000363659],[-79.4346065324899,43.6969526809359],[-79.4346172116619,43.6969789726042],[-79.4346332632589,43.6970184605306],[-79.4346493012566,43.6970579241432],[-79.4346599903644,43.6970842401161],[-79.4346813723359,43.6971368666602],[-79.4346867212463,43.6971500232974],[-79.4347134484695,43.6972158019689],[-79.434542571701,43.6972523448838],[-79.4345105230765,43.697173399642],[-79.4344784770046,43.6970944660932],[-79.4344464310312,43.6970155190325],[-79.4344143838866,43.6969365854629],[-79.4343823368386,43.6968576401817],[-79.4343502898618,43.696778706592],[-79.4343182429828,43.6966997603906],[-79.434286196173,43.6966208276811],[-79.4342541494619,43.6965418814596],[-79.434222102821,43.6964629478299]]]]},"properties":{"_id":6753,"FLOC_ID":"000464-P01","Property Description":"SPADINA CORRIDOR REAR LOTS","Address":"191R STRATHEARN RD","City":"TORONTO","Intersection":"WS STRATHEARN RD, S GLOUCESTER GR","Ward \\#":12,"Ward Name":"Toronto-St. Paul's","Former Municipality":"Metro Toronto","District":"South","City Cluster":"Internal Services Group","Property Type":"Vacant Land","Property Status":"Sell Abutting Owner","Jurisdiction":"Facilities Management & Real Estate Services","Management":"Facilities Management & Real Estate Services","Owner":"City of Toronto","Area (M2)":131,"Frontage (M)":9,"Depth (M)":14,"Area (FT2)":1410,"Frontage (FT)":30,"Depth (FT)":46,"OBJECTID":6753}},{"type":"Feature","geometry":{"type":"MultiPolygon","coordinates":[[[[-79.434222102821,43.6964629478299],[-79.4341900550363,43.6963840024878],[-79.4341580085614,43.6963050706383],[-79.4343284623286,43.6962685100465],[-79.4343391623178,43.6962948296598],[-79.4343498561172,43.696321145668],[-79.4343605424785,43.6963474652714],[-79.4343658924933,43.6963606183256],[-79.4343819288903,43.6964000909806],[-79.4343926165241,43.6964264069808],[-79.434413996787,43.69647903448],[-79.4344193456218,43.6964921533258],[-79.4344247154806,43.6965053351924],[-79.4344461689599,43.6965579951315],[-79.4344568492532,43.6965842679146],[-79.4344728931816,43.6966237693637],[-79.4344889173431,43.6966632140909],[-79.434499622428,43.6966895399913],[-79.4345210028993,43.6967421476654],[-79.4345263467703,43.696755310609],[-79.4345530786117,43.6968210839245],[-79.4345798055001,43.6968869022365],[-79.434585137022,43.6969000363659],[-79.4346065324899,43.6969526809359],[-79.4346172116619,43.6969789726042],[-79.4346332632589,43.6970184605306],[-79.4346493012566,43.6970579241432],[-79.4346599903644,43.6970842401161],[-79.4346813723359,43.6971368666602],[-79.4346867212463,43.6971500232974],[-79.4347134484695,43.6972158019689],[-79.434542571701,43.6972523448838],[-79.4345105230765,43.697173399642],[-79.4344784770046,43.6970944660932],[-79.4344464310312,43.6970155190325],[-79.4344143838866,43.6969365854629],[-79.4343823368386,43.6968576401817],[-79.4343502898618,43.696778706592],[-79.4343182429828,43.6966997603906],[-79.434286196173,43.6966208276811],[-79.4342541494619,43.6965418814596],[-79.434222102821,43.6964629478299]]]]},"properties":{"_id":6763,"FLOC_ID":"000466-P01","Property Description":"SPADINA CORRIDOR REAR LOTS","Address":"195R STRATHEARN RD","City":"TORONTO","Intersection":"WS STRATHEARN RD, S GLOUCESTER GR","Ward \\#":12,"Ward Name":"Toronto-St. Paul's","Former Municipality":"Metro Toronto","District":"South","City Cluster":"Internal Services Group","Property Type":"Vacant Land","Property Status":"Sell Abutting Owner","Jurisdiction":"Facilities Management & Real Estate Services","Management":"Facilities Management & Real Estate Services","Owner":"City of Toronto","Area (M2)":131,"Frontage (M)":9,"Depth (M)":14,"Area (FT2)":1410,"Frontage (FT)":30,"Depth (FT)":46,"OBJECTID":6763}},{"type":"Feature","geometry":{"type":"MultiPolygon","coordinates":[[[[-79.434222102821,43.6964629478299],[-79.4341900550363,43.6963840024878],[-79.4341580085614,43.6963050706383],[-79.4343284623286,43.6962685100465],[-79.4343391623178,43.6962948296598],[-79.4343498561172,43.696321145668],[-79.4343605424785,43.6963474652714],[-79.4343658924933,43.6963606183256],[-79.4343819288903,43.6964000909806],[-79.4343926165241,43.6964264069808],[-79.434413996787,43.69647903448],[-79.4344193456218,43.6964921533258],[-79.4344247154806,43.6965053351924],[-79.4344461689599,43.6965579951315],[-79.4344568492532,43.6965842679146],[-79.4344728931816,43.6966237693637],[-79.4344889173431,43.6966632140909],[-79.434499622428,43.6966895399913],[-79.4345210028993,43.6967421476654],[-79.4345263467703,43.696755310609],[-79.4345530786117,43.6968210839245],[-79.4345798055001,43.6968869022365],[-79.434585137022,43.6969000363659],[-79.4346065324899,43.6969526809359],[-79.4346172116619,43.6969789726042],[-79.4346332632589,43.6970184605306],[-79.4346493012566,43.6970579241432],[-79.4346599903644,43.6970842401161],[-79.4346813723359,43.6971368666602],[-79.4346867212463,43.6971500232974],[-79.4347134484695,43.6972158019689],[-79.434542571701,43.6972523448838],[-79.4345105230765,43.697173399642],[-79.4344784770046,43.6970944660932],[-79.4344464310312,43.6970155190325],[-79.4344143838866,43.6969365854629],[-79.4343823368386,43.6968576401817],[-79.4343502898618,43.696778706592],[-79.4343182429828,43.6966997603906],[-79.434286196173,43.6966208276811],[-79.4342541494619,43.6965418814596],[-79.434222102821,43.6964629478299]]]]},"properties":{"_id":6808,"FLOC_ID":"000467-P01","Property Description":"SPADINA CORRIDOR REAR LOTS","Address":"197R STRATHEARN RD","City":"TORONTO","Intersection":"WS STRATHEARN RD, S GLOUCESTER GR","Ward \\#":12,"Ward Name":"Toronto-St. Paul's","Former Municipality":"Metro Toronto","District":"South","City Cluster":"Internal Services Group","Property Type":"Vacant Land","Property Status":"Sell Abutting Owner","Jurisdiction":"Facilities Management & Real Estate Services","Management":"Facilities Management & Real Estate Services","Owner":"City of Toronto","Area (M2)":131,"Frontage (M)":9,"Depth (M)":14,"Area (FT2)":1410,"Frontage (FT)":30,"Depth (FT)":46,"OBJECTID":6808}},{"type":"Feature","geometry":{"type":"MultiPolygon","coordinates":[[[[-79.434222102821,43.6964629478299],[-79.4341900550363,43.6963840024878],[-79.4341580085614,43.6963050706383],[-79.4343284623286,43.6962685100465],[-79.4343391623178,43.6962948296598],[-79.4343498561172,43.696321145668],[-79.4343605424785,43.6963474652714],[-79.4343658924933,43.6963606183256],[-79.4343819288903,43.6964000909806],[-79.4343926165241,43.6964264069808],[-79.434413996787,43.69647903448],[-79.4344193456218,43.6964921533258],[-79.4344247154806,43.6965053351924],[-79.4344461689599,43.6965579951315],[-79.4344568492532,43.6965842679146],[-79.4344728931816,43.6966237693637],[-79.4344889173431,43.6966632140909],[-79.434499622428,43.6966895399913],[-79.4345210028993,43.6967421476654],[-79.4345263467703,43.696755310609],[-79.4345530786117,43.6968210839245],[-79.4345798055001,43.6968869022365],[-79.434585137022,43.6969000363659],[-79.4346065324899,43.6969526809359],[-79.4346172116619,43.6969789726042],[-79.4346332632589,43.6970184605306],[-79.4346493012566,43.6970579241432],[-79.4346599903644,43.6970842401161],[-79.4346813723359,43.6971368666602],[-79.4346867212463,43.6971500232974],[-79.4347134484695,43.6972158019689],[-79.434542571701,43.6972523448838],[-79.4345105230765,43.697173399642],[-79.4344784770046,43.6970944660932],[-79.4344464310312,43.6970155190325],[-79.4344143838866,43.6969365854629],[-79.4343823368386,43.6968576401817],[-79.4343502898618,43.696778706592],[-79.4343182429828,43.6966997603906],[-79.434286196173,43.6966208276811],[-79.4342541494619,43.6965418814596],[-79.434222102821,43.6964629478299]]]]},"properties":{"_id":6830,"FLOC_ID":"000461-P01","Property Description":"SPADINA CORRIDOR REAR LOTS","Address":"185R STRATHEARN RD","City":"TORONTO","Intersection":"WS STRATHEARN RD, S GLOUCESTER GR","Ward \\#":12,"Ward Name":"Toronto-St. Paul's","Former Municipality":"Metro Toronto","District":"South","City Cluster":"Internal Services Group","Property Type":"Vacant Land","Property Status":"Sell Abutting Owner","Jurisdiction":"Facilities Management & Real Estate Services","Management":"Facilities Management & Real Estate Services","Owner":"City of Toronto","Area (M2)":131,"Frontage (M)":9,"Depth (M)":14,"Area (FT2)":1410,"Frontage (FT)":30,"Depth (FT)":46,"OBJECTID":6830}},{"type":"Feature","geometry":{"type":"MultiPolygon","coordinates":[[[[-79.434222102821,43.6964629478299],[-79.4341900550363,43.6963840024878],[-79.4341580085614,43.6963050706383],[-79.4343284623286,43.6962685100465],[-79.4343391623178,43.6962948296598],[-79.4343498561172,43.696321145668],[-79.4343605424785,43.6963474652714],[-79.4343658924933,43.6963606183256],[-79.4343819288903,43.6964000909806],[-79.4343926165241,43.6964264069808],[-79.434413996787,43.69647903448],[-79.4344193456218,43.6964921533258],[-79.4344247154806,43.6965053351924],[-79.4344461689599,43.6965579951315],[-79.4344568492532,43.6965842679146],[-79.4344728931816,43.6966237693637],[-79.4344889173431,43.6966632140909],[-79.434499622428,43.6966895399913],[-79.4345210028993,43.6967421476654],[-79.4345263467703,43.696755310609],[-79.4345530786117,43.6968210839245],[-79.4345798055001,43.6968869022365],[-79.434585137022,43.6969000363659],[-79.4346065324899,43.6969526809359],[-79.4346172116619,43.6969789726042],[-79.4346332632589,43.6970184605306],[-79.4346493012566,43.6970579241432],[-79.4346599903644,43.6970842401161],[-79.4346813723359,43.6971368666602],[-79.4346867212463,43.6971500232974],[-79.4347134484695,43.6972158019689],[-79.434542571701,43.6972523448838],[-79.4345105230765,43.697173399642],[-79.4344784770046,43.6970944660932],[-79.4344464310312,43.6970155190325],[-79.4344143838866,43.6969365854629],[-79.4343823368386,43.6968576401817],[-79.4343502898618,43.696778706592],[-79.4343182429828,43.6966997603906],[-79.434286196173,43.6966208276811],[-79.4342541494619,43.6965418814596],[-79.434222102821,43.6964629478299]]]]},"properties":{"_id":6849,"FLOC_ID":"000468-P01","Property Description":"SPADINA CORRIDOR REAR LOTS","Address":"199R STRATHEARN RD","City":"TORONTO","Intersection":"WS STRATHEARN RD, S GLOUCESTER GR","Ward \\#":12,"Ward Name":"Toronto-St. Paul's","Former Municipality":"Metro Toronto","District":"South","City Cluster":"Internal Services Group","Property Type":"Vacant Land","Property Status":"Sell Abutting Owner","Jurisdiction":"Facilities Management & Real Estate Services","Management":"Facilities Management & Real Estate Services","Owner":"City of Toronto","Area (M2)":131,"Frontage (M)":9,"Depth (M)":14,"Area (FT2)":1410,"Frontage (FT)":30,"Depth (FT)":46,"OBJECTID":6849}},{"type":"Feature","geometry":{"type":"MultiPolygon","coordinates":[[[[-79.434222102821,43.6964629478299],[-79.4341900550363,43.6963840024878],[-79.4341580085614,43.6963050706383],[-79.4343284623286,43.6962685100465],[-79.4343391623178,43.6962948296598],[-79.4343498561172,43.696321145668],[-79.4343605424785,43.6963474652714],[-79.4343658924933,43.6963606183256],[-79.4343819288903,43.6964000909806],[-79.4343926165241,43.6964264069808],[-79.434413996787,43.69647903448],[-79.4344193456218,43.6964921533258],[-79.4344247154806,43.6965053351924],[-79.4344461689599,43.6965579951315],[-79.4344568492532,43.6965842679146],[-79.4344728931816,43.6966237693637],[-79.4344889173431,43.6966632140909],[-79.434499622428,43.6966895399913],[-79.4345210028993,43.6967421476654],[-79.4345263467703,43.696755310609],[-79.4345530786117,43.6968210839245],[-79.4345798055001,43.6968869022365],[-79.434585137022,43.6969000363659],[-79.4346065324899,43.6969526809359],[-79.4346172116619,43.6969789726042],[-79.4346332632589,43.6970184605306],[-79.4346493012566,43.6970579241432],[-79.4346599903644,43.6970842401161],[-79.4346813723359,43.6971368666602],[-79.4346867212463,43.6971500232974],[-79.4347134484695,43.6972158019689],[-79.434542571701,43.6972523448838],[-79.4345105230765,43.697173399642],[-79.4344784770046,43.6970944660932],[-79.4344464310312,43.6970155190325],[-79.4344143838866,43.6969365854629],[-79.4343823368386,43.6968576401817],[-79.4343502898618,43.696778706592],[-79.4343182429828,43.6966997603906],[-79.434286196173,43.6966208276811],[-79.4342541494619,43.6965418814596],[-79.434222102821,43.6964629478299]]]]},"properties":{"_id":6865,"FLOC_ID":"000462-P01","Property Description":"SPADINA CORRIDOR REAR LOTS","Address":"187R STRATHEARN RD","City":"TORONTO","Intersection":"WS STRATHEARN RD, S GLOUCESTER GR","Ward \\#":12,"Ward Name":"Toronto-St. Paul's","Former Municipality":"Metro Toronto","District":"South","City Cluster":"Internal Services Group","Property Type":"Vacant Land","Property Status":"Sell Abutting Owner","Jurisdiction":"Facilities Management & Real Estate Services","Management":"Facilities Management & Real Estate Services","Owner":"City of Toronto","Area (M2)":131,"Frontage (M)":9,"Depth (M)":14,"Area (FT2)":1410,"Frontage (FT)":30,"Depth (FT)":46,"OBJECTID":6865}},{"type":"Feature","geometry":{"type":"MultiPolygon","coordinates":[[[[-79.4349442527089,43.6977843738062],[-79.4347708976834,43.6978213603118],[-79.4347592858605,43.6977694153642],[-79.4347475051961,43.6977404767058],[-79.4347153654835,43.6976615260754],[-79.4346832246135,43.6975825763343],[-79.4346510850694,43.6975036256836],[-79.4346189456124,43.6974246723226],[-79.4347837398551,43.6973894535143],[-79.434810495777,43.6974552762831],[-79.4348158410327,43.69746842301],[-79.4348372393589,43.6975210918367],[-79.4348479323694,43.69754739249],[-79.4348639941532,43.6975869181913],[-79.4348800337153,43.6976263619657],[-79.4348907502611,43.6976527310377],[-79.434912126461,43.6977053314262],[-79.4349174977285,43.6977185573741],[-79.4349442527089,43.6977843738062]]]]},"properties":{"_id":6886,"FLOC_ID":"000473-P01","Property Description":"SPADINA CORRIDOR REAR LOTS","Address":"209R STRATHEARN RD","City":"TORONTO","Intersection":"WS STRATHEARN RD, S GLOUCESTER GR","Ward \\#":12,"Ward Name":"Toronto-St. Paul's","Former Municipality":"Metro Toronto","District":"South","City Cluster":"Internal Services Group","Property Type":"Vacant Land","Property Status":"Sell Abutting Owner","Jurisdiction":"Facilities Management & Real Estate Services","Management":"Facilities Management & Real Estate Services","Owner":"City of Toronto","Area (M2)":129,"Frontage (M)":9,"Depth (M)":14,"Area (FT2)":1389,"Frontage (FT)":30,"Depth (FT)":46,"OBJECTID":6886}},{"type":"Feature","geometry":{"type":"MultiPolygon","coordinates":[[[[-79.4348010026304,43.6979578225798],[-79.4347880616019,43.6978994103543],[-79.4349748211641,43.6978596410507],[-79.4349976054606,43.6979158436369],[-79.4350053016962,43.6979348290248],[-79.434805350864,43.6979774649653],[-79.4348010026304,43.6979578225798]]]]},"properties":{"_id":6887,"FLOC_ID":"000474-P01","Property Description":"SPADINA CORRIDOR REAR LOTS","Address":"215R STRATHEARN RD","City":"TORONTO","Intersection":"WS STRATHEARN RD, S GLOUCESTER GR","Ward \\#":12,"Ward Name":"Toronto-St. Paul's","Former Municipality":"Metro Toronto","District":"South","City Cluster":"Internal Services Group","Property Type":"Vacant Land","Property Status":"Sell Abutting Owner","Jurisdiction":"Facilities Management & Real Estate Services","Management":"Facilities Management & Real Estate Services","Owner":"City of Toronto","Area (M2)":142,"Frontage (M)":9,"Depth (M)":16,"Area (FT2)":1528,"Frontage (FT)":30,"Depth (FT)":52,"OBJECTID":6887}},{"type":"Feature","geometry":{"type":"MultiPolygon","coordinates":[[[[-79.4348312478101,43.6980943731291],[-79.4348226414154,43.6980555159729],[-79.434805350864,43.6979774649653],[-79.4350053016962,43.6979348290248],[-79.4350242861915,43.6979816474041],[-79.4350358095468,43.698010064712],[-79.4350509558112,43.6980474547585],[-79.435066316199,43.698085331894],[-79.4348399320086,43.6981335696772],[-79.4348312478101,43.6980943731291]]]]},"properties":{"_id":6888,"FLOC_ID":"000475-P01","Property Description":"SPADINA CORRIDOR REAR LOTS","Address":"217R STRATHEARN RD","City":"TORONTO","Intersection":"WS STRATHEARN RD, S GLOUCESTER GR","Ward \\#":12,"Ward Name":"Toronto-St. Paul's","Former Municipality":"Metro Toronto","District":"South","City Cluster":"Internal Services Group","Property Type":"Vacant Land","Property Status":"Sell Abutting Owner","Jurisdiction":"Facilities Management & Real Estate Services","Management":"Facilities Management & Real Estate Services","Owner":"City of Toronto","Area (M2)":151,"Frontage (M)":9,"Depth (M)":17,"Area (FT2)":1625,"Frontage (FT)":30,"Depth (FT)":56,"OBJECTID":6888}},{"type":"Feature","geometry":{"type":"MultiPolygon","coordinates":[[[[-79.4329767573802,43.6846715490517],[-79.432973512696,43.6846636611043],[-79.4329988841742,43.6846581788802],[-79.4330580846758,43.6846453957036],[-79.4330641428016,43.6846440949618],[-79.4330673701316,43.6846519828965],[-79.4330020631043,43.6846660829907],[-79.4329767573802,43.6846715490517]]]]},"properties":{"_id":6911,"FLOC_ID":"003236-P01","Property Description":"VACANT LAND","Address":"0 HURSTING AVE","City":"TORONTO","Intersection":"REAR OF 9 - 17 HURSTING AVE","Ward \\#":12,"Ward Name":"Toronto-St. Paul's","Former Municipality":"York","District":"South","City Cluster":"Internal Services Group","Property Type":"Vacant Land","Property Status":"City Use","Jurisdiction":"Facilities Management & Real Estate Services","Management":"Facilities Management & Real Estate Services","Owner":"City of Toronto","Area (M2)":121,"Frontage (M)":6,"Depth (M)":24,"Area (FT2)":1307,"Frontage (FT)":19,"Depth (FT)":78,"OBJECTID":6911}},{"type":"Feature","geometry":{"type":"MultiPolygon","coordinates":[[[[-79.4387349424481,43.6974728599307],[-79.4387083434503,43.6974070921724],[-79.4386572791111,43.6972808028298],[-79.4386551481333,43.6972755341331],[-79.4386019505518,43.697143991367],[-79.4385753506112,43.6970782163725],[-79.4385487532007,43.6970124503736],[-79.4385124560292,43.697020216068],[-79.438469903845,43.6969149708212],[-79.4383528829796,43.6966255694777],[-79.4383891650362,43.6966178137267],[-79.4383189546999,43.696444170719],[-79.4382826590897,43.696451929141],[-79.4382028812477,43.6962546102024],[-79.4381656363031,43.6961625257811],[-79.4381507497691,43.6961256934552],[-79.4381230915241,43.6960572893947],[-79.4380986210022,43.6959967694817],[-79.4380805282951,43.695952043079],[-79.4380470270305,43.695869169861],[-79.4380379788547,43.695846803054],[-79.4379954295584,43.6957415675119],[-79.4380317123572,43.695733822675],[-79.4379891544711,43.6956285835233],[-79.4379572361517,43.6955496563982],[-79.4379209670971,43.6955574048197],[-79.4378906464227,43.6954824265084],[-79.4378890489076,43.6954784749743],[-79.4377720261776,43.6951890738626],[-79.4378083074258,43.6951813344958],[-79.4377344914589,43.6950090339165],[-79.4378483803368,43.6949677394677],[-79.4378649135637,43.6950084846965],[-79.4378813515081,43.6950490174403],[-79.4378979577589,43.6950899706332],[-79.4379144910585,43.6951307104532],[-79.4379326094935,43.6951753927962],[-79.4379579600708,43.6951699787803],[-79.4379846416149,43.6952357530847],[-79.4379977745258,43.6952681216472],[-79.4380914215541,43.6954990104844],[-79.4380660807749,43.6955044245348],[-79.4381364989776,43.6956780381346],[-79.4381619018623,43.6956726151011],[-79.4382609696431,43.695917441611],[-79.4382355716356,43.6959228556677],[-79.4382696536255,43.6960070964391],[-79.4383037394289,43.6960913408017],[-79.4384028122044,43.6963361590723],[-79.4384731143623,43.6965098992952],[-79.4385775134148,43.6967678882471],[-79.4386062776467,43.6968389598647],[-79.4386329146982,43.6969047699798],[-79.4386663060372,43.6969873018033],[-79.4387394436198,43.6971680265625],[-79.4388097576431,43.6973417674595],[-79.4388351475148,43.6973363523721],[-79.4389697278374,43.6976652566065],[-79.4389826380684,43.6976968211083],[-79.4390935019133,43.6979677298314],[-79.4390681154374,43.697973226889],[-79.4389484375931,43.6979988896067],[-79.4389012955917,43.6980089899648],[-79.4387677953144,43.6976802329692],[-79.4387143998281,43.6975487315646],[-79.4387615402531,43.6975386375829],[-79.4387349424481,43.6974728599307]]]]},"properties":{"_id":6968,"FLOC_ID":"003243-P01","Property Description":"VACANT LAND","Address":"0 LANARK AVE","City":"TORONTO","Intersection":"ADJ TO 2 LANARK AVE","Ward \\#":12,"Ward Name":"Toronto-St. Paul's","Former Municipality":"York","District":"South","City Cluster":"Citizen-Focused Services Group B","Property Type":"Vacant Land","Property Status":"City Use","Jurisdiction":"Transportation Services","Management":"Transportation Services","Owner":"City of Toronto","Area (M2)":81,"Frontage (M)":2,"Depth (M)":38,"Area (FT2)":871,"Frontage (FT)":7,"Depth (FT)":125,"OBJECTID":6968}},{"type":"Feature","geometry":{"type":"MultiPolygon","coordinates":[[[[-79.442942762846,43.6916479816339],[-79.4429193736425,43.6916539819222],[-79.4427830983186,43.6913691748921],[-79.4428064750474,43.691363145821],[-79.442942762846,43.6916479816339]]]]},"properties":{"_id":6969,"FLOC_ID":"003244-P01","Property Description":"VACANT LAND","Address":"0 BANSLEY AVE","City":"TORONTO","Intersection":"ADJ TO 35 BANSLEY AVE","Ward \\#":12,"Ward Name":"Toronto-St. Paul's","Former Municipality":"York","District":"South","City Cluster":"Internal Services Group","Property Type":"Vacant Land","Property Status":"City Use","Jurisdiction":"Facilities Management & Real Estate Services","Management":"Facilities Management & Real Estate Services","Owner":"City of Toronto","Area (M2)":81,"Frontage (M)":2,"Depth (M)":33,"Area (FT2)":871,"Frontage (FT)":7,"Depth (FT)":110,"OBJECTID":6969}},{"type":"Feature","geometry":{"type":"MultiPolygon","coordinates":[[[[-79.4337922295323,43.6978760556429],[-79.4341548560671,43.6977983544731],[-79.4341559176501,43.6978009852604],[-79.4337932898523,43.6978786936338],[-79.4337922295323,43.6978760556429]]]]},"properties":{"_id":7032,"FLOC_ID":"003234-P01","Property Description":"VACANT LAND","Address":"0 STRATHEARN RD","City":"TORONTO","Intersection":"BTWN 202 & 204 STRATHEARN RD","Ward \\#":12,"Ward Name":"Toronto-St. Paul's","Former Municipality":"York","District":"South","City Cluster":"Internal Services Group","Property Type":"Vacant Land","Property Status":"City Use","Jurisdiction":"Facilities Management & Real Estate Services","Management":"Facilities Management & Real Estate Services","Owner":"City of Toronto","Area (M2)":10,"Frontage (M)":null,"Depth (M)":30,"Area (FT2)":108,"Frontage (FT)":1,"Depth (FT)":100,"OBJECTID":7032}},{"type":"Feature","geometry":{"type":"MultiPolygon","coordinates":[[[[-79.4331874999251,43.6846668351201],[-79.4331893789272,43.6846714358861],[-79.4331302528583,43.684684211073],[-79.4331023752518,43.6846902328382],[-79.4330743375902,43.6846962932084],[-79.4330190054115,43.6847082478394],[-79.433017194044,43.6847086428355],[-79.4329602465275,43.6847209241391],[-79.4329356219073,43.6847262357679],[-79.4329066152613,43.6847325007583],[-79.4329030160992,43.6847332826595],[-79.4328829135475,43.6846832208921],[-79.4329155143594,43.6846761830046],[-79.432973512696,43.6846636611043],[-79.4329767573802,43.6846715490517],[-79.4330020631043,43.6846660829907],[-79.4330673701316,43.6846519828965],[-79.4330641428016,43.6846440949618],[-79.4330822539322,43.6846401809958],[-79.4331692587708,43.6846213939611],[-79.43317205492,43.6846288747817],[-79.4331874999251,43.6846668351201]]]]},"properties":{"_id":7033,"FLOC_ID":"003236-P01","Property Description":"VACANT LAND","Address":"0 HURSTING AVE","City":"TORONTO","Intersection":"REAR OF 9 - 17 HURSTING AVE","Ward \\#":12,"Ward Name":"Toronto-St. Paul's","Former Municipality":"York","District":"South","City Cluster":"Internal Services Group","Property Type":"Vacant Land","Property Status":"City Use","Jurisdiction":"Facilities Management & Real Estate Services","Management":"Facilities Management & Real Estate Services","Owner":"City of Toronto","Area (M2)":121,"Frontage (M)":6,"Depth (M)":24,"Area (FT2)":1307,"Frontage (FT)":19,"Depth (FT)":78,"OBJECTID":7033}},{"type":"Feature","geometry":{"type":"MultiPolygon","coordinates":[[[[-79.4409148520232,43.6857790315272],[-79.4408883305718,43.6857849064693],[-79.4408696197081,43.6857391143537],[-79.4408961398884,43.6857332520171],[-79.4409148520232,43.6857790315272]]]]},"properties":{"_id":7036,"FLOC_ID":"003238-P01","Property Description":"VACANT LAND","Address":"0 HOLLAND PARK AVE","City":"TORONTO","Intersection":"REAR OF 299 GLENHOLME AVE","Ward \\#":9,"Ward Name":"Davenport","Former Municipality":"York","District":"South","City Cluster":"Internal Services Group","Property Type":"Vacant Land","Property Status":"City Use","Jurisdiction":"Facilities Management & Real Estate Services","Management":"Facilities Management & Real Estate Services","Owner":"City of Toronto","Area (M2)":12,"Frontage (M)":2,"Depth (M)":5,"Area (FT2)":128,"Frontage (FT)":7,"Depth (FT)":17,"OBJECTID":7036}},{"type":"Feature","geometry":{"type":"MultiPolygon","coordinates":[[[[-79.4348312478101,43.6980943731291],[-79.4348226414154,43.6980555159729],[-79.434805350864,43.6979774649653],[-79.4350053016962,43.6979348290248],[-79.4350242861915,43.6979816474041],[-79.4350358095468,43.698010064712],[-79.4350509558112,43.6980474547585],[-79.435066316199,43.698085331894],[-79.4348399320086,43.6981335696772],[-79.4348312478101,43.6980943731291]]]]},"properties":{"_id":7535,"FLOC_ID":"000476-P01","Property Description":"SPADINA CORRIDOR REAR LOTS","Address":"219R STRATHEARN RD","City":"TORONTO","Intersection":"WS STRATHEARN RD, S GLOUCESTER GR","Ward \\#":12,"Ward Name":"Toronto-St. Paul's","Former Municipality":"Metro Toronto","District":"South","City Cluster":"Internal Services Group","Property Type":"Vacant Land","Property Status":"Sell Abutting Owner","Jurisdiction":"Facilities Management & Real Estate Services","Management":"Facilities Management & Real Estate Services","Owner":"City of Toronto","Area (M2)":161,"Frontage (M)":9,"Depth (M)":18,"Area (FT2)":1733,"Frontage (FT)":30,"Depth (FT)":59,"OBJECTID":7535}},{"type":"Feature","geometry":{"type":"MultiPolygon","coordinates":[[[[-79.4505242287519,43.6880607848318],[-79.4505946840532,43.6882329777969],[-79.4504648974033,43.6882601226607],[-79.4504220327799,43.6881548923667],[-79.4502461667564,43.6880618010058],[-79.4502302916792,43.6880228490634],[-79.4502450785121,43.6880247520748],[-79.4503381269014,43.6880367624687],[-79.4504311802889,43.6880487736892],[-79.4505242287519,43.6880607848318]]]]},"properties":{"_id":7733,"FLOC_ID":"003109-P01","Property Description":"VACANT LAND","Address":"30 WOODCROFT CRES","City":"YORK","Intersection":"ADJ TO 22 WOODCROFT CRES","Ward \\#":9,"Ward Name":"Davenport","Former Municipality":"York","District":"South","City Cluster":"Citizen-Focused Services Group B","Property Type":"Vacant Land","Property Status":"City Use","Jurisdiction":"Transportation Services","Management":"Transportation Services","Owner":"City of Toronto","Area (M2)":1133,"Frontage (M)":26,"Depth (M)":null,"Area (FT2)":12197,"Frontage (FT)":85,"Depth (FT)":null,"OBJECTID":7733}},{"type":"Feature","geometry":{"type":"MultiPolygon","coordinates":[[[[-79.4605111152997,43.6822481071633],[-79.4603238134125,43.6819658665063],[-79.4600766926446,43.6815934799178],[-79.4598355991654,43.6812301709121],[-79.4596685258743,43.6809784020805],[-79.4594284139138,43.6806143553156],[-79.4593198538296,43.6804507592659],[-79.4591289502491,43.6801465367718],[-79.4591285178357,43.6801458885226],[-79.4591068370315,43.6801143806696],[-79.4590744050969,43.6800672219792],[-79.4590423213845,43.6800205674775],[-79.459036428514,43.680011997915],[-79.4590306824912,43.6800045238646],[-79.4590185039539,43.6799886789861],[-79.4589976961879,43.6799556754061],[-79.4589638655536,43.6799064827844],[-79.4589300699211,43.6798515140211],[-79.4589131541644,43.6798239999248],[-79.4588962173622,43.6797964516132],[-79.4588623797311,43.6797414144039],[-79.4588389884036,43.6797033682273],[-79.458811609154,43.6796588342614],[-79.4587859321607,43.679617071507],[-79.4587609155263,43.6795763792412],[-79.4587099470058,43.6794934794331],[-79.4587099185127,43.6794934317158],[-79.4586819621391,43.6794479604718],[-79.4586818865683,43.6794478371264],[-79.4586543118087,43.6794029862039],[-79.4586267445236,43.6793581469787],[-79.458598784522,43.6793127234189],[-79.4585910354608,43.6793000647625],[-79.4585459970371,43.6792333765944],[-79.4585403869093,43.6792250708462],[-79.4585388034865,43.6792227254292],[-79.4585350491752,43.6792174366946],[-79.4585064193606,43.6791777224026],[-79.4584748555397,43.6791338601313],[-79.4584718028093,43.6791291657363],[-79.458444168462,43.6790866307775],[-79.4584132113507,43.679038979155],[-79.4583783814054,43.6789853681426],[-79.4583555529755,43.6789502312924],[-79.4583546188267,43.6789487934419],[-79.458332728291,43.6789150971392],[-79.4583045031747,43.6788716527967],[-79.4582960277197,43.6788586058976],[-79.4582881543816,43.6788464881535],[-79.4582574824671,43.6787992767553],[-79.4582374355471,43.6787684192217],[-79.4582315407822,43.6787593464415],[-79.4582080026275,43.6787231138409],[-79.4582062037231,43.6787203452784],[-79.458178524826,43.6786782080942],[-79.4581760556444,43.678674448241],[-79.4581435053349,43.6786248948811],[-79.4581192484326,43.6785879670965],[-79.4581143175178,43.6785804590919],[-79.4580842996646,43.6785347619062],[-79.4580599734564,43.6784977269674],[-79.4580006998961,43.678407489507],[-79.4579710984924,43.6783624234355],[-79.4579414252744,43.6783172502138],[-79.457910746979,43.6782728444264],[-79.4578798692529,43.6782281514149],[-79.4578496519445,43.6781844145781],[-79.4578183158915,43.6781390561829],[-79.4577753930571,43.6780769285458],[-79.457756760233,43.6780499591153],[-79.4577324727897,43.6780148035932],[-79.4576881401941,43.6779506339017],[-79.4576364903981,43.6778758732309],[-79.457586692969,43.6778037947156],[-79.4575248740999,43.6777143139641],[-79.457491179573,43.6776655421994],[-79.4574561990732,43.6776149075732],[-79.4574212892505,43.6775643773773],[-79.4573810941512,43.6775061958797],[-79.4573760509934,43.6774980721098],[-79.4572609835395,43.6773432343726],[-79.4570413890511,43.6770587445899],[-79.4570050579383,43.6770126513782],[-79.4569543919831,43.6769483709928],[-79.4568908744496,43.6768677852493],[-79.4568029634991,43.6767562518188],[-79.4567330019848,43.6766674903513],[-79.4567169343372,43.6766411473074],[-79.4566684422248,43.6765952654116],[-79.4566762914229,43.6765935320322],[-79.4566869143851,43.6765925639152],[-79.4566987464993,43.67658992291],[-79.456816153416,43.6765637158747],[-79.4567870933994,43.6765115818502],[-79.4567777630422,43.6764948421686],[-79.4566939832745,43.6763445406231],[-79.456636553435,43.6762331383154],[-79.456578045115,43.6761196445603],[-79.4564987832421,43.6759760253582],[-79.4564989143844,43.6759730306687],[-79.4564971223314,43.6759730173849],[-79.4564084602175,43.6758123649395],[-79.456404899999,43.6758067647601],[-79.4563240420713,43.6756796010357],[-79.4562422690439,43.6755509966895],[-79.4562099158395,43.6755043583554],[-79.4561924886145,43.6754792361909],[-79.4561876594914,43.6754722736181],[-79.4561554773722,43.6754871521653],[-79.4561534911887,43.6754880704384],[-79.4561527485673,43.6754877389049],[-79.4560910924198,43.6754602099001],[-79.4560242330301,43.6754303565194],[-79.4559790348853,43.6754101752622],[-79.4559148925846,43.6753349012942],[-79.4558895467701,43.6753118661355],[-79.4558855201455,43.6753082055443],[-79.4558384710049,43.675265444601],[-79.4558351061933,43.6752623873523],[-79.4558642151398,43.6752559671505],[-79.4559943122585,43.6752272733861],[-79.4560586959352,43.6752130733643],[-79.4561244675502,43.6751985668939],[-79.4562373196405,43.6751736764919],[-79.4562880364091,43.6752502701426],[-79.4564081306164,43.6754316350273],[-79.4564314966916,43.6754264627747],[-79.4564447932746,43.6754529083237],[-79.4566001500418,43.6757618954605],[-79.4567499007995,43.6759182214499],[-79.4567604303747,43.675915878789],[-79.4568895500106,43.6758871566353],[-79.4570143991007,43.6761892141614],[-79.457036114483,43.6762417504302],[-79.4571609662804,43.6765438104788],[-79.4572323104309,43.6767173313296],[-79.4572297006549,43.6767178965362],[-79.4571981538612,43.6767247365328],[-79.4570816156051,43.6767500036479],[-79.457150468587,43.6768393324685],[-79.4572184011529,43.6769274655265],[-79.4572349735769,43.6769489659778],[-79.4572872062172,43.6770167312348],[-79.4573199013954,43.6770591477608],[-79.4573547278127,43.6771043311775],[-79.4573546956853,43.6771041646411],[-79.4573903262227,43.6771505149175],[-79.4574235778884,43.677193653526],[-79.457462679262,43.6772443806129],[-79.4574970276113,43.6772889427159],[-79.4575000296175,43.6772932212587],[-79.4575317247946,43.6773383773516],[-79.4575609507572,43.6773800175038],[-79.4575904195993,43.6774220015886],[-79.4576151407487,43.6774572230151],[-79.4576219303047,43.6774668956487],[-79.4576516965842,43.6775093046896],[-79.4576840734238,43.6775554322333],[-79.4577164503117,43.6776015615678],[-79.4577488334453,43.6776476980961],[-79.457778770883,43.6776903502014],[-79.4578055366371,43.6777266200936],[-79.4578201065285,43.6777463635608],[-79.4579329872683,43.6778993267453],[-79.4583558512345,43.6785297439083],[-79.4587180624483,43.6790767493603],[-79.4587654958878,43.6791506447797],[-79.4588146868616,43.6792209348848],[-79.4588631649211,43.6792965030826],[-79.4589148333569,43.6793770447322],[-79.4589665081259,43.6794575953609],[-79.4589911345004,43.6794959813057],[-79.4590181768392,43.6795381351614],[-79.4590193550724,43.679539970952],[-79.4590471717894,43.6795833321545],[-79.4590698494065,43.6796186821398],[-79.4590718911869,43.6796218639356],[-79.4590964830046,43.6796601967364],[-79.4591215183955,43.6796992227915],[-79.4591473888721,43.6797395480291],[-79.4591747882484,43.6797822564546],[-79.4591768287997,43.6797854382479],[-79.4592062687721,43.6798313284589],[-79.459228578607,43.6798661039961],[-79.4592312770493,43.6798703103727],[-79.4592565405844,43.6799096893297],[-79.4592823728319,43.6799499578133],[-79.4593361684474,43.6800338107044],[-79.4593664799374,43.6800788001505],[-79.4593967927136,43.6801237886886],[-79.459427032432,43.6801686691766],[-79.4594574171614,43.6802137657391],[-79.4595180405501,43.6803037427557],[-79.4595502876881,43.6803516024553],[-79.4595795153405,43.6803949811239],[-79.4596048598838,43.6804325966716],[-79.4596342883401,43.6804762724399],[-79.4596644194617,43.680522715452],[-79.4596880731505,43.6805591728148],[-79.459748401272,43.6806521614392],[-79.4597809734065,43.6807023660273],[-79.4598135963957,43.6807526471348],[-79.4598542630767,43.6808153285662],[-79.4598951020646,43.6808782755817],[-79.4599733117507,43.6810033690359],[-79.4600515279565,43.6811284723376],[-79.4600631149456,43.6811487095368],[-79.4603235044791,43.6815331382444],[-79.460325100425,43.6815354989423],[-79.4603850068738,43.6816276544471],[-79.4605518763004,43.6818855439246],[-79.460700298395,43.6821136558701],[-79.4607867593128,43.6822465368109],[-79.4608949783501,43.6824116408193],[-79.461059877154,43.682662461017],[-79.4611139119203,43.6827446514713],[-79.4611652534956,43.6827335496069],[-79.461198702172,43.6827263167112],[-79.4612127228288,43.6827493099153],[-79.4614320478854,43.683108990051],[-79.4613980159545,43.6831164028437],[-79.461158845698,43.6831684997169],[-79.4610238886925,43.6831978952631],[-79.4608791397121,43.6828026676201],[-79.4605111152997,43.6822481071633]]]]},"properties":{"_id":8158,"FLOC_ID":"005751-P01","Property Description":"ROAD ALLOWANCE","Address":"0 LAKE SHORE BLVD E","City":"TORONTO","Intersection":"E LOWER JARVIS, N LAKE SHORE BLVD E","Ward \\#":19,"Ward Name":"Beaches-East York","Former Municipality":"Toronto (Amal)","District":"South","City Cluster":"Internal Services Group","Property Type":"Road Allowance","Property Status":"Sell Abutting Owner","Jurisdiction":"Facilities Management & Real Estate Services","Management":"Facilities Management & Real Estate Services","Owner":"City of Toronto","Area (M2)":1411,"Frontage (M)":20,"Depth (M)":70,"Area (FT2)":15188,"Frontage (FT)":66,"Depth (FT)":230,"OBJECTID":8158}},{"type":"Feature","geometry":{"type":"MultiPolygon","coordinates":[[[[-79.4370233417298,43.6900103803405],[-79.4370117976309,43.6900165713738],[-79.4370007616309,43.6900232325537],[-79.4369902722056,43.6900303431987],[-79.4369803616329,43.6900378790231],[-79.4369710646713,43.6900458157427],[-79.4369624111205,43.6900541263703],[-79.4369620733627,43.6900544601322],[-79.4369463061777,43.6900706060661],[-79.4369360926536,43.6900653706774],[-79.4369583753848,43.6900439265737],[-79.4370026514647,43.6900013298357],[-79.4370184436867,43.6899979747528],[-79.4370960969983,43.6899815019293],[-79.4370973959147,43.6899849249378],[-79.4370843120289,43.6899879151695],[-79.4370714744561,43.6899914213097],[-79.4370589204193,43.6899954343777],[-79.4370466896277,43.6899999408935],[-79.4370348180677,43.6900049282753],[-79.4370233417298,43.6900103803405]]]]},"properties":{"_id":8191,"FLOC_ID":"003085-P01","Property Description":"RESERVE STRIP","Address":"0 JESMOND AVE","City":"TORONTO","Intersection":"BTWN 201 CEDRIC AVE & 514 VAUGHAN RD","Ward \\#":12,"Ward Name":"Toronto-St. Paul's","Former Municipality":"York","District":"South","City Cluster":"Citizen-Focused Services Group B","Property Type":"Reserve Strip","Property Status":"City Use","Jurisdiction":"Transportation Services","Management":"Transportation Services","Owner":"City of Toronto","Area (M2)":6,"Frontage (M)":20,"Depth (M)":null,"Area (FT2)":66,"Frontage (FT)":66,"Depth (FT)":1,"OBJECTID":8191}},{"type":"Feature","geometry":{"type":"MultiPolygon","coordinates":[[[[-79.473452934092,43.6912434223215],[-79.4739038568018,43.6911408681655],[-79.4739136389807,43.6911846266022],[-79.4734627035475,43.6912871969954],[-79.473452934092,43.6912434223215]]]]},"properties":{"_id":8205,"FLOC_ID":"003198-P01","Property Description":"VACANT LAND","Address":"0 KEELE ST","City":"TORONTO","Intersection":"ADJ TO 2001 KEELE ST","Ward \\#":5,"Ward Name":"York South-Weston","Former Municipality":"York","District":"West","City Cluster":"Internal Services Group","Property Type":"Vacant Land","Property Status":"City Use","Jurisdiction":"Facilities Management & Real Estate Services","Management":"Facilities Management & Real Estate Services","Owner":"City of Toronto","Area (M2)":202,"Frontage (M)":5,"Depth (M)":38,"Area (FT2)":2178,"Frontage (FT)":16,"Depth (FT)":125,"OBJECTID":8205}},{"type":"Feature","geometry":{"type":"MultiPolygon","coordinates":[[[[-79.4328544165842,43.6847496455019],[-79.4328522519794,43.6847442398459],[-79.4328372938504,43.6847069764499],[-79.4328321445008,43.6846941816672],[-79.4328829135475,43.6846832208921],[-79.4329030160992,43.6847332826595],[-79.4329066152613,43.6847325007583],[-79.4330124771582,43.6849960418873],[-79.433008851927,43.6849968300775],[-79.4329580987353,43.6850078161209],[-79.4329403919622,43.6849637461405],[-79.4329348146456,43.6849498349499],[-79.4329222918932,43.684918675881],[-79.4329115306017,43.6848918528736],[-79.4329053434612,43.684876449807],[-79.4328883938125,43.6848342237295],[-79.4328850639565,43.6848259675764],[-79.4328713451895,43.684791790561],[-79.432858613508,43.68476006968],[-79.4328544165842,43.6847496455019]]]]},"properties":{"_id":8225,"FLOC_ID":"003086-P01","Property Description":"RESERVE STRIP","Address":"0 HURSTING AVE","City":"TORONTO","Intersection":"MAY BE ADJ TO 130 ATLAS AVE","Ward \\#":12,"Ward Name":"Toronto-St. Paul's","Former Municipality":"York","District":"South","City Cluster":"Citizen-Focused Services Group B","Property Type":"Reserve Strip","Property Status":"City Use","Jurisdiction":"Transportation Services","Management":"Transportation Services","Owner":"City of Toronto","Area (M2)":9,"Frontage (M)":null,"Depth (M)":30,"Area (FT2)":100,"Frontage (FT)":1,"Depth (FT)":100,"OBJECTID":8225}},{"type":"Feature","geometry":{"type":"MultiPolygon","coordinates":[[[[-79.4755172782973,43.6831322679171],[-79.4754929185759,43.6831283759317],[-79.4754687438961,43.6831239204989],[-79.4754447765833,43.683118905224],[-79.4754210439229,43.6831133355139],[-79.4753975694793,43.6831072176747],[-79.475374376817,43.6831005571124],[-79.4753514894999,43.6830933610334],[-79.475325646901,43.6830851525646],[-79.4752995113845,43.6830774490002],[-79.4752731015527,43.6830702557447],[-79.4752464360076,43.6830635782028],[-79.4752195333521,43.6830574199788],[-79.4752141522954,43.6830556590561],[-79.4752092142772,43.683053312244],[-79.4752048408267,43.683050435377],[-79.4752011361018,43.6830471004883],[-79.4751981930943,43.6830433868095],[-79.4751960824651,43.6830393861696],[-79.4751948550269,43.6830351966937],[-79.4751945405063,43.683030918303],[-79.4751951487815,43.6830266581151],[-79.4751966624463,43.683022516941],[-79.4751990467286,43.6830185982881],[-79.4752022420538,43.6830149966571],[-79.4752061702451,43.6830117993439],[-79.4752107370052,43.6830090855394],[-79.475215830678,43.6830069200286],[-79.4754300338264,43.6829522590103],[-79.4755172782973,43.6831322679171]]]]},"properties":{"_id":8236,"FLOC_ID":"003194-P01","Property Description":"VACANT LAND","Address":"14 NASHVILLE AVE","City":"YORK","Intersection":"ADJ TO 16 NASHVILLE AVE","Ward \\#":5,"Ward Name":"York South-Weston","Former Municipality":"York","District":"West","City Cluster":"Internal Services Group","Property Type":"Vacant Land","Property Status":"City Use","Jurisdiction":"Facilities Management & Real Estate Services","Management":"Facilities Management & Real Estate Services","Owner":"City of Toronto","Area (M2)":526,"Frontage (M)":22,"Depth (M)":null,"Area (FT2)":5663,"Frontage (FT)":72,"Depth (FT)":null,"OBJECTID":8236}},{"type":"Feature","geometry":{"type":"MultiPolygon","coordinates":[[[[-79.4668540230364,43.6945436079976],[-79.4669081655125,43.6945313720267],[-79.4669052498748,43.6945612653715],[-79.4668540230364,43.6945436079976]]]]},"properties":{"_id":8237,"FLOC_ID":"003195-P01","Property Description":"VACANT LAND","Address":"0 LONBOROUGH AVE","City":"TORONTO","Intersection":"ADJ TO 2 LONBOROUGH AVE","Ward \\#":5,"Ward Name":"York South-Weston","Former Municipality":"York","District":"West","City Cluster":"Internal Services Group","Property Type":"Vacant Land","Property Status":"City Use","Jurisdiction":"Facilities Management & Real Estate Services","Management":"Facilities Management & Real Estate Services","Owner":"City of Toronto","Area (M2)":null,"Frontage (M)":5,"Depth (M)":null,"Area (FT2)":null,"Frontage (FT)":15,"Depth (FT)":null,"OBJECTID":8237}},{"type":"Feature","geometry":{"type":"MultiPolygon","coordinates":[[[[-79.4666141355197,43.6946613776907],[-79.4665435517105,43.6947694238547],[-79.4665023644478,43.69462299679],[-79.4666141355197,43.6946613776907]]]]},"properties":{"_id":8238,"FLOC_ID":"003196-P01","Property Description":"VACANT LAND","Address":"0 STRATHNAIRN AVE","City":"TORONTO","Intersection":"ADJ TO 38 STRATHNAIRN AVE","Ward \\#":5,"Ward Name":"York South-Weston","Former Municipality":"York","District":"West","City Cluster":"Internal Services Group","Property Type":"Vacant Land","Property Status":"City Use","Jurisdiction":"Facilities Management & Real Estate Services","Management":"Facilities Management & Real Estate Services","Owner":"City of Toronto","Area (M2)":81,"Frontage (M)":10,"Depth (M)":null,"Area (FT2)":871,"Frontage (FT)":33,"Depth (FT)":null,"OBJECTID":8238}},{"type":"Feature","geometry":{"type":"MultiPolygon","coordinates":[[[[-79.4360371328886,43.6898420503445],[-79.4363653543281,43.689772863225],[-79.4363701151331,43.6897753079275],[-79.436361843725,43.6897764626902],[-79.4362400346326,43.6898024940773],[-79.4360381820027,43.689844687412],[-79.4360371328886,43.6898420503445]]]]},"properties":{"_id":8239,"FLOC_ID":"003200-P01","Property Description":"RESERVE STRIP","Address":"0 VAUGHAN RD","City":"TORONTO","Intersection":"S OF VAUGHAN RD","Ward \\#":12,"Ward Name":"Toronto-St. Paul's","Former Municipality":"York","District":"South","City Cluster":"Citizen-Focused Services Group B","Property Type":"Reserve Strip","Property Status":"City Use","Jurisdiction":"Transportation Services","Management":"Transportation Services","Owner":"City of Toronto","Area (M2)":8,"Frontage (M)":28,"Depth (M)":null,"Area (FT2)":90,"Frontage (FT)":90,"Depth (FT)":1,"OBJECTID":8239}},{"type":"Feature","geometry":{"type":"MultiPolygon","coordinates":[[[[-79.4307551394098,43.6874041479082],[-79.4311190275241,43.6873266865202],[-79.4311200664556,43.6873293236277],[-79.4307561311785,43.687406795792],[-79.4307551394098,43.6874041479082]]]]},"properties":{"_id":8240,"FLOC_ID":"003201-P01","Property Description":"RESERVE STRIP","Address":"0 ARLINGTON AVE","City":"TORONTO","Intersection":"BTWN 307 & 309 ARLINGTON AVE","Ward \\#":12,"Ward Name":"Toronto-St. Paul's","Former Municipality":"York","District":"South","City Cluster":"Citizen-Focused Services Group B","Property Type":"Reserve Strip","Property Status":"City Use","Jurisdiction":"Transportation Services","Management":"Transportation Services","Owner":"City of Toronto","Area (M2)":9,"Frontage (M)":null,"Depth (M)":31,"Area (FT2)":100,"Frontage (FT)":1,"Depth (FT)":100,"OBJECTID":8240}},{"type":"Feature","geometry":{"type":"MultiPolygon","coordinates":[[[[-79.4735477086464,43.6826271094615],[-79.4735818611972,43.6827054035549],[-79.4736091852806,43.6827680517839],[-79.4736160175617,43.6827836886366],[-79.4736296585649,43.6828149704365],[-79.4736501690506,43.6828619809069],[-79.4736323696065,43.6828666394811],[-79.4735299092709,43.6826317518175],[-79.4735477086464,43.6826271094615]]]]},"properties":{"_id":8248,"FLOC_ID":"003202-P01","Property Description":"VACANT LAND","Address":"30 GILPIN AVE","City":"TORONTO","Intersection":"ADJ TO 26 GILPIN AVE","Ward \\#":5,"Ward Name":"York South-Weston","Former Municipality":"York","District":"West","City Cluster":"Internal Services Group","Property Type":"Vacant Land","Property Status":"City Use","Jurisdiction":"Facilities Management & Real Estate Services","Management":"Facilities Management & Real Estate Services","Owner":"City of Toronto","Area (M2)":40,"Frontage (M)":2,"Depth (M)":27,"Area (FT2)":436,"Frontage (FT)":5,"Depth (FT)":90,"OBJECTID":8248}},{"type":"Feature","geometry":{"type":"MultiPolygon","coordinates":[[[[-79.4330480534037,43.690950115888],[-79.4330317039278,43.6909477191668],[-79.4330155324784,43.6909447518653],[-79.4329995787454,43.6909412194078],[-79.432983879935,43.6909371299171],[-79.4329684720087,43.6909324951163],[-79.432953390932,43.6909273231278],[-79.4333989094604,43.6908328494242],[-79.4334148792322,43.6908723375165],[-79.4330480534037,43.690950115888]]]]},"properties":{"_id":8249,"FLOC_ID":"003203-P01","Property Description":"VACANT LAND","Address":"454 ARLINGTON AVE","City":"TORONTO","Intersection":"ADJ TO 450 ARLINGTON AVE","Ward \\#":12,"Ward Name":"Toronto-St. Paul's","Former Municipality":"York","District":"South","City Cluster":"Internal Services Group","Property Type":"Vacant Land","Property Status":"City Use","Jurisdiction":"Facilities Management & Real Estate Services","Management":"Facilities Management & Real Estate Services","Owner":"City of Toronto","Area (M2)":202,"Frontage (M)":5,"Depth (M)":41,"Area (FT2)":2178,"Frontage (FT)":15,"Depth (FT)":136,"OBJECTID":8249}},{"type":"Feature","geometry":{"type":"MultiPolygon","coordinates":[[[[-79.4682934650606,43.6940297230211],[-79.4682639760759,43.6940363649924],[-79.4681924692015,43.6937549080069],[-79.4682221189818,43.6937489204924],[-79.4682934650606,43.6940297230211]]]]},"properties":{"_id":8264,"FLOC_ID":"003197-P01","Property Description":"VACANT LAND","Address":"0 LONBOROUGH AVE","City":"TORONTO","Intersection":"BTWN 29 & 31 LONBOROUGH AVE","Ward \\#":5,"Ward Name":"York South-Weston","Former Municipality":"York","District":"West","City Cluster":"Internal Services Group","Property Type":"Vacant Land","Property Status":"City Use","Jurisdiction":"Facilities Management & Real Estate Services","Management":"Facilities Management & Real Estate Services","Owner":"City of Toronto","Area (M2)":81,"Frontage (M)":2,"Depth (M)":32,"Area (FT2)":871,"Frontage (FT)":8,"Depth (FT)":104,"OBJECTID":8264}},{"type":"Feature","geometry":{"type":"MultiPolygon","coordinates":[[[[-79.4915696435896,43.6883140209452],[-79.4916132509115,43.688253171755],[-79.4916568581446,43.6881923270482],[-79.4918312961206,43.6879489336467],[-79.4920567165361,43.688025390389],[-79.4920575711545,43.6880256775899],[-79.4918831574406,43.6882690605336],[-79.4918395503802,43.6883299089264],[-79.4918062805192,43.6883763451599],[-79.4917959469546,43.6883907447004],[-79.4917627465035,43.6884370891124],[-79.4917523521226,43.6884515903592],[-79.4917368808861,43.6884731851635],[-79.4917087435572,43.6885124387001],[-79.4916651361445,43.6885732843233],[-79.4916435470428,43.6886034101013],[-79.4916258102412,43.6886281623806],[-79.4914849808488,43.6885806458112],[-79.4914458443162,43.688567440681],[-79.4914121059397,43.6885560578065],[-79.4913992940428,43.6885517344185],[-79.4914062803575,43.6885419838346],[-79.4914388198547,43.6884965666115],[-79.4914824286811,43.6884357210738],[-79.4915260349397,43.6883748656173],[-79.4915696435896,43.6883140209452]]]]},"properties":{"_id":8274,"FLOC_ID":"003205-P01","Property Description":"VACANT LAND","Address":"0 WESTON RD","City":"TORONTO","Intersection":"ADJ 1209 WESTON RD","Ward \\#":5,"Ward Name":"York South-Weston","Former Municipality":"York","District":"West","City Cluster":"Internal Services Group","Property Type":"Vacant Land","Property Status":"City Use","Jurisdiction":"Facilities Management & Real Estate Services","Management":"Facilities Management & Real Estate Services","Owner":"City of Toronto","Area (M2)":2,"Frontage (M)":null,"Depth (M)":30,"Area (FT2)":25,"Frontage (FT)":null,"Depth (FT)":100,"OBJECTID":8274}},{"type":"Feature","geometry":{"type":"MultiPolygon","coordinates":[[[[-79.4368910079005,43.6980739807021],[-79.4364089640645,43.6981777459075],[-79.4363586157132,43.6980540969309],[-79.4368407319208,43.6979502572648],[-79.4368910079005,43.6980739807021]]]]},"properties":{"_id":8423,"FLOC_ID":"004959-P01","Property Description":"VACANT LAND","Address":"495 WINNETT AVE","City":"TORONTO","Intersection":"ADJ N 493 WINNETT AVE","Ward \\#":12,"Ward Name":"Toronto-St. Paul's","Former Municipality":"Metro Toronto","District":"South","City Cluster":"Internal Services Group","Property Type":"Vacant Land","Property Status":"City Use","Jurisdiction":"Facilities Management & Real Estate Services","Management":"Facilities Management & Real Estate Services","Owner":"City of Toronto","Area (M2)":567,"Frontage (M)":14,"Depth (M)":41,"Area (FT2)":6098,"Frontage (FT)":47,"Depth (FT)":133,"OBJECTID":8423}},{"type":"Feature","geometry":{"type":"MultiPolygon","coordinates":[[[[-79.4781871106927,43.6890193981943],[-79.4782528152554,43.6891694092781],[-79.4782877077776,43.6892490477108],[-79.4782268680176,43.6892912819389],[-79.4781697018955,43.6891604938503],[-79.478114960321,43.6890352680978],[-79.4781871106927,43.6890193981943]]]]},"properties":{"_id":8684,"FLOC_ID":"003215-P01","Property Description":"VACANT LAND","Address":"0 EGLINTON AVE W","City":"TORONTO","Intersection":"REAR OF 24 HERTFORD AVE","Ward \\#":5,"Ward Name":"York South-Weston","Former Municipality":"York","District":"West","City Cluster":"Internal Services Group","Property Type":"Vacant Land","Property Status":"City Use","Jurisdiction":"Facilities Management & Real Estate Services","Management":"Facilities Management & Real Estate Services","Owner":"City of Toronto","Area (M2)":202,"Frontage (M)":6,"Depth (M)":null,"Area (FT2)":2178,"Frontage (FT)":21,"Depth (FT)":null,"OBJECTID":8684}},{"type":"Feature","geometry":{"type":"MultiPolygon","coordinates":[[[[-79.4633376119982,43.6868605848468],[-79.463751525825,43.6867653930466],[-79.4637795827403,43.6868310007409],[-79.4633656933908,43.6869260675314],[-79.4633376119982,43.6868605848468]]]]},"properties":{"_id":9407,"FLOC_ID":"003297-P01","Property Description":"VACANT LAND","Address":"428 BLACKTHORN AVE","City":"YORK","Intersection":"ADJ TO 432  BLACKTHORN AVE","Ward \\#":5,"Ward Name":"York South-Weston","Former Municipality":"York","District":"West","City Cluster":"Internal Services Group","Property Type":"Vacant Land","Property Status":"City Use","Jurisdiction":"Facilities Management & Real Estate Services","Management":"Facilities Management & Real Estate Services","Owner":"City of Toronto","Area (M2)":283,"Frontage (M)":8,"Depth (M)":35,"Area (FT2)":3049,"Frontage (FT)":25,"Depth (FT)":115,"OBJECTID":9407}},{"type":"Feature","geometry":{"type":"MultiPolygon","coordinates":[[[[-79.4341220656155,43.6945261349205],[-79.4340086650355,43.6945199189269],[-79.4339850064278,43.6945186189815],[-79.4338993816711,43.6945139203326],[-79.4338958686045,43.6945137292739],[-79.4337886854048,43.6945078506053],[-79.4337451789914,43.694505458957],[-79.4337297835732,43.6944683053038],[-79.4337179713357,43.694439782364],[-79.4337767900221,43.6944297170063],[-79.4340860667774,43.694376766542],[-79.4340984773729,43.6944073312819],[-79.434103203225,43.6944181553589],[-79.4341084812773,43.6944288438346],[-79.4341143065846,43.6944393814037],[-79.4341226335067,43.694452735118],[-79.434131842811,43.6944657796957],[-79.4341419146813,43.694478485421],[-79.4341528231008,43.694490820774],[-79.4341645445296,43.694502757837],[-79.434174748978,43.6945122213706],[-79.4341854599081,43.6945213845516],[-79.4341966612066,43.6945302347691],[-79.4341220656155,43.6945261349205]]]]},"properties":{"_id":9443,"FLOC_ID":"005881-P01","Property Description":"VACANT LAND","Address":"553 ARLINGTON AVE","City":"TORONTO","Intersection":"ADJ N 551 ARLINGTON AVE","Ward \\#":12,"Ward Name":"Toronto-St. Paul's","Former Municipality":"York","District":"South","City Cluster":"Internal Services Group","Property Type":"Vacant Land","Property Status":"Potentially Surplus","Jurisdiction":"Facilities Management & Real Estate Services","Management":"Facilities Management & Real Estate Services","Owner":"Province of Ontario","Area (M2)":596,"Frontage (M)":12,"Depth (M)":null,"Area (FT2)":6420,"Frontage (FT)":39,"Depth (FT)":null,"OBJECTID":9443}},{"type":"Feature","geometry":{"type":"MultiPolygon","coordinates":[[[[-79.4375068151785,43.7013401051487],[-79.4375028845296,43.7013270601442],[-79.4374783190309,43.7012454447012],[-79.4374745232108,43.7012328039268],[-79.437453833984,43.7011640795313],[-79.4374498378527,43.7011507923543],[-79.4374336270593,43.7010969108166],[-79.4374213480913,43.7010561282924],[-79.4374400123444,43.70105214104],[-79.4374563009284,43.701092053532],[-79.4374778231162,43.7011448020102],[-79.4374781089779,43.7011455141679],[-79.437483121045,43.7011578036575],[-79.4375105736395,43.701225074438],[-79.4375156253184,43.7012374638619],[-79.4375158468348,43.701238012161],[-79.4375482163047,43.7013173383338],[-79.4375534412782,43.701330132008],[-79.4375068151785,43.7013401051487]]]]},"properties":{"_id":9451,"FLOC_ID":"004235-P01","Property Description":"VACANT LAND","Address":"43R PARK HILL RD","City":"TORONTO","Intersection":"REAR 43 PARK HILL RD","Ward \\#":8,"Ward Name":"Eglinton-Lawrence","Former Municipality":"Metro Toronto","District":"North","City Cluster":"Internal Services Group","Property Type":"Vacant Land","Property Status":"Sell Abutting Owner","Jurisdiction":"Facilities Management & Real Estate Services","Management":"Facilities Management & Real Estate Services","Owner":"City of Toronto","Area (M2)":18,"Frontage (M)":11,"Depth (M)":2,"Area (FT2)":196,"Frontage (FT)":35,"Depth (FT)":6,"OBJECTID":9451}},{"type":"Feature","geometry":{"type":"MultiPolygon","coordinates":[[[[-79.4375068151785,43.7013401051487],[-79.4375028845296,43.7013270601442],[-79.4374783190309,43.7012454447012],[-79.4374745232108,43.7012328039268],[-79.437453833984,43.7011640795313],[-79.4374498378527,43.7011507923543],[-79.4374336270593,43.7010969108166],[-79.4374213480913,43.7010561282924],[-79.4374400123444,43.70105214104],[-79.4374563009284,43.701092053532],[-79.4374778231162,43.7011448020102],[-79.4374781089779,43.7011455141679],[-79.437483121045,43.7011578036575],[-79.4375105736395,43.701225074438],[-79.4375156253184,43.7012374638619],[-79.4375158468348,43.701238012161],[-79.4375482163047,43.7013173383338],[-79.4375534412782,43.701330132008],[-79.4375068151785,43.7013401051487]]]]},"properties":{"_id":9488,"FLOC_ID":"004235-P02","Property Description":"SEVERED PROPERTY SALE","Address":"45R PARK HILL RD","City":"TORONTO","Intersection":"REAR 45 PARK HILL RD","Ward \\#":8,"Ward Name":"Eglinton-Lawrence","Former Municipality":"Metro Toronto","District":"North","City Cluster":"Internal Services Group","Property Type":"Vacant Land","Property Status":"Sell Abutting Owner","Jurisdiction":"Facilities Management & Real Estate Services","Management":"Facilities Management & Real Estate Services","Owner":"City of Toronto","Area (M2)":26,"Frontage (M)":11,"Depth (M)":2,"Area (FT2)":277,"Frontage (FT)":35,"Depth (FT)":8,"OBJECTID":9488}},{"type":"Feature","geometry":{"type":"MultiPolygon","coordinates":[[[[-79.4375068151785,43.7013401051487],[-79.4375028845296,43.7013270601442],[-79.4374783190309,43.7012454447012],[-79.4374745232108,43.7012328039268],[-79.437453833984,43.7011640795313],[-79.4374498378527,43.7011507923543],[-79.4374336270593,43.7010969108166],[-79.4374213480913,43.7010561282924],[-79.4374400123444,43.70105214104],[-79.4374563009284,43.701092053532],[-79.4374778231162,43.7011448020102],[-79.4374781089779,43.7011455141679],[-79.437483121045,43.7011578036575],[-79.4375105736395,43.701225074438],[-79.4375156253184,43.7012374638619],[-79.4375158468348,43.701238012161],[-79.4375482163047,43.7013173383338],[-79.4375534412782,43.701330132008],[-79.4375068151785,43.7013401051487]]]]},"properties":{"_id":9489,"FLOC_ID":"004235-P03","Property Description":"SEVERED PROPERTY SALE","Address":"47R PARK HILL RD","City":"TORONTO","Intersection":"REAR 47 PARK HILL RD","Ward \\#":8,"Ward Name":"Eglinton-Lawrence","Former Municipality":"Metro Toronto","District":"North","City Cluster":"Internal Services Group","Property Type":"Vacant Land","Property Status":"Sell Abutting Owner","Jurisdiction":"Facilities Management & Real Estate Services","Management":"Facilities Management & Real Estate Services","Owner":"City of Toronto","Area (M2)":40,"Frontage (M)":11,"Depth (M)":4,"Area (FT2)":431,"Frontage (FT)":35,"Depth (FT)":12,"OBJECTID":9489}},{"type":"Feature","geometry":{"type":"MultiPolygon","coordinates":[[[[-79.4861698189816,43.6863527800626],[-79.4861828416594,43.6863592085688],[-79.4862054143046,43.6863703639112],[-79.4862701407932,43.6864023425369],[-79.4862765045531,43.6864054784553],[-79.4863546792407,43.686444093508],[-79.4861517102626,43.6866609141157],[-79.4861030338502,43.6866364786694],[-79.486073958496,43.6866218858174],[-79.4860032415609,43.6865863832382],[-79.4859807941796,43.6865751117548],[-79.4859185470452,43.6865438704785],[-79.4861202720619,43.6863283085117],[-79.4861698189816,43.6863527800626]]]]},"properties":{"_id":9806,"FLOC_ID":"004943-P01","Property Description":"VACANT LAND","Address":"117 BROWNVILLE AVE","City":"YORK","Intersection":"BTWN 115 & 123 BROWNVILLE AVE","Ward \\#":5,"Ward Name":"York South-Weston","Former Municipality":"Metro Toronto","District":"West","City Cluster":"Internal Services Group","Property Type":"Vacant Land","Property Status":"Potentially Surplus","Jurisdiction":"Facilities Management & Real Estate Services","Management":"Facilities Management & Real Estate Services","Owner":"City of Toronto","Area (M2)":648,"Frontage (M)":23,"Depth (M)":29,"Area (FT2)":6970,"Frontage (FT)":75,"Depth (FT)":95,"OBJECTID":9806}}]}