{"type": "FeatureCollection", "features": [{"type": "Feature", "geometry": {"type": "Polygon", "coordinates": [[[-79.51402248623712, 43.75501523186316], [-79.5140588854918, 43.75510144573035], [-79.51407506552445, 43.7551506534954], [-79.51408709924033, 43.75520558655477], [-79.51409837325339, 43.755251095412326], [-79.51410098544413, 43.755322555899454], [-79.51411894326313, 43.755379765535366], [-79.51414941499205, 43.75547379767312], [-79.51411254170183, 43.75556493073729], [-79.51409360449854, 43.75562083074395], [-79.51407229407404, 43.75567124028581], [-79.51405116476836, 43.75575283907983], [-79.51401891763572, 43.75582011826849], [-79.51398783210227, 43.75586312097521], [-79.51395983769984, 43.75590182970674], [-79.51393759517737, 43.75595005203484], [-79.51389991625338, 43.75599693505254], [-79.51385788939427, 43.75603758973047], [-79.5138248165142, 43.75607983652847], [-79.51376867109079, 43.75612607364509], [-79.51373711306849, 43.75616797818767], [-79.51367210391953, 43.7562282042389], [-79.51364582116419, 43.756259324645995], [-79.5135573575358, 43.75633802396085], [-79.51350384748523, 43.756398068525385], [-79.51338063908317, 43.756488176364336], [-79.51334746707754, 43.75653405052962], [-79.51330476773637, 43.756569592378206], [-79.51326994545519, 43.75662220863631], [-79.51323374175232, 43.75666164723759], [-79.51320318134752, 43.75672533449795], [-79.5131596304938, 43.75678637688329], [-79.51313061249029, 43.7568621436001], [-79.51312854450026, 43.75686645722856], [-79.51310740033868, 43.756910554895796], [-79.51308127161346, 43.75696737367177], [-79.51306967580923, 43.75703893479974], [-79.51306969917036, 43.75714626549621], [-79.51308714772752, 43.75726201034922], [-79.51310169178332, 43.7573272586168], [-79.51311330046548, 43.75737145333627], [-79.51313412611732, 43.75742612442976], [-79.51314728842448, 43.7574760077452], [-79.51340470920317, 43.758059653711506], [-79.51342094175057, 43.758175956713885], [-79.51344124922927, 43.75824340055123], [-79.51350146924311, 43.75835831216755], [-79.51353603520572, 43.75843217217814], [-79.51357177638222, 43.75848538321497], [-79.51359255277121, 43.75853832598382], [-79.51364244149327, 43.75860156268486], [-79.51368352055025, 43.758643989574026], [-79.51371753036035, 43.75867360854617], [-79.51373747806615, 43.75868622587516], [-79.51378065257839, 43.75871352140901], [-79.51382740946842, 43.75876547986361], [-79.51386419036488, 43.75880166935411], [-79.51390329492116, 43.758843331297754], [-79.5139769978727, 43.75888091144492], [-79.5140224706492, 43.75891035789937], [-79.51406587893752, 43.75892708585191], [-79.51408069166689, 43.758934923199085], [-79.51411693977073, 43.75895410124866], [-79.5141654427534, 43.75898289018179], [-79.51421650367675, 43.75900989653254], [-79.51426024852678, 43.75903135001469], [-79.51430528291654, 43.75904411713203], [-79.51483533547339, 43.759225855495906], [-79.51559919900131, 43.75948775347416], [-79.51571235923738, 43.75952494005325], [-79.51591694440947, 43.7596377151453], [-79.51597694062248, 43.759681929811016], [-79.51604273824604, 43.759732039435455], [-79.5161072633199, 43.759806434515326], [-79.51614161156749, 43.759840760354834], [-79.51620951401054, 43.75991185144775], [-79.51629171639968, 43.76000237411361], [-79.51634760969267, 43.76007304377587], [-79.51639694597498, 43.760144515460055], [-79.51643420693962, 43.76020168590793], [-79.51646600436857, 43.76026203456371], [-79.51650767106896, 43.76035256290119], [-79.51654368621031, 43.76043982459464], [-79.51675011552504, 43.760869243074005], [-79.51676152267834, 43.76089126740358], [-79.51684667434391, 43.76112776211176], [-79.5168908705934, 43.76124396141998], [-79.5169445733091, 43.76137922389638], [-79.51695580502111, 43.761483051371144], [-79.51696003296514, 43.76163373126159], [-79.51693648403729, 43.76180467702536], [-79.51692511742324, 43.76197135439516], [-79.51689343125962, 43.76205970340536], [-79.51678411106455, 43.762246187982306], [-79.51666759480814, 43.762430369184784], [-79.51654397430379, 43.76261210205806], [-79.51641334633686, 43.76279124164561], [-79.5163441104668, 43.762821361560505], [-79.51627923757755, 43.76285138089839], [-79.51623187615266, 43.76287990351061], [-79.51614959418328, 43.76292339107603], [-79.51610200684756, 43.76294357853303], [-79.516052793539, 43.76296771773566], [-79.51597503187458, 43.76301020540399], [-79.51589936829366, 43.763049821337006], [-79.51582577797394, 43.76308657454362], [-79.51573908160445, 43.76311186194975], [-79.51568499845658, 43.76313229315982], [-79.5155921554152, 43.76316254097161], [-79.51552647298544, 43.763186745200755], [-79.515411215332, 43.7632303807266], [-79.51477123482007, 43.763396708812444], [-79.51459011417741, 43.763443781467416], [-79.51430982619416, 43.763516627792754], [-79.51358490435312, 43.763705039829], [-79.5132183705923, 43.76378297038209], [-79.51305601129404, 43.76381668961921], [-79.51286624703859, 43.76387929663525], [-79.51276294680594, 43.76392386426575], [-79.51267055170916, 43.76397078891424], [-79.51253418979793, 43.7640191225083], [-79.51242786194987, 43.7640799463732], [-79.5123633220569, 43.76411468908703], [-79.5122728026835, 43.76416600580563], [-79.51219666670099, 43.764222658642474], [-79.51209790735767, 43.76424847564037], [-79.51203688367406, 43.76429166094225], [-79.51198457840057, 43.764332739011586], [-79.51193661926163, 43.76436961303258], [-79.51188286153057, 43.764414903778004], [-79.51187724870643, 43.764420332097764], [-79.51183927518805, 43.76445703401603], [-79.5117927830909, 43.76450232396559], [-79.51174482596512, 43.76455078247615], [-79.51171286408523, 43.76458975204133], [-79.51166346915406, 43.7646540078069], [-79.51162860267893, 43.76470245592956], [-79.51160100074215, 43.76474458444724], [-79.51157339978182, 43.764791978671866], [-79.51154578818237, 43.764848860176905], [-79.5115240016167, 43.7649057320863], [-79.5115080254638, 43.764951027836794], [-79.51149640859063, 43.76499526100231], [-79.51148189301448, 43.7650795138823], [-79.5114746370246, 43.76513112760685], [-79.51147319069574, 43.76516693460522], [-79.51165756309102, 43.766155636868675], [-79.51150423035486, 43.766191596070136], [-79.5115113286336, 43.76621084536099], [-79.51151237243205, 43.76621332959211], [-79.51151242213993, 43.76621346460539], [-79.51071626197692, 43.766388192661545], [-79.51070682065765, 43.76637859824794], [-79.51028801425609, 43.76595318512407], [-79.5102640386309, 43.765928838982944], [-79.5100601280951, 43.76583000572721], [-79.51003850328085, 43.765824858931296], [-79.50963609114064, 43.76572914759962], [-79.50951940949795, 43.76570139761755], [-79.50937699196135, 43.765667528801416], [-79.5091321676441, 43.76538279504883], [-79.5090616574817, 43.765300808550485], [-79.50900724207698, 43.76528735602816], [-79.50869823484047, 43.765211017213375], [-79.50848747124807, 43.76515894839955], [-79.5084884770084, 43.76515695005402], [-79.50854226893844, 43.76505001965298], [-79.50864661644164, 43.76484258858555], [-79.50864851619147, 43.76483881693045], [-79.50864767146248, 43.76483774584912], [-79.50864636710254, 43.76483609872445], [-79.50846763320807, 43.764610433500806], [-79.50713501075616, 43.76450242789665], [-79.50678955681165, 43.76371187704252], [-79.50679123850162, 43.76371209117167], [-79.50683542883998, 43.76367970303972], [-79.50688347563234, 43.763648195877984], [-79.50692698981373, 43.76361221806347], [-79.50692700471363, 43.763612182957786], [-79.50693888279746, 43.76357675972653], [-79.50699492948961, 43.76340966301415], [-79.50699491334014, 43.763409632411005], [-79.50698482596847, 43.76334633822936], [-79.50698059512037, 43.7633195778522], [-79.50697799994416, 43.763303225489], [-79.50685610473795, 43.763236996466496], [-79.5068560724448, 43.763236983866726], [-79.50658166894141, 43.76317075369585], [-79.50637043497221, 43.76314238570788], [-79.50617018672067, 43.763115500138404], [-79.50596605731505, 43.76308731644426], [-79.50585013629089, 43.76307131106035], [-79.50566924264193, 43.763047475035314], [-79.50551480123028, 43.76302708851969], [-79.50511856230402, 43.7629830297606], [-79.5051185188335, 43.76298301716084], [-79.5050400236904, 43.76294674931904], [-79.50498808918833, 43.7629197110218], [-79.5048927127197, 43.7628775660149], [-79.50476482143696, 43.76235148497902], [-79.5043253430123, 43.7605437655625], [-79.50414474925228, 43.76012144455521], [-79.50374653066613, 43.760211171740174], [-79.50352245159806, 43.759688410933116], [-79.50333128968127, 43.75923824809994], [-79.50311678239926, 43.7591358147589], [-79.50270618158582, 43.758939735229895], [-79.5028136415871, 43.758826705991254], [-79.50292104281768, 43.75871373695908], [-79.50302844985315, 43.758600758822375], [-79.50313585524306, 43.75848779048389], [-79.50324326022881, 43.75837482204224], [-79.5033506610847, 43.75826185169729], [-79.50345813107744, 43.75814880383653], [-79.50354406406277, 43.75805841984229], [-79.50365941837326, 43.75797159033023], [-79.5037766971697, 43.75788331413894], [-79.50378166242969, 43.75788700988042], [-79.50391584101614, 43.75779021511917], [-79.50390807022261, 43.75778443029355], [-79.50403932611268, 43.757685634511624], [-79.50396105183749, 43.75775759759832], [-79.50404989498809, 43.75769350121422], [-79.50403932611268, 43.757685634511624], [-79.50370237791586, 43.75743498861512], [-79.50360427431083, 43.75741894525412], [-79.50372851588757, 43.75732088184398], [-79.50481017111356, 43.756527428657165], [-79.5048607109362, 43.75648467966033], [-79.5048975785013, 43.756448799168844], [-79.50494496327511, 43.75639841722302], [-79.50498498375842, 43.75634726147237], [-79.50501657211122, 43.756296880183804], [-79.50503868571843, 43.756253367245755], [-79.50505764481869, 43.756207559128], [-79.50506880294064, 43.7561800517622], [-79.50511498761125, 43.75614273868875], [-79.5052031031429, 43.75616457620635], [-79.50520364444297, 43.75616292445523], [-79.50525988817739, 43.755972461162294], [-79.5054740449677, 43.75600569626583], [-79.50551480021811, 43.756012021274394], [-79.50554506302767, 43.75601671935471], [-79.50587993120844, 43.75592841670994], [-79.50593744012767, 43.755797085722826], [-79.50599493637715, 43.75566575560455], [-79.50599976972761, 43.75565473513892], [-79.50601601289158, 43.75561760689091], [-79.50605529785791, 43.75552789040578], [-79.50606393899645, 43.75550816824127], [-79.50857164829158, 43.755101404775026], [-79.50886791838612, 43.75505333987607], [-79.50910053328431, 43.75475705580349], [-79.50936997640997, 43.75449113120113], [-79.50967257792912, 43.75419248185208], [-79.50980912417339, 43.7540571276091], [-79.51090118717964, 43.75390917884154], [-79.51089841231693, 43.75389168340029], [-79.51091753318994, 43.75389009105679], [-79.51091852040219, 43.7538900090512], [-79.51106337482682, 43.75387794156441], [-79.51111315885933, 43.75387379436513], [-79.51128037407541, 43.753603227772636], [-79.5113523413734, 43.75362634572852], [-79.51135235999462, 43.75362631602258], [-79.51136087231006, 43.75361237855964], [-79.5113608958964, 43.75361233805172], [-79.51178708873057, 43.753888316058735], [-79.51181922551629, 43.75390912270173], [-79.51189972033939, 43.75396124231764], [-79.51229331132332, 43.75455483045731], [-79.51229444504249, 43.75455457470025], [-79.51229636021404, 43.75455605069705], [-79.51239125207606, 43.75462959765518], [-79.5123912868499, 43.754629612953515], [-79.5124754268481, 43.75469483216179], [-79.51248116762685, 43.754694268057634], [-79.51254548718227, 43.75468790974345], [-79.5125905253622, 43.75468272367937], [-79.51259250103678, 43.75468249663057], [-79.5128565718072, 43.754657164756225], [-79.51296818836714, 43.7546461319328], [-79.5131150193911, 43.7546316231882], [-79.51342367698942, 43.754601115468404], [-79.51366521102652, 43.75457723896988], [-79.51382282087832, 43.75454228801821], [-79.51386624584197, 43.75464515159153], [-79.5139978038862, 43.75495676735972], [-79.51402248623712, 43.75501523186316]]]}, "properties": {"StationName": "Tobermory", "MTSA_Type": "Protected Major Transit Station Area", "SASP_No": 638}}, {"type": "Feature", "geometry": {"type": "Polygon", "coordinates": [[[-79.3119120549681, 43.72280582920426], [-79.31189765223921, 43.72280754185115], [-79.31189049027094, 43.72280374052398], [-79.31187160684007, 43.722813430833234], [-79.31180379300588, 43.72284823518321], [-79.31146390217201, 43.72302267803123], [-79.31141498346643, 43.723047917944974], [-79.31136645049358, 43.723072834428], [-79.31139311921956, 43.72310963968105], [-79.311420529536, 43.723147445293705], [-79.31143789269765, 43.7231713993518], [-79.31140671830696, 43.72317817989468], [-79.31132490720054, 43.72319598444087], [-79.31117843992757, 43.723270399229044], [-79.31072333488603, 43.72350161860016], [-79.310344705847, 43.72369396950766], [-79.3100978752614, 43.72381936162439], [-79.30963171134148, 43.72390684377048], [-79.30918258199758, 43.72414462886656], [-79.30831929890091, 43.72459774918643], [-79.30796538583111, 43.72477268013314], [-79.30787020236473, 43.72482202722811], [-79.30776879840765, 43.724875864422735], [-79.30761229387224, 43.72493861007915], [-79.30752095554742, 43.72499246399423], [-79.30745288740857, 43.72505085767819], [-79.30745500261754, 43.72512287148937], [-79.30697346041887, 43.72505905033997], [-79.30692023271669, 43.72520748157529], [-79.30689049408765, 43.725288442863544], [-79.30686750519716, 43.72531990850465], [-79.30685853760504, 43.72533339527303], [-79.30679983528921, 43.72537380182885], [-79.30673027033933, 43.72541869062772], [-79.30660364108705, 43.72547698476759], [-79.30586433398865, 43.725840283333284], [-79.30506674219477, 43.726230481545024], [-79.30485771824128, 43.72633814022918], [-79.30470426826287, 43.72640988838032], [-79.30457883319221, 43.72645468038841], [-79.30445884912743, 43.72649498094447], [-79.30431789841245, 43.72653974612125], [-79.30416187337138, 43.72657098337956], [-79.30401864744977, 43.726597741731396], [-79.30384632482533, 43.72662895061377], [-79.30343033568651, 43.726686744289], [-79.30358972002412, 43.72706354443949], [-79.30343384755156, 43.72714514491201], [-79.30343390049786, 43.72714527552154], [-79.30343336588369, 43.72714554464052], [-79.30341865107307, 43.727153100210394], [-79.30291166234149, 43.727413424414706], [-79.30265734882107, 43.727544008214736], [-79.30240303419669, 43.72767459144384], [-79.30206361064269, 43.72784886296958], [-79.30201939676849, 43.72787156862682], [-79.30199345042261, 43.727899181004645], [-79.30182722136443, 43.72807607764634], [-79.30179274279128, 43.72809378638248], [-79.30173197935241, 43.72812500543926], [-79.30160657296942, 43.728189435005035], [-79.30158186715603, 43.728202128926085], [-79.30156051843207, 43.72821310042503], [-79.30122562741131, 43.72838513599614], [-79.30091581358558, 43.72854428842978], [-79.30059189808226, 43.72871067044616], [-79.30052505320144, 43.72874501069178], [-79.30020641997622, 43.72890868244286], [-79.29899882552328, 43.729529065476825], [-79.29897745275746, 43.729477910556646], [-79.29895365902999, 43.72942096265453], [-79.29878349930061, 43.72899198654609], [-79.29857483343491, 43.72852355272182], [-79.29838753890589, 43.728052220860526], [-79.29805940909623, 43.7272264594716], [-79.29794153901051, 43.72698321667196], [-79.29780134810734, 43.72668592658846], [-79.29768833434316, 43.72637968314498], [-79.2975384433265, 43.726029736057754], [-79.29749153823666, 43.72591534571948], [-79.29746442753826, 43.72577242037404], [-79.2974744564969, 43.72565085785839], [-79.29746954943283, 43.7255600262492], [-79.2974594870783, 43.725448365542455], [-79.29743903727581, 43.72532155527268], [-79.29734901735813, 43.72509189905933], [-79.29723430558094, 43.72483065847765], [-79.29707883905634, 43.72446133004472], [-79.29662638026915, 43.72341320957295], [-79.29655775308774, 43.72325423189585], [-79.29617447744242, 43.7223624219309], [-79.29582058554567, 43.72149766689436], [-79.29547739790573, 43.720677936224796], [-79.29542397581385, 43.72055313408316], [-79.29531554391042, 43.72029981744287], [-79.2952228920127, 43.720083362233034], [-79.295120642564, 43.71985113118102], [-79.29512278038065, 43.71984948147606], [-79.2951110843623, 43.71982215780177], [-79.2951751036913, 43.71980936739056], [-79.2959594860657, 43.71965265092089], [-79.29604797407822, 43.71963480626613], [-79.29614884231309, 43.71962598491199], [-79.29628539154696, 43.71961722706603], [-79.2964498650209, 43.71960851878752], [-79.29699815149606, 43.71964549901242], [-79.29759454842262, 43.71967356052073], [-79.29985304551299, 43.71975854910066], [-79.29998254734372, 43.71976777707626], [-79.30008341523715, 43.719758952249514], [-79.30020446309932, 43.719750162608925], [-79.30028673218712, 43.719732303802324], [-79.30037056498902, 43.71971444766745], [-79.3005179732895, 43.719705703729915], [-79.30055182535314, 43.719785730257314], [-79.30442806466975, 43.71890684527644], [-79.30534114893096, 43.71871395442], [-79.30675278114539, 43.71841572818605], [-79.30751413713845, 43.72022177150377], [-79.30755616386172, 43.72029835322206], [-79.30762146123679, 43.72037497409203], [-79.30765943398791, 43.72040368909697], [-79.30769303624035, 43.72042910226463], [-79.30776926549024, 43.72048323821935], [-79.30786564638433, 43.72054640928595], [-79.30798100194663, 43.720614112791964], [-79.30810723177656, 43.72067733379308], [-79.30970711080084, 43.72153513077802], [-79.31027822863426, 43.721837623249485], [-79.31127406772622, 43.72235827695771], [-79.31182401205584, 43.722645793571054], [-79.3118550851202, 43.72266613181819], [-79.3119120549681, 43.72280582920426]]]}, "properties": {"StationName": "O'Connor", "MTSA_Type": "Protected Major Transit Station Area", "SASP_No": 665}}, {"type": "Feature", "geometry": {"type": "Polygon", "coordinates": [[[-79.30358972002412, 43.72706354443949], [-79.30343384755156, 43.72714514491201], [-79.30343390049786, 43.72714527552154], [-79.30343336588369, 43.72714554464052], [-79.30341865107307, 43.727153100210394], [-79.30199345042261, 43.727899181004645], [-79.30182722136443, 43.72807607764634], [-79.30179274279128, 43.72809378638248], [-79.30173197935241, 43.72812500543926], [-79.30160657296942, 43.728189435005035], [-79.30158186715603, 43.728202128926085], [-79.30156051843207, 43.72821310042503], [-79.30122562741131, 43.72838513599614], [-79.30091581358558, 43.72854428842978], [-79.30059189808226, 43.72871067044616], [-79.30052505320144, 43.72874501069178], [-79.30020641997622, 43.72890868244286], [-79.29991744026752, 43.729057130049405], [-79.29989790631413, 43.72906716828022], [-79.29983615865278, 43.72909887967058], [-79.29958937864384, 43.72922564425436], [-79.29913948459853, 43.72945673637038], [-79.29911802654772, 43.72940433014887], [-79.29883922132457, 43.72955026353864], [-79.29885982462955, 43.72960060701535], [-79.29820168600801, 43.72993857895003], [-79.29815547962559, 43.72996230573116], [-79.29812507740733, 43.72997791425515], [-79.29802849892027, 43.7300275116798], [-79.29799808419291, 43.73004312914902], [-79.29798725375949, 43.73004869079742], [-79.29797357582717, 43.73005571461941], [-79.29787182433917, 43.730107967144384], [-79.29455466402855, 43.73181127744993], [-79.29364321816136, 43.73227924982328], [-79.2936400051795, 43.73227140481719], [-79.29340735920128, 43.73170335638871], [-79.29268785450772, 43.72994647986193], [-79.29208000988845, 43.73008136250982], [-79.2920314404873, 43.729972219228756], [-79.2916499487509, 43.72905274647853], [-79.29161704660869, 43.72890115004407], [-79.29162210753736, 43.728723132059116], [-79.29167893898482, 43.72855668506036], [-79.29176598746108, 43.72837449584319], [-79.29186912186613, 43.7281493817578], [-79.29191912575568, 43.7279612471175], [-79.2919162853326, 43.72779929998656], [-79.29187717780282, 43.72760443216138], [-79.29177127632087, 43.72740316876445], [-79.29160056245351, 43.727125384270735], [-79.29142356379229, 43.72699591109446], [-79.28914973175696, 43.721630403889186], [-79.28874945703089, 43.72068578178962], [-79.28927512965734, 43.7205686372126], [-79.28972016492325, 43.72046946149023], [-79.29093498427623, 43.720206294120224], [-79.29132705178567, 43.7201213560946], [-79.29160216390942, 43.72005744479005], [-79.29213441334004, 43.71993380010856], [-79.29222880727367, 43.71991258016639], [-79.2928493775997, 43.71977307486662], [-79.29285700379843, 43.71977136043976], [-79.2948839854179, 43.71931767829453], [-79.29512278038065, 43.71984948147606], [-79.295175099965, 43.719809368284025], [-79.2959594860657, 43.71965265092089], [-79.29604797407822, 43.71963480626613], [-79.29614884231309, 43.71962598491199], [-79.29628539154696, 43.71961722706603], [-79.2964498650209, 43.71960851878752], [-79.29699815149606, 43.71964549901242], [-79.29759454842262, 43.71967356052073], [-79.29985304551299, 43.71975854910066], [-79.29998254734372, 43.71976777707626], [-79.30008341523715, 43.719758952249514], [-79.30020446309932, 43.719750162608925], [-79.30028673218712, 43.719732303802324], [-79.30037056498902, 43.71971444766745], [-79.3005179732895, 43.719705703729915], [-79.30055182535314, 43.719785730257314], [-79.30098284661288, 43.7208046712744], [-79.30161485312365, 43.72227297962834], [-79.30205956775346, 43.723380908599616], [-79.30260437614211, 43.72472304185218], [-79.30343033568651, 43.726686744289], [-79.30358972002412, 43.72706354443949]]]}, "properties": {"StationName": "Pharmacy (Eglinton)", "MTSA_Type": "Protected Major Transit Station Area", "SASP_No": 666}}, {"type": "Feature", "geometry": {"type": "Polygon", "coordinates": [[[-79.29900145463627, 43.72953535838998], [-79.29364321816136, 43.73227924982328], [-79.29010483468906, 43.73409584270436], [-79.2900841796573, 43.734045267162834], [-79.28975268465491, 43.73323358521634], [-79.28969001098278, 43.73308019632795], [-79.28925242974648, 43.731972234295135], [-79.28877000600436, 43.73082818242839], [-79.28872231658008, 43.73071107775787], [-79.28845070871182, 43.730071485066546], [-79.28794926360682, 43.72882838013378], [-79.28757569562903, 43.72784654747215], [-79.28723757022871, 43.72693678962209], [-79.28655213937897, 43.72530628923567], [-79.28569902939967, 43.723288396857555], [-79.28495284577076, 43.72153174492935], [-79.28844261665299, 43.72075415694803], [-79.28874945703089, 43.72068578178962], [-79.28927512965734, 43.7205686372126], [-79.28972016492325, 43.72046946149023], [-79.29093499048793, 43.72020629233133], [-79.29132705178567, 43.7201213560946], [-79.29160216390942, 43.72005744479005], [-79.29213441334004, 43.71993380010856], [-79.29222880727055, 43.71991258106649], [-79.2928493775997, 43.71977307486662], [-79.29285700379843, 43.71977136043976], [-79.2948839854179, 43.71931767829453], [-79.2951110843623, 43.71982215780177], [-79.29512278038065, 43.71984948147606], [-79.29542397581385, 43.72055313408316], [-79.29547739790573, 43.720677936224796], [-79.29582058554567, 43.72149766689436], [-79.29617447744242, 43.7223624219309], [-79.29655775308774, 43.72325423189585], [-79.29707883905634, 43.72446133004472], [-79.29723430558094, 43.72483065847765], [-79.29734901735813, 43.72509189905933], [-79.29743903727581, 43.72532155527268], [-79.2974594870783, 43.725448365542455], [-79.29746954943283, 43.7255600262492], [-79.2974744564969, 43.72565085785839], [-79.29746442753826, 43.72577242037404], [-79.29749153823666, 43.72591534571948], [-79.2975384433265, 43.726029736057754], [-79.29768833434316, 43.72637968314498], [-79.29780134810734, 43.72668592658846], [-79.29794153901051, 43.72698321667196], [-79.29805940909623, 43.7272264594716], [-79.29857483343491, 43.72852355272182], [-79.29878349930061, 43.72899198654609], [-79.29895365902999, 43.72942096265453], [-79.29900145463627, 43.72953535838998]]]}, "properties": {"StationName": "Hakimi Lebovic", "MTSA_Type": "Protected Major Transit Station Area", "SASP_No": 667}}, {"type": "Feature", "geometry": {"type": "Polygon", "coordinates": [[[-79.28332384523345, 43.73445450328961], [-79.28267223966182, 43.732833458532724], [-79.28264322565146, 43.732760270759286], [-79.2824649508311, 43.732310567579084], [-79.28240036709346, 43.73214842180345], [-79.28238417853117, 43.732121387175866], [-79.28236946405043, 43.732112357891054], [-79.28234939013137, 43.732085315860544], [-79.28232387918301, 43.732058263472176], [-79.28229617738445, 43.73199520182759], [-79.28186175806914, 43.73091422115161], [-79.2811982613481, 43.729256718850905], [-79.2806850584452, 43.72936375058499], [-79.28030649061488, 43.728507902535085], [-79.28017873020896, 43.72822861737376], [-79.28001499719932, 43.72781424369101], [-79.27998130363078, 43.727697162250614], [-79.27994216113882, 43.72758007030761], [-79.27994170868679, 43.727490056672366], [-79.27993736302999, 43.7274090368169], [-79.27993852803813, 43.72730102373944], [-79.27994320396817, 43.72708500209477], [-79.27994676837264, 43.72695899107579], [-79.27994948488602, 43.72685098097662], [-79.2799257389053, 43.726769923761154], [-79.2799273893002, 43.72674292310582], [-79.27992211750977, 43.7266979065671], [-79.27990686586658, 43.72662586697813], [-79.27986765828301, 43.72652677741848], [-79.27983460339729, 43.72644570225128], [-79.27978123812359, 43.7263216788508], [-79.27960888950722, 43.72592105350566], [-79.27947466207375, 43.72560903621214], [-79.27912925532472, 43.724806108601825], [-79.2788571831038, 43.724168762600996], [-79.27837552117808, 43.72304039836142], [-79.27891975623123, 43.72291350175152], [-79.28084471064334, 43.722464645759594], [-79.28166815834699, 43.72227262467869], [-79.28483973129885, 43.721557260438075], [-79.28495284577076, 43.72153174492935], [-79.28844261541822, 43.72075415514549], [-79.28861769214744, 43.72076947069541], [-79.2887923663753, 43.720787040055875], [-79.28914973421712, 43.7216304101946], [-79.29142356379229, 43.72699591109446], [-79.29160056245351, 43.727125384270735], [-79.29177127632087, 43.72740316876445], [-79.29187717780282, 43.72760443216138], [-79.2919162853326, 43.72779929998656], [-79.29191912575568, 43.7279612471175], [-79.29186912186613, 43.7281493817578], [-79.29176598746108, 43.72837449584319], [-79.29167893898482, 43.72855668506036], [-79.29162210753736, 43.728723132059116], [-79.29161704660869, 43.72890115004407], [-79.2916499487509, 43.72905274647853], [-79.2920314404873, 43.729972219228756], [-79.29208000988845, 43.73008136250982], [-79.29268785450772, 43.72994647986193], [-79.29364321816136, 43.73227924982328], [-79.29187733921216, 43.73318589632997], [-79.29073612149392, 43.73377179345577], [-79.29024702315874, 43.73402288742115], [-79.29022675667446, 43.73397335316414], [-79.2899451514724, 43.7341153908518], [-79.28996625222901, 43.7341669861802], [-79.28840330158916, 43.73496928469887], [-79.28837539404886, 43.73498360805232], [-79.28811534685514, 43.735038283337175], [-79.28749291098114, 43.735352205367406], [-79.28685506206794, 43.735679227192485], [-79.28660699102949, 43.73580462899631], [-79.28566069123578, 43.73629240108629], [-79.28568957850766, 43.73636225104369], [-79.2842630408001, 43.737093980390746], [-79.28421622646599, 43.73711799739929], [-79.28418789728823, 43.73704867920717], [-79.28384822249399, 43.73621765292136], [-79.28369999768636, 43.73585499967016], [-79.28317992652427, 43.73458257672142], [-79.28342670284685, 43.734528699431124], [-79.28324868837801, 43.734471833149286], [-79.28332384523345, 43.73445450328961]]]}, "properties": {"StationName": "Golden Mile", "MTSA_Type": "Protected Major Transit Station Area", "SASP_No": 668}}, {"type": "Feature", "geometry": {"type": "Polygon", "coordinates": [[[-79.27392024416109, 43.73082732821479], [-79.27372774519202, 43.73054484296172], [-79.27341515868082, 43.73061148573572], [-79.27329122618663, 43.73064103419977], [-79.27326694783929, 43.73058462908276], [-79.27317351381103, 43.730367648078904], [-79.27307952676543, 43.73014936970948], [-79.27307177457791, 43.73013135177473], [-79.27297103288191, 43.72989736167746], [-79.27278168434675, 43.729457579296614], [-79.27274030125182, 43.72946702937263], [-79.2725869562372, 43.72950207238178], [-79.27240478814566, 43.72954370073609], [-79.27219624433515, 43.72959135209506], [-79.27205116576222, 43.72947581956182], [-79.2719132408169, 43.72936597191951], [-79.27182578015592, 43.72931352696565], [-79.27173831964764, 43.72926108194474], [-79.27167612394895, 43.72922378696344], [-79.27165085929207, 43.72920863685675], [-79.27156339908922, 43.72915619170169], [-79.27147593900484, 43.72910375548075], [-79.27138847910742, 43.729051310191544], [-79.2713010193627, 43.72899886483528], [-79.2712135597707, 43.728946419411926], [-79.2711261003314, 43.72889397392154], [-79.27103864104481, 43.728841528364065], [-79.27092912494945, 43.72880849029096], [-79.27081960897479, 43.72877545211304], [-79.27069702571318, 43.72869927151241], [-79.27057420750654, 43.72862293728608], [-79.27051724528275, 43.7285514698348], [-79.27047183834758, 43.72841527038862], [-79.27042644402952, 43.72827907094654], [-79.27031347951423, 43.72828801630226], [-79.27047194578371, 43.72811733740336], [-79.27054589390946, 43.72803768956829], [-79.27062724532706, 43.72795007240948], [-79.27070858409473, 43.72786245516598], [-79.27077197478388, 43.7277941816172], [-79.27083536529452, 43.7277259170333], [-79.27089347110723, 43.7276633306273], [-79.27095157676453, 43.727600753192036], [-79.27100968233496, 43.72753816672503], [-79.2710677753376, 43.72747558920389], [-79.27112588066575, 43.72741300267595], [-79.2711839858385, 43.72735042511872], [-79.2712214138995, 43.72731011131055], [-79.27124209092437, 43.727287838529755], [-79.27130019585488, 43.72722526091153], [-79.27135830069847, 43.72716267426162], [-79.27141640542091, 43.7271000875812], [-79.27147450998798, 43.72703750987152], [-79.27153261446816, 43.726974923130115], [-79.2715959908366, 43.72690665808597], [-79.27163164855241, 43.7268682488734], [-79.27165937950738, 43.72683838402915], [-79.27174970126774, 43.726741098597536], [-79.27227155766509, 43.72617964964801], [-79.27231733430851, 43.726130395833295], [-79.27234905261508, 43.72609627215421], [-79.27239768315805, 43.726043945553236], [-79.27241882036414, 43.72602119640306], [-79.27285959410634, 43.72554697664928], [-79.27306846098492, 43.725317822883376], [-79.27327182509343, 43.72508608344511], [-79.27346962413839, 43.72485183025033], [-79.27366180830928, 43.72461511723669], [-79.27384830283944, 43.724376034297094], [-79.27388085864911, 43.72433326160778], [-79.27393422705697, 43.724274516794075], [-79.27401740946517, 43.72418250815852], [-79.27409961325898, 43.72408992144481], [-79.27416434870783, 43.724015113695], [-79.27418044214598, 43.72399652183875], [-79.27491394308922, 43.72315250514825], [-79.27487972671923, 43.72307330928303], [-79.27500126573892, 43.72304880496298], [-79.27529096908988, 43.72371861754019], [-79.27837552117808, 43.72304039836142], [-79.2788571831038, 43.724168762600996], [-79.27912925532472, 43.724806108601825], [-79.27947466207375, 43.72560903621214], [-79.27978123812359, 43.7263216788508], [-79.27983460339729, 43.72644570225128], [-79.27986765828301, 43.72652677741848], [-79.27990686586658, 43.72662586697813], [-79.27992211750977, 43.7266979065671], [-79.2799273893002, 43.72674292310582], [-79.2799257389053, 43.726769923761154], [-79.27994948488602, 43.72685098097662], [-79.27994676837264, 43.72695899107579], [-79.27994320396817, 43.72708500209477], [-79.27993852803813, 43.72730102373944], [-79.27993736302999, 43.7274090368169], [-79.27994170868679, 43.727490056672366], [-79.27994216113882, 43.72758007030761], [-79.27998130363078, 43.727697162250614], [-79.28001499719932, 43.72781424369101], [-79.28017873020896, 43.72822861737376], [-79.28030649061488, 43.728507902535085], [-79.2806850584452, 43.72936375058499], [-79.2811982613481, 43.729256718850905], [-79.28186175806914, 43.73091422115161], [-79.28229617738445, 43.73199520182759], [-79.28232387918301, 43.732058263472176], [-79.28234939013137, 43.732085315860544], [-79.28236946405043, 43.732112357891054], [-79.28238417853117, 43.732121387175866], [-79.28240036709346, 43.73214842180345], [-79.2824649508311, 43.732310567579084], [-79.28264322565146, 43.732760270759286], [-79.28267223966182, 43.732833458532724], [-79.28332384523345, 43.73445450328961], [-79.28324868838126, 43.73447183224915], [-79.28307923492817, 43.73451090662388], [-79.28233656222018, 43.73467094145797], [-79.27983031804422, 43.73523993595092], [-79.27965408912424, 43.73526660014996], [-79.27928757827833, 43.735346904389445], [-79.27878205801375, 43.73546294355313], [-79.27773297485726, 43.73569494119425], [-79.276489724165, 43.735980557251644], [-79.27592547857542, 43.736112925924985], [-79.27371222537603, 43.736625053570236], [-79.27333451474375, 43.7367124473246], [-79.2730163546987, 43.73590170233536], [-79.27116968319008, 43.73143339202844], [-79.27187533587266, 43.73127780870848], [-79.27193839965526, 43.73126390427493], [-79.27278472797695, 43.73108556438297], [-79.27384929975173, 43.730844641334464], [-79.27392024416109, 43.73082732821479]]]}, "properties": {"StationName": "Birchmount (Eglinton)", "MTSA_Type": "Protected Major Transit Station Area", "SASP_No": 669}}, {"type": "Feature", "geometry": {"type": "Polygon", "coordinates": [[[-79.56833289109306, 43.75234289016098], [-79.56831897107894, 43.75229062558104], [-79.56815503121966, 43.7523213087678], [-79.56755744946106, 43.75243315289537], [-79.56736716160637, 43.752468768799034], [-79.567322005871, 43.75247526729618], [-79.56726654430724, 43.75249249321775], [-79.56720061195323, 43.752508446192856], [-79.56715902386632, 43.75249615694064], [-79.56713434475526, 43.7524692748343], [-79.56711614237072, 43.75242652963511], [-79.56710558333927, 43.75237846921389], [-79.56705257992681, 43.75224281112751], [-79.56689459601746, 43.75183846446303], [-79.56662856998554, 43.75115757602879], [-79.56551541267201, 43.75139596930196], [-79.56440324649058, 43.75161732981911], [-79.56434956727537, 43.75149129766917], [-79.56432330030958, 43.75141795233687], [-79.56430697196603, 43.75138371180085], [-79.56429227396518, 43.75135287281457], [-79.56424739232062, 43.75126688218632], [-79.56421568975358, 43.75120795086975], [-79.56418818245794, 43.751158891550205], [-79.56414687807182, 43.75112011938595], [-79.56410127066421, 43.75107510275788], [-79.5640375507264, 43.75103414681945], [-79.56397337026401, 43.750992092951385], [-79.56391652204925, 43.75095560671591], [-79.56382844057839, 43.75092730202469], [-79.56376570842781, 43.750904140838], [-79.56371016327672, 43.75089015687815], [-79.5636362732194, 43.750871889513746], [-79.56356565707773, 43.750861289339326], [-79.56348481250005, 43.750842170626356], [-79.56337409998396, 43.750818936850344], [-79.56343840661263, 43.75064008249203], [-79.56351062584525, 43.75046425711449], [-79.56356811031421, 43.750246116035726], [-79.5635833024568, 43.750122673534456], [-79.5635851581571, 43.75001061602046], [-79.56358253643424, 43.74991516828997], [-79.56356901410061, 43.749832967450764], [-79.56356674509121, 43.74974224517391], [-79.56353754629654, 43.74966594886079], [-79.56352171745905, 43.7495278335642], [-79.56349450635915, 43.749452301238314], [-79.56346172266724, 43.749379211336404], [-79.56341332518164, 43.74927720008692], [-79.56337796919871, 43.74919028567354], [-79.56332126876796, 43.749115345729415], [-79.56326719117716, 43.74901941340045], [-79.56321617160155, 43.748938394416655], [-79.56315182838102, 43.748868769346764], [-79.5630403947575, 43.74877007819581], [-79.56296103571589, 43.74868460110221], [-79.5628823821384, 43.74860857487232], [-79.5628153632599, 43.748544342827316], [-79.56273546502366, 43.74847700338098], [-79.56264702838624, 43.74837796616883], [-79.56253487889721, 43.748269814598764], [-79.56247477018249, 43.74817523536712], [-79.56234506261558, 43.74783357025218], [-79.56233237905202, 43.747800158239414], [-79.56231950998702, 43.74776625755843], [-79.56212223041007, 43.74720480591123], [-79.56208593285139, 43.747162564773156], [-79.56201558099963, 43.74708716440412], [-79.5619162447829, 43.746994281268314], [-79.56158350212874, 43.74674393917846], [-79.56166227779252, 43.746710642493746], [-79.56169452859922, 43.746696403117184], [-79.56185908864192, 43.74662374610587], [-79.56207017129879, 43.74653054075395], [-79.56219945413105, 43.74647344755991], [-79.56225399269076, 43.74637107366268], [-79.56236304442034, 43.74616632579844], [-79.56249256722415, 43.745923194302904], [-79.56242229960235, 43.745752298956454], [-79.56236823925923, 43.74562083819969], [-79.5623141915786, 43.74548938640865], [-79.56226013170924, 43.74535792559438], [-79.56220608449297, 43.745226464744604], [-79.56214048754516, 43.745066931642064], [-79.56213256973163, 43.7450476768686], [-79.56213236965992, 43.745047510454235], [-79.56213229882663, 43.74504745108447], [-79.56195620819129, 43.74489917273796], [-79.56180439360051, 43.74477675509115], [-79.56167789205399, 43.74467474022369], [-79.56164708345864, 43.74464989898634], [-79.5616092362206, 43.74461898748972], [-79.56155136257053, 43.74457169908662], [-79.5615122481258, 43.74454114919008], [-79.56142490638894, 43.744470708253544], [-79.561298407373, 43.74436869295916], [-79.56125955514588, 43.74425532770862], [-79.56125700971253, 43.74424786343375], [-79.56125698854484, 43.744247804036824], [-79.56124611960493, 43.74421612995193], [-79.56108079001396, 43.74373375394788], [-79.56105532407834, 43.74365944690241], [-79.56100779445946, 43.743520744056596], [-79.56099812602791, 43.743511945990335], [-79.56098884474417, 43.74350536922618], [-79.56098711234998, 43.74350376252656], [-79.56090221547038, 43.74342528715395], [-79.56085384047564, 43.74338056768484], [-79.56076980135933, 43.74330403872679], [-79.56076922100813, 43.74330350976158], [-79.56076987103198, 43.74330295403858], [-79.56076983997437, 43.74330293605259], [-79.5606479838634, 43.74319311436117], [-79.5606003058411, 43.74314969869485], [-79.56094070103383, 43.74256761898221], [-79.56108614983683, 43.74229890606629], [-79.56127889966066, 43.742199888089196], [-79.56131259481955, 43.742174966244285], [-79.56138024620999, 43.7421717227873], [-79.56149160228829, 43.74214984658931], [-79.56168116645459, 43.74210893905506], [-79.56206258672556, 43.742100022072556], [-79.56243547649512, 43.742053173582896], [-79.56284121886037, 43.742008025059], [-79.5629785641584, 43.74184588184228], [-79.56324252540547, 43.741644044936336], [-79.56329148494392, 43.74130634377397], [-79.56347295190574, 43.74126331614922], [-79.56400800360196, 43.741136433087256], [-79.5641335068063, 43.74110667028779], [-79.56421942255248, 43.74108629360787], [-79.56428627374459, 43.74116495492462], [-79.56458512975316, 43.741516627596425], [-79.56468188008853, 43.741630476593535], [-79.56512905780578, 43.7413743601289], [-79.56521706154687, 43.74132395691611], [-79.56545116961728, 43.741189876286704], [-79.56564220885313, 43.74108046446082], [-79.56578436183901, 43.74099904736849], [-79.5659265268449, 43.74091762109001], [-79.5660686914654, 43.74083619463378], [-79.56621085570046, 43.740754767999825], [-79.56635351585042, 43.74067306186099], [-79.56653989904413, 43.74056630659912], [-79.56654306291355, 43.74056449550425], [-79.56688945499182, 43.74063867071716], [-79.56818296946702, 43.74034183702162], [-79.56867923224782, 43.7413991877388], [-79.56870761859503, 43.74145767885078], [-79.56873638169367, 43.74149816721437], [-79.56878297028821, 43.7415251429593], [-79.56884504512077, 43.741534106844426], [-79.56891256000365, 43.74153406615907], [-79.56981437188938, 43.741326489975584], [-79.56985433165343, 43.741321964932574], [-79.56993149553364, 43.74128141208963], [-79.5699826125017, 43.74120937074366], [-79.56998952561413, 43.741132855821014], [-79.56997704216388, 43.74107435528912], [-79.56983468554691, 43.740772900210835], [-79.57078533489864, 43.7405427833443], [-79.57085476951067, 43.74052923843497], [-79.5709963079217, 43.74047064242636], [-79.57105951352844, 43.74043909874388], [-79.57111614260273, 43.74042106100651], [-79.5711731831697, 43.740425526131794], [-79.57119163639352, 43.74043961961224], [-79.57120852388572, 43.74045250789648], [-79.57123820200704, 43.74061451205837], [-79.571242487103, 43.74063701253377], [-79.57179293773171, 43.74186083913403], [-79.572752127671, 43.74162169933122], [-79.57282000024932, 43.74159915296787], [-79.57291659902161, 43.74159459075606], [-79.57302098075893, 43.741599024747636], [-79.57309120226603, 43.74159897986486], [-79.57377923365374, 43.741715554159214], [-79.57358740645806, 43.74221524754646], [-79.57355460124916, 43.74226320935094], [-79.57351174926254, 43.7423192427328], [-79.57343884874753, 43.742362855673065], [-79.57334164428845, 43.742390929994194], [-79.57321635448994, 43.74241801408576], [-79.57229187844128, 43.74264330717266], [-79.57123509005507, 43.74290083319452], [-79.5716501500095, 43.74380970043258], [-79.57199635144525, 43.74454308499514], [-79.5720072640054, 43.74458358375596], [-79.57202942550015, 43.744624075427154], [-79.57229785121864, 43.74521395600494], [-79.57230814203848, 43.74524515773321], [-79.57231366778352, 43.745248710631714], [-79.57258627907301, 43.7454240037208], [-79.57258633499156, 43.745424041490544], [-79.57276000477655, 43.74550556701303], [-79.57294047182398, 43.74559027887634], [-79.57306270126323, 43.74563237526945], [-79.57322531182102, 43.74568837780419], [-79.57337336012301, 43.74572850945013], [-79.57355079151834, 43.74577658000543], [-79.5737677883387, 43.74587472571509], [-79.57376782933235, 43.745874741890894], [-79.57380089292077, 43.74590929794938], [-79.57389006719997, 43.74600249238662], [-79.57389017136256, 43.74600339244428], [-79.57402862105866, 43.74600663422066], [-79.57414837124675, 43.74600943699902], [-79.5741582425991, 43.746037903348544], [-79.57416728283694, 43.74606397680405], [-79.57418624762553, 43.74615955416854], [-79.57428405781454, 43.746202022447605], [-79.57437469631408, 43.74624137547636], [-79.57450650340846, 43.746241277031665], [-79.57465709188199, 43.74618653578496], [-79.57469041612083, 43.7461865149138], [-79.57471356884889, 43.7461864700779], [-79.57477005830033, 43.746186459242374], [-79.57477010175194, 43.74618645471332], [-79.57477740216383, 43.746185130354256], [-79.57484530429974, 43.74617281540735], [-79.57485786520843, 43.74616825344936], [-79.57488298948202, 43.74615911242521], [-79.57491638774361, 43.74613482857108], [-79.57493937931105, 43.74611808197617], [-79.57501463641414, 43.74604979503511], [-79.57506248895758, 43.74603588909298], [-79.57508463659528, 43.746029443153034], [-79.57510879124283, 43.746022433311836], [-79.57514707322127, 43.74602240634922], [-79.57518407010886, 43.74602237841884], [-79.57524056873532, 43.74604964203202], [-79.5752405824395, 43.74604967892811], [-79.57525952583988, 43.74611790583145], [-79.57525952959863, 43.746117932832696], [-79.57525970861961, 43.74622712777461], [-79.57523319918542, 43.74630406450412], [-79.5752221008293, 43.74633631158375], [-79.57514695514057, 43.74647291446597], [-79.57516597834783, 43.74658207540743], [-79.57516598584385, 43.7465821123076], [-79.57508080160532, 43.74668641265909], [-79.57499913900396, 43.74682203678007], [-79.57501099407979, 43.74696606157874], [-79.57509294280182, 43.747059178790416], [-79.57526863441026, 43.747338667196225], [-79.57556168923566, 43.74801641807839], [-79.5756373956733, 43.748098540385705], [-79.57565532637027, 43.748117989213796], [-79.57571992122469, 43.74812421400781], [-79.57583069218897, 43.74813488625966], [-79.5759883771552, 43.748136491773096], [-79.57598842185662, 43.74813649264351], [-79.57598878760261, 43.74813704057628], [-79.57600965188114, 43.748173657276], [-79.57624331205749, 43.748582686600756], [-79.57631801833713, 43.748714835339214], [-79.57516670364049, 43.750761464030134], [-79.5735126083148, 43.751810559810124], [-79.57103547464402, 43.75234002101222], [-79.57056025654643, 43.752439085973336], [-79.57048079921172, 43.75246298828279], [-79.57048122004191, 43.75247557625708], [-79.5704570966077, 43.75248010975241], [-79.56945061688718, 43.75266923870715], [-79.56940775266773, 43.752681434420225], [-79.5693769988031, 43.752696323138885], [-79.56935597076723, 43.75271361828019], [-79.56932969838155, 43.75269942576284], [-79.56926415912416, 43.75266402311778], [-79.56921162074298, 43.75267449998191], [-79.56894504767251, 43.75272765678734], [-79.56874667199367, 43.75276864910337], [-79.56863868196444, 43.752790963268], [-79.56844376351563, 43.75282263309862], [-79.56833289109306, 43.75234289016098]]]}, "properties": {"StationName": "Rowntree Mills", "MTSA_Type": "Protected Major Transit Station Area", "SASP_No": 637}}, {"type": "Feature", "geometry": {"type": "Polygon", "coordinates": [[[-79.50321874603713, 43.64932309572982], [-79.50398278163964, 43.651110723944456], [-79.50317153929511, 43.65127738054976], [-79.5031113993869, 43.65128973482372], [-79.50303441575026, 43.651298540262346], [-79.50296389004316, 43.65129151201923], [-79.50290970349491, 43.65128803887089], [-79.50282387921237, 43.65126046073339], [-79.50301329670265, 43.65140033765299], [-79.50320466265553, 43.65154095231543], [-79.50341526609773, 43.65168807409273], [-79.50359715032651, 43.65182961551804], [-79.50376235951363, 43.651978485239376], [-79.50384658059993, 43.65205674869966], [-79.50412569896024, 43.6523072271875], [-79.50441702437618, 43.65258930842017], [-79.50442741385108, 43.65259936798065], [-79.50447882276214, 43.652693216352745], [-79.50454381348624, 43.65281185851096], [-79.50456411092063, 43.65285639661769], [-79.5045738614986, 43.65285965653417], [-79.50476848514525, 43.65320556777831], [-79.50481331106448, 43.653704444003296], [-79.50484874204108, 43.654623053819115], [-79.50477914772614, 43.65462516217605], [-79.50322628328648, 43.65435305937206], [-79.50303827045175, 43.65438309587843], [-79.50184806859039, 43.654573216375894], [-79.50182294700396, 43.65447149021487], [-79.50182293460573, 43.65447146411104], [-79.5018078699025, 43.65441128192305], [-79.50180155141565, 43.654386050212146], [-79.50174387453669, 43.65424649167424], [-79.50174391296852, 43.6542464880731], [-79.5017294615374, 43.65421090577667], [-79.50174752804672, 43.65420360447007], [-79.50169250462615, 43.65406842504018], [-79.50167360527136, 43.653994495955345], [-79.5016169843576, 43.65377304532753], [-79.50158402153019, 43.65378680802357], [-79.50157296663292, 43.65377839547139], [-79.50142505049486, 43.65366581064784], [-79.50137663205315, 43.653628132296355], [-79.50120539204961, 43.653494811847025], [-79.50120535361745, 43.65349477674198], [-79.50116172706572, 43.65346138741318], [-79.50106437395135, 43.65338687659976], [-79.50098338871203, 43.653287864660705], [-79.50097041602858, 43.653272341862646], [-79.50096287466756, 43.65326331532558], [-79.50093627727195, 43.65323457138566], [-79.5008930896015, 43.65317982343432], [-79.50087887984647, 43.6531725450148], [-79.50054172211914, 43.65299978599372], [-79.50052951831532, 43.652993495874426], [-79.50041042474682, 43.652932267058674], [-79.50041039499361, 43.65293225265655], [-79.50013067705329, 43.65281525045295], [-79.50013064234139, 43.65281524235173], [-79.49987850395037, 43.65274064777919], [-79.4998567966598, 43.652734225256744], [-79.49983773367067, 43.65272857325361], [-79.49927994725778, 43.65256318121638], [-79.49908546041759, 43.65260365461199], [-79.49856625129854, 43.65272070345702], [-79.49841488297048, 43.65276406119126], [-79.4981575653639, 43.65283773287327], [-79.49784229989748, 43.652927749433836], [-79.49744859950223, 43.653040268693346], [-79.49742885808477, 43.653044770749936], [-79.49701819049089, 43.65313478734956], [-79.49680046873027, 43.65318432245229], [-79.49647554197304, 43.65321128288199], [-79.49647549486363, 43.653211284680815], [-79.49640732618039, 43.65321578415739], [-79.49640728774916, 43.653215783256016], [-79.4962677576738, 43.653211252883295], [-79.4961174584713, 43.65320225458168], [-79.49597993183292, 43.65319774192844], [-79.49583545411403, 43.65319323155715], [-79.49568752288094, 43.65318425888048], [-79.49568748816941, 43.65318425077792], [-79.49553829213737, 43.65317974435365], [-79.49540003787882, 43.653175237275335], [-79.49533950259833, 43.6531732986229], [-79.49525928561144, 43.65317070382218], [-79.49524425403311, 43.65317068609517], [-79.49514239785893, 43.65316709385549], [-79.49511799284377, 43.653166225981316], [-79.49504478647496, 43.653163690738474], [-79.4949878178863, 43.65316174125267], [-79.49495828021341, 43.65326736594667], [-79.49492308366607, 43.65339577111474], [-79.49484321873005, 43.65340476803645], [-79.49484318401736, 43.653404773435746], [-79.49467786212763, 43.6534317691483], [-79.49458950088626, 43.653445177981475], [-79.49442251832771, 43.65353065891986], [-79.49364615529579, 43.653494683029244], [-79.492482040021, 43.65344704721838], [-79.49125710807395, 43.65336661003019], [-79.49095642673912, 43.65338589013375], [-79.49074097800201, 43.65330435533695], [-79.4907389821649, 43.653303618861], [-79.49062905741822, 43.65326347357426], [-79.49058721688647, 43.65324751966136], [-79.490553993415, 43.65323315969279], [-79.49052647271988, 43.653218459034285], [-79.49050291925124, 43.653203037686865], [-79.4904817835367, 43.6531857712495], [-79.49044764538954, 43.65315465147245], [-79.49040717332582, 43.65311723827697], [-79.49037341858136, 43.65308453426367], [-79.49035176294214, 43.65306303710142], [-79.49031332489132, 43.65302089921033], [-79.49028781504799, 43.65299156239215], [-79.49025688946818, 43.65295117049051], [-79.49023079251963, 43.652911337979745], [-79.49018305384695, 43.65291023661975], [-79.49010854543586, 43.652784549983686], [-79.49009246837639, 43.6527574300806], [-79.49001064773758, 43.65260674046048], [-79.48995805582035, 43.65247939307444], [-79.48989378370803, 43.65229262639849], [-79.48983537302341, 43.65204855729695], [-79.48978571969873, 43.651776891547996], [-79.48975836761484, 43.65158474432871], [-79.48954875617389, 43.65082978692696], [-79.48943908636177, 43.65038376642411], [-79.48934516011656, 43.650157336451315], [-79.48944666499389, 43.649998093063786], [-79.4895617584863, 43.64983818561962], [-79.48981208915565, 43.64949588486257], [-79.49002471252678, 43.64919675998458], [-79.48970944992072, 43.648969167557354], [-79.48920352218096, 43.64853681946434], [-79.48889878345825, 43.648280061217115], [-79.48886282832228, 43.64824670751502], [-79.48886249121543, 43.648246334824016], [-79.48883264983968, 43.648213336363064], [-79.48879731738987, 43.648164905347485], [-79.48876416959193, 43.648094403090106], [-79.48875025900877, 43.64804598226373], [-79.48874664746866, 43.648002443011485], [-79.48874581434268, 43.64794990082677], [-79.48874983860308, 43.647914095432704], [-79.48875133978429, 43.64790073659469], [-79.48879885484666, 43.64776285683073], [-79.48957049599458, 43.64777222018563], [-79.48960908844859, 43.64778072822806], [-79.48950756754006, 43.64766431367708], [-79.48950378772864, 43.647658669448674], [-79.48950140873835, 43.64765263828835], [-79.48950051730975, 43.647646400232254], [-79.48950058383839, 43.647620287160116], [-79.48949628693232, 43.647594353715114], [-79.48948768850806, 43.64756899686447], [-79.48949169071616, 43.64756457664198], [-79.4900242644453, 43.646983106500805], [-79.49299664041959, 43.645606974161645], [-79.49573607487747, 43.6450053505368], [-79.4971445701371, 43.644700440119635], [-79.50106573877206, 43.64384535115824], [-79.50314911838723, 43.64918802531224], [-79.50321874603713, 43.64932309572982]]]}, "properties": {"StationName": "Old Mill", "MTSA_Type": "Protected Major Transit Station Area", "SASP_No": 635}}, {"type": "Feature", "geometry": {"type": "Polygon", "coordinates": [[[-79.57600965188114, 43.748173657276], [-79.57598878760261, 43.74813704057628], [-79.57598842185662, 43.74813649264351], [-79.5759883771552, 43.748136491773096], [-79.57583069218897, 43.74813488625966], [-79.57571992122469, 43.74812421400781], [-79.57565532637027, 43.748117989213796], [-79.5756373956733, 43.748098540385705], [-79.57556168923566, 43.74801641807839], [-79.57526863441026, 43.747338667196225], [-79.57509294280182, 43.747059178790416], [-79.57501099407979, 43.74696606157874], [-79.57499913900396, 43.74682203678007], [-79.57508080160532, 43.74668641265909], [-79.57516598584385, 43.7465821123076], [-79.57516597834783, 43.74658207540743], [-79.57514695514057, 43.74647291446597], [-79.57522210206643, 43.74633630798241], [-79.57523319918542, 43.74630406450412], [-79.57525970861961, 43.74622712777461], [-79.57525952959863, 43.746117932832696], [-79.57525952708153, 43.746117905830616], [-79.57524058244289, 43.74604968162847], [-79.57518406886837, 43.74602237931979], [-79.57518402786187, 43.74602235324313], [-79.57510875147236, 43.746022402733715], [-79.57508463783802, 43.74602944405235], [-79.57506269251098, 43.74603582955105], [-79.57506248895648, 43.74603588819284], [-79.57501463641414, 43.74604979503511], [-79.57493937931105, 43.74611808197617], [-79.57491707126303, 43.74613433035397], [-79.57491638774361, 43.74613482857108], [-79.57488298948202, 43.74615911242521], [-79.57485806005757, 43.746168183112005], [-79.57485786520957, 43.74616825434947], [-79.57484529933433, 43.74617281631075], [-79.57477740216383, 43.746185130354256], [-79.57477010175194, 43.74618645471332], [-79.57477005829921, 43.74618645834224], [-79.57471356884889, 43.7461864700779], [-79.57469070914665, 43.74618651472232], [-79.57469041612083, 43.7461865149138], [-79.57465709188199, 43.74618653578496], [-79.57450650340846, 43.746241277031665], [-79.574374695078, 43.746241379977796], [-79.57428405781454, 43.746202022447605], [-79.57418624763108, 43.74615955866917], [-79.57416732257583, 43.74606398217903], [-79.5741582425991, 43.746037903348544], [-79.57415819400099, 43.746037762060475], [-79.57414833899657, 43.74600946312356], [-79.57402862105866, 43.74600663422066], [-79.57389017136256, 43.74600339244428], [-79.57389006719997, 43.74600249238662], [-79.57380089292077, 43.74590929794938], [-79.57376782933235, 43.745874741890894], [-79.5737677883387, 43.74587472571509], [-79.57355074435746, 43.745776597138146], [-79.57337336012301, 43.74572850945013], [-79.57322531058159, 43.74568837960523], [-79.57306270126323, 43.74563237526945], [-79.57294046934513, 43.745590282478425], [-79.57276000477655, 43.74550556701303], [-79.57258633374884, 43.7454240405912], [-79.57258627907301, 43.7454240037208], [-79.57242615604589, 43.745321041871954], [-79.5723136665419, 43.745248710632495], [-79.57229784997702, 43.74521395600573], [-79.57226155846098, 43.74513420446593], [-79.57202942550015, 43.744624075427154], [-79.5720072640054, 43.74458358375596], [-79.57199635144525, 43.74454308499514], [-79.5716501500095, 43.74380970043258], [-79.57123509005507, 43.74290083319452], [-79.57229187844128, 43.74264330717266], [-79.57321635448994, 43.74241801408576], [-79.57334164428845, 43.742390929994194], [-79.57343884874753, 43.742362855673065], [-79.57351174926254, 43.7423192427328], [-79.57355460124916, 43.74226320935094], [-79.57358740645806, 43.74221524754646], [-79.57377923365374, 43.741715554159214], [-79.57402166156044, 43.74175518477295], [-79.57443738498442, 43.74182314251601], [-79.57454681223861, 43.74184107371275], [-79.57462677086026, 43.74186352467683], [-79.57469470333211, 43.74189948532922], [-79.57477430521436, 43.741944439563916], [-79.57485042287149, 43.742002897908925], [-79.57571432559804, 43.74281694254241], [-79.5762792397735, 43.74251502488814], [-79.57644909272614, 43.74244290136499], [-79.57677013292015, 43.742276162957744], [-79.57695825095354, 43.74223553080135], [-79.57689098769472, 43.74213206162646], [-79.57676352261524, 43.74196112343536], [-79.576581728299, 43.74179022151073], [-79.5762923072571, 43.7414933735831], [-79.5761873864951, 43.74136742596661], [-79.57608702502682, 43.74116496452723], [-79.57605786284657, 43.741025831693335], [-79.57601053064307, 43.7408000072149], [-79.57600779644581, 43.740786964409786], [-79.57595510365043, 43.7405394648324], [-79.57587269802168, 43.74011195976529], [-79.57587513843421, 43.73989142728968], [-79.57594195837794, 43.73965735015955], [-79.57613977810063, 43.73900012654107], [-79.57619427823427, 43.738842568153984], [-79.5763250949557, 43.738599446816295], [-79.57639978537358, 43.738455376729], [-79.5764761189249, 43.73838331558608], [-79.57658000723673, 43.73830673530222], [-79.57667921494044, 43.73823015806306], [-79.57681257519758, 43.73815355779059], [-79.57698744401122, 43.73807242877969], [-79.57738455118823, 43.73794614294202], [-79.57831642935861, 43.737648466562966], [-79.57859806872511, 43.738228854683626], [-79.57950446485613, 43.738030200041536], [-79.57962659410008, 43.73825964721549], [-79.57983895252539, 43.738655554600456], [-79.58036296093456, 43.73972633739711], [-79.58478987493517, 43.74040530860282], [-79.58919311789386, 43.74109548632439], [-79.58876715756791, 43.74203420794839], [-79.58866157441597, 43.74222652971966], [-79.58854417083177, 43.74238506983134], [-79.5884043170851, 43.742533725803376], [-79.58824356257122, 43.74267082212447], [-79.58806370526483, 43.7427948271087], [-79.5878667792937, 43.7429043439086], [-79.58765499292578, 43.742998155573915], [-79.58743069130534, 43.74307521608346], [-79.58723990938422, 43.74312511179089], [-79.58740897279785, 43.74344833467856], [-79.5877041653391, 43.744159063542774], [-79.58788431656448, 43.744538210940775], [-79.587909271746, 43.74460539509807], [-79.58792706567135, 43.74465748965883], [-79.5879585637424, 43.744732832905925], [-79.58793393528586, 43.744922859277224], [-79.58790464792224, 43.74505164470645], [-79.58790120425304, 43.7451674304492], [-79.58789768932138, 43.74530240691128], [-79.58794538719195, 43.74551096520586], [-79.58795621836994, 43.745683456834996], [-79.58804150344828, 43.74595306862704], [-79.58811621670104, 43.74615915767418], [-79.58812551134851, 43.746316420338346], [-79.58748959417385, 43.74633886831307], [-79.58748424472996, 43.746436594469564], [-79.5874905258951, 43.7464363907342], [-79.5874990694917, 43.74657353622539], [-79.58750692640585, 43.746699538692454], [-79.58751477093693, 43.7468255411657], [-79.58752269163973, 43.74695266873331], [-79.58753161683963, 43.74709596176985], [-79.58754004614869, 43.74723123507004], [-79.58754420663453, 43.74724039515384], [-79.58760657665425, 43.74737767940307], [-79.58766756430072, 43.74751194025611], [-79.58772084151134, 43.74762922163769], [-79.58777413133382, 43.747746493981055], [-79.58782742137788, 43.74786377529822], [-79.58788069921366, 43.747981056597496], [-79.5879211217196, 43.748070020836046], [-79.58776625494079, 43.74807502753456], [-79.58758857962887, 43.74808076260243], [-79.58741665295685, 43.74808630397147], [-79.58722767885503, 43.74809239816775], [-79.58703870472743, 43.74809850105284], [-79.58684974296467, 43.74810459461485], [-79.5866607687593, 43.74811069687516], [-79.58647180691887, 43.7481167898124], [-79.58628283263576, 43.74812289144791], [-79.58606388562892, 43.748129951473096], [-79.5858428402424, 43.748137084664855], [-79.58580508260813, 43.74813830118052], [-79.58562857929356, 43.748182521651366], [-79.58529777764781, 43.748265418440525], [-79.58479013539794, 43.74839261470767], [-79.58473595515636, 43.748406191861115], [-79.58473238037635, 43.74840708743486], [-79.58430100670907, 43.748515186426474], [-79.58431743661036, 43.74854964007776], [-79.58435329029068, 43.74862481903148], [-79.58481204851886, 43.749586757634056], [-79.58494774721551, 43.749871276195854], [-79.58438433191024, 43.74969387396921], [-79.58433303907664, 43.74967770958681], [-79.58429396035379, 43.74965846675008], [-79.58305007724566, 43.749045996520515], [-79.58300758277692, 43.74900740304667], [-79.58294800605803, 43.74895328580559], [-79.58277336683605, 43.74879465744612], [-79.58235019894371, 43.7486135070038], [-79.58218075578615, 43.74862969618227], [-79.58192554800316, 43.7486540837409], [-79.58185429845953, 43.748589163796225], [-79.58188178685306, 43.74841424989918], [-79.58198237844022, 43.74838910932261], [-79.58128641311224, 43.7482126238897], [-79.58089995229346, 43.74823028848478], [-79.58075916440579, 43.74826245048601], [-79.58030441430832, 43.74836635723119], [-79.58001567478692, 43.748432322833516], [-79.57943220928738, 43.748019941644934], [-79.5790197365832, 43.74822675214937], [-79.57898276579311, 43.74861876396667], [-79.57886817045761, 43.74863758369039], [-79.57868061681114, 43.74866838919693], [-79.57845948253122, 43.74870471721267], [-79.5777699956967, 43.74881796503022], [-79.57762237764861, 43.748842215716955], [-79.57734124738087, 43.748650076677336], [-79.57715219600868, 43.74852085654138], [-79.57631801833713, 43.748714835339214], [-79.57602435743917, 43.748199463070655], [-79.57600965188114, 43.748173657276]]]}, "properties": {"StationName": "Mount Olive", "MTSA_Type": "Major Transit Station Area", "SASP_No": 705}}, {"type": "Feature", "geometry": {"type": "Polygon", "coordinates": [[[-79.56324244136546, 43.7549046398382], [-79.56246425451968, 43.754614246828666], [-79.56250494804448, 43.754630380901546], [-79.56188970058565, 43.7544099459702], [-79.56182494550525, 43.7543787098185], [-79.5617655737765, 43.75433183737275], [-79.56171697484494, 43.754269315829646], [-79.56066814310995, 43.75248202437536], [-79.5604053406774, 43.752022708762446], [-79.56033520616448, 43.75187180580178], [-79.56031126273326, 43.751806326310216], [-79.56028561942179, 43.75173097424825], [-79.56027021437143, 43.751660548561304], [-79.56025650683081, 43.751586414365256], [-79.56025132761631, 43.75152340120559], [-79.56025465562114, 43.751448024856074], [-79.56025970589691, 43.75138500630213], [-79.56027837437638, 43.75129479771644], [-79.56030213890456, 43.751195937144516], [-79.56032527141582, 43.75110459923745], [-79.56032133869557, 43.7510599533523], [-79.56024011871365, 43.7510334830289], [-79.56020876705205, 43.75102326513593], [-79.56009760484915, 43.75099892037088], [-79.55999419465657, 43.75096564309678], [-79.5598554768063, 43.75092707259109], [-79.55974843985767, 43.750881402282694], [-79.55968300090043, 43.75084803376114], [-79.55962220272941, 43.75081002714138], [-79.55956258230563, 43.75078255132902], [-79.55947088488101, 43.75074185045201], [-79.55940042103019, 43.75069851730628], [-79.55897925900311, 43.75043951221363], [-79.55890489483458, 43.75052326482223], [-79.5588135288503, 43.75063884282374], [-79.55875247538785, 43.75071608688278], [-79.55868388011035, 43.75080285809512], [-79.55868354525731, 43.750803282225576], [-79.5586005001926, 43.75090834232766], [-79.55860019013703, 43.750908729540036], [-79.55859980567408, 43.750909215804235], [-79.55859739967971, 43.75091225855753], [-79.55853625884549, 43.750989610557085], [-79.55853601080561, 43.75098992572758], [-79.55846655791457, 43.751077777393625], [-79.55844806761577, 43.75110116307593], [-79.55844790639145, 43.75110137018693], [-79.55844748472649, 43.751101910477075], [-79.5583777339355, 43.751190149293166], [-79.55837763471891, 43.751190275361225], [-79.5582921850348, 43.751298369878796], [-79.5577225725748, 43.75093708807172], [-79.55764128835762, 43.750742693254864], [-79.55748787027396, 43.75037570973818], [-79.55744805522515, 43.75028045969809], [-79.55615716866616, 43.74950340184957], [-79.5559741380859, 43.74939321828134], [-79.55592743633102, 43.74936511225258], [-79.55592731209386, 43.74936504030343], [-79.5558986611612, 43.74934779173171], [-79.55594400387211, 43.74915262345704], [-79.55589755189905, 43.74904712998703], [-79.55587711433559, 43.748998535955785], [-79.55587708322459, 43.74899846216077], [-79.55585334168954, 43.74894200715216], [-79.55566506732147, 43.74847551852237], [-79.55559289785363, 43.74829670158294], [-79.55557187390278, 43.74824453968176], [-79.55554950091502, 43.748189030868275], [-79.55549659736973, 43.74805797411132], [-79.55544878661567, 43.747939525603435], [-79.55544859121707, 43.74793903152976], [-79.55543974395187, 43.74791712588595], [-79.5554351964959, 43.74790587023185], [-79.55543489475029, 43.74790315830244], [-79.55563310214359, 43.74787569100816], [-79.55561283450945, 43.74782087607498], [-79.55561050800317, 43.747814583534854], [-79.55559261918322, 43.74776619163031], [-79.55556602064979, 43.74769423959152], [-79.55552360728731, 43.74757952040057], [-79.5554984180152, 43.74751139228923], [-79.55548963860019, 43.7474876161554], [-79.55545416809396, 43.747385479108566], [-79.55542004595944, 43.747287173226404], [-79.55541879977194, 43.747283610236515], [-79.5553691325641, 43.747185684525135], [-79.555369022847, 43.74718519491037], [-79.55533923248545, 43.747051181650065], [-79.5553281257859, 43.74702410497073], [-79.55528812999724, 43.74692869848779], [-79.5552863228063, 43.746926710085994], [-79.55528239325044, 43.7469270036271], [-79.55528601953617, 43.74692637628636], [-79.55528787550892, 43.74692605494417], [-79.5552881243179, 43.746926575096], [-79.55529158704286, 43.746926314185025], [-79.55535504882103, 43.74691256376497], [-79.55554929882122, 43.74694873735581], [-79.55554694105122, 43.74692336218156], [-79.55562346993064, 43.746823826961545], [-79.55571868018033, 43.74669998461184], [-79.55581387143305, 43.746576163792405], [-79.55586115290743, 43.74644362880309], [-79.55586205468173, 43.746443997413586], [-79.5563657603746, 43.74653839016084], [-79.55636684452115, 43.74653859485466], [-79.5563672698699, 43.74653802486584], [-79.55651645386153, 43.74654390732432], [-79.55658707087828, 43.74646197271829], [-79.55660678730976, 43.746424191912745], [-79.55663204746855, 43.74636779197273], [-79.5566524208464, 43.74632230126292], [-79.55693038174493, 43.745544310217056], [-79.5569353042782, 43.74543636026381], [-79.55692449418432, 43.745404336496605], [-79.55688007358877, 43.74528588774395], [-79.55686592135406, 43.74525148840304], [-79.55666262398022, 43.74516587765048], [-79.55666273694419, 43.745165853291105], [-79.55646784692227, 43.74469302217052], [-79.55622291559926, 43.74409878660076], [-79.55622278458344, 43.74409809356871], [-79.55622264857512, 43.744097372635224], [-79.55622264233851, 43.74409734203405], [-79.55633454302236, 43.74407314557586], [-79.5564407557693, 43.744050148083396], [-79.55847527842502, 43.743609622032736], [-79.55893592070606, 43.74350987567976], [-79.55896377461829, 43.74350385027677], [-79.55899161983034, 43.74349782127094], [-79.55921758638657, 43.74344888252145], [-79.55939888146983, 43.74340962579409], [-79.55958017382831, 43.74337036427972], [-79.55976148085291, 43.74333110697047], [-79.55994277273776, 43.743291845780846], [-79.56017846089294, 43.74324080183888], [-79.56051929571805, 43.74316699252098], [-79.56060008339534, 43.74314949628457], [-79.56076980135933, 43.74330403872679], [-79.56086567990873, 43.74339134668362], [-79.56098874466913, 43.74350340880644], [-79.56100779445946, 43.743520744056596], [-79.56108079001396, 43.74373375394788], [-79.56125700102322, 43.744247865238655], [-79.561298407373, 43.74436869295916], [-79.56129925235376, 43.744369373000694], [-79.56186741124213, 43.74440050015773], [-79.56198699581522, 43.744466651281186], [-79.56201376759002, 43.74448146092187], [-79.56208469778053, 43.74451152440476], [-79.56234243165598, 43.74461901389388], [-79.56257442797639, 43.74466214443848], [-79.56274465631024, 43.74469248615235], [-79.56315681149373, 43.74474627927139], [-79.56325645077382, 43.74477966562324], [-79.56339993689637, 43.74482774282199], [-79.56339986357128, 43.74482767625342], [-79.56336424526658, 43.744795607441716], [-79.56339998529627, 43.74482772119216], [-79.56340151640583, 43.744829093933895], [-79.5636385526802, 43.74504210914549], [-79.56394152801066, 43.74525753442904], [-79.56394156403861, 43.74525755421163], [-79.5643508301829, 43.745411235118986], [-79.56467951613791, 43.74552482630683], [-79.56475652043447, 43.745551438109786], [-79.56475655272828, 43.74555144889298], [-79.56518059156417, 43.74567831632713], [-79.56526154899711, 43.74569521498568], [-79.56547527152479, 43.74573987307776], [-79.56583604381095, 43.74661020010962], [-79.56588122011212, 43.74671915940157], [-79.56588065039301, 43.746719338854795], [-79.56588113594303, 43.74672053124042], [-79.56596379412073, 43.74689737610729], [-79.56613043033623, 43.746856101805555], [-79.56622305073783, 43.74683316070541], [-79.56858061233054, 43.74624912500528], [-79.568550851907, 43.74638219572747], [-79.56853160532526, 43.746468243010234], [-79.56855714517224, 43.746632974856574], [-79.56857141534961, 43.74679064747372], [-79.56856669457805, 43.74693094826759], [-79.5685655228938, 43.74703684415774], [-79.56854762870682, 43.747200511985426], [-79.5685273661162, 43.747343096702615], [-79.56851444159223, 43.74744099302047], [-79.5685126763324, 43.747454392435806], [-79.5685125101506, 43.747455657210736], [-79.56845253788647, 43.74781086976442], [-79.56841349363255, 43.74804202535989], [-79.56839287989176, 43.74817989898993], [-79.568374214447, 43.748252495308805], [-79.56835984882214, 43.74838176089872], [-79.56829060365281, 43.74856822439911], [-79.56823744219638, 43.7486917748452], [-79.5682075838952, 43.74878849394926], [-79.5681483052344, 43.74893260594371], [-79.56811250761446, 43.74907747712045], [-79.56808574340445, 43.749270744395524], [-79.5680323693201, 43.74945195773068], [-79.5680194142414, 43.7495502977359], [-79.56801558544619, 43.749579358731545], [-79.56798655895476, 43.749697505629726], [-79.56795682242303, 43.74990703626866], [-79.56795337526346, 43.750089079470314], [-79.56796268915012, 43.75026226145612], [-79.56797194818785, 43.75041984611464], [-79.56798605237181, 43.75060036125244], [-79.56802445632864, 43.75080303018329], [-79.56805745826577, 43.7510357376552], [-79.56820353205846, 43.75174730673786], [-79.5682751532495, 43.75208438024294], [-79.56829801092778, 43.7521919557117], [-79.56831897107894, 43.75229062558104], [-79.5682452608581, 43.75230442081006], [-79.56815503121763, 43.752321306967545], [-79.56755744946106, 43.75243315289537], [-79.56744028003182, 43.752455083400825], [-79.56736716160637, 43.752468768799034], [-79.567322005871, 43.75247526729618], [-79.56726654430724, 43.75249249321775], [-79.56720061195323, 43.752508446192856], [-79.56715902386632, 43.75249615694064], [-79.56713434475526, 43.7524692748343], [-79.56711614237072, 43.75242652963511], [-79.56710558333927, 43.75237846921389], [-79.5668945972592, 43.7518384644623], [-79.56686648707527, 43.75176651959068], [-79.56662856874377, 43.75115757602951], [-79.56661657639778, 43.75116014477305], [-79.56628076669152, 43.75123206189407], [-79.56583889908838, 43.7513266907934], [-79.5655874591668, 43.75138053855995], [-79.56551541266809, 43.75139596570147], [-79.56582472263284, 43.75218595831666], [-79.56594884813587, 43.752502979747014], [-79.56598182132313, 43.75255322363958], [-79.56599076954016, 43.75260524563861], [-79.56599850166384, 43.75264671888599], [-79.56594795581438, 43.75268324718711], [-79.56585002232339, 43.75271718251581], [-79.56579430508954, 43.75272605291922], [-79.56573416303748, 43.75273231548088], [-79.56551417017309, 43.752778363412034], [-79.56500158962112, 43.75288565109664], [-79.56494160438535, 43.7528982059182], [-79.56490870480094, 43.752905092551664], [-79.5650487352321, 43.75329989999059], [-79.56508838249407, 43.753377458193754], [-79.56512114102046, 43.75343494844596], [-79.56516339703462, 43.75349151424747], [-79.5652219825192, 43.753570835747134], [-79.56527670060602, 43.753645018817416], [-79.56530877074192, 43.753708657251735], [-79.5653754131749, 43.753818586374955], [-79.56535278919812, 43.7538268147426], [-79.56526529222188, 43.75385864000658], [-79.56517793045472, 43.7538904156195], [-79.56505671250063, 43.753935009300456], [-79.56502791306137, 43.753945603043185], [-79.56494119464735, 43.75398115142735], [-79.56487312091858, 43.754009057015594], [-79.56477009337702, 43.75404653088855], [-79.56468841736154, 43.75408761198371], [-79.56457884575383, 43.754160166308345], [-79.56442611099818, 43.75425557110172], [-79.56432475483257, 43.754320279572156], [-79.56425472773003, 43.75437317062276], [-79.56416043406587, 43.754435076491156], [-79.56403623001445, 43.75451210941832], [-79.56389564487668, 43.75458558687853], [-79.56386230619424, 43.75461728266212], [-79.56380976860973, 43.75466723376165], [-79.56370305262399, 43.75477755933284], [-79.56359800995872, 43.754907577675375], [-79.56358940551603, 43.7549182282245], [-79.5635064410471, 43.75500281575901], [-79.56331408995877, 43.75493128343557], [-79.56324244136546, 43.7549046398382]]]}, "properties": {"StationName": "Pearldale", "MTSA_Type": "Protected Major Transit Station Area", "SASP_No": 704}}, {"type": "Feature", "geometry": {"type": "Polygon", "coordinates": [[[-79.60460696380854, 43.722751424218295], [-79.60572768970415, 43.72432701945996], [-79.60670514383605, 43.72525309659599], [-79.60702510487953, 43.72523422780917], [-79.60735842730863, 43.72509375625354], [-79.6075386497909, 43.7251840857329], [-79.60761946108892, 43.72515447646738], [-79.60797601325528, 43.72524000344007], [-79.60806612615823, 43.72526158436611], [-79.60827290090658, 43.72523549199714], [-79.60853542872124, 43.725139784416704], [-79.60869613213349, 43.72514947911197], [-79.60880460013185, 43.72515601885945], [-79.60882196370484, 43.7251212753818], [-79.60884777401414, 43.72506961044795], [-79.60898237335846, 43.72508532445045], [-79.60901584319917, 43.72508923509539], [-79.60904425925501, 43.72507145746083], [-79.60914833973355, 43.72500634185644], [-79.60924072321149, 43.72502743361987], [-79.60938519668493, 43.72506041117225], [-79.60948121744326, 43.72504764543627], [-79.60958214759683, 43.72502493749696], [-79.6096378050376, 43.72508053005394], [-79.60969935152119, 43.725166424249686], [-79.60983182760599, 43.72526297980633], [-79.60992745267937, 43.725522412847354], [-79.6098978446318, 43.725546717775444], [-79.6099727618449, 43.72560658525637], [-79.60984395799755, 43.72618888497967], [-79.60976382924565, 43.726830366188196], [-79.60992366623506, 43.727327524274095], [-79.6101026936108, 43.72758636376347], [-79.6096924311772, 43.72772022017267], [-79.60981002170539, 43.72865462891543], [-79.60982783194612, 43.72879617488464], [-79.61036459175635, 43.7299627542949], [-79.61062502436789, 43.7300883583607], [-79.61060465782312, 43.730117101137694], [-79.60970639222235, 43.731384139975596], [-79.6097438092882, 43.73169870752802], [-79.60913908890868, 43.731997651695046], [-79.60899451314934, 43.73207756701964], [-79.60911488609406, 43.732190950104346], [-79.60915989675252, 43.732235060163454], [-79.60928005607319, 43.73235281519242], [-79.60936514464301, 43.73243753298461], [-79.60967294961476, 43.732743994164224], [-79.60977453986965, 43.73293292331982], [-79.6097830775817, 43.732944949818155], [-79.60988305381021, 43.733085840643284], [-79.60994070560983, 43.73321630361829], [-79.60997582288674, 43.73332428507124], [-79.60998068798312, 43.73344579752804], [-79.60997872077768, 43.7336393267092], [-79.6098736584302, 43.734098492454216], [-79.60672379043483, 43.733728754171885], [-79.60667874508043, 43.7337234656706], [-79.6065065124851, 43.73369752170718], [-79.60626813673731, 43.733661613384236], [-79.60578369015158, 43.733662062756615], [-79.60576081161042, 43.73366208392798], [-79.60528529658352, 43.73370851040711], [-79.60468299697303, 43.733789525953746], [-79.60331733467059, 43.73410034017041], [-79.6033027863521, 43.734103651384515], [-79.60316163506336, 43.73413577477516], [-79.60304850481269, 43.73417041469054], [-79.60294574586302, 43.73419324539068], [-79.60293214914823, 43.73419626585964], [-79.60104063395056, 43.734616497240005], [-79.60096202701352, 43.73463396074994], [-79.60079325262251, 43.73467230028148], [-79.60025604637204, 43.734794333055824], [-79.59920926925393, 43.735032112059116], [-79.59912881448281, 43.734872244647704], [-79.59864314263231, 43.73376164729297], [-79.59766250855174, 43.731450566968235], [-79.59756461461116, 43.73122188501965], [-79.59756530079787, 43.731221720610776], [-79.59719132169289, 43.730351436021685], [-79.59658732176887, 43.72894312236647], [-79.59618463771467, 43.728004187634966], [-79.59615396328527, 43.72793254526602], [-79.59610609540083, 43.72782076264256], [-79.59567410885339, 43.72681192861709], [-79.59654435507096, 43.725430760411925], [-79.59800644809954, 43.722759708190644], [-79.59871394322987, 43.722735566413654], [-79.59876477066967, 43.72274451569234], [-79.59881481621487, 43.7227534746256], [-79.5988652378892, 43.722757932568406], [-79.59891529587196, 43.722766891446916], [-79.59896495545883, 43.72277584974829], [-79.5990146163031, 43.72278480892711], [-79.59906427716213, 43.722793768084316], [-79.59911315486963, 43.72280272789904], [-79.59916204125622, 43.722816188328444], [-79.59921093140798, 43.72282514809051], [-79.59925943307759, 43.722838608812154], [-79.5993075549875, 43.72284756829985], [-79.59935529336424, 43.72286552128574], [-79.59940262841523, 43.72287898296056], [-79.5994476350868, 43.72288794599844], [-79.59948254995724, 43.7228969178023], [-79.59951787814684, 43.72291488962168], [-79.59955357621124, 43.72292386072193], [-79.59958967891089, 43.722937332101516], [-79.59962574810432, 43.722946302855846], [-79.59966261288679, 43.722955272004945], [-79.59969949755695, 43.72296874266795], [-79.59973674712357, 43.722977712357626], [-79.59977399545866, 43.72298668113607], [-79.59981201950148, 43.72299114858199], [-79.59984964144374, 43.723000117009526], [-79.59988767296497, 43.723009076965596], [-79.59992608054735, 43.72301354403839], [-79.59996448937656, 43.72301801109717], [-79.60000328296968, 43.723022477806424], [-79.60003471035192, 43.723031451592405], [-79.60006651625183, 43.723035924395404], [-79.60009833456803, 43.72304039717866], [-79.60012975571902, 43.723044870300974], [-79.6001623547318, 43.7230493423825], [-79.60019414823905, 43.72305381516082], [-79.60022634382943, 43.72305378693474], [-79.60025894409533, 43.72305825898764], [-79.60029112603533, 43.7230582307553], [-79.60032371879798, 43.72305820215332], [-79.60035628673747, 43.72305817356385], [-79.60038848233003, 43.7230581452921], [-79.60042106143985, 43.72305811667437], [-79.60045324951219, 43.723053587748026], [-79.60048582233803, 43.72304905847439], [-79.6005180042729, 43.723049030178174], [-79.60055019233302, 43.72304450122455], [-79.60078374981877, 43.72302903745027], [-79.60089148333039, 43.723008212446715], [-79.60106374732834, 43.72297430454268], [-79.60224455712022, 43.722707774967716], [-79.60232734606345, 43.72268908622235], [-79.6025243746907, 43.72264307061555], [-79.60267927662225, 43.72260689402022], [-79.60282347649144, 43.722545635755836], [-79.60287486483304, 43.72250929452863], [-79.60304493785418, 43.72259035544266], [-79.60310053235605, 43.72257790153741], [-79.60317166003503, 43.72256196809038], [-79.60324280008768, 43.722546034587836], [-79.60331392769112, 43.72253010105219], [-79.6033516018571, 43.722521661592324], [-79.60338505525677, 43.722514167472305], [-79.60345618278463, 43.72249823384815], [-79.60352732268616, 43.722482300168494], [-79.60352743482471, 43.7224825530031], [-79.603598608378, 43.72246672276333], [-79.60366978189371, 43.722450892479266], [-79.60366957755302, 43.72245043269883], [-79.60403008987764, 43.72236967865808], [-79.60417993548933, 43.72233663617698], [-79.60460696380854, 43.722751424218295]]]}, "properties": {"StationName": "Humber College", "MTSA_Type": "Major Transit Station Area", "SASP_No": 636}}, {"type": "Feature", "geometry": {"type": "Polygon", "coordinates": [[[-79.5895169823877, 43.73198868510722], [-79.5894694383079, 43.73187733609144], [-79.58959161936693, 43.73164145206127], [-79.58965850845043, 43.73151229436019], [-79.58975604694373, 43.731433852728635], [-79.58969017033532, 43.73121813492488], [-79.58976031329897, 43.731209370231774], [-79.5897643385426, 43.73121742861097], [-79.58988802670879, 43.73119412612614], [-79.58989576634485, 43.73119244490241], [-79.59006322008956, 43.731156065854094], [-79.59032797768825, 43.731111660682025], [-79.59058170694922, 43.73108041449703], [-79.59070919395862, 43.73107421953322], [-79.59085056158791, 43.73106977764489], [-79.59086482801419, 43.731071350528744], [-79.59116132276604, 43.73103429923602], [-79.59116696971279, 43.73103359263285], [-79.5912259843918, 43.73097206684974], [-79.5912263098206, 43.73097138249321], [-79.59126691408322, 43.73090640589017], [-79.59133365364274, 43.730836961762165], [-79.59141625423818, 43.73078196995718], [-79.5915106236051, 43.730719641633456], [-79.59260914387653, 43.73048927839274], [-79.59310270027247, 43.73038255078723], [-79.59366181851918, 43.73026164254439], [-79.59372163296653, 43.73025103502019], [-79.59377946630028, 43.730227719290276], [-79.59382175560245, 43.730194631905356], [-79.59386357146194, 43.730160455739124], [-79.59417021105843, 43.72989906753019], [-79.59428004619052, 43.72995762929618], [-79.59436556876332, 43.7300189474182], [-79.59441813503612, 43.73005663735306], [-79.59449836592083, 43.73013119161961], [-79.59455518423702, 43.73018096668725], [-79.5946055049256, 43.73024289882511], [-79.59465840528306, 43.73032698094044], [-79.59470149339732, 43.730407227615935], [-79.59498605119225, 43.73106696489876], [-79.59502838036168, 43.73115335093953], [-79.59505196230788, 43.73119840070621], [-79.5951134740938, 43.731279415002405], [-79.59516500481257, 43.73133631416343], [-79.59527047701918, 43.73142806628777], [-79.59539634125147, 43.73153332120734], [-79.59551343300164, 43.73160941919445], [-79.59565076705302, 43.731690684855955], [-79.59576771622305, 43.73177039220989], [-79.59600355231406, 43.7319066986627], [-79.59614985159145, 43.731794851901284], [-79.59625766807198, 43.73172123876441], [-79.59640217969867, 43.73164084362779], [-79.59653732800376, 43.73158159120367], [-79.59673334406642, 43.73151031543059], [-79.59694946539969, 43.731459752200244], [-79.59719858594983, 43.731404614861376], [-79.59758404004488, 43.73225088307822], [-79.59791001238081, 43.73300940244668], [-79.59792951367596, 43.73305478814717], [-79.59821338964585, 43.733715335884284], [-79.59822047880358, 43.73373183001906], [-79.59837388549056, 43.734088782925824], [-79.59882044807235, 43.73512006091199], [-79.60025604387721, 43.734794325857], [-79.6007932513781, 43.73467229848234], [-79.60096203321899, 43.73463395984432], [-79.60221676621799, 43.737542756600156], [-79.6031576962904, 43.73964264184583], [-79.60376709369064, 43.74107425257345], [-79.60414916333134, 43.74194223920675], [-79.6042032451617, 43.74208826499637], [-79.6042245637104, 43.742176936731916], [-79.60424262680372, 43.74229270611031], [-79.60423786842054, 43.7423860192636], [-79.60422085983035, 43.74253960788901], [-79.60416182414424, 43.742714632597824], [-79.60398753646727, 43.7432773417875], [-79.60387563668152, 43.743641948402406], [-79.60259147769885, 43.74339292739091], [-79.60240051324527, 43.74335588835131], [-79.60085031879215, 43.74309066120552], [-79.60005506158004, 43.74295458875923], [-79.59989216739478, 43.74340091890281], [-79.59984924393852, 43.74353636226655], [-79.59983410710494, 43.74369432138285], [-79.59985300474422, 43.74383145697037], [-79.59988538816678, 43.74398474791743], [-79.59957265926876, 43.744014195640915], [-79.59943339631815, 43.74403225637237], [-79.5992518598138, 43.744028670532245], [-79.59903455542366, 43.74400315234344], [-79.59883037997037, 43.74398906298246], [-79.5983713026712, 43.74393872074382], [-79.59810161978399, 43.74392975324587], [-79.59774869909218, 43.74395022741501], [-79.59683736480363, 43.74402412752956], [-79.59649182477645, 43.74406571480418], [-79.59614681402901, 43.74408920807075], [-79.59580007889886, 43.744170604999205], [-79.59532853451584, 43.74428838818513], [-79.59360880454818, 43.744731740415105], [-79.59321673199314, 43.74393668587754], [-79.59282796655812, 43.74311453702253], [-79.5925871523196, 43.742619814556924], [-79.59255235677982, 43.742565323035016], [-79.59251442675712, 43.74251511773646], [-79.59246979028681, 43.742472425797736], [-79.59241376473028, 43.74242628656804], [-79.59236209213255, 43.74240193493245], [-79.59233251871494, 43.74239417183985], [-79.59227098842013, 43.74237803727064], [-79.59219556806967, 43.7423638131379], [-79.5921390943703, 43.7423668911992], [-79.59203694648276, 43.74237902437747], [-79.59185506051126, 43.74242103283018], [-79.58966772219134, 43.742917713624635], [-79.58820209370033, 43.743245429417755], [-79.5874089790031, 43.743448332873534], [-79.587239906905, 43.74312511449313], [-79.58621751761173, 43.74335681563964], [-79.5860094364315, 43.74339825755941], [-79.5857658248086, 43.7434328209043], [-79.5855191631456, 43.74345311992465], [-79.5852710419093, 43.74345903549787], [-79.58502307526643, 43.743450522307675], [-79.584781060396, 43.74342762916251], [-79.58456922981414, 43.74339686408232], [-79.58394048300703, 43.74328725212026], [-79.58380909198719, 43.74326588774661], [-79.58356467621893, 43.743234315676304], [-79.5833181379775, 43.74321285213873], [-79.58307033675969, 43.74320182234106], [-79.58282206674343, 43.74320100786935], [-79.58257412128113, 43.743210490958894], [-79.58232733206025, 43.743230242208746], [-79.58207637917032, 43.74326507301641], [-79.58192009146164, 43.742954092781844], [-79.58157999817078, 43.74227733361678], [-79.58095901053969, 43.74097709444433], [-79.58065015686752, 43.740378724611084], [-79.58036296217607, 43.739726337396235], [-79.5832773231562, 43.740173333931985], [-79.58348242664694, 43.7394233496793], [-79.5836049558914, 43.73897529618491], [-79.5837107907848, 43.73857296135804], [-79.5839241698803, 43.73775963985666], [-79.5829806422691, 43.73763965780628], [-79.58287081625554, 43.737616919283546], [-79.58278242239163, 43.7375704108015], [-79.58272303941236, 43.73752237804732], [-79.58268255005866, 43.73746428618637], [-79.58256680522842, 43.73730783788292], [-79.58252388478004, 43.737223977101635], [-79.58251661948779, 43.73715865117427], [-79.5825280382807, 43.73713872313328], [-79.58254242942971, 43.73711361721787], [-79.5826055773134, 43.73708318333111], [-79.58266961358756, 43.737066880751236], [-79.58272157013604, 43.73704126156889], [-79.58396975810679, 43.736552680915466], [-79.5840975366291, 43.73651536674316], [-79.5841439133017, 43.736504090032085], [-79.58454782575805, 43.73644155722834], [-79.58442082945363, 43.73607215815913], [-79.58437022750988, 43.73594738397232], [-79.58433694046516, 43.73586459689261], [-79.58431929608335, 43.73579998082084], [-79.58421628906241, 43.73553859698346], [-79.5841550472696, 43.73537706935568], [-79.58382344402477, 43.73461907597151], [-79.58379512066125, 43.73455433351672], [-79.58376533032569, 43.734486240057], [-79.58371088814383, 43.734470483616484], [-79.5836513744698, 43.73444996018954], [-79.58315412941903, 43.73421670949984], [-79.58257109581402, 43.73397143083884], [-79.58270281590964, 43.733805904885976], [-79.58282650530613, 43.73361371383489], [-79.58296469725072, 43.73336335491377], [-79.58317443669414, 43.7329892546177], [-79.58324856258302, 43.73284344848098], [-79.58333704602562, 43.73273103644158], [-79.58345482955852, 43.73262181549609], [-79.58355042830829, 43.73255446835662], [-79.58378073077094, 43.73241482868469], [-79.58391256948329, 43.7323515304468], [-79.58414742823774, 43.732282592574585], [-79.58431370827883, 43.73224288874895], [-79.58448559194572, 43.73222466657482], [-79.58467062572281, 43.73222627320443], [-79.58484159321277, 43.73221778964936], [-79.58500563595099, 43.732220383452905], [-79.58527087722646, 43.73226071501187], [-79.58532869386178, 43.73215377006272], [-79.58534801426573, 43.73209701972193], [-79.58534194347499, 43.73202665141117], [-79.58532364982028, 43.73195059531887], [-79.58508842881565, 43.73129445997725], [-79.58498227010587, 43.73102734605808], [-79.58496737210561, 43.730989839825504], [-79.58488465340174, 43.73069839413318], [-79.5848669065761, 43.730642320372475], [-79.58487533157921, 43.730631914044636], [-79.5848764967755, 43.730635148237326], [-79.58494049969202, 43.73061371276567], [-79.58494108911587, 43.73061357100763], [-79.58494036994368, 43.73061149494812], [-79.5849394488342, 43.73060882135406], [-79.58533650973783, 43.73051741560492], [-79.5853371711405, 43.73051726298957], [-79.58533469960022, 43.73051370393069], [-79.58525826324717, 43.73035700737652], [-79.58525824209771, 43.73035697408757], [-79.58525937639352, 43.73035679051562], [-79.58525839039362, 43.730354757863175], [-79.58612137428861, 43.730217009786756], [-79.5862340263741, 43.73019873777729], [-79.58647346864431, 43.7300870229846], [-79.58676532423543, 43.729950565714404], [-79.58722220461853, 43.72985042715084], [-79.58748155263874, 43.72978379413884], [-79.58793237315008, 43.72966421461636], [-79.58827844754504, 43.72957649236357], [-79.58830867351871, 43.72964441964562], [-79.58851876530224, 43.730116606259166], [-79.58871067738771, 43.730539848627664], [-79.5891680396807, 43.73154852560078], [-79.58916377378631, 43.731548908782266], [-79.58916076330527, 43.731552925698224], [-79.58916331570107, 43.731558090437694], [-79.58931647307979, 43.73188830045494], [-79.58932044810686, 43.73189014260954], [-79.5893222519956, 43.73188862088504], [-79.58938369380859, 43.732024123909206], [-79.5895169823877, 43.73198868510722]]]}, "properties": {"StationName": "Martin Grove", "MTSA_Type": "Major Transit Station Area", "SASP_No": 645}}, {"type": "Feature", "geometry": {"type": "Polygon", "coordinates": [[[-79.42202653047971, 43.68432081274017], [-79.42202127237898, 43.684321938822464], [-79.4220418030973, 43.6843724773889], [-79.42210191422663, 43.684520442908045], [-79.42225697403612, 43.684902125463246], [-79.4223627557009, 43.68516250819108], [-79.42239016043673, 43.68522996668545], [-79.42240691192927, 43.685271199721335], [-79.42272999591655, 43.686066450694874], [-79.42293994139847, 43.68660040543819], [-79.42294273191052, 43.686607502178525], [-79.4229547470688, 43.686638059038], [-79.42295768594803, 43.686645534834526], [-79.4229811932755, 43.68667141873721], [-79.42302607129558, 43.68672083303791], [-79.42307460345617, 43.68677427067989], [-79.42314311915759, 43.68684971112052], [-79.42317912855259, 43.68688936104004], [-79.42321920951672, 43.686933491851114], [-79.42324663004234, 43.686963683668814], [-79.42325320452781, 43.686966372283635], [-79.42329495990339, 43.68698344615411], [-79.42336441422107, 43.68701184606996], [-79.42344813464338, 43.68704607936724], [-79.42361914756108, 43.68711600638173], [-79.42370238228223, 43.687150040237995], [-79.42384181989826, 43.68720705501514], [-79.42385284478563, 43.68723839603435], [-79.42385388074852, 43.687272547819056], [-79.4240163702658, 43.687276904578404], [-79.42450259246746, 43.68748173544984], [-79.42455286016816, 43.687502911892174], [-79.42459312171384, 43.68751987268424], [-79.42464713854886, 43.68754262769319], [-79.42464380259419, 43.68754794168686], [-79.42468297655613, 43.6875627486091], [-79.42485468244071, 43.68763037798319], [-79.4248601031385, 43.68763234113876], [-79.4250959732874, 43.68773170243425], [-79.42517278263075, 43.687764058556304], [-79.42526952155778, 43.68780481060721], [-79.4252916107675, 43.68781411533108], [-79.42541702856072, 43.68786694689467], [-79.42553755657843, 43.68818165836596], [-79.42555369218891, 43.688223795153135], [-79.42556574060279, 43.688280952514816], [-79.42554522413127, 43.688410981528044], [-79.42507414518124, 43.6890154377848], [-79.4250393904654, 43.68900318217781], [-79.42502621003872, 43.68899867286367], [-79.42501303641154, 43.68899866422249], [-79.42499947144697, 43.688994154653], [-79.42498590648441, 43.688989645081904], [-79.424971951373, 43.68898963592314], [-79.42495800866612, 43.68898962677083], [-79.42494442569104, 43.68898961785301], [-79.42493048297297, 43.68898961769866], [-79.4249165278728, 43.6889895995318], [-79.42490293929373, 43.68899408227408], [-79.42488937549925, 43.68899858303368], [-79.42487581733123, 43.68899857412401], [-79.42486261327682, 43.689003066115525], [-79.42484981857045, 43.68900755837463], [-79.42483702948236, 43.68900754996598], [-79.42482499823407, 43.689016543394324], [-79.4248129850087, 43.68902103616322], [-79.42480174086369, 43.68902552943679], [-79.424790496717, 43.68903002270927], [-79.42478038816307, 43.689039017397896], [-79.42477030441525, 43.689048012101935], [-79.4247609953728, 43.68905250664502], [-79.42475244978502, 43.6890615023599], [-79.4247443011406, 43.689070498335425], [-79.42473693398117, 43.68907949482492], [-79.42473033590247, 43.68908849182035], [-79.42375522664511, 43.68867667695553], [-79.42303979828456, 43.68837452298606], [-79.42145516680097, 43.687721030592996], [-79.42144827372444, 43.68771818773325], [-79.42157207212558, 43.688025808982225], [-79.42191890010622, 43.68889333191035], [-79.42069652963305, 43.689137506883064], [-79.42094901733572, 43.68978083556436], [-79.42047121391927, 43.68986140907003], [-79.41900352667238, 43.68927063779024], [-79.4175128275754, 43.68840238447905], [-79.4167726136146, 43.6865627458681], [-79.41575421337828, 43.686703786310574], [-79.4164242503931, 43.68833370924814], [-79.41518529170101, 43.6885813867119], [-79.41529731344163, 43.68882858897392], [-79.41412223656194, 43.68906447985165], [-79.41413056122691, 43.68910711465052], [-79.41426313523958, 43.68947803424513], [-79.4143063681568, 43.68959899065292], [-79.41428536819491, 43.689748000174234], [-79.41426675660973, 43.689880063758956], [-79.4142113546003, 43.68994270751449], [-79.41415123469315, 43.69001683340702], [-79.41410990365738, 43.69006783994698], [-79.41409392103151, 43.6900889180722], [-79.41407796147742, 43.69010251610041], [-79.41405356861179, 43.69011474858376], [-79.41402259828699, 43.6901290194186], [-79.41399913869013, 43.69013920028715], [-79.41397568393552, 43.69014598765003], [-79.4139353557533, 43.69015480560883], [-79.41390626921454, 43.690161588717054], [-79.41388938605243, 43.69017042431529], [-79.41386590498205, 43.69019558336677], [-79.41383679600722, 43.69021801976718], [-79.41381989944766, 43.69022753044532], [-79.41379456956743, 43.69023567555923], [-79.41376362518164, 43.69024041392626], [-79.41371202944991, 43.6902519417092], [-79.41362009103601, 43.6902736465073], [-79.4135722568261, 43.69028314276714], [-79.41354224374174, 43.69028719767664], [-79.4135263015985, 43.69028855382099], [-79.41350659885745, 43.69029125731835], [-79.41347847698027, 43.690282729771724], [-79.41344621375, 43.69027377962009], [-79.41343910738375, 43.690271808346765], [-79.41341473487002, 43.690269755585575], [-79.41339130153888, 43.69026157361965], [-79.41331128602631, 43.69022160103344], [-79.41326386784638, 43.69023162765863], [-79.41301656442347, 43.69028391934047], [-79.41301255644159, 43.690284766916946], [-79.41148095815502, 43.6906086060271], [-79.41065683373228, 43.690791314003114], [-79.4100822284208, 43.690918699536745], [-79.40988250296324, 43.69043123955977], [-79.40947548425915, 43.689437824591074], [-79.40945074443405, 43.68934217476783], [-79.40945045400089, 43.68934145983142], [-79.40944958292093, 43.68934164276872], [-79.40942351308358, 43.68927752897735], [-79.40866901590202, 43.68742192150113], [-79.40790752245259, 43.68545914629158], [-79.40786466014426, 43.68534869764684], [-79.40932785554315, 43.68502712168417], [-79.41112506019256, 43.6846289309517], [-79.41101576685091, 43.68453731392856], [-79.41050589200776, 43.68325810157609], [-79.41034091594199, 43.682844209073075], [-79.41020443918563, 43.682508023945985], [-79.41020123979239, 43.68250011284642], [-79.41015284773128, 43.6823876929628], [-79.4100492982296, 43.682147082838334], [-79.41004924393556, 43.6821468955675], [-79.41000244065626, 43.68203821242409], [-79.40996794754973, 43.68193870053088], [-79.40989805440275, 43.68176660623611], [-79.40938537277253, 43.680568992323266], [-79.40898851409489, 43.679565985615184], [-79.41051099809594, 43.679227081344706], [-79.41022052624216, 43.67848468908066], [-79.41068243248439, 43.67837409030511], [-79.4107578188065, 43.678339093400204], [-79.41080811087649, 43.678312797382596], [-79.41087151590378, 43.67825969022469], [-79.41084811135964, 43.67820529837707], [-79.41113071389594, 43.67830829952531], [-79.41199620986178, 43.678419287044484], [-79.41210759623428, 43.67842989622872], [-79.41302219693213, 43.67855971845696], [-79.41312172116679, 43.67857010339412], [-79.41360339205124, 43.678630710035925], [-79.41369050029637, 43.6786230247717], [-79.41513678825912, 43.67834591620716], [-79.41521871213735, 43.67853611715432], [-79.41551189037085, 43.67848722732061], [-79.4155177035429, 43.67848622076469], [-79.41640249332512, 43.678336434278016], [-79.41653966440454, 43.67877952906898], [-79.41671338074491, 43.67925013053164], [-79.41694646986289, 43.67982064397365], [-79.41705075804026, 43.68010125680471], [-79.4174246331167, 43.680034351290004], [-79.4176580545887, 43.679984456838746], [-79.41766173060499, 43.67998365476559], [-79.41792354835015, 43.67993323744047], [-79.41792896112818, 43.67993214766224], [-79.41826033558435, 43.67986585608754], [-79.41928293259616, 43.67966395504645], [-79.42043093877042, 43.67940965971363], [-79.42129163036634, 43.6792324725137], [-79.42220212989466, 43.67904697928152], [-79.42237653876462, 43.67949057572631], [-79.42237724836379, 43.67949236747782], [-79.4225622355381, 43.67997939332074], [-79.42274780037837, 43.68044868474653], [-79.4227484148772, 43.68045018118675], [-79.42279492089317, 43.68056779548618], [-79.42291161048938, 43.68084859403816], [-79.42295678584215, 43.6809626887374], [-79.42295819887592, 43.68096629743193], [-79.4230972837001, 43.681337280111904], [-79.42323697966667, 43.68169040612777], [-79.42323777837471, 43.681692389661904], [-79.42341366312148, 43.6821431881913], [-79.4231738814215, 43.68220280886036], [-79.42322861311156, 43.682336812733666], [-79.42332547136714, 43.6825740039169], [-79.42332667302361, 43.682577095786584], [-79.42338344914711, 43.682727906468656], [-79.42338775026188, 43.682738892798604], [-79.42386003943179, 43.68395000321298], [-79.42324901018945, 43.684067596853176], [-79.42324601890566, 43.68406821683785], [-79.42265040416477, 43.68418541256413], [-79.42202653047971, 43.68432081274017]]]}, "properties": {"StationName": "St Clair West", "MTSA_Type": "Protected Major Transit Station Area", "SASP_No": 717}}, {"type": "Feature", "geometry": {"type": "Polygon", "coordinates": [[[-79.37196168824903, 43.70916218450281], [-79.37223698072916, 43.7090954760032], [-79.37249858374832, 43.709043793656], [-79.37279808610892, 43.70898508506432], [-79.3730476778011, 43.70893458706639], [-79.37332239483474, 43.70887550031862], [-79.3735095069009, 43.708842102046916], [-79.37348557874522, 43.70880579309303], [-79.37346199112876, 43.708760392289534], [-79.37342649711638, 43.708696882967246], [-79.3734038874438, 43.70861549060226], [-79.37335738460861, 43.70849779468852], [-79.37333579997326, 43.708380494522075], [-79.37331312231547, 43.70829909215785], [-79.37332969806626, 43.708146277302504], [-79.37335772018962, 43.70802958297517], [-79.3733723262756, 43.70794879980337], [-79.37339952315433, 43.7078591813869], [-79.37343921871688, 43.70776967761661], [-79.3734788061873, 43.7076801836129], [-79.3735306274962, 43.7075998817662], [-79.37358223616182, 43.707528589070975], [-79.37367101910253, 43.707457796508905], [-79.37375981531711, 43.70738708310313], [-79.37384810592769, 43.70733429877969], [-79.3739612134759, 43.70728189460594], [-79.37406153154497, 43.70724728622254], [-79.3741615291093, 43.707221696711194], [-79.3742736253719, 43.70720527835382], [-79.374397907095, 43.70719809691985], [-79.37473512154601, 43.707121782096294], [-79.3749971402779, 43.70707148606994], [-79.37500022865952, 43.70707090796261], [-79.37534644316636, 43.70700449361613], [-79.37560891127106, 43.706936208456376], [-79.37610483624962, 43.70683590807318], [-79.37610813456308, 43.706835205945346], [-79.37673244020816, 43.70670001510914], [-79.37786822642317, 43.70646411814785], [-79.3790283403822, 43.70624641738976], [-79.37933170638097, 43.70696203717534], [-79.37945240849015, 43.70708981842421], [-79.37951320896387, 43.707135720803976], [-79.37957411124943, 43.707181637660376], [-79.3796349059118, 43.70722743645348], [-79.37968330122712, 43.70727313665072], [-79.37973149252657, 43.70732782172062], [-79.37977968490074, 43.70738263368927], [-79.37981518609554, 43.707446140161515], [-79.37983849344859, 43.70750043446505], [-79.37986170573082, 43.70756383168836], [-79.37988480160831, 43.70762713607046], [-79.37990787128258, 43.7076905376338], [-79.37993118605016, 43.707744936339125], [-79.37995439128545, 43.707808230018465], [-79.37997749459231, 43.70787163790198], [-79.38000038790211, 43.70794392535157], [-79.38132298469182, 43.70768353909114], [-79.38263348097955, 43.7074140409679], [-79.38355140932518, 43.709740970137545], [-79.38316462188308, 43.70981657257548], [-79.38365349754315, 43.711020986860255], [-79.3839207656042, 43.711700093745335], [-79.38424614091717, 43.712523991626426], [-79.3832352598689, 43.71272579610392], [-79.38227423226328, 43.71291928798169], [-79.38130065496172, 43.71312156291375], [-79.3803147505101, 43.71331467491746], [-79.37935376117586, 43.713508170163244], [-79.37840495091137, 43.713710763392676], [-79.37758186353989, 43.713852154896394], [-79.37794390847368, 43.716072265855765], [-79.37670791683668, 43.716333852826345], [-79.37643562498346, 43.714925341836555], [-79.37626215168467, 43.71399544779143], [-79.3750636595641, 43.71424853343895], [-79.37309076302273, 43.7146796141414], [-79.37272948719954, 43.71381012529042], [-79.37238039840553, 43.71294979589588], [-79.37203103604494, 43.71209849330684], [-79.37194643578555, 43.712016190562764], [-79.3718002314243, 43.71191511037045], [-79.37153162834541, 43.71174918932122], [-79.37129973943756, 43.71160180755898], [-79.37106864029626, 43.71142749611256], [-79.37093515875604, 43.711317495359474], [-79.3708504678346, 43.711235280803784], [-79.37071912188493, 43.71108872521018], [-79.37062157100458, 43.71097987817838], [-79.37045819577109, 43.710805733026916], [-79.37042376303138, 43.71076949435143], [-79.3704239782115, 43.71076926056142], [-79.37050773962866, 43.71073854041514], [-79.3709360537997, 43.710536668294324], [-79.37090659114867, 43.71050312316402], [-79.37086540962831, 43.71045506368429], [-79.37083794958518, 43.71042222650057], [-79.37081090069256, 43.710389210648785], [-79.37080775589796, 43.710385335632935], [-79.37080461608087, 43.71038145432173], [-79.37079942559927, 43.71037501252153], [-79.37075801214148, 43.71032178509032], [-79.37070639485171, 43.710254719196506], [-79.37070338917832, 43.710250784926465], [-79.37069759810748, 43.71024319747604], [-79.37067978378681, 43.71021898271323], [-79.37112267302533, 43.710048314988434], [-79.37131036050397, 43.709962844816104], [-79.37112318912304, 43.70972116309181], [-79.3710158910947, 43.70949150604223], [-79.37096451231547, 43.70938171221979], [-79.37096293371198, 43.70937833944823], [-79.3710809601657, 43.709356076472744], [-79.37196168824903, 43.70916218450281]]]}, "properties": {"StationName": "Leaside", "MTSA_Type": "Protected Major Transit Station Area", "SASP_No": 681}}, {"type": "Feature", "geometry": {"type": "Polygon", "coordinates": [[[-79.39610143269076, 43.695826840429724], [-79.39621312703363, 43.69580756923824], [-79.39675201250043, 43.695730689031585], [-79.39688210572669, 43.695712128705864], [-79.39701437292243, 43.69569325874471], [-79.39709906796668, 43.695701399310195], [-79.39728007280198, 43.69572917008578], [-79.39745608980756, 43.6957705182056], [-79.39966190938182, 43.6963854923135], [-79.39977663590173, 43.696417476565884], [-79.39992631166885, 43.69645920283832], [-79.39995466439638, 43.696568988949096], [-79.39997047842765, 43.69663021361789], [-79.3980183110648, 43.697034923757776], [-79.39820470847232, 43.697490908985856], [-79.39811661454183, 43.697498517633434], [-79.39796797387145, 43.697520151158905], [-79.39793888318506, 43.69752621908641], [-79.39806186080264, 43.6978432934157], [-79.39808916117995, 43.69797433115346], [-79.39825572324588, 43.69795606371875], [-79.3983384669279, 43.697944795668214], [-79.39843800720918, 43.69793816916415], [-79.3985499827204, 43.69793356000603], [-79.39862562871019, 43.69794064725218], [-79.39872449472513, 43.69795573019788], [-79.39879365304122, 43.697963063621685], [-79.39926658897768, 43.698097119553935], [-79.39930104554398, 43.69810664541176], [-79.39936010263177, 43.69812297181907], [-79.39943633383164, 43.6981431019641], [-79.39959866917707, 43.69815600674495], [-79.39977468508899, 43.69816226231054], [-79.40033803191777, 43.69812407257281], [-79.40071536542679, 43.698079445619236], [-79.40094162966962, 43.698060125249285], [-79.4014185366022, 43.69799329673879], [-79.40184575687948, 43.697918386299506], [-79.40199056799422, 43.69790165107217], [-79.4021797153372, 43.697888212091264], [-79.4025457232706, 43.697893790497844], [-79.40258689905473, 43.697894420583005], [-79.40271834484365, 43.697888987709334], [-79.40302465935582, 43.69787694497685], [-79.40327852694537, 43.69792745587719], [-79.40338830324725, 43.69824531530317], [-79.40405878631164, 43.699994800336974], [-79.40329721697917, 43.700140012418736], [-79.40280723327017, 43.70023365706186], [-79.40162155300254, 43.70048724784212], [-79.40042364857831, 43.700731537101284], [-79.40114348040858, 43.70259645854393], [-79.3999338037038, 43.70281365552928], [-79.39965453324125, 43.70211643411885], [-79.39965307687424, 43.702112567673986], [-79.3990639621957, 43.702224637484136], [-79.39893044695364, 43.70225003644695], [-79.39850276327772, 43.70233139396503], [-79.39803438464413, 43.70242316051781], [-79.39797485684637, 43.70243556612629], [-79.39781522854423, 43.702468803126756], [-79.39756337339796, 43.70252124261617], [-79.39751203296503, 43.70252056650326], [-79.39746505810633, 43.702512945265596], [-79.3974009863987, 43.70250796855373], [-79.39739108293149, 43.702507199052775], [-79.39730264417628, 43.702512566328004], [-79.39717817058076, 43.70253836652352], [-79.39699763344048, 43.70257913927815], [-79.39689890334142, 43.7026000269412], [-79.39454043029414, 43.70308012003955], [-79.39401543101098, 43.7031907116237], [-79.39341711438263, 43.703316414975895], [-79.39336991942865, 43.70322570429326], [-79.3933468335399, 43.703162306280944], [-79.3933234114624, 43.70310800198053], [-79.39328792831346, 43.70304450777221], [-79.39326474086502, 43.70298109524442], [-79.39322901605819, 43.70292660480885], [-79.39319343264123, 43.70286309607343], [-79.39315773543935, 43.702808507525894], [-79.39310922926036, 43.70276280119166], [-79.39306103319831, 43.70270810010953], [-79.39301294518377, 43.702653390106384], [-79.39296443299283, 43.70260770800741], [-79.3929163451463, 43.70255299796284], [-79.39286814942747, 43.70249829679773], [-79.39281995379463, 43.702443596512005], [-79.39275883655625, 43.70240669859266], [-79.39271064109772, 43.70235199735999], [-79.3924673590323, 43.70216849740451], [-79.39239395432836, 43.7021314923144], [-79.39232016385584, 43.70210349533355], [-79.39223407222379, 43.70207518516413], [-79.39214746929594, 43.702064980600504], [-79.39234486523766, 43.70164459983705], [-79.39250096324278, 43.70137668653863], [-79.39256806938945, 43.70118848251477], [-79.3900972834231, 43.70169397099755], [-79.38986388982237, 43.70114148027066], [-79.38978280578179, 43.70092417954705], [-79.38977158937965, 43.70087905861216], [-79.3897727971258, 43.700834064874094], [-79.38979860208664, 43.70079835361086], [-79.38983628310272, 43.70078086976114], [-79.38987418763857, 43.700754455903684], [-79.38989950044991, 43.700736776489556], [-79.38997419624164, 43.70072885343885], [-79.38960321647471, 43.6997511457258], [-79.39083881262286, 43.69948946674531], [-79.39052603468339, 43.698656661293505], [-79.39043495079059, 43.6986021520172], [-79.39038883445885, 43.69857286790229], [-79.39034334662676, 43.69854116571566], [-79.3902976536481, 43.69850905015309], [-79.39025134043926, 43.698471467472125], [-79.3902182554813, 43.69844795484625], [-79.39016585691961, 43.698408367991554], [-79.39013093760927, 43.69837235163752], [-79.39009774280878, 43.69833635313307], [-79.39006245604311, 43.69829575112948], [-79.39002936287062, 43.69826324971718], [-79.38998744556643, 43.69822366386125], [-79.38994294449905, 43.69818926116542], [-79.38990333980307, 43.69816055740646], [-79.38985536887579, 43.698133541422045], [-79.3898038548543, 43.698106449091036], [-79.3897499516624, 43.69808395410954], [-79.38969936487041, 43.698068160188924], [-79.38963336274767, 43.698047838098475], [-79.3895761701955, 43.69803915599308], [-79.38951324598219, 43.69802975091351], [-79.38945105643063, 43.69802024659506], [-79.389438947756, 43.698017553389036], [-79.38940227087272, 43.69800934560499], [-79.38939227426607, 43.698007059497165], [-79.38933227853998, 43.69799805050952], [-79.38930777006867, 43.69799244235648], [-79.38921748455984, 43.6979717427556], [-79.38915515027664, 43.697957352216335], [-79.38909655885585, 43.697943731287324], [-79.38903965657741, 43.69792574542495], [-79.38898577969866, 43.697898645029845], [-79.38893586154241, 43.69787165467132], [-79.38888936409435, 43.69784454249755], [-79.38885108617964, 43.69780855308887], [-79.38882558278775, 43.69776805562649], [-79.38880318247332, 43.69772744235929], [-79.38879077370254, 43.69768243175943], [-79.3901896868346, 43.697387530750994], [-79.39014735841627, 43.697294789919624], [-79.39002136012162, 43.6969697928763], [-79.38996710001123, 43.69682615688834], [-79.38996209848767, 43.69681291472187], [-79.39583135605605, 43.695550245722096], [-79.396034156262, 43.69550953011357], [-79.39606658401055, 43.69566110598302], [-79.39607388920074, 43.6956952510659], [-79.39610143269076, 43.695826840429724]]]}, "properties": {"StationName": "Davisville", "MTSA_Type": "Protected Major Transit Station Area", "SASP_No": 722}}, {"type": "Feature", "geometry": {"type": "Polygon", "coordinates": [[[-79.39043412546403, 43.712864181989524], [-79.38964434174247, 43.71301971272373], [-79.38941740134341, 43.71245699933004], [-79.38930216863432, 43.71248145144619], [-79.38923663370035, 43.7124947458934], [-79.38921110670906, 43.712499925707554], [-79.3891200509227, 43.712518405303065], [-79.38904721644474, 43.71253318047581], [-79.3890290559131, 43.71253687048286], [-79.38901634639926, 43.71253945051844], [-79.38893826069213, 43.712555306980136], [-79.3888474629504, 43.712573734401474], [-79.38875666761837, 43.712592170754256], [-79.38866587098985, 43.71261060703359], [-79.38859113198788, 43.71262575721499], [-79.38857805065653, 43.71259189596719], [-79.3885246447169, 43.71245372071023], [-79.38847554048945, 43.71232671573822], [-79.38842174387868, 43.712186666874494], [-79.38842011494074, 43.712182433771886], [-79.38837952163887, 43.71207672784264], [-79.3883541406452, 43.71201066949477], [-79.38827800921304, 43.71181246922038], [-79.38824052439428, 43.71171305818445], [-79.38744554211327, 43.71187447173035], [-79.38614398548195, 43.71213874724452], [-79.38614326714575, 43.71213669423191], [-79.38598814407797, 43.71216892089912], [-79.3859810307178, 43.71217040441956], [-79.3856861923557, 43.71223049697925], [-79.38424614091717, 43.712523991626426], [-79.3839207656042, 43.711700093745335], [-79.38365349754315, 43.711020986860255], [-79.38316462188308, 43.70981657257548], [-79.38355140932518, 43.709740970137545], [-79.38263348097955, 43.7074140409679], [-79.38396857449382, 43.70715375841785], [-79.38526686514001, 43.70687506605201], [-79.3850930824992, 43.70641336273369], [-79.3850381012263, 43.70615146917847], [-79.38498110791352, 43.705961573261085], [-79.38473192581984, 43.705075659620135], [-79.3862169220322, 43.704772551989606], [-79.38734001969675, 43.70454526866829], [-79.38793710527324, 43.70441906487073], [-79.38793922275148, 43.70441867898991], [-79.38852592397475, 43.7042919731613], [-79.38961102385127, 43.70409119332591], [-79.39067210048067, 43.70386299640362], [-79.39122060419663, 43.70377168647381], [-79.39161928243918, 43.70464169848388], [-79.39174708922387, 43.704967593374285], [-79.39175807934663, 43.70502179709516], [-79.39175669919456, 43.70507580547421], [-79.39176827395416, 43.7051030031038], [-79.39189566673588, 43.70544691623952], [-79.39189467022906, 43.70548290254896], [-79.39189366623256, 43.70551891315466], [-79.3918676582138, 43.70556360978021], [-79.3923553199907, 43.70680062716842], [-79.3924219762065, 43.70696965623739], [-79.39277430274264, 43.70786333135145], [-79.39325068011179, 43.709076524478064], [-79.39385574111225, 43.71058864947939], [-79.39442449507793, 43.71206425326849], [-79.39378750900555, 43.712194241457944], [-79.39333649587967, 43.712286293670786], [-79.39291712068795, 43.7123718658039], [-79.39275611624282, 43.712404715434616], [-79.39219864920265, 43.712518473382644], [-79.39199998978967, 43.71255425685846], [-79.39173869485855, 43.71260726138232], [-79.39043412546403, 43.712864181989524]]]}, "properties": {"StationName": "Mount Pleasant", "MTSA_Type": "Protected Major Transit Station Area", "SASP_No": 680}}, {"type": "Feature", "geometry": {"type": "Polygon", "coordinates": [[[-79.39965453324125, 43.70211643411885], [-79.3997588723258, 43.70237692481883], [-79.39978941742174, 43.702453184668265], [-79.3999338037038, 43.70281365552928], [-79.40114348040858, 43.70259645854393], [-79.40232970605298, 43.70232496696296], [-79.40282797458973, 43.70365547223509], [-79.40291266881472, 43.70373767221482], [-79.40302176421083, 43.70383826272176], [-79.40370709710699, 43.705603591312425], [-79.40351763261803, 43.705645902445696], [-79.40388345378346, 43.70711736352477], [-79.40327866031767, 43.707245288577866], [-79.40353536851251, 43.707861210445905], [-79.40359335238148, 43.70801499633673], [-79.4036160423539, 43.708096410714454], [-79.40363865687743, 43.70817771160642], [-79.40370853909897, 43.708349803521315], [-79.40374195360606, 43.70849431617816], [-79.4037641374636, 43.70859370930779], [-79.40379803147295, 43.708720214327705], [-79.40383193434933, 43.708846695038744], [-79.40384091620228, 43.70897291624023], [-79.40386292112142, 43.709081219586665], [-79.4038848304315, 43.709189611059244], [-79.40390704099465, 43.709288906057225], [-79.40394230981252, 43.70936150514386], [-79.40399052482036, 43.709416201591345], [-79.40405042048542, 43.70949800535934], [-79.40411080150172, 43.70956190410149], [-79.40414629738949, 43.709625420993255], [-79.4041933206057, 43.70972511298729], [-79.40422821888085, 43.70981571068295], [-79.40423941676703, 43.70986082651356], [-79.40295349438098, 43.710139993165015], [-79.40108090218445, 43.71054600311689], [-79.39924640533846, 43.71091649679548], [-79.39927929895101, 43.71107899213854], [-79.39748772221392, 43.71144262917113], [-79.39712049761397, 43.71151714148686], [-79.39688266826799, 43.71156540730645], [-79.39679127734505, 43.71158396652463], [-79.39586510804217, 43.71177191355859], [-79.39584608168839, 43.711775779385945], [-79.3956316872607, 43.711819275258065], [-79.39527360689931, 43.71189194921737], [-79.39442449507793, 43.71206425326849], [-79.39385574111225, 43.71058864947939], [-79.39325068011179, 43.709076524478064], [-79.39277430274264, 43.70786333135145], [-79.3924219762065, 43.70696965623739], [-79.3923553199907, 43.70680062716842], [-79.3918676582138, 43.70556360978021], [-79.39189366623256, 43.70551891315466], [-79.39189467022906, 43.70548290254896], [-79.39189566673588, 43.70544691623952], [-79.39176827395416, 43.7051030031038], [-79.39175669919456, 43.70507580547421], [-79.39175807934663, 43.70502179709516], [-79.39174708922387, 43.704967593374285], [-79.39161928243918, 43.70464169848388], [-79.39122060419663, 43.70377168647381], [-79.39228172737292, 43.70354350524458], [-79.39341711438263, 43.703316414975895], [-79.39401543101098, 43.7031907116237], [-79.39454043029414, 43.70308012003955], [-79.39689890334142, 43.7026000269412], [-79.3970837071144, 43.70256092972907], [-79.3972983337817, 43.7025155229889], [-79.3973854143369, 43.70250773944403], [-79.39740098391724, 43.70250796855151], [-79.39746505810633, 43.702512945265596], [-79.39751203296503, 43.70252056650326], [-79.39756337339796, 43.70252124261617], [-79.39781522854423, 43.702468803126756], [-79.39797485684637, 43.70243556612629], [-79.39803438464413, 43.70242316051781], [-79.39850276327772, 43.70233139396503], [-79.39893044695364, 43.70225003644695], [-79.3990639621957, 43.702224637484136], [-79.39965307687424, 43.702112567673986], [-79.39965453324125, 43.70211643411885]]]}, "properties": {"StationName": "Eglinton", "MTSA_Type": "Protected Major Transit Station Area", "SASP_No": 723}}, {"type": "Feature", "geometry": {"type": "Polygon", "coordinates": [[[-79.35573573940212, 43.71753839123587], [-79.3557357753923, 43.717538391281316], [-79.35588154311314, 43.71752507232227], [-79.35588032142499, 43.71751699662122], [-79.35588406391729, 43.71751668539443], [-79.35603438424381, 43.71750417579586], [-79.35604134292099, 43.717503595875485], [-79.3560425905113, 43.71751174721833], [-79.35610020813897, 43.71750616695633], [-79.356225273495, 43.717494039369406], [-79.35632878974063, 43.717487454562814], [-79.3563649194732, 43.71748517133461], [-79.35651614998109, 43.71747185843058], [-79.3565161934325, 43.717471852184204], [-79.35666979790578, 43.717458573561345], [-79.35681991880271, 43.717445254363284], [-79.3569552916401, 43.71743640005725], [-79.35705031079374, 43.71742751673437], [-79.35718843688937, 43.71741418655142], [-79.35718847289017, 43.71741418209577], [-79.35732140014198, 43.717400877661184], [-79.35743004334304, 43.71739199032485], [-79.35749638204287, 43.717417086745535], [-79.35758515612389, 43.71745066509821], [-79.3577361985229, 43.71750936609908], [-79.35778073464634, 43.717525615748585], [-79.3578849843127, 43.71756363095688], [-79.35803539561334, 43.71762232447573], [-79.358086447079, 43.71764133649354], [-79.35816861895957, 43.71767196637217], [-79.35816864010614, 43.71767194569542], [-79.35817161306568, 43.71766430278524], [-79.35820393128795, 43.71767635330745], [-79.35833234875604, 43.71772422749757], [-79.35836224912423, 43.717735375748966], [-79.35840821193315, 43.71775251624904], [-79.3584384295689, 43.7177549021141], [-79.35847958874345, 43.71775815034046], [-79.35856222476063, 43.71776466964504], [-79.35857475206316, 43.717765658185264], [-79.35863571844223, 43.717770468281586], [-79.35864486451688, 43.71777118979462], [-79.35871628108535, 43.717776823787375], [-79.35872749932915, 43.717777708978204], [-79.35881014160364, 43.717784229011386], [-79.35883028134872, 43.71778581471084], [-79.35885902866022, 43.71778807893156], [-79.35889277770575, 43.7177907426763], [-79.3588784896411, 43.7178885123896], [-79.35887788169192, 43.71789267203685], [-79.35887485332543, 43.717913380274155], [-79.35887069858224, 43.71794180662976], [-79.35886095882931, 43.71801846131944], [-79.3588608387174, 43.71801940360653], [-79.35884900147808, 43.71811406639163], [-79.35886078914723, 43.71801937294093], [-79.35886090293556, 43.718018481053285], [-79.35885941615595, 43.71801900849348], [-79.3588569301124, 43.71803601786795], [-79.35883900808358, 43.71815864825675], [-79.35783169172568, 43.72037217923976], [-79.35393561920041, 43.722709828682405], [-79.35067298653374, 43.724154352548055], [-79.3499946459625, 43.724247624965045], [-79.3491469026174, 43.72436418305947], [-79.34825021376282, 43.724437854391276], [-79.3470377363616, 43.72408600013221], [-79.3458490064201, 43.72416559384521], [-79.34559809106439, 43.72349462983091], [-79.3456607149878, 43.722679666052336], [-79.34581892597201, 43.72182630198921], [-79.34627731246273, 43.72096069935918], [-79.34717332607947, 43.71942377219917], [-79.34790894087931, 43.71746552846623], [-79.34567082710296, 43.71813538153397], [-79.34563155996325, 43.71807886790051], [-79.34531304113852, 43.71764257937217], [-79.34543725546547, 43.715609707666445], [-79.3467561010904, 43.71463448166499], [-79.34675611590417, 43.71463451228926], [-79.34688596715976, 43.71467023152961], [-79.34708199117308, 43.71472419208645], [-79.34757943855132, 43.71468623192521], [-79.34767887419721, 43.71461990338914], [-79.34770378560438, 43.71460328238079], [-79.34770381916552, 43.714603260822386], [-79.34778200555441, 43.714594645411346], [-79.34785205749539, 43.714586924650135], [-79.3479492556426, 43.714678949142595], [-79.34812405518983, 43.71463743260999], [-79.34819259318958, 43.71454906789557], [-79.34837774786007, 43.714559852369426], [-79.34839321566464, 43.71458537086438], [-79.34842541437419, 43.71463848072136], [-79.34851803996455, 43.71466320315938], [-79.34885401765129, 43.71461246383706], [-79.34891488866296, 43.71462253215203], [-79.3489149345634, 43.71462253851361], [-79.34981437183463, 43.714657025935345], [-79.35015113715738, 43.71436095974022], [-79.35015117317704, 43.71436094718561], [-79.35104417814885, 43.71413674256744], [-79.35104421044306, 43.71413673090784], [-79.35126998278888, 43.71405715007014], [-79.35138192592645, 43.71410786677277], [-79.3514893149977, 43.71414848429172], [-79.35159969377486, 43.714184554534185], [-79.35171326530931, 43.71421625958123], [-79.35182880274573, 43.71424340070463], [-79.3519465105883, 43.714266072677034], [-79.35206598200888, 43.71428417955143], [-79.35218692357641, 43.71429339491862], [-79.3523078691231, 43.714302521050115], [-79.35244852286814, 43.71430448495868], [-79.35260896464172, 43.71441808941828], [-79.35297522498023, 43.71467743035731], [-79.35318234398973, 43.714703411487136], [-79.35346770827147, 43.71473919957488], [-79.35351092960046, 43.714846586454684], [-79.35368175945932, 43.7148897954574], [-79.35369181168701, 43.714889707510025], [-79.3537273419903, 43.71488938753017], [-79.35376760178954, 43.71488903218395], [-79.35379393243267, 43.71488879672756], [-79.35381574466611, 43.71490028957876], [-79.35383812423481, 43.71491119176598], [-79.3538610426352, 43.714921487050056], [-79.35388446637545, 43.714931169086995], [-79.35390836572178, 43.714940217135464], [-79.35393270595657, 43.714948618549016], [-79.35400805697832, 43.71496985886277], [-79.35403383583837, 43.71497558420603], [-79.35405988568185, 43.71498061588936], [-79.3540861692848, 43.7149849511647], [-79.35416610388712, 43.714993704323774], [-79.35419298635564, 43.714995194128164], [-79.35421992269043, 43.71499596479126], [-79.35424687566312, 43.71499601536536], [-79.35432751170713, 43.71499186054458], [-79.35435419115403, 43.71498904563163], [-79.35438070726903, 43.71498551940187], [-79.35440702281072, 43.71498128630858], [-79.35443311293228, 43.714976357121806], [-79.35445893170983, 43.71497073448364], [-79.35448444810262, 43.71496442465566], [-79.35455432484095, 43.71495097473878], [-79.35457805634515, 43.71494787878245], [-79.35460194127491, 43.714945484217495], [-79.3546259436315, 43.714943795498655], [-79.35469823324411, 43.714943001687125], [-79.35472229077703, 43.71494415652826], [-79.35474626592918, 43.714946022362184], [-79.35477012644876, 43.714948593747174], [-79.35479380285003, 43.71495186699456], [-79.35481728521675, 43.71495583759117], [-79.35484053138221, 43.714960494682046], [-79.3548634892279, 43.714965837300994], [-79.35488613148318, 43.714971852811786], [-79.3550651278174, 43.71510232869516], [-79.35505631089322, 43.7158858273273], [-79.35463290935928, 43.716020321696455], [-79.35451377102214, 43.71605617800503], [-79.35444236718278, 43.71607859214092], [-79.35444805098578, 43.716080659775386], [-79.35444564531034, 43.71608141642143], [-79.35432158590535, 43.71612043381886], [-79.35415697097257, 43.7163432391114], [-79.35429842280081, 43.71650695594557], [-79.35430646691913, 43.71651625463587], [-79.35430710338633, 43.71657574500914], [-79.35430786526541, 43.716645452011825], [-79.35430861599862, 43.71671514999817], [-79.35411953589622, 43.71673446865575], [-79.35410681583681, 43.71674961960348], [-79.35398192860161, 43.71689839646233], [-79.35382465776239, 43.71708574552614], [-79.3536552618389, 43.71728753582286], [-79.35358269515753, 43.71745701827302], [-79.35410377975516, 43.71747872059127], [-79.35485895502174, 43.71751029359428], [-79.35542003613871, 43.71753799234731], [-79.35542008577383, 43.71753799511048], [-79.35558095871501, 43.7175472420811], [-79.35573573940212, 43.71753839123587]]]}, "properties": {"StationName": "Sunnybrook Park", "MTSA_Type": "Major Transit Station Area", "SASP_No": 640}}, {"type": "Feature", "geometry": {"type": "Polygon", "coordinates": [[[-79.33878798930533, 43.720480489395875], [-79.33879016316453, 43.7204922688482], [-79.3387986469127, 43.720518357547164], [-79.33907441702495, 43.72136637944437], [-79.3393117111727, 43.72223099344647], [-79.339461912235, 43.722785244444005], [-79.33952435082412, 43.722999155851106], [-79.33952929383769, 43.72301608790694], [-79.33957683782226, 43.72319833434887], [-79.33984131693146, 43.72421205447754], [-79.3400742284104, 43.72504813076427], [-79.3398931174725, 43.72514931356436], [-79.33988912998221, 43.72513281943118], [-79.3396508023541, 43.72526811935296], [-79.33961621846271, 43.72528774763295], [-79.33937035529716, 43.72542729669878], [-79.3393726829848, 43.72542946027734], [-79.33896092051161, 43.725663269749624], [-79.33890673362832, 43.7256940425832], [-79.33821319510645, 43.72608787899688], [-79.3381813339225, 43.726105971474674], [-79.33732626828089, 43.726591158105016], [-79.33698963874949, 43.726782127628546], [-79.336968454102, 43.726762630348325], [-79.33621643668346, 43.727190183546675], [-79.33585268786939, 43.727397001694534], [-79.3345867113171, 43.72811677754339], [-79.33458204363971, 43.72811246007693], [-79.33398444523841, 43.728451818521314], [-79.33344544730923, 43.72875789599591], [-79.33340076553468, 43.728783270284985], [-79.33198392858453, 43.729587802474654], [-79.33192309681087, 43.72962233374154], [-79.33130775415435, 43.72997172532916], [-79.33133106722867, 43.7299933258853], [-79.33131225633313, 43.73000401864264], [-79.33105653637473, 43.72909012591699], [-79.3309668403224, 43.7287695866056], [-79.33096316925386, 43.72863430190233], [-79.33093120472967, 43.72745532139003], [-79.33092869247926, 43.72736263511626], [-79.33092639470647, 43.727277986399415], [-79.33091220052577, 43.72675484440144], [-79.33091143652089, 43.7267263920288], [-79.33091518606834, 43.72672558746038], [-79.3309251691616, 43.72672343381961], [-79.3309007218442, 43.72632278581932], [-79.33089591534612, 43.726146464341525], [-79.33089548779421, 43.72613078347944], [-79.33088439342005, 43.72572411982964], [-79.3308667900118, 43.72507845529728], [-79.33140536397515, 43.72468276969155], [-79.33172637066279, 43.7244469329543], [-79.33195126637165, 43.724281706826666], [-79.33249803830445, 43.723879998107655], [-79.33245937367404, 43.72301983723494], [-79.33282322208072, 43.72255047497768], [-79.33259870603017, 43.72194067020605], [-79.33219025348791, 43.7217103476432], [-79.33170917161266, 43.721438991448615], [-79.33156713499403, 43.72140349719067], [-79.33147876931987, 43.721381410103895], [-79.33121197225412, 43.72131474086485], [-79.33104306869222, 43.721272529123134], [-79.33086840937456, 43.72122887921059], [-79.33038319165478, 43.72110765907753], [-79.33023705898752, 43.72107108953395], [-79.33002368930076, 43.72101774315115], [-79.32998097546405, 43.72100706710645], [-79.32972760509362, 43.720548354252834], [-79.32967080571947, 43.72044545600689], [-79.32937520027153, 43.71991034484665], [-79.32917983215017, 43.71955658589191], [-79.32886601206901, 43.7191459771709], [-79.32878770146577, 43.71904350981933], [-79.32879136510756, 43.71904264218172], [-79.32880994658319, 43.719038247678], [-79.32881680932913, 43.71893638134295], [-79.32928278809231, 43.71882776296937], [-79.33132200791624, 43.718352388881186], [-79.33169390752008, 43.71826695314421], [-79.33368557964735, 43.717797328457344], [-79.33381457517142, 43.71776648231732], [-79.33395282730186, 43.71772268941687], [-79.33406936658554, 43.71768988241415], [-79.33418341728368, 43.717632381134614], [-79.33421452352607, 43.71760873215048], [-79.33425146121999, 43.71758065127587], [-79.33427420510321, 43.71756336036437], [-79.33428256080731, 43.717552642936894], [-79.33428641761434, 43.717549170428605], [-79.33444870781635, 43.717414356487076], [-79.33461826407301, 43.71728432351083], [-79.33479481154112, 43.71715927810039], [-79.33488515864539, 43.717100190030315], [-79.33491605516446, 43.71709080130056], [-79.33505211158572, 43.71705712404897], [-79.33511542060793, 43.717038964366026], [-79.33723237807683, 43.71654526114227], [-79.33791604765894, 43.717996594941226], [-79.33848490462269, 43.71926843839474], [-79.33851880717211, 43.719373346832555], [-79.33855081802768, 43.7194723954467], [-79.33859834558787, 43.71964567799999], [-79.33867512612044, 43.7199049272327], [-79.33870709555566, 43.72010705670432], [-79.33874258912331, 43.720256271651806], [-79.33878798930533, 43.720480489395875]]]}, "properties": {"StationName": "Aga Khan Park & Museum", "MTSA_Type": "Major Transit Station Area", "SASP_No": 684}}, {"type": "Feature", "geometry": {"type": "Polygon", "coordinates": [[[-79.32993750824748, 43.727491721932324], [-79.33002461854011, 43.73068697475391], [-79.33002625264501, 43.7307113661322], [-79.33002984583673, 43.73070931918529], [-79.33003103922624, 43.730727144379806], [-79.33002744249794, 43.7307291247121], [-79.33002772833895, 43.730733394440755], [-79.32948858000078, 43.731039221571635], [-79.32928327332263, 43.73115567781774], [-79.3292226709841, 43.73119005135804], [-79.32920980252122, 43.73119735016465], [-79.32897829509054, 43.7313287070179], [-79.32897517646715, 43.73130834687592], [-79.32885588032283, 43.73137400811692], [-79.32865028375772, 43.73149073372309], [-79.32833556765458, 43.73166933998901], [-79.32830525869238, 43.731641274408446], [-79.32799523073801, 43.731817213396916], [-79.32749443724627, 43.732101421813894], [-79.32752473240839, 43.732129486686205], [-79.3274993191718, 43.732143904376215], [-79.32699973727566, 43.73188254364461], [-79.32723707821017, 43.73163365563195], [-79.32718022143065, 43.731471308264524], [-79.32677871401128, 43.73157078292976], [-79.32663683803331, 43.731366019340925], [-79.32720104444988, 43.731249499808406], [-79.32705394564293, 43.73097956232014], [-79.32665987463135, 43.730979945623346], [-79.32657321222472, 43.73048679016587], [-79.32652886287201, 43.73030392951454], [-79.32642553666565, 43.72987788819782], [-79.32620867117802, 43.729823172071086], [-79.32619625981266, 43.72986039056952], [-79.32586111516278, 43.729383641948864], [-79.32510218834209, 43.72911679257504], [-79.32385559127594, 43.728861014445194], [-79.32310193798241, 43.728959413653634], [-79.3224331033539, 43.72916852665139], [-79.32224492073362, 43.7292273689319], [-79.32203873734171, 43.72929183297731], [-79.32180666980634, 43.72909306082528], [-79.32191510094464, 43.72899581351514], [-79.32203451023754, 43.72888870789452], [-79.32264445505817, 43.728341640264745], [-79.32284332281449, 43.72816327062662], [-79.3232856640158, 43.72776651027753], [-79.32384297562398, 43.72676464527779], [-79.32386306015346, 43.72626729344853], [-79.32316729051783, 43.7256610343107], [-79.32300884802794, 43.725522959672595], [-79.32291751974748, 43.72544337201532], [-79.32303438009167, 43.7254178381417], [-79.3232002597416, 43.72538159914648], [-79.32323712119586, 43.725373537001346], [-79.32390093707299, 43.72522846993878], [-79.3245771135984, 43.7249961181592], [-79.32520148833231, 43.7243758620174], [-79.32462519454951, 43.72369056850375], [-79.32462042852694, 43.723693095952605], [-79.3247793701776, 43.723605022717955], [-79.32479988213372, 43.723629163198275], [-79.32546209273778, 43.72350709274271], [-79.3259792291802, 43.72341175471664], [-79.32601774596893, 43.723521647017485], [-79.32622477132848, 43.72348347605713], [-79.32628005117458, 43.72349695579681], [-79.32629026870222, 43.72352608147739], [-79.32631035785485, 43.723583351169836], [-79.32631204674709, 43.72358303869127], [-79.32632130457033, 43.723609264496964], [-79.32645429372421, 43.723584635549955], [-79.32647279907346, 43.72357190072474], [-79.32653412784623, 43.723605398478036], [-79.32657967154219, 43.72361220144644], [-79.32662614993403, 43.723613380012075], [-79.32667224869417, 43.72360890517693], [-79.32671664935924, 43.72359889105922], [-79.32675812481061, 43.7235836265425], [-79.32679547977801, 43.72356354818122], [-79.32682768372281, 43.723539213397814], [-79.32684067208174, 43.72354152840225], [-79.32685663416764, 43.72349432284556], [-79.32691446836986, 43.72350439466104], [-79.32694466704777, 43.72349108338078], [-79.32686402143025, 43.723394824840234], [-79.32689516580442, 43.723381091944866], [-79.32714515659917, 43.72327087688884], [-79.32749074377931, 43.723375830081224], [-79.32755309482816, 43.72345071673609], [-79.3275462088014, 43.723453758682446], [-79.32769631266459, 43.724125949769835], [-79.32771635095007, 43.72412268190435], [-79.32788974536767, 43.72424611667808], [-79.32817177885184, 43.72444687534636], [-79.32890555506765, 43.72496919439713], [-79.32927164498273, 43.72514663047887], [-79.32967006456862, 43.725339718185], [-79.32967511469914, 43.725415183449506], [-79.32974501762347, 43.72645841264678], [-79.3298699536894, 43.726874517171886], [-79.32983782435731, 43.7268815047448], [-79.32987742188082, 43.726988225237804], [-79.32990007797822, 43.727054543470366], [-79.32992270289297, 43.72714111272722], [-79.3299417176363, 43.72721608296089], [-79.32993750824748, 43.727491721932324]]]}, "properties": {"StationName": "Wynford", "MTSA_Type": "Major Transit Station Area", "SASP_No": 685}}, {"type": "Feature", "geometry": {"type": "Polygon", "coordinates": [[[-79.39038455604779, 43.68138409491664], [-79.39021030629148, 43.68146446728391], [-79.38871141394291, 43.682155949937396], [-79.3885194515156, 43.681962471485896], [-79.38837512582617, 43.681817001131776], [-79.3883984822229, 43.681795499906684], [-79.38840213191011, 43.681780399202864], [-79.38840067809043, 43.68176845209057], [-79.3883947131672, 43.68175455718228], [-79.38818127238292, 43.681185019410925], [-79.38813201165948, 43.68114293669972], [-79.38772818280678, 43.68122696356485], [-79.38717528346858, 43.68133443990946], [-79.38702762010875, 43.68133429767007], [-79.38692996850494, 43.68132069279103], [-79.38686089951128, 43.68135663165749], [-79.38676355167269, 43.6813925442725], [-79.38652001625412, 43.6814598111014], [-79.38614581224175, 43.681558455668075], [-79.38537451672548, 43.681746709620526], [-79.3852442383343, 43.681773580260995], [-79.38516166755373, 43.68177350093894], [-79.38509541279225, 43.68176443570817], [-79.38502256824482, 43.68175085503425], [-79.38499819221227, 43.68173282871138], [-79.38495714652184, 43.68171478560794], [-79.3849188219196, 43.68168774477822], [-79.38488327509458, 43.68162920020355], [-79.38458131164141, 43.68103480920071], [-79.38453533579491, 43.68096275285235], [-79.38451525628761, 43.68091772580685], [-79.38448756695263, 43.68080517912425], [-79.38447562755915, 43.680764660972265], [-79.38443747540026, 43.680656604376466], [-79.38438515972243, 43.68044501698215], [-79.38434014497788, 43.68027394483386], [-79.3843039133092, 43.68016589102752], [-79.38426227909802, 43.680048830384074], [-79.3842291347938, 43.67995429070777], [-79.38414810453034, 43.679967702543], [-79.3840430365921, 43.679981099840845], [-79.38395892415353, 43.679985516062835], [-79.38386397920621, 43.679985420541065], [-79.38373841208305, 43.679971792669086], [-79.38365164679654, 43.679949201005236], [-79.38357145498394, 43.67992661687106], [-79.3834878153751, 43.67989052713552], [-79.38341115611072, 43.67984994288113], [-79.38334728910336, 43.67980037117622], [-79.38329466265999, 43.67975531068875], [-79.38323625313977, 43.679692241561234], [-79.383175589253, 43.67960216603618], [-79.38315441519333, 43.679525631981605], [-79.38312391305477, 43.67946259131707], [-79.3830680478721, 43.679296007321575], [-79.3826589722709, 43.67938109560227], [-79.3822829218704, 43.67943472159218], [-79.38224165772829, 43.67932666103398], [-79.3822143801739, 43.67921411329389], [-79.3821931773197, 43.67915108826023], [-79.38215061171769, 43.679115037164074], [-79.38209919295072, 43.67904747127758], [-79.38205788517345, 43.67896642276814], [-79.38191176096382, 43.67857020685754], [-79.38199047171295, 43.6785612867864], [-79.38218040212024, 43.67854798247118], [-79.38232654969966, 43.67853013119973], [-79.38246495573742, 43.67850777110364], [-79.38257004530018, 43.67848087504089], [-79.38264489906216, 43.678453947844304], [-79.38257923468464, 43.678341358958086], [-79.38254678647176, 43.67828282310669], [-79.38252636733816, 43.67822429150686], [-79.3824784827336, 43.67813872579887], [-79.38244992057118, 43.67807119255629], [-79.38244000954418, 43.67798116519483], [-79.38244373533624, 43.67786864846319], [-79.38245165872341, 43.67777864844028], [-79.38245220641166, 43.67769313250843], [-79.38242221466797, 43.67756708625919], [-79.38236356812614, 43.677431999255155], [-79.38229906597671, 43.67732842084318], [-79.38222210948967, 43.67723833249883], [-79.38213897230676, 43.67713922646905], [-79.38205075233981, 43.67706262843014], [-79.38197107004734, 43.676990531715866], [-79.38182944745047, 43.676873369537844], [-79.38169319178822, 43.676811744819574], [-79.38145107242607, 43.676535425000516], [-79.38158957544702, 43.67645905430044], [-79.38176148752402, 43.67635121503542], [-79.38188915430571, 43.676270342882525], [-79.38195475713262, 43.67621640158911], [-79.38201453219611, 43.6761624542426], [-79.38206851782307, 43.67611300247172], [-79.38212057799983, 43.67604104348916], [-79.38215443573715, 43.67597356639819], [-79.38265311371147, 43.675235964230794], [-79.38335436604802, 43.67435005230065], [-79.38364960944165, 43.673978394370124], [-79.3840217505818, 43.67350992751651], [-79.38402955134727, 43.673500107741525], [-79.38433632803847, 43.6730930573139], [-79.38463004708824, 43.672794112754346], [-79.38477879308432, 43.672627732122], [-79.38489765564422, 43.67248383542074], [-79.38474632735314, 43.67217122843249], [-79.38489673093862, 43.67215528643396], [-79.38506611294545, 43.6721374550312], [-79.38513405110304, 43.672140017597535], [-79.38518818907369, 43.672142070288494], [-79.38535321559857, 43.67216924181674], [-79.38548374758138, 43.67220087833848], [-79.38560653549317, 43.67224150832771], [-79.38571768748969, 43.67227762586943], [-79.38583115862437, 43.67231374561912], [-79.3859477366867, 43.67235886972176], [-79.38603716624306, 43.67239946595982], [-79.38612080459856, 43.672440055458374], [-79.38710335453895, 43.67276957270828], [-79.38726060096056, 43.672823736091374], [-79.3873748818179, 43.67284635305635], [-79.38744810526843, 43.67285542744133], [-79.38765543292905, 43.67286463365469], [-79.3878263134946, 43.67287380463252], [-79.38820032422595, 43.67286407420535], [-79.38846898266351, 43.67286908216428], [-79.38849990776268, 43.67287101252114], [-79.38854900973455, 43.67287407586221], [-79.3894202327823, 43.67292853769435], [-79.39006281556469, 43.67296459766775], [-79.3901614152753, 43.672970126575876], [-79.3903294624564, 43.67299585000007], [-79.39048235417656, 43.67304067935754], [-79.39079342709452, 43.67319823890494], [-79.39090115706838, 43.67327497669055], [-79.39095744328074, 43.6733151881835], [-79.39109247032415, 43.67343372355397], [-79.39109807733676, 43.673440380903955], [-79.39118350965954, 43.673541592587746], [-79.39137077259797, 43.673752108266534], [-79.39143620581251, 43.673834864156355], [-79.39150479932295, 43.67392162411313], [-79.39195291909765, 43.674176899652174], [-79.3928836320981, 43.674709495067795], [-79.39344482371571, 43.67502623830748], [-79.39357399654854, 43.675079179533654], [-79.39366519799644, 43.675109698011404], [-79.39380782744615, 43.67516311866014], [-79.3938972401763, 43.67518203253566], [-79.3940117640483, 43.675190321016096], [-79.39414194465778, 43.67518899152486], [-79.3942781712443, 43.67518263211555], [-79.39438649062737, 43.675176758941], [-79.39447449725826, 43.67516237953019], [-79.39479452888027, 43.67508461560907], [-79.39656615561802, 43.67472452345393], [-79.39672996264859, 43.67512860677443], [-79.39690171380572, 43.67555234606782], [-79.39723831055, 43.67637872109215], [-79.3973837619565, 43.67669091448483], [-79.39758692898465, 43.67720231175572], [-79.39763320449036, 43.67732957030208], [-79.3978914776334, 43.67799463437272], [-79.3979041603944, 43.67802598032516], [-79.39737454510659, 43.6782625442077], [-79.39126814662464, 43.680989540915185], [-79.3911407726214, 43.681046418048844], [-79.39098200971335, 43.68111731171855], [-79.39038455604779, 43.68138409491664]]]}, "properties": {"StationName": "Rosedale", "MTSA_Type": "Protected Major Transit Station Area", "SASP_No": 719}}, {"type": "Feature", "geometry": {"type": "Polygon", "coordinates": [[[-79.38647827811798, 43.685118796262316], [-79.3864782608071, 43.68511876744082], [-79.38647571874718, 43.68511510226867], [-79.38647204733348, 43.68510978872859], [-79.38647166743972, 43.68510799528322], [-79.3864146522797, 43.68502585807157], [-79.38635652813419, 43.68493596776863], [-79.38634265121021, 43.68486088454589], [-79.38632721795263, 43.684792214132116], [-79.3863165744884, 43.6847448483649], [-79.38629875127451, 43.68466558008414], [-79.38629556557403, 43.68465136558958], [-79.38625938872497, 43.68462922319174], [-79.38620511113766, 43.68459598840794], [-79.38615657232381, 43.6845662716391], [-79.38604996128889, 43.68450100466485], [-79.38603325395414, 43.684488369921034], [-79.38596064550242, 43.68443342619767], [-79.3858655866087, 43.68436150057617], [-79.38580208326594, 43.68431344917172], [-79.3857647224496, 43.6842807477533], [-79.38574297067257, 43.68425897785903], [-79.38562658208843, 43.684130156602514], [-79.38559992070151, 43.68410075942709], [-79.38559807047004, 43.68409860265283], [-79.38558447769567, 43.684082797084535], [-79.38556896166887, 43.68406475545486], [-79.3855615229089, 43.68405646136758], [-79.38555275354912, 43.684046705929056], [-79.38554386233032, 43.684033197706086], [-79.3855380123262, 43.684020412635505], [-79.38552531921583, 43.683992668573524], [-79.38552536636624, 43.6839926596194], [-79.38550872239118, 43.68396118954161], [-79.38550870263118, 43.683961144515095], [-79.38548974044292, 43.68392511743059], [-79.38548972932773, 43.68392509221567], [-79.38547312389551, 43.68389359336663], [-79.3854649084588, 43.68387630434808], [-79.38545392971147, 43.68385305186746], [-79.38545391612247, 43.68385302304953], [-79.38543769713088, 43.68382118073069], [-79.38542879012186, 43.68380361737526], [-79.38537463438335, 43.683761087522754], [-79.38871141394291, 43.682155949937396], [-79.39038454735915, 43.68138409850884], [-79.3979041603944, 43.67802598032516], [-79.39793698925523, 43.67811159634412], [-79.39795706442544, 43.678163823936934], [-79.39804927539195, 43.67839913596841], [-79.39810098812352, 43.6785304353562], [-79.39831158413735, 43.6790388835523], [-79.39852303815397, 43.679554005681375], [-79.39869324605411, 43.679961967513314], [-79.39889956919919, 43.68046017527358], [-79.39902552958354, 43.6807663074069], [-79.39917547821652, 43.68112741470141], [-79.39976342969689, 43.682543408638175], [-79.40012870214035, 43.6834159915065], [-79.40016909376098, 43.68352673347426], [-79.40049009984537, 43.684309888492535], [-79.40027359553963, 43.68439728832232], [-79.39851001176582, 43.6847639794204], [-79.39817832608631, 43.68483294171052], [-79.39679106233139, 43.68512137350071], [-79.39376185242368, 43.68575286011385], [-79.39375700071699, 43.68575387275659], [-79.39314545509517, 43.68588135405899], [-79.39329174325914, 43.68623254584233], [-79.3927198712418, 43.686355007630695], [-79.39153396614063, 43.6866089505711], [-79.39122032455215, 43.686676853910214], [-79.39080391990731, 43.68676700320201], [-79.39071446095768, 43.68668398833439], [-79.39066113039475, 43.68655449621679], [-79.39029183571878, 43.68565814768075], [-79.39029182214017, 43.68565811166235], [-79.39025649825459, 43.6855711058595], [-79.39022027669505, 43.6854832764594], [-79.39002034922174, 43.68499786404615], [-79.3896662214571, 43.6850716416659], [-79.38945160010957, 43.68511721065165], [-79.38945156660131, 43.68511722052074], [-79.38933143665663, 43.6851412800946], [-79.38932833824683, 43.685141927892104], [-79.38927299617578, 43.6851535085372], [-79.38899325211723, 43.68521177026835], [-79.38893254951785, 43.68522441760294], [-79.38884755245722, 43.685242651823025], [-79.38829531140136, 43.685161059083015], [-79.3882952617864, 43.68516105903452], [-79.38829520969237, 43.68516105808347], [-79.38829522696739, 43.685161106707625], [-79.38829530345805, 43.68516132911561], [-79.38809590869465, 43.685202986747186], [-79.38798767631265, 43.685225405708266], [-79.38793591754767, 43.68523621870182], [-79.3879352040518, 43.68523636832484], [-79.38790241118387, 43.68524423035122], [-79.38787531794472, 43.685250707251164], [-79.38777767795442, 43.685268615926915], [-79.38775182104915, 43.68527458813571], [-79.38774990516768, 43.68527498321369], [-79.38768064349527, 43.685291025786945], [-79.38768060752433, 43.6852910257516], [-79.38766141815455, 43.68529472715078], [-79.38758764977436, 43.68530897127037], [-79.38758287763139, 43.68530985140958], [-79.38757767740853, 43.68531081123957], [-79.3875750207153, 43.68531136851036], [-79.38747149403056, 43.68533307870367], [-79.38736768346728, 43.68535465890405], [-79.38734011024751, 43.685360390792816], [-79.3873066161529, 43.68536839507839], [-79.38727429840361, 43.685376146676255], [-79.38719728430384, 43.685391421597515], [-79.38709368999493, 43.68541200621343], [-79.38688052883575, 43.68545641603838], [-79.38666393387594, 43.68550154036827], [-79.3865657199147, 43.68529703499922], [-79.38653853330689, 43.68524042555987], [-79.38653851477761, 43.68524038503543], [-79.38651307980591, 43.68518631570755], [-79.386491103828, 43.68514367341612], [-79.38647827811798, 43.685118796262316]]]}, "properties": {"StationName": "Summerhill", "MTSA_Type": "Protected Major Transit Station Area", "SASP_No": 720}}, {"type": "Feature", "geometry": {"type": "Polygon", "coordinates": [[[-79.40154884831243, 43.6929234632725], [-79.39718290177126, 43.69376446489947], [-79.39689134911721, 43.69376385573234], [-79.39671887916754, 43.69379680873004], [-79.39663815833654, 43.69381223156083], [-79.39638157603613, 43.69385955779898], [-79.39638212782513, 43.69386114883453], [-79.39638168604229, 43.693861233046576], [-79.39639136115954, 43.693888601365146], [-79.39640630285383, 43.693930868959804], [-79.39640983612281, 43.69394086454037], [-79.39631829233645, 43.69396136128844], [-79.39621284206738, 43.69398531715108], [-79.39621272227984, 43.69398500019545], [-79.39584518741937, 43.6940507266709], [-79.3957261330175, 43.694075286278796], [-79.39570806736359, 43.69399117215526], [-79.39524243541614, 43.691809372207175], [-79.39490559028377, 43.69187108491006], [-79.39469389830562, 43.691918235308144], [-79.39423827730447, 43.69201674833401], [-79.39414390083033, 43.69203529553842], [-79.39405535641423, 43.69205429813708], [-79.39334188388511, 43.692204510513044], [-79.39325548866755, 43.6922228835033], [-79.39318342451537, 43.692238120253954], [-79.39253351369908, 43.69237704437595], [-79.39199014482135, 43.69198871963731], [-79.39196742897768, 43.6919352239402], [-79.39193736132056, 43.6918661507787], [-79.3919380774195, 43.69186597142896], [-79.39193756826778, 43.691864890787414], [-79.39212356667936, 43.69182509604263], [-79.39210877512612, 43.69178961862188], [-79.39209769288354, 43.691763046121], [-79.39209758171853, 43.69176277777626], [-79.3921837714592, 43.69174467550593], [-79.39224692982921, 43.69173141128322], [-79.39225638970962, 43.69172809330667], [-79.39225829502635, 43.69172746140855], [-79.39225897780297, 43.691727184810944], [-79.39227252649358, 43.691722433173645], [-79.39227887491083, 43.691718565881786], [-79.39228727737706, 43.69171344483886], [-79.3923009031143, 43.69170445544206], [-79.39231330074357, 43.69169546488666], [-79.39231965404723, 43.69169025009722], [-79.39231993986674, 43.691689969524795], [-79.39232406186214, 43.69168593360837], [-79.39232671971266, 43.69168278204403], [-79.3923334980338, 43.691672978773354], [-79.39233810362445, 43.6916676687228], [-79.39233816330412, 43.69166759316779], [-79.39234108781106, 43.69166308355277], [-79.39234584156365, 43.691653308979035], [-79.39234704494525, 43.69165048639343], [-79.39235095808957, 43.69163698717531], [-79.39235333548547, 43.69162348561065], [-79.39235366298283, 43.69161169326938], [-79.39235306015402, 43.691606111873675], [-79.39235225059778, 43.691600979449895], [-79.39234910277321, 43.691587473581976], [-79.39223292847042, 43.6913218013058], [-79.39212874640299, 43.69126968611748], [-79.39203459860958, 43.69122259045535], [-79.39201289084339, 43.691227560290834], [-79.39201166853809, 43.69122778957033], [-79.39195628830674, 43.69124052093622], [-79.39188486302587, 43.6911284668793], [-79.39186170016744, 43.69109270606335], [-79.39185105390398, 43.69109494632535], [-79.39179547824878, 43.69110671698616], [-79.39177530625709, 43.69111098882658], [-79.3917415257363, 43.69111815880813], [-79.39170221690027, 43.69112775390298], [-79.39165236927312, 43.691137068055355], [-79.39163025890056, 43.691141728690816], [-79.39162385550361, 43.69114307192024], [-79.39156118355352, 43.690987148943286], [-79.39151262649818, 43.690996951231554], [-79.3914544965337, 43.69097372570674], [-79.39139042403932, 43.690815408746325], [-79.3913549849079, 43.69077595461413], [-79.39132484447423, 43.690742399583755], [-79.39124807850105, 43.69065693809252], [-79.39105405332347, 43.690235573558354], [-79.39091719273297, 43.690108023699295], [-79.39082748270074, 43.6899916938765], [-79.39075827307497, 43.69000590927862], [-79.39075788019872, 43.69000503037256], [-79.39066708696402, 43.68980169155048], [-79.39066706594471, 43.68980165372476], [-79.39048880213389, 43.68971945208419], [-79.3903526917384, 43.68965668849139], [-79.39035267443417, 43.689656654269704], [-79.39024836160704, 43.68935218019131], [-79.39017425264937, 43.68931614326227], [-79.3901897809712, 43.68933506189281], [-79.39014528864382, 43.68928105161396], [-79.39014525646748, 43.68928101017688], [-79.39009651148586, 43.689222483420124], [-79.3900470298779, 43.68916389562447], [-79.38999866594258, 43.68910534938839], [-79.38999864613642, 43.68910532686597], [-79.38995192214114, 43.68904680109046], [-79.38995188994858, 43.689046768654656], [-79.38992313245588, 43.68897622087041], [-79.38990613278163, 43.68897987344488], [-79.38984651538297, 43.6889926897262], [-79.38905049610834, 43.68846533787892], [-79.38881859152245, 43.68831209516547], [-79.38867457609368, 43.6882129348503], [-79.38862136701185, 43.688174960368464], [-79.38857352198444, 43.68814082566182], [-79.38852018477463, 43.68806426945951], [-79.38830757957254, 43.6875284775983], [-79.38828378241223, 43.68739793398382], [-79.38831181002101, 43.68733495107681], [-79.38834015101655, 43.68731697607998], [-79.38840454407242, 43.68729003493566], [-79.38905020895346, 43.68714664827131], [-79.3906850357394, 43.686792738730865], [-79.39080391990731, 43.68676700320201], [-79.39122032455215, 43.686676853910214], [-79.39153396614063, 43.6866089505711], [-79.3927198712418, 43.686355007630695], [-79.39329174325914, 43.68623254584233], [-79.39314545509517, 43.68588135405899], [-79.39375700071699, 43.68575387275659], [-79.39376185242368, 43.68575286011385], [-79.39679106233139, 43.68512137350071], [-79.39817832608631, 43.68483294171052], [-79.39851001176582, 43.6847639794204], [-79.40027359553963, 43.68439728832232], [-79.40049009984537, 43.684309888492535], [-79.40080071773745, 43.68502737586982], [-79.40108597324105, 43.68571624579709], [-79.4014550192014, 43.68664091708464], [-79.4016394012869, 43.68709604607947], [-79.40229797806451, 43.688721498839506], [-79.40067482672278, 43.68905327917402], [-79.40117165545472, 43.69022667065284], [-79.40148192214838, 43.69099127443038], [-79.40154580408861, 43.69107615446522], [-79.40143448728584, 43.691059908335596], [-79.40082872695349, 43.69119789426199], [-79.40100584239629, 43.69164787244733], [-79.40108859150301, 43.69175678642903], [-79.40124426562387, 43.692098658517715], [-79.40154884831243, 43.6929234632725]]]}, "properties": {"StationName": "St Clair", "MTSA_Type": "Protected Major Transit Station Area", "SASP_No": 721}}, {"type": "Feature", "geometry": {"type": "Polygon", "coordinates": [[[-79.3608741078868, 43.67580797307136], [-79.36080733709501, 43.675990094612054], [-79.36082256821257, 43.67598671244377], [-79.36081465935341, 43.6760704964712], [-79.36080719617244, 43.67614924747929], [-79.3608303495884, 43.67627200650465], [-79.36083633822722, 43.67630377869209], [-79.36083657263569, 43.676303773576635], [-79.36084930022459, 43.676303462321314], [-79.36086037718484, 43.67633156814667], [-79.36100342493849, 43.676832856819985], [-79.36102297982445, 43.676901389034256], [-79.36104575893411, 43.67697598937871], [-79.36107138972486, 43.677055261287755], [-79.36111566575053, 43.6771921402316], [-79.36137683239379, 43.67823660565363], [-79.36142744322116, 43.67865076539194], [-79.36142745059836, 43.6786507933051], [-79.36148980970532, 43.67882182352432], [-79.36149201653255, 43.678830263168585], [-79.36149333328254, 43.678835285720005], [-79.36149653547486, 43.67885043618038], [-79.36149907174295, 43.67886231384119], [-79.36149954175448, 43.67888174293565], [-79.36149972898603, 43.678889311501926], [-79.36149546861778, 43.67891632210703], [-79.36148650527676, 43.678943309910665], [-79.36148412269108, 43.67895681805751], [-79.36148505631269, 43.67896341178125], [-79.36148603509056, 43.678970324207654], [-79.3615568888711, 43.67916845965157], [-79.36153518144214, 43.679357451003305], [-79.36153517146215, 43.67935747619498], [-79.36166311081183, 43.67969835575468], [-79.36146009389633, 43.67973527647587], [-79.36152252217737, 43.679835231140565], [-79.36163178459053, 43.680010142731895], [-79.3617152826021, 43.68014383285644], [-79.36176230218929, 43.68021909603305], [-79.36180930947047, 43.68029436817582], [-79.36185632929235, 43.68036963131208], [-79.36190333682886, 43.68044489441316], [-79.3619041746617, 43.680446235726755], [-79.36181201568532, 43.68046948556479], [-79.36189199271945, 43.68056407481876], [-79.36189200008887, 43.68056410633239], [-79.36181603845088, 43.680586519712804], [-79.36182171405177, 43.68065404301768], [-79.36182171894265, 43.68065407362817], [-79.36182069171173, 43.68072607060299], [-79.36181936411148, 43.68081599610693], [-79.36181795326321, 43.68090598451829], [-79.36181796188737, 43.68090600973248], [-79.36185537440419, 43.68099608737366], [-79.36191208484992, 43.68112667639465], [-79.36191209345144, 43.68112671151031], [-79.36186011935197, 43.681223305225984], [-79.3618104806068, 43.68131555768745], [-79.361810476795, 43.68131559728879], [-79.36184510098852, 43.681603665273], [-79.3618066652199, 43.68175659496864], [-79.36179460406778, 43.68175083212435], [-79.36175018779544, 43.681729623440354], [-79.36173326341529, 43.68172062052242], [-79.3617332262517, 43.68172060067449], [-79.36162935886858, 43.681688970264226], [-79.36161308736123, 43.68168894786623], [-79.3614778837856, 43.68168428252948], [-79.36147784781686, 43.681684282485875], [-79.36144619319573, 43.68168032043328], [-79.36136892216446, 43.68167064751038], [-79.3613343337161, 43.681661526795125], [-79.36124888527073, 43.681638994442785], [-79.36123720869433, 43.68163430586751], [-79.36122635357356, 43.681629993644634], [-79.36114504259753, 43.68164791110685], [-79.3611290986157, 43.681647856632964], [-79.36112906265944, 43.68164785118848], [-79.36102176912607, 43.68164776399769], [-79.36095508735944, 43.681652833479355], [-79.3609062181598, 43.681656582496664], [-79.36085981349824, 43.68166030568866], [-79.36079570257533, 43.68166549612428], [-79.36067636935438, 43.681656307083394], [-79.36067633339609, 43.68165630253891], [-79.36062836029316, 43.68165817754825], [-79.36056470583814, 43.681660667105504], [-79.36054301669942, 43.68166064064704], [-79.36050389365404, 43.68165159606055], [-79.36050385397694, 43.68165159061133], [-79.36046744298244, 43.68164704549664], [-79.36045393859129, 43.681647029011685], [-79.36044577493097, 43.681645415004745], [-79.36043099595591, 43.681642530030814], [-79.36039379321818, 43.68164245399676], [-79.36039375725574, 43.68164245125243], [-79.36035693158821, 43.68164236756565], [-79.36034456699242, 43.68164237046289], [-79.36031939999783, 43.68164236581687], [-79.36031332377276, 43.68164235569149], [-79.36028214889915, 43.681642285186705], [-79.36025948853695, 43.68164228989222], [-79.36024503903816, 43.681642272227215], [-79.36022447485875, 43.68164224708369], [-79.36022444258377, 43.68164225874597], [-79.36020737926968, 43.68164672775382], [-79.36017996242902, 43.68164669422178], [-79.36014964570118, 43.68164668503955], [-79.36013255194575, 43.68164663622107], [-79.36011049444328, 43.68164660922982], [-79.36004257311244, 43.68164652608934], [-79.35999844316974, 43.681646495453045], [-79.35988765904132, 43.681650836987956], [-79.35988762306633, 43.681650839644256], [-79.35985880841179, 43.68165080162145], [-79.35977521222036, 43.681650673000085], [-79.359658895602, 43.68165053025457], [-79.35954265529949, 43.68165489086022], [-79.3595426688861, 43.681654915180566], [-79.35943135935398, 43.681654778355814], [-79.35931778816065, 43.68165913931459], [-79.35925361963606, 43.68193350069924], [-79.35925361335246, 43.681933535796745], [-79.35918874233576, 43.68197292052455], [-79.35915003925734, 43.681996429375566], [-79.35914999204773, 43.68199646262241], [-79.35892207426183, 43.68217619325877], [-79.35844429576838, 43.68245020317403], [-79.35826906705668, 43.68260297477865], [-79.35806868990443, 43.6826252367326], [-79.35799549864132, 43.68289961856512], [-79.35788835831305, 43.683016541655036], [-79.35786748352629, 43.68310007431914], [-79.35785574459526, 43.68314700265436], [-79.35782371293183, 43.683143858253416], [-79.35780931851433, 43.68314242353676], [-79.35780734120542, 43.683151442228464], [-79.35780733117647, 43.683151487222744], [-79.35777052047271, 43.683286433746375], [-79.35774192180669, 43.68328179396943], [-79.35765866387887, 43.683268266614384], [-79.3576586576176, 43.68326829181034], [-79.35764155006954, 43.68332843371679], [-79.35762028358248, 43.68340327954255], [-79.35756777534242, 43.68359135489894], [-79.3575084955235, 43.683803616505536], [-79.35743295330171, 43.68379001759282], [-79.35743298795249, 43.68379005094099], [-79.35743294579783, 43.68379004368735], [-79.35747969697371, 43.68383511232288], [-79.35749625745808, 43.68388464487951], [-79.35739665498888, 43.6838694092053], [-79.35735579986319, 43.68411879005652], [-79.35730704816811, 43.68406940903043], [-79.35725403044383, 43.68403542396054], [-79.35716493038815, 43.68398598257883], [-79.3570694418729, 43.683947325754566], [-79.35703759564164, 43.68393957987696], [-79.35690832138565, 43.68393170847195], [-79.35666876358765, 43.683961456641455], [-79.35564680562857, 43.68416009776867], [-79.35532275587187, 43.68328707587133], [-79.35515028678574, 43.68283553614445], [-79.35498097142447, 43.68242282474343], [-79.3549228113949, 43.682277238727686], [-79.35480680510919, 43.68183830532996], [-79.35470646001623, 43.68159282801852], [-79.35434684286257, 43.6806940957965], [-79.35390020007763, 43.67951962965554], [-79.35362767980371, 43.67880297753035], [-79.3534337591242, 43.67830451752808], [-79.35340262574616, 43.67818776152268], [-79.353402724365, 43.678138594441656], [-79.35340278250496, 43.67810605371342], [-79.35341489072697, 43.678040905722405], [-79.35343224302376, 43.677937372767914], [-79.35342221754497, 43.677815901007904], [-79.35321750743319, 43.6773034827146], [-79.35274854243202, 43.67738877952435], [-79.3521364749377, 43.67589163870424], [-79.35186641647618, 43.67523397913141], [-79.35181308477992, 43.675096631153295], [-79.35173729822299, 43.67491270258542], [-79.35163709302235, 43.6746695070113], [-79.35162037397812, 43.674629924326155], [-79.35146945973949, 43.67426356373148], [-79.35272219565091, 43.67402664760682], [-79.35327393308349, 43.673919342577086], [-79.35326715196899, 43.67380634876538], [-79.35312698015039, 43.67332927381838], [-79.35312972370035, 43.673145036526606], [-79.35314767598965, 43.67309105140614], [-79.353165583114, 43.673055068952756], [-79.35304446150164, 43.67271441599212], [-79.35290563608729, 43.67254947465506], [-79.35297207777786, 43.67246973602654], [-79.35302413320765, 43.67242029456004], [-79.35309398962237, 43.67238437889555], [-79.35315375023026, 43.672348450219324], [-79.35324100806231, 43.67232155908278], [-79.353360828357, 43.672290208072525], [-79.35439199425863, 43.67208871373543], [-79.35450499282969, 43.6720666341431], [-79.35489150024077, 43.67200861295512], [-79.35533676841163, 43.67249974903653], [-79.35605874081803, 43.67323572715721], [-79.35634391274606, 43.673173794651504], [-79.35727452348421, 43.67297169606269], [-79.35743298507471, 43.67293727905572], [-79.3576682388412, 43.672858188283556], [-79.35775758995783, 43.672828149430906], [-79.3578661383571, 43.67279115742176], [-79.35817552298127, 43.672724132268655], [-79.35819362804502, 43.672720212132084], [-79.35841790638068, 43.672671621725286], [-79.35848138280414, 43.67290502020167], [-79.35922918093169, 43.67293273609803], [-79.3592414181006, 43.672933428969785], [-79.35924316415505, 43.67293344642211], [-79.35924448700221, 43.67293360287446], [-79.35924914925309, 43.67293386695432], [-79.35926901921145, 43.672935697092036], [-79.3592887436892, 43.67293822375282], [-79.35930193850075, 43.67294039582099], [-79.35930447358099, 43.67294081300398], [-79.35930827682145, 43.67294143877913], [-79.35932757273697, 43.6729453367137], [-79.35934658681511, 43.67294990760032], [-79.35936011888731, 43.67295369762191], [-79.35936250456749, 43.672954365757874], [-79.35936527195706, 43.672955140579504], [-79.3593835885068, 43.672961023900854], [-79.35940149061393, 43.67296754310602], [-79.35941533950405, 43.672973210295225], [-79.35941635308315, 43.67297357159634], [-79.35941693526169, 43.672973863056384], [-79.35941893863071, 43.67297468284406], [-79.35943589042907, 43.67298242776108], [-79.35945230389142, 43.67299075800251], [-79.35946584319721, 43.672998363698824], [-79.35946699252884, 43.67299900870938], [-79.35946814557457, 43.67299965642486], [-79.35948337336922, 43.67300909957307], [-79.35949795632276, 43.67301906580608], [-79.35951076293257, 43.673028709405486], [-79.35951137324227, 43.67302916922516], [-79.359511856044, 43.67302953257351], [-79.35952504282659, 43.673040475535416], [-79.35953748572834, 43.673051868550075], [-79.35954916124753, 43.67306368548491], [-79.35973406840817, 43.67326208655825], [-79.35994520467439, 43.6735424948833], [-79.36031587852942, 43.6743132220662], [-79.36073428226057, 43.675408942629545], [-79.360886786097, 43.67580537000547], [-79.3608741078868, 43.67580797307136]]]}, "properties": {"StationName": "Broadview", "MTSA_Type": "Protected Major Transit Station Area", "SASP_No": 614}}, {"type": "Feature", "geometry": {"type": "Polygon", "coordinates": [[[-79.34597729237271, 43.67704723739843], [-79.34615327829917, 43.67700976319866], [-79.34660981845953, 43.67691254276936], [-79.3465108611814, 43.67666487438917], [-79.34658077015513, 43.67664975774164], [-79.34712519848121, 43.67653204906057], [-79.34769007181544, 43.676409918355745], [-79.34828996576711, 43.67627308171343], [-79.3488455494064, 43.67614634317005], [-79.34890325005975, 43.676133179354345], [-79.3487466753086, 43.675755743309594], [-79.34872474718011, 43.67570310224432], [-79.34839052911508, 43.67490078045835], [-79.34836395464826, 43.67483732971976], [-79.34802654550066, 43.674031505486504], [-79.34854238140046, 43.67391643168747], [-79.35109772611132, 43.67334943907146], [-79.35135858105475, 43.67399090785897], [-79.35146945973949, 43.67426356373148], [-79.35272219565091, 43.67402664760682], [-79.35288816683321, 43.674434884076014], [-79.35312243641597, 43.6750128126005], [-79.35339182088816, 43.67563875027617], [-79.353653072582, 43.67626018335873], [-79.35381492598702, 43.676653741737766], [-79.35386583230043, 43.67677750529526], [-79.35387520253394, 43.67680029971162], [-79.35401678551199, 43.67714457102389], [-79.35459528749938, 43.677028794773555], [-79.3547279323442, 43.677002248292176], [-79.3550195726654, 43.676943879289794], [-79.35633014529763, 43.67668659460276], [-79.35649374706807, 43.67707145874776], [-79.35664910011508, 43.677436896361144], [-79.35653460173697, 43.677429207779795], [-79.35564593007851, 43.67761507059227], [-79.35529591017676, 43.677688273545655], [-79.35543589985275, 43.67798858650738], [-79.35552858247527, 43.67820813244435], [-79.35548890149235, 43.678215769444755], [-79.35542263510729, 43.67822691754387], [-79.35535068500863, 43.678244135227956], [-79.3552976553029, 43.67826314198493], [-79.35523904854116, 43.67828459812476], [-79.35517509518276, 43.67831684188676], [-79.35511403553538, 43.67835204982651], [-79.3550556549511, 43.678397469568075], [-79.3550002884115, 43.6784422270024], [-79.35495060271097, 43.67849650605107], [-79.35491424214999, 43.67853942427757], [-79.35487534717761, 43.67858411344176], [-79.35483239068623, 43.678654901365206], [-79.35478974623761, 43.67874488235772], [-79.35479027347697, 43.678820425100604], [-79.3548126146921, 43.67891633231215], [-79.35483100326348, 43.679010712369035], [-79.35503127699371, 43.679575002199435], [-79.3551218643088, 43.6798286545769], [-79.35535615576003, 43.68049923523236], [-79.35434684286257, 43.6806940957965], [-79.35470646001623, 43.68159282801852], [-79.35480680510919, 43.68183830532996], [-79.3548740453665, 43.68209272026503], [-79.3549228113949, 43.682277238727686], [-79.35498097142447, 43.68242282474343], [-79.35262213347006, 43.68287935284051], [-79.35124333158141, 43.68313575523372], [-79.35050025470137, 43.68328504712128], [-79.34918791607356, 43.6835486982818], [-79.3488688251859, 43.68269500124735], [-79.34865342032988, 43.682097998801844], [-79.34865339938719, 43.682097942065624], [-79.3481501098318, 43.68070289063192], [-79.34813887748594, 43.6807049883276], [-79.34690641924475, 43.68093519217971], [-79.34633791717313, 43.67940557480646], [-79.34623614225289, 43.67913092814992], [-79.34616110717013, 43.67892940928068], [-79.34607621706152, 43.678701421202504], [-79.34480221941283, 43.678951620432144], [-79.3444785323113, 43.67814285429642], [-79.34419071668312, 43.67741288350351], [-79.34435215147926, 43.67741595146001], [-79.34558066525967, 43.677131693112614], [-79.34597729237271, 43.67704723739843]]]}, "properties": {"StationName": "Chester", "MTSA_Type": "Protected Major Transit Station Area", "SASP_No": 615}}, {"type": "Feature", "geometry": {"type": "Polygon", "coordinates": [[[-79.34857445160767, 43.679088477538194], [-79.34870691813113, 43.67944327209261], [-79.34900489821128, 43.68024128771613], [-79.34804865426567, 43.680431239024195], [-79.3481501098318, 43.68070289063192], [-79.34865339938719, 43.682097942065624], [-79.34865342032988, 43.682097998801844], [-79.3488688251859, 43.68269500124735], [-79.34918791607356, 43.6835486982818], [-79.34854675249922, 43.68368693129663], [-79.34731082716797, 43.68392215483797], [-79.34674379897486, 43.68403006568237], [-79.34688415091937, 43.68442516083831], [-79.34637173798299, 43.68452476181691], [-79.3463189839908, 43.684535006447476], [-79.34376638433534, 43.68503110282766], [-79.34344583918352, 43.68420896022125], [-79.34284797142561, 43.68432288630161], [-79.34227875691505, 43.68443134446782], [-79.341954604577, 43.68354454404239], [-79.34118024155775, 43.681452555510454], [-79.3405976721416, 43.68157784723737], [-79.34003264617213, 43.681699677021555], [-79.33970902642328, 43.680854819554085], [-79.33953810096801, 43.6803964901432], [-79.33939531711097, 43.680013564710414], [-79.34013766158711, 43.67987414547318], [-79.33996413689033, 43.679476161662045], [-79.33982222105455, 43.67917607647959], [-79.33977558906733, 43.67907249915239], [-79.33963228177507, 43.67874374784817], [-79.33945395705534, 43.67832043743742], [-79.33883188695555, 43.676874842507075], [-79.33934577070032, 43.67677133015783], [-79.33996341266959, 43.67664689852811], [-79.34015763878644, 43.676624662385905], [-79.34095836117783, 43.67647275614947], [-79.34113547091209, 43.676436226475985], [-79.34115127873878, 43.67643282882783], [-79.34084038176276, 43.67569034502615], [-79.34090272249277, 43.67567605753716], [-79.34310735398218, 43.675148029815134], [-79.34326780290436, 43.6751482436188], [-79.34434429558216, 43.67489768092736], [-79.34563511244357, 43.674638387345816], [-79.34581522865605, 43.6750504364069], [-79.34594220674569, 43.67534090778954], [-79.34626540863007, 43.67610645760141], [-79.3465108611814, 43.67666487438917], [-79.34658077015513, 43.67664975774164], [-79.34712519848121, 43.67653204906057], [-79.34769007181544, 43.676409918355745], [-79.34826461727742, 43.67780431585365], [-79.34844293137884, 43.678237127885595], [-79.34826948466277, 43.67827159531858], [-79.34839657145575, 43.67861198637441], [-79.34840361691752, 43.67863084455622], [-79.34852580440374, 43.67895816078279], [-79.34857445160767, 43.679088477538194]]]}, "properties": {"StationName": "Pape", "MTSA_Type": "Protected Major Transit Station Area", "SASP_No": 616}}, {"type": "Feature", "geometry": {"type": "Polygon", "coordinates": [[[-79.3376118788129, 43.68124567411492], [-79.33516261001165, 43.681752604439076], [-79.33585598390023, 43.68342921947535], [-79.33613919755922, 43.684200538958535], [-79.33591664601279, 43.68425081178408], [-79.33583015221787, 43.68427034923586], [-79.33567666624594, 43.684305017015454], [-79.3347217295797, 43.68449772459573], [-79.3347848050557, 43.68463627267657], [-79.33488851240935, 43.68486405664376], [-79.33562316932269, 43.68656503092788], [-79.33563683724226, 43.686678640321745], [-79.33553071220089, 43.68670206219244], [-79.33527472051298, 43.686753736642075], [-79.33462868964249, 43.68688413883398], [-79.3334206911348, 43.687150814746545], [-79.33310908801936, 43.68721716458692], [-79.33277899222429, 43.68728746511869], [-79.33208746656325, 43.687428035298744], [-79.33185635228472, 43.687482622655835], [-79.33089340752194, 43.687687868431674], [-79.32953405176518, 43.68799013875135], [-79.32935347606117, 43.68802757143343], [-79.32922374346848, 43.687701122308], [-79.32916055702388, 43.687542123622876], [-79.32913079966464, 43.68746724379761], [-79.3291036238549, 43.68739886229072], [-79.32907269311576, 43.687301296414326], [-79.32907019867491, 43.687232262298444], [-79.32879664796238, 43.686582387207416], [-79.3286638514393, 43.68620976218771], [-79.32846966704739, 43.685836306778356], [-79.3249250472307, 43.686598964299684], [-79.32487160476988, 43.68645811944385], [-79.3246188153145, 43.68579192504065], [-79.324262344625, 43.684979175481345], [-79.32393432592045, 43.68416734345366], [-79.32376755389619, 43.68376863106318], [-79.3236706432393, 43.68353692826724], [-79.32359895995452, 43.68336554183562], [-79.32338354697822, 43.68285676448558], [-79.3233773633072, 43.68284218264877], [-79.32298276945697, 43.68191015589989], [-79.32269564785301, 43.6812211076267], [-79.32241867057797, 43.68051406980595], [-79.3221067531153, 43.679824978663234], [-79.32269290822616, 43.67971116171034], [-79.3227297267063, 43.67970399882846], [-79.3232813842238, 43.679595200314644], [-79.32381022605288, 43.679478473385515], [-79.32408401619223, 43.679418040508246], [-79.32456940968933, 43.67931121038931], [-79.32462291355371, 43.6793067900114], [-79.3247120602554, 43.67930692494705], [-79.32569129322417, 43.67909689773225], [-79.32575926252458, 43.679082392158946], [-79.32677990400896, 43.67886451373029], [-79.32721619812118, 43.678770659812926], [-79.32730387482864, 43.67875159961709], [-79.32670507235667, 43.677112800370466], [-79.32674865273353, 43.677103963187555], [-79.32712004747258, 43.67702875295133], [-79.32755499775435, 43.67693766809425], [-79.32795225789212, 43.67685448025962], [-79.32837227138867, 43.67676852578522], [-79.32876001969055, 43.676689166239115], [-79.3291906230804, 43.67659415304966], [-79.32959069839916, 43.676505884255384], [-79.33023130100143, 43.676376315945156], [-79.33035544622732, 43.6766667076427], [-79.33056721934736, 43.67716210720324], [-79.33092053056741, 43.67798858041936], [-79.33122801730045, 43.67876315407682], [-79.33153034614959, 43.67945220544232], [-79.33159524345588, 43.679668327251676], [-79.33343817583909, 43.67925696698253], [-79.33502277899318, 43.678903714133966], [-79.33504746185879, 43.67889802489307], [-79.33533162921978, 43.678832474473396], [-79.33547847883473, 43.678798599591325], [-79.33554826003085, 43.67878723227682], [-79.3358826404622, 43.67956197062248], [-79.3359545902287, 43.67972867364935], [-79.33604552534212, 43.67978281223282], [-79.33607999124435, 43.67979186301509], [-79.33611640575951, 43.67980541725725], [-79.3361853757521, 43.67981451837024], [-79.33624777205272, 43.67981460957182], [-79.33631716450259, 43.67981020918072], [-79.33745689416602, 43.67957329693282], [-79.3376093266988, 43.67992344479271], [-79.33777874558226, 43.68031262839679], [-79.33727518224376, 43.68042137540961], [-79.33742743200202, 43.680794137295734], [-79.33743000969902, 43.68080042660558], [-79.3374312687919, 43.680803567167544], [-79.33743579827107, 43.68081460926627], [-79.33744909678794, 43.68084716626354], [-79.3376118788129, 43.68124567411492]]]}, "properties": {"StationName": "Greenwood", "MTSA_Type": "Protected Major Transit Station Area", "SASP_No": 618}}, {"type": "Feature", "geometry": {"type": "Polygon", "coordinates": [[[-79.32753886281715, 43.68355000295338], [-79.32781909176553, 43.68421024300349], [-79.328150308578, 43.68501776605062], [-79.32846966704739, 43.685836306778356], [-79.3286638514393, 43.68620976218771], [-79.32879664796238, 43.686582387207416], [-79.32907019867491, 43.687232262298444], [-79.32907269311576, 43.687301296414326], [-79.3291036238549, 43.68739886229072], [-79.32935347606117, 43.68802757143343], [-79.32861888531242, 43.6881992207496], [-79.32769058150491, 43.68838478661446], [-79.3258180646269, 43.68878101670574], [-79.32331704648432, 43.68932660381519], [-79.32309581583678, 43.68936938076073], [-79.32308498251736, 43.68934164797528], [-79.3228111720225, 43.688641566941605], [-79.3195890913323, 43.689328076430954], [-79.31928072156364, 43.688622275054335], [-79.31913134071316, 43.688251141308875], [-79.31902452972638, 43.68797816145108], [-79.31896370256793, 43.687879996433516], [-79.3186109115065, 43.687064043509906], [-79.31622990244611, 43.68757700472807], [-79.31588522884024, 43.68677245660406], [-79.31556769359408, 43.685949915127395], [-79.31540735214536, 43.68556834860721], [-79.31523183238029, 43.68515060970563], [-79.31571061146519, 43.68504805076351], [-79.31618676996403, 43.684946071587554], [-79.31603081928817, 43.68454870297215], [-79.31597784407197, 43.68441497202695], [-79.31594277479306, 43.68434740367337], [-79.31591805289779, 43.684315859154765], [-79.31579122344307, 43.68421664003781], [-79.31573823684859, 43.68417604858192], [-79.31571507797062, 43.68414450653801], [-79.31569193165821, 43.68410846293639], [-79.31568814092547, 43.68409475677579], [-79.31568197026905, 43.68407244059065], [-79.3156763321846, 43.68401392094992], [-79.31567578376479, 43.683937415824495], [-79.31562985812762, 43.68311821289646], [-79.31643420982701, 43.68296648719789], [-79.31743846150353, 43.68272055751017], [-79.31724179456498, 43.68226117717421], [-79.31823933516557, 43.68204673711063], [-79.31769628017615, 43.68078118171674], [-79.31866240822255, 43.68056668599934], [-79.31826090004346, 43.67968054662503], [-79.32150217770642, 43.6783594898061], [-79.32149575020249, 43.67834337634486], [-79.32390673913487, 43.67741408030697], [-79.32437818223822, 43.678568303225084], [-79.32459984079667, 43.679058670995445], [-79.3247120602554, 43.67930692494705], [-79.32517778779493, 43.680423810418034], [-79.32550967149375, 43.68118943057521], [-79.32622126515135, 43.681045636041574], [-79.32648231373545, 43.6809928823228], [-79.32758180374533, 43.68075601560539], [-79.32808555144109, 43.68065192657416], [-79.32852062353483, 43.680562029166516], [-79.32866305067326, 43.680532598584264], [-79.32912659518334, 43.681721486069115], [-79.32929242361395, 43.68214681627118], [-79.32974130903229, 43.68206099357861], [-79.3298956510337, 43.6824244710059], [-79.33007622714308, 43.68284970944775], [-79.3274736148159, 43.6833962685995], [-79.32753886281715, 43.68355000295338]]]}, "properties": {"StationName": "Coxwell", "MTSA_Type": "Protected Major Transit Station Area", "SASP_No": 619}}, {"type": "Feature", "geometry": {"type": "Polygon", "coordinates": [[[-79.31136840780846, 43.68237625599086], [-79.31371107483541, 43.68136773044326], [-79.31429498487917, 43.6819724919817], [-79.31450433418107, 43.682207260329335], [-79.31463507193337, 43.682171461612256], [-79.3149945228011, 43.6821225410147], [-79.31512516332928, 43.68211824900131], [-79.31524411715726, 43.68212744087401], [-79.31552064342178, 43.68232592525877], [-79.31555903213142, 43.682447503612586], [-79.31557124351016, 43.68251052735391], [-79.31557799333962, 43.68258705420594], [-79.31562985812762, 43.68311821289646], [-79.31643420982701, 43.68296648719789], [-79.31656150340386, 43.683292258580465], [-79.31657057396671, 43.68331547140816], [-79.31680727872389, 43.68392122936993], [-79.316978817562, 43.6843448608521], [-79.31713685764952, 43.68473778396723], [-79.31762960382913, 43.684626736651005], [-79.31780444311066, 43.685048903989205], [-79.31796556693399, 43.685438014256476], [-79.31829678676007, 43.6862695371417], [-79.3186109115065, 43.687064043509906], [-79.31896370256793, 43.687879996433516], [-79.31902452972638, 43.68797816145108], [-79.31913134071316, 43.688251141308875], [-79.31928072156364, 43.688622275054335], [-79.3195890913323, 43.689328076430954], [-79.31744604400764, 43.68980298527609], [-79.3171923183742, 43.68984693567514], [-79.31748136279117, 43.69056178322172], [-79.31780278988691, 43.69127909842695], [-79.31815992584951, 43.69197534422043], [-79.31647391940488, 43.69233957375195], [-79.31618860437406, 43.69239625397207], [-79.31569875163294, 43.69249357614801], [-79.31574486465773, 43.69261670860568], [-79.31581537579822, 43.692804978892404], [-79.31489671629902, 43.693020634094474], [-79.31459484085693, 43.69308317848297], [-79.31424216481692, 43.69314245125875], [-79.31396948010185, 43.69317222167239], [-79.3138517974004, 43.693115266791594], [-79.31374252333205, 43.693114015829856], [-79.31362317924173, 43.69312816852635], [-79.31264968342366, 43.69335462584591], [-79.31218081682472, 43.69228100384374], [-79.31148781844873, 43.69068929852613], [-79.31036709601871, 43.69090242277492], [-79.3095946214791, 43.691069072964375], [-79.30914670049054, 43.69113737791505], [-79.30883253010965, 43.690438759781024], [-79.30853004459658, 43.68974838929433], [-79.30838502888842, 43.689401510205286], [-79.30823871701881, 43.68905317052027], [-79.3079180735336, 43.68835477909745], [-79.3076282852455, 43.687659232637614], [-79.30548781871451, 43.688149635403846], [-79.30520373325952, 43.687436051094714], [-79.30495543535713, 43.6874808216245], [-79.3045275985673, 43.68640773493008], [-79.30431769222031, 43.68589698167227], [-79.30428310711196, 43.685812826515736], [-79.30403681629039, 43.685236032337485], [-79.31136840780846, 43.68237625599086]]]}, "properties": {"StationName": "Woodbine", "MTSA_Type": "Protected Major Transit Station Area", "SASP_No": 620}}, {"type": "Feature", "geometry": {"type": "Polygon", "coordinates": [[[-79.3040333792969, 43.69499293295329], [-79.3017963742718, 43.69550467115159], [-79.30150681236465, 43.69557076591997], [-79.30132270658564, 43.69560748023607], [-79.30125988153702, 43.69561882701215], [-79.30122390085211, 43.69561951876003], [-79.30113163930544, 43.6956037463813], [-79.3010984877575, 43.6955558439447], [-79.30106404212326, 43.69551663452835], [-79.30056835133045, 43.69437812887832], [-79.3000387663525, 43.693146326679376], [-79.29942386377671, 43.693288151794974], [-79.2990842603859, 43.693370897810595], [-79.29895736933291, 43.693386683574026], [-79.29822290167961, 43.693455165060215], [-79.2971877675091, 43.693541479574804], [-79.29712720073721, 43.69308352029999], [-79.29711685482994, 43.69282918371871], [-79.29703491753817, 43.69219723295402], [-79.2959991512199, 43.69243237443639], [-79.29580651250748, 43.692016625280445], [-79.29560576264196, 43.691547438351634], [-79.2954203254087, 43.69111714530027], [-79.29524882564799, 43.690717727157434], [-79.29420991486278, 43.690957138695225], [-79.29366506966132, 43.691071392490244], [-79.29308080301713, 43.691205490484386], [-79.29294874155711, 43.69093583601402], [-79.29283398596716, 43.6906662217454], [-79.29281444498977, 43.690620323626646], [-79.29264529663706, 43.6902228897025], [-79.29323853253717, 43.69007998072334], [-79.2937553024065, 43.6899643280872], [-79.293201382512, 43.68859650756931], [-79.29302072790807, 43.68819129498936], [-79.29692237051327, 43.68728702000162], [-79.29984449709889, 43.68659395709391], [-79.30281610219146, 43.68568782136077], [-79.30322757571189, 43.68669607586497], [-79.30326066897153, 43.6866887364249], [-79.30415984060393, 43.68648929491221], [-79.3045275985673, 43.68640773493008], [-79.30431769222031, 43.68589698167227], [-79.30428310465166, 43.685812820210614], [-79.30418361531058, 43.68557073512687], [-79.30587251224081, 43.68484094871222], [-79.30616236587126, 43.685518821433696], [-79.30635904740114, 43.685978811069766], [-79.30650471793788, 43.68630295305151], [-79.30653847357839, 43.68639461054426], [-79.30678378433154, 43.6870599887627], [-79.30729606151928, 43.68693698966171], [-79.3076282852455, 43.687659232637614], [-79.3079180735336, 43.68835477909745], [-79.30823871701881, 43.68905317052027], [-79.30838502888842, 43.689401510205286], [-79.30853004459658, 43.68974838929433], [-79.30883253010965, 43.690438759781024], [-79.30914670049054, 43.69113737791505], [-79.30943713630164, 43.691830398112366], [-79.30730144030056, 43.6923365371349], [-79.30760286677432, 43.693028356190716], [-79.30538882723033, 43.693532425490126], [-79.30569568482262, 43.69422544234863], [-79.30584170113285, 43.69460355456601], [-79.30531288090157, 43.69469509245783], [-79.30526682863454, 43.69470305940075], [-79.30517759521757, 43.69472459695094], [-79.30472926819346, 43.69483278404024], [-79.3040333792969, 43.69499293295329]]]}, "properties": {"StationName": "Main Street", "MTSA_Type": "Protected Major Transit Station Area", "SASP_No": 621}}, {"type": "Feature", "geometry": {"type": "Polygon", "coordinates": [[[-79.29281444498977, 43.690620323626646], [-79.29283398596716, 43.6906662217454], [-79.29294874155711, 43.69093583601402], [-79.29308080301713, 43.691205490484386], [-79.29366506966132, 43.691071392490244], [-79.29420991486278, 43.690957138695225], [-79.29524882564799, 43.690717727157434], [-79.2954203254087, 43.69111714530027], [-79.29560576264196, 43.691547438351634], [-79.29580651250748, 43.692016625280445], [-79.2959991512199, 43.69243237443639], [-79.29703491753817, 43.69219723295402], [-79.29711685482994, 43.69282918371871], [-79.29712720073721, 43.69308352029999], [-79.2971877675091, 43.693541479574804], [-79.29724185810898, 43.69409079169095], [-79.29728834624537, 43.69457822231324], [-79.29729506755825, 43.69491487672341], [-79.2973384596357, 43.69515309460305], [-79.29734758175988, 43.69520315905945], [-79.29741678415505, 43.695670013162136], [-79.29740421573443, 43.69589699625327], [-79.29737185653826, 43.6961318924246], [-79.29727315074723, 43.69652400420554], [-79.29590616506364, 43.69653185206063], [-79.2952426599465, 43.69692468677732], [-79.29432977575819, 43.696933703659425], [-79.29267968341448, 43.69724046376403], [-79.29083191532219, 43.697459152077826], [-79.29072827966483, 43.697224686720475], [-79.29044392649676, 43.69654981350469], [-79.29019232836293, 43.695974385075765], [-79.28994866953823, 43.69536100662668], [-79.28977994577956, 43.69494913954507], [-79.28956644919909, 43.69493795141643], [-79.28848703055597, 43.69520217614437], [-79.28766460187819, 43.695682171977246], [-79.28826346493521, 43.69702929071108], [-79.28823262551433, 43.697424488041335], [-79.28712814162387, 43.69749718981336], [-79.28550393863725, 43.697354348584305], [-79.28535900127582, 43.69699745304332], [-79.2850487016062, 43.696277699164646], [-79.2850376629069, 43.69625263671739], [-79.28496655988653, 43.69609126852822], [-79.28476550961696, 43.695635060260564], [-79.2847181095519, 43.6955270801934], [-79.28454939301888, 43.69514281699605], [-79.28348900926021, 43.69537940351476], [-79.28235993618308, 43.695640507656826], [-79.28123898520755, 43.69589006837523], [-79.28100057433444, 43.69534405583847], [-79.28071743871084, 43.694676878297464], [-79.28183920151446, 43.6944294079937], [-79.28296608270794, 43.69417839436414], [-79.28347559682045, 43.69406655867703], [-79.28404000841923, 43.693942691554504], [-79.28372582814309, 43.693217224930436], [-79.28350559142122, 43.69271258315887], [-79.28333836285589, 43.692329380262166], [-79.2838372726691, 43.692217223979235], [-79.28367900727487, 43.6918319591891], [-79.2832359228529, 43.69075326681319], [-79.28301700078072, 43.690268143072906], [-79.28730518670383, 43.68933525421444], [-79.29295600803205, 43.68803730619278], [-79.29302072790807, 43.68819129498936], [-79.2937553024065, 43.6899643280872], [-79.29264529663706, 43.6902228897025], [-79.29281444498977, 43.690620323626646]]]}, "properties": {"StationName": "Victoria Park", "MTSA_Type": "Protected Major Transit Station Area", "SASP_No": 622}}, {"type": "Feature", "geometry": {"type": "Polygon", "coordinates": [[[-79.37056770526313, 43.67075415013644], [-79.37036717897678, 43.67025828235394], [-79.36979157833633, 43.66885753165933], [-79.36971879116277, 43.66867316095244], [-79.36965952112388, 43.668523020720485], [-79.36952192926839, 43.66817448725576], [-79.36971178573194, 43.66816601567912], [-79.37005839249936, 43.668089191928736], [-79.37087405539967, 43.66790841089639], [-79.37216820383954, 43.667634728561964], [-79.3737377387888, 43.66729501034642], [-79.3744079988061, 43.66886889786692], [-79.37506643385889, 43.670500099620696], [-79.37521452860335, 43.67086695912393], [-79.37529769842827, 43.67107299037961], [-79.3753810168118, 43.67127941778948], [-79.37493677537343, 43.67129081983456], [-79.37486301017371, 43.67217518099308], [-79.37485137683194, 43.67244069414563], [-79.37499571103649, 43.67359571185483], [-79.37532912134068, 43.67329119346747], [-79.3760534953186, 43.67348194147945], [-79.37616596417477, 43.673759517807575], [-79.37661039590078, 43.673967866882286], [-79.3767327884733, 43.673929041029396], [-79.37696618787223, 43.673888788142015], [-79.377187126021, 43.67387102479882], [-79.37736424394093, 43.67386221448885], [-79.37753302599629, 43.674334962493596], [-79.37782304982807, 43.67503288200246], [-79.37765933305843, 43.67511821983681], [-79.37670823395078, 43.675517751338816], [-79.37620787579426, 43.67571974118835], [-79.37606516256768, 43.67576459335108], [-79.37587431229544, 43.675840897836146], [-79.375535813394, 43.675921541113865], [-79.37512947167582, 43.676011117859275], [-79.37511605204554, 43.67612811457613], [-79.37510077356919, 43.67620911192085], [-79.37507655940594, 43.676299100856916], [-79.37506551725654, 43.676389105083494], [-79.3750591755622, 43.676461109926564], [-79.37506399475748, 43.67656462362276], [-79.37508204270365, 43.67664565737798], [-79.3751155807939, 43.676726708053216], [-79.37516266185669, 43.67682577712579], [-79.37521093684836, 43.67691134454279], [-79.37524559876525, 43.67701939237683], [-79.37526788359733, 43.677109432078375], [-79.37527464098932, 43.67721745754918], [-79.37526435173379, 43.67731646215956], [-79.37523856100725, 43.67741545074981], [-79.37520390275675, 43.677496426036676], [-79.37517934605748, 43.67756840198378], [-79.37513503579181, 43.67762686331433], [-79.37485408314737, 43.67835566507634], [-79.37443243742283, 43.678390231463354], [-79.37372773485725, 43.67837483788919], [-79.373488730335, 43.67716166145565], [-79.37078926092595, 43.6777431370484], [-79.3693192970419, 43.6777414597266], [-79.36877770593419, 43.67686406203864], [-79.36801394206019, 43.67626404507804], [-79.3670742054765, 43.67577249458248], [-79.36710051386314, 43.67508842625885], [-79.3668372423018, 43.67462004456835], [-79.36552087499656, 43.674682933481996], [-79.36413448547724, 43.673439164523835], [-79.36395454101766, 43.672898263762804], [-79.36859438790303, 43.671958427623146], [-79.36906074758879, 43.67229675793065], [-79.36987656595964, 43.672575738985465], [-79.37065711992066, 43.6720095379018], [-79.37086329663113, 43.67168484597881], [-79.37086499374107, 43.671534742003196], [-79.37056770526313, 43.67075415013644]]]}, "properties": {"StationName": "Castle Frank", "MTSA_Type": "Protected Major Transit Station Area", "SASP_No": 649}}, {"type": "Feature", "geometry": {"type": "Polygon", "coordinates": [[[-79.41772441638307, 43.66858243280035], [-79.41716108594845, 43.6686950606897], [-79.41710564228262, 43.66870613269162], [-79.416534230908, 43.668820381777444], [-79.4153408596025, 43.66910204015442], [-79.41546485917037, 43.669438704889345], [-79.41560019326542, 43.66980617242708], [-79.41439875846264, 43.670058336378425], [-79.4137700810894, 43.670208312766285], [-79.41322960563646, 43.67031869264385], [-79.41314031444566, 43.67009676807379], [-79.41218524524297, 43.670337467712386], [-79.40938659277536, 43.67090236796532], [-79.40900799895849, 43.669935597417485], [-79.40860462288346, 43.668904902204005], [-79.40826418672758, 43.6680361924113], [-79.40743417403337, 43.66591415944148], [-79.40726952907063, 43.665493137829046], [-79.40708058698146, 43.66501174196356], [-79.40661068525937, 43.663888559469285], [-79.40702254713564, 43.66380164392944], [-79.40722687203453, 43.66375850879884], [-79.40770825911069, 43.6636569173316], [-79.40781163600056, 43.66363510128983], [-79.40717904365157, 43.6620163867755], [-79.4066157543893, 43.66062946289192], [-79.40649032596775, 43.66032305223124], [-79.40702334139112, 43.66020256869106], [-79.4071298915983, 43.66018317090478], [-79.40782149707263, 43.66005724861412], [-79.4084050573714, 43.65993779312471], [-79.40904976281809, 43.65980581018216], [-79.40962204916447, 43.65968805336805], [-79.40966580712309, 43.659679046962914], [-79.41025365346907, 43.659558082183395], [-79.41083918763083, 43.659443813206984], [-79.41146940983613, 43.65932021620435], [-79.41217663317038, 43.66101550208035], [-79.41279589798289, 43.66088636883211], [-79.41339692109882, 43.660761031394195], [-79.41396625799327, 43.66065222409749], [-79.41399413669781, 43.66064688115072], [-79.41403250755076, 43.66063954778065], [-79.4146270443806, 43.660525907992835], [-79.41555756353975, 43.662830549067195], [-79.41586715863944, 43.66357258653089], [-79.41716350489284, 43.667079487853634], [-79.41739380325538, 43.66770260630558], [-79.41772441638307, 43.66858243280035]]]}, "properties": {"StationName": "Bathurst", "MTSA_Type": "Protected Major Transit Station Area", "SASP_No": 661}}, {"type": "Feature", "geometry": {"type": "Polygon", "coordinates": [[[-79.42416961416374, 43.664742413381504], [-79.42442078978073, 43.66537971525434], [-79.42483415457838, 43.66640127409281], [-79.42512599227777, 43.66705285373821], [-79.42517610947529, 43.66719961976177], [-79.4252220125461, 43.66733405922144], [-79.42525276971244, 43.66740702737424], [-79.42540174701766, 43.66776054023413], [-79.42556604229695, 43.66817371585242], [-79.4249652887783, 43.66829242206113], [-79.42455583276968, 43.6683733314406], [-79.42345215098128, 43.668605478509996], [-79.42334268742654, 43.66863912699753], [-79.42326584247743, 43.66867993626877], [-79.42316972812525, 43.66872976991612], [-79.42311298985146, 43.668755288463316], [-79.42308652586071, 43.66876719837853], [-79.42301503925361, 43.66878532672787], [-79.42241088164218, 43.668900346446726], [-79.42200990264597, 43.66897631249842], [-79.42139595679323, 43.66909262536949], [-79.42113319739254, 43.66914657413455], [-79.42060203659716, 43.669254167987134], [-79.42089379186548, 43.67001212364139], [-79.42029513832132, 43.67013303185831], [-79.42028239942525, 43.67013560726861], [-79.4197030006743, 43.67025263811621], [-79.41898422213809, 43.66834945623603], [-79.41854135568863, 43.66844450655023], [-79.41836154946827, 43.668476761617], [-79.416534230908, 43.668820381777444], [-79.41595309696257, 43.66733741814263], [-79.41533030618714, 43.667471358063395], [-79.4152081590211, 43.66749762264826], [-79.41474413151617, 43.66759741689597], [-79.41416004203442, 43.66772298911154], [-79.41413382126944, 43.66772862858231], [-79.41410118890592, 43.66773563053797], [-79.41355176102597, 43.66785376174426], [-79.41295923351662, 43.666370919849385], [-79.41238561730252, 43.66648912337436], [-79.41233025240479, 43.666500542378216], [-79.41174944949863, 43.666620230524316], [-79.41137567266902, 43.66564274116769], [-79.41131834005041, 43.66549275626811], [-79.41117402320889, 43.6651153730902], [-79.41067759174898, 43.66382976311692], [-79.41125024011617, 43.663712263161074], [-79.41128591639327, 43.66370493312571], [-79.4118939991121, 43.66358016991864], [-79.41247170573331, 43.66346668505287], [-79.413100306255, 43.663343204827], [-79.41294171537278, 43.662951409776085], [-79.41262507594179, 43.66216917135595], [-79.41217663317038, 43.66101550208035], [-79.41279589798289, 43.66088636883211], [-79.41339692109882, 43.660761031394195], [-79.41396625799327, 43.66065222409749], [-79.41399413669781, 43.66064688115072], [-79.41403250755076, 43.66063954778065], [-79.4146270443806, 43.660525907992835], [-79.41521041709606, 43.660407401483106], [-79.41581648842309, 43.6602842928013], [-79.41639138563696, 43.66016227517894], [-79.41686170945131, 43.66005920488516], [-79.4174732708266, 43.659934724993654], [-79.41801859144432, 43.65982591706249], [-79.41879831141931, 43.65967036434672], [-79.4189277593897, 43.65964454393446], [-79.41896898310362, 43.659636316191445], [-79.41953602004699, 43.65952318133918], [-79.42006572611729, 43.65940776542723], [-79.42063918878578, 43.659280430803214], [-79.42123191525491, 43.65916042650279], [-79.42127070774171, 43.65915257611225], [-79.42184411367415, 43.65903647093025], [-79.42222483718206, 43.66000845368416], [-79.4225624946286, 43.660870448528264], [-79.42301294581664, 43.66197823261505], [-79.4230434420478, 43.66205323196674], [-79.42306486969312, 43.662105912579335], [-79.42307630657862, 43.66213404959638], [-79.42322913907546, 43.66250990873728], [-79.42439359068797, 43.66225003090911], [-79.42460591940528, 43.66219850771104], [-79.42476875591906, 43.66261656266425], [-79.42485757036803, 43.66284458736914], [-79.42517063644334, 43.663645638376046], [-79.42542164730612, 43.66432174030995], [-79.42527822860099, 43.66435688975236], [-79.42490154166425, 43.664417085366395], [-79.4241161223143, 43.66460668840492], [-79.42416961416374, 43.664742413381504]]]}, "properties": {"StationName": "Christie", "MTSA_Type": "Protected Major Transit Station Area", "SASP_No": 660}}, {"type": "Feature", "geometry": {"type": "Polygon", "coordinates": [[[-79.42828912335946, 43.6679268656151], [-79.4281160705393, 43.667954196710646], [-79.42795514549442, 43.667959328800215], [-79.42794173690193, 43.66796263285412], [-79.42568980525482, 43.66844641734939], [-79.42556604229695, 43.66817371585242], [-79.42550465846115, 43.668019338323], [-79.42540174701766, 43.66776054023413], [-79.42525276971244, 43.66740702737424], [-79.4252220125461, 43.66733405922144], [-79.42517610947529, 43.66719961976177], [-79.42512599227777, 43.66705285373821], [-79.42483415457838, 43.66640127409281], [-79.42442078978073, 43.66537971525434], [-79.42381504198832, 43.66550272653601], [-79.42322750795911, 43.66562202116882], [-79.42306421992708, 43.66522361304434], [-79.42269875461838, 43.664331892486686], [-79.4226478729987, 43.664215334315216], [-79.42223050039695, 43.66325933411385], [-79.42219990890773, 43.663189280755155], [-79.42211464013572, 43.66299396293414], [-79.42202049069019, 43.66277830216407], [-79.42158395122522, 43.66287254955214], [-79.42087544002123, 43.66302551868266], [-79.42069747200655, 43.662563746910834], [-79.42027789200411, 43.66147513479506], [-79.41953602004699, 43.65952318133918], [-79.42006572611729, 43.65940776542723], [-79.42063918878578, 43.659280430803214], [-79.42123191525491, 43.65916042650279], [-79.42127070774171, 43.65915257611225], [-79.42184411367415, 43.65903647093025], [-79.42243406761247, 43.658919680092076], [-79.4224735428909, 43.658911865761866], [-79.42305205902292, 43.65879731522115], [-79.42248728947955, 43.6573288935429], [-79.4230743700997, 43.657221882827024], [-79.42371710242472, 43.657104721171024], [-79.42366276645765, 43.65697890396832], [-79.42490373391301, 43.65671556121165], [-79.42617452911233, 43.656443571199745], [-79.42690138382224, 43.658263053612075], [-79.42691300530537, 43.65829218053513], [-79.42728653346408, 43.65922882862089], [-79.4285215678787, 43.65896543752099], [-79.42934615825781, 43.658804065590964], [-79.43024147772178, 43.65862882824734], [-79.4315320345015, 43.65834168649763], [-79.43171078226247, 43.65878599842505], [-79.43239571508977, 43.66048840210861], [-79.43287742346736, 43.660391886875324], [-79.43304902333215, 43.6608126591338], [-79.43317362794218, 43.66111815981988], [-79.43355266877596, 43.66204752427927], [-79.43356034905676, 43.662066332631866], [-79.43415849268624, 43.66351804977322], [-79.43292541047144, 43.66378717177375], [-79.4316814382376, 43.66405388858637], [-79.43111471484835, 43.664174733154184], [-79.43047772892585, 43.664310546499884], [-79.43115893604072, 43.665937044169695], [-79.4316797113736, 43.667180478976704], [-79.43090962244781, 43.66735385427422], [-79.43048595230667, 43.667449256827844], [-79.42929363418776, 43.667705748817355], [-79.4286917491764, 43.667838246922294], [-79.42849398628287, 43.667881774647235], [-79.42828912335946, 43.6679268656151]]]}, "properties": {"StationName": "Ossington", "MTSA_Type": "Protected Major Transit Station Area", "SASP_No": 659}}, {"type": "Feature", "geometry": {"type": "Polygon", "coordinates": [[[-79.43880303690618, 43.65824797770162], [-79.43913557506818, 43.65909813021502], [-79.43970398581918, 43.6589903580826], [-79.44034950512439, 43.65885852306816], [-79.44070806399158, 43.65878181434999], [-79.44083583430792, 43.65910578198443], [-79.44084424426237, 43.65912712862635], [-79.44161041036809, 43.66107002251222], [-79.4422779383558, 43.66269426774045], [-79.44234714182683, 43.66277184236597], [-79.44241056265749, 43.66287000919642], [-79.44251307673305, 43.663119310844436], [-79.4427253220061, 43.66363548904281], [-79.44214267552695, 43.6637536276925], [-79.43789497360902, 43.66458459176855], [-79.43739906742786, 43.66471534984102], [-79.43757736652876, 43.66512129158367], [-79.43776848757068, 43.66556015533655], [-79.43788512562357, 43.665851163981884], [-79.43723149432807, 43.66598566106988], [-79.43664774462624, 43.666105786464065], [-79.4353597501065, 43.666397702838076], [-79.43500882801396, 43.66556554083653], [-79.43449370811958, 43.664356059280344], [-79.4332414814414, 43.6646084329135], [-79.43200743149615, 43.66487881448811], [-79.4316814382376, 43.66405388858637], [-79.43111471484835, 43.664174733154184], [-79.43047772892585, 43.664310546499884], [-79.4298757154789, 43.66284097169472], [-79.42963125979767, 43.66224426748989], [-79.42963137762177, 43.661806870572214], [-79.42962467001428, 43.661707958344664], [-79.42961790021845, 43.661675036118154], [-79.42960236228303, 43.66159935102053], [-79.42959092881152, 43.661567893145175], [-79.42958023688661, 43.661538488040726], [-79.42953489971752, 43.66144570084524], [-79.42945411404501, 43.66127586511762], [-79.42939852297026, 43.66115067555404], [-79.42924173870048, 43.66076000044321], [-79.4285215678787, 43.65896543752099], [-79.42934615825781, 43.658804065590964], [-79.43024147772178, 43.65862882824734], [-79.4315320345015, 43.65834168649763], [-79.43131207546416, 43.657736382154965], [-79.4326126777755, 43.657476913468564], [-79.43270076368024, 43.65746680189112], [-79.43357684670578, 43.65727225237808], [-79.43414452677777, 43.65715026993044], [-79.43427391532944, 43.65712246709038], [-79.43423768736272, 43.65702912433797], [-79.43418575697453, 43.656895397694704], [-79.43349930482671, 43.655127321408855], [-79.43332586227386, 43.65468057750922], [-79.43316835905175, 43.6542383874356], [-79.43373783239562, 43.65412329945754], [-79.43517940136374, 43.65383191816602], [-79.43581017042972, 43.65370166294016], [-79.43645028858477, 43.65357675355728], [-79.4369539669537, 43.65347847436366], [-79.43726099202237, 43.65427760265942], [-79.4374170420306, 43.654678593216204], [-79.43757709774289, 43.6550899166189], [-79.43759522684316, 43.65513648352574], [-79.43854185824046, 43.65758565578004], [-79.43880303690618, 43.65824797770162]]]}, "properties": {"StationName": "Dufferin", "MTSA_Type": "Protected Major Transit Station Area", "SASP_No": 658}}, {"type": "Feature", "geometry": {"type": "Polygon", "coordinates": [[[-79.43756839727718, 43.65942639017461], [-79.43532635182714, 43.659883696847565], [-79.43496491812597, 43.65893447286977], [-79.43474092169839, 43.658346188213514], [-79.43741032494952, 43.6577953026007], [-79.43854185824046, 43.65758565578004], [-79.43759522684316, 43.65513648352574], [-79.43757709774289, 43.6550899166189], [-79.4374170420306, 43.654678593216204], [-79.43726099202237, 43.65427760265942], [-79.4369539669537, 43.65347847436366], [-79.43668247991668, 43.652743182929285], [-79.43643634328984, 43.65211533744602], [-79.43631791692259, 43.65181327280836], [-79.43676062072264, 43.65172763622194], [-79.43684190248868, 43.65171190440603], [-79.43755082745064, 43.651574765103845], [-79.43822642684047, 43.65143853054236], [-79.43875394783365, 43.6513321559018], [-79.43972728381215, 43.651107845270836], [-79.43980479180304, 43.65108077569376], [-79.43996026950867, 43.65101217047372], [-79.44015459803062, 43.65143187892966], [-79.44067060221968, 43.652747731100106], [-79.44098317429096, 43.65354480906576], [-79.4433196470634, 43.65317530041514], [-79.44417159450231, 43.65528882148005], [-79.44509597609081, 43.655107220501115], [-79.44754438164651, 43.654754756755196], [-79.45094265165517, 43.65842506355675], [-79.45015404142275, 43.65859030204912], [-79.44957406035567, 43.658711827462156], [-79.44991158407556, 43.65952847640851], [-79.44928961619246, 43.65965253564646], [-79.44873212910652, 43.65976371334622], [-79.4493528073392, 43.66129313365147], [-79.44874858363949, 43.66142630896737], [-79.4483885266723, 43.66150563999264], [-79.44816835690162, 43.66156200335547], [-79.44745101218088, 43.661709672095824], [-79.44677670486806, 43.661848474711825], [-79.44590422461872, 43.66204577154003], [-79.44582038658125, 43.66206472475297], [-79.44594413100586, 43.66237445879995], [-79.4459532980921, 43.662397451764754], [-79.44638914176274, 43.66348848670557], [-79.44670167772163, 43.66427709882643], [-79.44684269327031, 43.664633843231925], [-79.44569863484902, 43.66489681005768], [-79.44455970115682, 43.66511528849752], [-79.44340775477596, 43.665371662942064], [-79.44325974665365, 43.66499828172983], [-79.44306205672461, 43.664502827671065], [-79.4427253220061, 43.66363548904281], [-79.44251307673305, 43.663119310844436], [-79.44241056265749, 43.66287000919642], [-79.44234714182683, 43.66277184236597], [-79.4413151619954, 43.662973674595804], [-79.44036912221829, 43.66316381356476], [-79.43925142264914, 43.66339650394485], [-79.43910841154151, 43.663074119910725], [-79.43904650645638, 43.66297560010625], [-79.43899183978249, 43.66289342253739], [-79.43890425672446, 43.66274079964347], [-79.43883544063249, 43.66256696146276], [-79.43837944638707, 43.66143059983066], [-79.43771492245844, 43.659788501373775], [-79.43756839727718, 43.65942639017461]]]}, "properties": {"StationName": "Lansdowne", "MTSA_Type": "Protected Major Transit Station Area", "SASP_No": 657}}, {"type": "Feature", "geometry": {"type": "Polygon", "coordinates": [[[-79.44854587733154, 43.65329639445571], [-79.4469929481218, 43.65260945350305], [-79.44728516501885, 43.65226275936085], [-79.4472978987754, 43.65224766088575], [-79.44756762329169, 43.65192760696938], [-79.4480476802086, 43.65211635054077], [-79.45044343231883, 43.651634472066306], [-79.45103028662491, 43.65151643397528], [-79.45337044340538, 43.65105420584641], [-79.45387446761409, 43.65094906423926], [-79.45484294553069, 43.65074703461558], [-79.45498838199426, 43.6506974393466], [-79.45503019711742, 43.65082216571018], [-79.45538899993589, 43.65164914609291], [-79.4558450829314, 43.65264943705525], [-79.45601723899507, 43.65306336517239], [-79.45621733935714, 43.653511708843816], [-79.45649287385343, 43.654147875179085], [-79.45657675003667, 43.65437089683424], [-79.45678490566893, 43.654842349948446], [-79.45678866840255, 43.65485087569122], [-79.45701057271278, 43.65535343966668], [-79.45685392538904, 43.65539613456874], [-79.45688473182264, 43.65561856881881], [-79.45693388066157, 43.65582401983477], [-79.45704161325101, 43.65627433972248], [-79.45716563013674, 43.65656870926817], [-79.45705404870341, 43.65660424630364], [-79.45688313389616, 43.65669440201246], [-79.45669354235648, 43.65681387152212], [-79.45653813493821, 43.65693334471515], [-79.45645419062737, 43.657028050608176], [-79.4564418452583, 43.65706161749195], [-79.4564211560239, 43.657115765573984], [-79.45640747695064, 43.65718140119947], [-79.45641676605563, 43.657235534603494], [-79.45643223161646, 43.65730545699892], [-79.45646946941223, 43.65737538768427], [-79.45652222639951, 43.657449842057886], [-79.45660608980143, 43.657547350876825], [-79.45668163986103, 43.65763546893314], [-79.45672584722716, 43.657682819485075], [-79.45676501845678, 43.657733752468296], [-79.45680485699928, 43.657808581678836], [-79.45702274158629, 43.65834426266083], [-79.4573563952916, 43.659159421001284], [-79.45740922896438, 43.65930454756306], [-79.45744606791466, 43.659451018351795], [-79.45748530949302, 43.65964019979836], [-79.45748882453275, 43.65978245271851], [-79.4574598494665, 43.65989263331138], [-79.45743674258287, 43.65994132941106], [-79.45736923486582, 43.66009900223931], [-79.4573593980582, 43.66023355578738], [-79.45735726207063, 43.66038554788811], [-79.45734959193551, 43.660543640859366], [-79.4573672479262, 43.66067295774447], [-79.45739330780462, 43.660769046443704], [-79.45741877966728, 43.66083762758453], [-79.45746071857566, 43.66090595290757], [-79.45750541049289, 43.66095439697948], [-79.45549763382463, 43.66138579214364], [-79.45526403781719, 43.66143598359654], [-79.45494727869271, 43.66150229300898], [-79.45389350037179, 43.66214403332307], [-79.45296738599845, 43.66233803369413], [-79.4511941548103, 43.66270991428561], [-79.45085732396957, 43.661876265365905], [-79.45052042210597, 43.66104985061416], [-79.44990593402905, 43.66117788961994], [-79.4493528073392, 43.66129313365147], [-79.44873212910652, 43.65976371334622], [-79.44864600923333, 43.65957709664914], [-79.44809382066512, 43.65820167282617], [-79.44807167297158, 43.6581464518481], [-79.44790284699752, 43.65772301718787], [-79.44789060786019, 43.657695451154375], [-79.4477327589559, 43.657302255082826], [-79.44805182079861, 43.65723488469134], [-79.44797926809679, 43.65715964778062], [-79.44790694947496, 43.65708776844826], [-79.44783178021764, 43.65701361941793], [-79.44775802897257, 43.656941475594984], [-79.44770778793283, 43.656892403144184], [-79.44768420347893, 43.656869374896246], [-79.44766168432608, 43.65684742819819], [-79.44761030497429, 43.656797320022584], [-79.44753631858202, 43.656725310066854], [-79.44746224678971, 43.65665333602867], [-79.44738849624784, 43.656581398094986], [-79.44731464665193, 43.65650951407554], [-79.44724149148789, 43.656437657332134], [-79.44716827446967, 43.656365845519396], [-79.44709571954488, 43.65628993923208], [-79.4470230736376, 43.65621760550806], [-79.44695224978487, 43.65614594768692], [-79.44688207485581, 43.65606967150817], [-79.44681215660394, 43.655997761080066], [-79.44674289846348, 43.655921207097414], [-79.44667319371679, 43.65584657826134], [-79.44660637724623, 43.65577118651263], [-79.44653729342865, 43.655695766659306], [-79.4464866668558, 43.65562241672403], [-79.44643421311514, 43.6555391625765], [-79.44641760230728, 43.65550895421761], [-79.4463769925329, 43.65543511114899], [-79.4463531671105, 43.65536227689794], [-79.44633414391929, 43.65527208840851], [-79.4470024501848, 43.65514308167415], [-79.44694695074263, 43.654840781918935], [-79.4477706593511, 43.65421154337375], [-79.44854587733154, 43.65329639445571]]]}, "properties": {"StationName": "Dundas West", "MTSA_Type": "Protected Major Transit Station Area", "SASP_No": 654}}, {"type": "Feature", "geometry": {"type": "Polygon", "coordinates": [[[-79.45999731327113, 43.66106331636583], [-79.45953449979933, 43.65992372660686], [-79.45786735923066, 43.6602773495481], [-79.45735726207063, 43.66038554788811], [-79.4573593980582, 43.66023355578738], [-79.45736923486582, 43.66009900223931], [-79.45743674258287, 43.65994132941106], [-79.4574598494665, 43.65989263331138], [-79.45748882453275, 43.65978245271851], [-79.45748530949302, 43.65964019979836], [-79.45744606791466, 43.659451018351795], [-79.45740922896438, 43.65930454756306], [-79.4573563952916, 43.659159421001284], [-79.45702274158629, 43.65834426266083], [-79.45680485699928, 43.657808581678836], [-79.45676501845678, 43.657733752468296], [-79.45672584722716, 43.657682819485075], [-79.45668163986103, 43.65763546893314], [-79.45660608980143, 43.657547350876825], [-79.45593092018598, 43.6576914010701], [-79.4558840886062, 43.657695064574995], [-79.45583219024675, 43.657693198349676], [-79.45580063927405, 43.65768848742944], [-79.45578283629686, 43.657685835036105], [-79.45571196803841, 43.65766650952246], [-79.45565374735271, 43.65764350820357], [-79.45559679885291, 43.65762878772768], [-79.45555376371973, 43.657630606386824], [-79.45515244275867, 43.65772326837698], [-79.45511782504244, 43.657762811397646], [-79.4550173042805, 43.65771863177218], [-79.45462924684288, 43.65687414439221], [-79.45441993216134, 43.656382748076204], [-79.45423355545827, 43.655945232954764], [-79.45378040068277, 43.65604016474732], [-79.45360926015888, 43.65558824711144], [-79.45347127516585, 43.65522387943732], [-79.45340348315572, 43.655030760224896], [-79.45309062543899, 43.65418382606951], [-79.45376557116752, 43.65403874740909], [-79.45621733935714, 43.653511708843816], [-79.45601723899507, 43.65306336517239], [-79.45766446852237, 43.652718242502544], [-79.45737604725367, 43.65203018636428], [-79.45711696224595, 43.65141344501237], [-79.45711700795785, 43.651368364219266], [-79.45713613234395, 43.65132328247988], [-79.45719326894405, 43.65125555755356], [-79.45724978004465, 43.65127952422498], [-79.45733674328577, 43.65129562601246], [-79.45743348102533, 43.65130354910128], [-79.45751829347552, 43.65129331185357], [-79.45846965252493, 43.65113764107056], [-79.45872903942929, 43.65173570879383], [-79.45902724955715, 43.65241864056757], [-79.45928826332185, 43.65303068664068], [-79.46000874519873, 43.65470772728061], [-79.46014408935102, 43.654678555121656], [-79.460995699931, 43.654495022380814], [-79.4623016582487, 43.65420033087321], [-79.46317856440437, 43.654007130796224], [-79.46366609301346, 43.65389971111164], [-79.46525867000985, 43.653538428391535], [-79.46606067971632, 43.655508080894656], [-79.46681134916665, 43.65722820805815], [-79.46604553416807, 43.657366121194045], [-79.4652096368007, 43.65754485079626], [-79.46390142124382, 43.65783048503432], [-79.46419413093126, 43.658624047731344], [-79.4642591768301, 43.65874620342336], [-79.46427147838932, 43.65876930483083], [-79.46436822796248, 43.658841945625674], [-79.46498741158639, 43.65931294732834], [-79.46502490095146, 43.65935106077668], [-79.46517083052376, 43.659499389681955], [-79.46511353731246, 43.65954620642776], [-79.46506241522818, 43.659598605890544], [-79.4650139525224, 43.65966597545004], [-79.46497013278142, 43.65974857585706], [-79.46494401172535, 43.659790900470455], [-79.46489287970438, 43.65983846520745], [-79.46482399856399, 43.659869894876635], [-79.46474401832486, 43.65988196810092], [-79.46464958955666, 43.659877906317696], [-79.46450446245639, 43.659868617822845], [-79.46436065322892, 43.65987633227334], [-79.4642291372791, 43.65989842650452], [-79.46341368664363, 43.660067263067475], [-79.46381326463558, 43.66100706647272], [-79.4639845028935, 43.66140980827807], [-79.46340989286738, 43.66154507772207], [-79.46291972796578, 43.661660472338724], [-79.46235942872117, 43.66176044941369], [-79.46168753364024, 43.66188897298625], [-79.46103171955242, 43.66204644023622], [-79.4604659232996, 43.66218231446535], [-79.45999731327113, 43.66106331636583]]]}, "properties": {"StationName": "Keele", "MTSA_Type": "Protected Major Transit Station Area", "SASP_No": 653}}, {"type": "Feature", "geometry": {"type": "Polygon", "coordinates": [[[-79.47130772025467, 43.65568512826858], [-79.47146174505495, 43.6560473684661], [-79.4714924940314, 43.65616262636574], [-79.47153540836382, 43.656271578208866], [-79.47157634461585, 43.65639532603007], [-79.47159922152603, 43.6565075664701], [-79.47161420125249, 43.65661677957494], [-79.47159271212605, 43.656713804736434], [-79.4715684403084, 43.65681982969125], [-79.47143535907739, 43.6573729742862], [-79.47141395536399, 43.65745081025882], [-79.47139266236566, 43.657509465191836], [-79.47134730335476, 43.65758908552924], [-79.47129058178518, 43.6576808269665], [-79.4712368681441, 43.65775632252262], [-79.47116274770379, 43.657830416790944], [-79.47109699387278, 43.65790860065691], [-79.47104269217314, 43.65797107095963], [-79.47101619787175, 43.65803687970383], [-79.47100893490452, 43.658124729620894], [-79.47099737289376, 43.658159651177854], [-79.4710259405271, 43.658296954808506], [-79.47094549108002, 43.65846107561396], [-79.47046806173843, 43.6586494477477], [-79.47042949354407, 43.658671254442375], [-79.47031832831159, 43.65873567647246], [-79.470233540518, 43.658784606675155], [-79.47016625980801, 43.65883200304765], [-79.47008740294962, 43.658898774539615], [-79.47003507895948, 43.65896199018517], [-79.46997196472606, 43.65903479665126], [-79.46991731356576, 43.65909254778778], [-79.46961227628465, 43.65948737777294], [-79.4693910950136, 43.659809246159504], [-79.46933657070069, 43.65991006057703], [-79.46930948595042, 43.65997838013162], [-79.46928484842064, 43.66006411801864], [-79.46927063047097, 43.66013555549816], [-79.46925314440352, 43.66019932381541], [-79.46924216646745, 43.66026285084315], [-79.46820621101237, 43.66049477435404], [-79.46729201649015, 43.6607021180846], [-79.46659088187381, 43.66086114802223], [-79.46618932630963, 43.65989667731518], [-79.46596023400093, 43.659346431064215], [-79.46521621527913, 43.65949059924413], [-79.46517083052376, 43.659499389681955], [-79.46502490095146, 43.65935106077668], [-79.46498741158639, 43.65931294732834], [-79.46436822796248, 43.658841945625674], [-79.46427147838932, 43.65876930483083], [-79.4642591768301, 43.65874620342336], [-79.46419413093126, 43.658624047731344], [-79.46390142124382, 43.65783048503432], [-79.46359726882591, 43.65789831486923], [-79.46245697637785, 43.65815258186343], [-79.46204376064564, 43.65823872642273], [-79.4619120258156, 43.65826619445147], [-79.46175414821072, 43.658299113827226], [-79.46173541700028, 43.65830295295217], [-79.46169043654275, 43.65831217061146], [-79.46166747474452, 43.658312585079216], [-79.4616371466838, 43.658317631885645], [-79.46158655836743, 43.658309517248064], [-79.46157536762423, 43.65830772221066], [-79.46145135776376, 43.65830613672155], [-79.46145244976594, 43.658308516156865], [-79.46145145666918, 43.658308513121575], [-79.46145060881605, 43.658306284091765], [-79.46085306004206, 43.65842412883538], [-79.46084986834526, 43.65842472093385], [-79.46073258399032, 43.65844837236125], [-79.46026966266773, 43.65853843152554], [-79.45967023900657, 43.6571011641733], [-79.45934280102892, 43.65631607285013], [-79.45934244329361, 43.656315240094145], [-79.45915394089414, 43.65587575822679], [-79.45877070004919, 43.65499264246664], [-79.45861500535277, 43.65501974611333], [-79.45861464146424, 43.65501887284637], [-79.45839514063493, 43.654492089175776], [-79.45811738276898, 43.653825530734984], [-79.45811622064777, 43.65382267236601], [-79.45784392863915, 43.65315260284006], [-79.45766857118032, 43.65272817436376], [-79.45767538931452, 43.652726785272264], [-79.45830761125072, 43.6525920686458], [-79.45831131852489, 43.65259126887343], [-79.45836677685332, 43.652583972748424], [-79.45837350784004, 43.65258306965901], [-79.45903449790399, 43.65243898722519], [-79.45902586336516, 43.65241894161757], [-79.45902724955715, 43.65241864056757], [-79.46072504699231, 43.65208928662337], [-79.46948008629172, 43.65039057317617], [-79.46971752678093, 43.65034450323883], [-79.46980786213106, 43.65032697530042], [-79.46981506554988, 43.65032003262143], [-79.46993457161638, 43.650204846173914], [-79.47003493464757, 43.65011425901469], [-79.4701212181168, 43.65007473303999], [-79.47020687702337, 43.65004455929373], [-79.47030232509886, 43.6500250276838], [-79.47042834464085, 43.650019737823555], [-79.4706828029265, 43.65000770818081], [-79.47063943722866, 43.650046213150034], [-79.47062045662226, 43.65007982760956], [-79.47061951102879, 43.65011743522352], [-79.47060793706339, 43.65016431154886], [-79.47060152033993, 43.650213141603054], [-79.47058981962239, 43.650265661771975], [-79.47058058303801, 43.65032385345635], [-79.47057929627942, 43.650374630030875], [-79.47057799835727, 43.650425415603465], [-79.47056903997492, 43.650472318699535], [-79.47056818295242, 43.65050617274898], [-79.47056981580204, 43.65054381792931], [-79.47057136004047, 43.650585224772044], [-79.4705705916314, 43.650615316258], [-79.4705723254962, 43.65064919797779], [-79.47057649872897, 43.65068876921063], [-79.47058585498586, 43.650728405686756], [-79.47059511149482, 43.65077178581877], [-79.4706042893133, 43.65081894741792], [-79.47061843700484, 43.650873697574006], [-79.47064032105843, 43.65095228632377], [-79.4707629004188, 43.65128078513648], [-79.47079163720173, 43.651368205977384], [-79.4708093767551, 43.651430213050624], [-79.47081505346812, 43.65151170507162], [-79.47080145456472, 43.651590147896094], [-79.47076409248037, 43.651690736186666], [-79.47071072747339, 43.65181355382011], [-79.47071709955173, 43.65186698775771], [-79.47083591756652, 43.6519390887336], [-79.47088048973161, 43.65198473898894], [-79.47096284429165, 43.65206608127479], [-79.47101456370498, 43.65212418312662], [-79.47103857565733, 43.65214941293177], [-79.47114124031694, 43.652257314355964], [-79.47125494699995, 43.65223341818753], [-79.47175119766476, 43.65212910856857], [-79.47175224032297, 43.65213159681282], [-79.47179445509944, 43.652230910665544], [-79.47179606191374, 43.652230558207194], [-79.4718113262887, 43.65226508683605], [-79.47184310205681, 43.65234778241276], [-79.47186930024367, 43.652401789151], [-79.4718970046914, 43.65243989888372], [-79.47193338899798, 43.65247127049399], [-79.4719769678459, 43.65249623396081], [-79.47205179917171, 43.65252497034069], [-79.47213264971953, 43.65253679451211], [-79.47243471324946, 43.6525920517194], [-79.47280649518667, 43.65266006531251], [-79.47316514516179, 43.652712644417804], [-79.47323987086494, 43.65276057097395], [-79.47334567370606, 43.652850640273186], [-79.47398597035459, 43.65350114951077], [-79.47400868606329, 43.653523605960906], [-79.47406059571252, 43.6535526949625], [-79.47412778091886, 43.653571167551185], [-79.47420759547644, 43.65356885872629], [-79.4747739485651, 43.65343477788589], [-79.47507827623414, 43.654183327818494], [-79.47512582697881, 43.65427206672938], [-79.47514888464723, 43.65431480226765], [-79.47520082115182, 43.6543750166776], [-79.47541900617462, 43.654587216779404], [-79.47546842066622, 43.654628248550445], [-79.47551078229185, 43.65466928689038], [-79.47553195888521, 43.654701778358366], [-79.47552959349387, 43.654729132190035], [-79.47551075167063, 43.65475989402157], [-79.4754754356244, 43.654785519721585], [-79.47486073116649, 43.655216192016006], [-79.47483717918816, 43.655243531268184], [-79.47481126968418, 43.65527258926215], [-79.47478064582258, 43.655315309425546], [-79.47474763996662, 43.65539736514397], [-79.4747075601953, 43.65552897915822], [-79.47461570345618, 43.65560247587674], [-79.47446258082192, 43.65580758351917], [-79.47438481318434, 43.655983638762066], [-79.47424795970636, 43.65591595084712], [-79.47408385964216, 43.655834785109285], [-79.47394191011617, 43.65575281766133], [-79.4734333409235, 43.655444019425616], [-79.47335597541199, 43.655417056648616], [-79.4733084700092, 43.6554061340772], [-79.47319991523726, 43.65540290868363], [-79.47312436065172, 43.655340985661766], [-79.47305168246719, 43.655248567445675], [-79.47303356888511, 43.655119870246544], [-79.47302904922387, 43.65504396942611], [-79.4729881916007, 43.65496146110176], [-79.47292457079334, 43.65491524819532], [-79.47282914769227, 43.65490533842312], [-79.4727155146003, 43.65491849299958], [-79.47261543494768, 43.65495783666654], [-79.47182915907855, 43.65515917961813], [-79.47175189019849, 43.6551690593833], [-79.47165645447959, 43.65518553261499], [-79.47152009144607, 43.65520529638894], [-79.47135191360576, 43.655225043030185], [-79.471126437137, 43.655258778434046], [-79.47130772025467, 43.65568512826858]]]}, "properties": {"StationName": "High Park", "MTSA_Type": "Protected Major Transit Station Area", "SASP_No": 652}}, {"type": "Feature", "geometry": {"type": "Polygon", "coordinates": [[[-79.46999216981318, 43.652525388886815], [-79.46973762184413, 43.65205513463924], [-79.46969468990058, 43.651924601182], [-79.46959718364211, 43.65166803181413], [-79.46948728883169, 43.65141146714676], [-79.46946911458835, 43.651343949995244], [-79.46944487316586, 43.65125488096674], [-79.46944322116848, 43.65123189995082], [-79.46943965620628, 43.65118230848438], [-79.4694713370761, 43.65094553151298], [-79.46952930800516, 43.65072211241135], [-79.4695661802592, 43.65062473607678], [-79.4696401409822, 43.6505143904642], [-79.46972584161587, 43.650407802395804], [-79.46980786213106, 43.65032697530042], [-79.46981506554988, 43.65032003262143], [-79.46993457161638, 43.650204846173914], [-79.47003493464757, 43.65011425901469], [-79.4701212181168, 43.65007473303999], [-79.47020687702337, 43.65004455929373], [-79.47030232509886, 43.6500250276838], [-79.47042834464085, 43.650019737823555], [-79.4706828029265, 43.65000770818081], [-79.47070387123958, 43.64999155606539], [-79.47071601218761, 43.64997922815551], [-79.47072715053882, 43.64996375759809], [-79.47073728466323, 43.649945946417944], [-79.47074535134189, 43.64992496621423], [-79.47075240054264, 43.649900852361455], [-79.47075947576558, 43.64987674841635], [-79.47076673948011, 43.64984483130173], [-79.4707774536047, 43.6498042638208], [-79.47083871378078, 43.64951378260031], [-79.47093055976363, 43.649154727422186], [-79.47106133225624, 43.648737182784025], [-79.47106243673389, 43.6487346626705], [-79.47110311077938, 43.648642795627744], [-79.47113365099176, 43.64857379047761], [-79.47115373652518, 43.648485895934144], [-79.47117261914724, 43.648396290815555], [-79.47119772321146, 43.64820062190727], [-79.47121726772801, 43.64798880306619], [-79.47120349049739, 43.64774269577207], [-79.47117307547042, 43.64744211496321], [-79.47115057852075, 43.64712238293606], [-79.47112892886193, 43.646814724687836], [-79.47114578338994, 43.6464395133789], [-79.47115414426169, 43.64635681145496], [-79.47117362011085, 43.646308389693786], [-79.47120420279325, 43.64626200684566], [-79.47124867018675, 43.64621763569601], [-79.47130146552689, 43.646177308251964], [-79.47135148860069, 43.6461510951966], [-79.47142093850422, 43.64612689519173], [-79.47152373818935, 43.64612288821455], [-79.47162096020406, 43.64613905101592], [-79.47166817984609, 43.64614309895983], [-79.47177373026952, 43.64616532164267], [-79.47193760994634, 43.64623597263452], [-79.47203760640662, 43.64626019112226], [-79.47212371165074, 43.646272314544596], [-79.47230558632052, 43.646260747834376], [-79.4725431807567, 43.64621451450673], [-79.47314965778708, 43.64608334872214], [-79.47410579302247, 43.645864179771664], [-79.4743247589464, 43.64581465930363], [-79.4751126923796, 43.64563646884095], [-79.47600136937396, 43.645456875513275], [-79.47654628210503, 43.64679181192709], [-79.47718794933772, 43.64836372856168], [-79.4782928900777, 43.64811558865527], [-79.47851130150903, 43.64806653625687], [-79.47952862950943, 43.64785854206312], [-79.47954451464145, 43.647914669569424], [-79.47985328833006, 43.64866229196907], [-79.48004069579738, 43.64863327191145], [-79.48124031015766, 43.648370725872326], [-79.48151733861965, 43.649140125500736], [-79.48183226712827, 43.6499035201473], [-79.48172167351709, 43.64993428551276], [-79.48185278385911, 43.65025591118902], [-79.48186250923489, 43.650279767346916], [-79.4818884250207, 43.650343358256634], [-79.48247762420152, 43.651788690628024], [-79.48289416498369, 43.652871356400276], [-79.48318639937779, 43.65356592324252], [-79.48276522988795, 43.65366507031046], [-79.48184895518452, 43.65386794148263], [-79.48167361578038, 43.65389763611691], [-79.48053764393525, 43.65414610651486], [-79.48113044412254, 43.655604311168894], [-79.48170084332384, 43.65691711652435], [-79.48115611844703, 43.65703168324661], [-79.48028896433358, 43.65722931557195], [-79.47942813173223, 43.657400141710596], [-79.47894854393525, 43.657496696024964], [-79.47866262557807, 43.65683926334912], [-79.47838006331166, 43.656907583925495], [-79.47833295119909, 43.65693491943153], [-79.47827171160584, 43.656982783506386], [-79.47817515073727, 43.65706993638194], [-79.47805974650377, 43.657141729186954], [-79.47792317987916, 43.657203237301275], [-79.47776775436603, 43.657261329158466], [-79.47759820659115, 43.65731770777289], [-79.47750594650383, 43.65734462631672], [-79.47745174765875, 43.65735676481563], [-79.47605035494755, 43.65765638002068], [-79.47522543619188, 43.65783401227121], [-79.47514353881445, 43.65763320679126], [-79.47507425106556, 43.65761759949665], [-79.47498227718346, 43.65762622524022], [-79.47488627177569, 43.65763695724955], [-79.4747777259039, 43.65766486736496], [-79.47470730720033, 43.65768543438428], [-79.47463643726435, 43.65772047459472], [-79.47377290316156, 43.65849053581246], [-79.47355485155822, 43.65823502796275], [-79.47337312543435, 43.658073292024866], [-79.47315310018209, 43.65791928710018], [-79.47299599476756, 43.65783562358604], [-79.47279604013424, 43.657753082940694], [-79.4735175872818, 43.6571352457228], [-79.4740648052461, 43.656645005098405], [-79.47412788524261, 43.65655662392655], [-79.47416238429618, 43.65650577836686], [-79.47431242693732, 43.6561248804709], [-79.47438481318434, 43.655983638762066], [-79.47408385964216, 43.655834785109285], [-79.47394191011617, 43.65575281766133], [-79.4734333409235, 43.655444019425616], [-79.47335597541199, 43.655417056648616], [-79.4733084700092, 43.6554061340772], [-79.47319991523726, 43.65540290868363], [-79.47312436065172, 43.655340985661766], [-79.47305168246719, 43.655248567445675], [-79.47303356888511, 43.655119870246544], [-79.47302904922387, 43.65504396942611], [-79.4729881916007, 43.65496146110176], [-79.47292457079334, 43.65491524819532], [-79.47282914769227, 43.65490533842312], [-79.4727155146003, 43.65491849299958], [-79.47261543494768, 43.65495783666654], [-79.47182915907855, 43.65515917961813], [-79.47175189019849, 43.6551690593833], [-79.47165645447959, 43.65518553261499], [-79.47152009144607, 43.65520529638894], [-79.47135191360576, 43.655225043030185], [-79.471126437137, 43.655258778434046], [-79.47085837232856, 43.654574251594454], [-79.47056710907053, 43.65391858555003], [-79.4703868060493, 43.653489539644795], [-79.47036939383334, 43.653447255573326], [-79.47022110742141, 43.65308716746794], [-79.46999216981318, 43.652525388886815]]]}, "properties": {"StationName": "Runnymede", "MTSA_Type": "Protected Major Transit Station Area", "SASP_No": 651}}, {"type": "Feature", "geometry": {"type": "Polygon", "coordinates": [[[-79.48956175724621, 43.649838188319904], [-79.48934516011673, 43.650157335551185], [-79.48943908884063, 43.65038376912475], [-79.48954875369392, 43.65082979052729], [-79.488986199561, 43.65094200678156], [-79.48842660815403, 43.6510567247548], [-79.48814040717707, 43.651112511304646], [-79.4881130030858, 43.65114304120811], [-79.48811734142792, 43.651196004997914], [-79.48813486965147, 43.65125681127644], [-79.48902939546585, 43.653437217532556], [-79.48814926887036, 43.65361926393695], [-79.48729100929692, 43.65380241406426], [-79.48689500560717, 43.65389438702315], [-79.48637500714655, 43.65400943067706], [-79.48665675871686, 43.654700676546625], [-79.48694441877598, 43.65539417266123], [-79.48707308037788, 43.655740149532136], [-79.48652648335943, 43.655870729030944], [-79.48602525113202, 43.65599048099238], [-79.48545959910355, 43.65610063519465], [-79.48496232346018, 43.656197480751494], [-79.48382705356164, 43.65342839152368], [-79.48318639937779, 43.65356592324252], [-79.48276522988795, 43.65366507031046], [-79.48184895518452, 43.65386794148263], [-79.48155346261484, 43.65314669059182], [-79.48061140011357, 43.650834528984845], [-79.48055116639699, 43.65068667704497], [-79.48053823204845, 43.65065492600224], [-79.48052667389123, 43.65062655071771], [-79.48047729265159, 43.65050531772527], [-79.48046207767496, 43.65043448219879], [-79.48045655722579, 43.6503243383067], [-79.48043106713425, 43.650206638819405], [-79.48038614053927, 43.650073884746654], [-79.4801552790653, 43.649428311127025], [-79.47985328833006, 43.64866229196907], [-79.47954451464145, 43.647914669569424], [-79.47952862950943, 43.64785854206312], [-79.47926024081944, 43.647162560783684], [-79.47894894783674, 43.646416728301936], [-79.47993142406311, 43.64620214491049], [-79.48034006799413, 43.64616544606687], [-79.48037554933363, 43.64612424371689], [-79.48048906498086, 43.646088196305136], [-79.48059609058095, 43.64606604585336], [-79.48067673846175, 43.646042530732835], [-79.48132616240741, 43.64589001978241], [-79.48114432221307, 43.645578550190734], [-79.48110203385686, 43.64548985952485], [-79.48105320784016, 43.6453825798483], [-79.48103906017832, 43.6452898701866], [-79.481046167492, 43.64524351320597], [-79.4810639213788, 43.64520487219664], [-79.481113581337, 43.64516625536293], [-79.48117034108878, 43.64514050269162], [-79.4813063941557, 43.64508932500185], [-79.48142218771747, 43.64505040287915], [-79.4815463316601, 43.64502466995292], [-79.48165982776406, 43.64499893518397], [-79.48181945811002, 43.64495002271678], [-79.48198262445817, 43.644893380172576], [-79.48207130545521, 43.64485991156978], [-79.48214579001997, 43.64483417199289], [-79.48233731794592, 43.644738900214286], [-79.4820500115702, 43.64434271778032], [-79.48198072783671, 43.644230242350105], [-79.4819490974297, 43.64410183402832], [-79.48204301263982, 43.644003188848885], [-79.48211281329814, 43.6439437580704], [-79.48220420999317, 43.64384688563981], [-79.48229062352074, 43.64374996735557], [-79.48239246970283, 43.64365427557446], [-79.48247018804575, 43.643597824360604], [-79.48256088667705, 43.64354074497541], [-79.48265166162037, 43.6435064760083], [-79.48279280126663, 43.64350018194915], [-79.48292762373984, 43.64351335682737], [-79.4830786055996, 43.64354081017952], [-79.48322587503937, 43.64358232479363], [-79.48335656897707, 43.64363130797778], [-79.48348263744603, 43.64368854463868], [-79.48390062457202, 43.64386429382597], [-79.48519716532039, 43.64443585435338], [-79.48525838060509, 43.64432659503639], [-79.48537389869138, 43.644047548122856], [-79.48540400418874, 43.643920442137706], [-79.48566369480945, 43.64391667640438], [-79.48672008191164, 43.64393489864121], [-79.48714362458196, 43.64394221299809], [-79.48763040042732, 43.643950615515166], [-79.48779582785954, 43.64395068730397], [-79.48794609469498, 43.64395659107066], [-79.48808871638235, 43.644005222644125], [-79.48821096785332, 43.64407922691927], [-79.48829828508724, 43.644176478137446], [-79.4883855932367, 43.64432234500751], [-79.48803135320497, 43.64467445715971], [-79.48792714377599, 43.64479722003866], [-79.48781670863036, 43.64492750643533], [-79.48776838435492, 43.64499097201742], [-79.48773617290078, 43.64505443930808], [-79.48771315464731, 43.64514464176443], [-79.48769704256557, 43.64523150543521], [-79.48769011567643, 43.645311682044614], [-79.48769700562477, 43.645418585324634], [-79.48771308392763, 43.645503778191255], [-79.48776527796291, 43.64562655760822], [-79.4878031223989, 43.645721690341915], [-79.48797194747347, 43.645938730392444], [-79.48824313993804, 43.64630346956115], [-79.48836362663563, 43.64650976354998], [-79.4884421686999, 43.64669215353483], [-79.48848175117675, 43.64687997639082], [-79.4885118508298, 43.64706878842911], [-79.48864341510918, 43.64715358942456], [-79.48905800414042, 43.64735533607487], [-79.48919865338469, 43.647434435805636], [-79.48926426224922, 43.647500899367024], [-79.48936671792107, 43.64759845717925], [-79.48946744113366, 43.64768081136408], [-79.48957049599443, 43.64777222108578], [-79.48960908720883, 43.64778072912809], [-79.49030231782342, 43.64793357629402], [-79.49049192039304, 43.64798560324115], [-79.49080645266143, 43.64810264903667], [-79.49070292601515, 43.64829754718453], [-79.49065991049042, 43.64838265195949], [-79.49062667064074, 43.648490746205844], [-79.49059385564355, 43.6485843581161], [-79.49057872260265, 43.64863805924777], [-79.49054552507133, 43.6486958176175], [-79.49046730569889, 43.64877558696535], [-79.49002471376626, 43.64919676088482], [-79.4898120879163, 43.64949588306216], [-79.48956175724621, 43.649838188319904]]]}, "properties": {"StationName": "Jane", "MTSA_Type": "Protected Major Transit Station Area", "SASP_No": 650}}, {"type": "Feature", "geometry": {"type": "Polygon", "coordinates": [[[-79.51658368130003, 43.64567028106621], [-79.51643554176742, 43.64552743389689], [-79.51616199468505, 43.64530243856548], [-79.51592991021083, 43.64507293609539], [-79.51571292199431, 43.644807424529745], [-79.515503315573, 43.64460806920673], [-79.51546688398625, 43.644573418710834], [-79.51542187354346, 43.64453377087735], [-79.51533377702644, 43.64445615366148], [-79.51521660960495, 43.644352921334175], [-79.5150019233743, 43.64410990710666], [-79.5148473109665, 43.64390080739926], [-79.5147707035754, 43.643725177274625], [-79.51476397663752, 43.643664264688226], [-79.5147598373735, 43.64362678784341], [-79.51474628292839, 43.64350403913427], [-79.51477757553481, 43.643356195895315], [-79.51477957526545, 43.64334262330688], [-79.51479842168143, 43.64321466308694], [-79.51480315204041, 43.64320610123079], [-79.51487994027399, 43.6430671202478], [-79.51490124829144, 43.64302537791992], [-79.51490471641232, 43.64299017654163], [-79.51493227825485, 43.642710453124245], [-79.5149370744231, 43.64266757426386], [-79.51496874528812, 43.64238442884734], [-79.51493846085009, 43.64226505695383], [-79.51490964800213, 43.642151481768806], [-79.51495171350989, 43.642140081384134], [-79.51518098689027, 43.642099741932796], [-79.51527098722433, 43.642083908159194], [-79.51575212035424, 43.641947585760256], [-79.51634013834084, 43.64177962863498], [-79.51660150951044, 43.641685136427185], [-79.5167342268513, 43.64182744565168], [-79.51806682429054, 43.641509711590075], [-79.5181290467347, 43.641491238936105], [-79.51816102116139, 43.641481746368996], [-79.51827759096912, 43.64144713805115], [-79.51943569191295, 43.64119562839385], [-79.52057028144516, 43.64094709069523], [-79.52168836622128, 43.64067951946324], [-79.52164476424596, 43.640540816792964], [-79.52429442665448, 43.63994589290094], [-79.52443994973962, 43.64026630425033], [-79.52446524180576, 43.640336060725126], [-79.52449263647361, 43.640422123710366], [-79.5244998264713, 43.64047681928092], [-79.52450720660173, 43.640566244976846], [-79.52453430057524, 43.640643980802395], [-79.524560851522, 43.640724238033954], [-79.52467446150226, 43.640959636616174], [-79.5253998996622, 43.64079618303846], [-79.5265032232447, 43.6405403328388], [-79.52762780725166, 43.64029158606411], [-79.5280764905802, 43.64019859472131], [-79.52819446679699, 43.64018597900321], [-79.52821504025955, 43.640182939549426], [-79.5284599894066, 43.64012821412142], [-79.52852309317909, 43.640111795110556], [-79.52869599724546, 43.640066765453675], [-79.5294610273526, 43.6398798427429], [-79.52950218428337, 43.63987210711189], [-79.52953629482154, 43.63987420373549], [-79.52956803839064, 43.63987957747728], [-79.52959511413788, 43.639889841088944], [-79.52962206715151, 43.63990507350868], [-79.52963970355526, 43.63992845552135], [-79.52965028119526, 43.639961650907765], [-79.52965634642818, 43.63999315519715], [-79.52966236289595, 43.64002629865686], [-79.52967063599384, 43.64006112389538], [-79.52968592036231, 43.640087783026765], [-79.52970352170736, 43.64011280329596], [-79.52979283619136, 43.64018506233757], [-79.52987203414607, 43.640229129712736], [-79.52995008384926, 43.64016462673655], [-79.5302116157275, 43.64094954358604], [-79.5268075628275, 43.643917339587894], [-79.52681951687069, 43.64391464086122], [-79.5271846730256, 43.64383220699501], [-79.5278352695262, 43.64368534541989], [-79.5289686583228, 43.64344049546034], [-79.52959829880783, 43.643304460549906], [-79.53042386054572, 43.6431180279928], [-79.53077928807933, 43.643038268543144], [-79.53119648273089, 43.64393995744546], [-79.53076119698194, 43.64465525551337], [-79.53129422659318, 43.64491349902084], [-79.53151086979787, 43.645029598204204], [-79.5316723939949, 43.645116157930595], [-79.53191598678195, 43.6452466970347], [-79.53246541225325, 43.645541647223034], [-79.53238450507803, 43.64563202901553], [-79.53186214416426, 43.64621045418462], [-79.53175575002349, 43.646325375059355], [-79.5316271766104, 43.646243605908374], [-79.53155826746762, 43.64630298293642], [-79.53146653666793, 43.64638202258054], [-79.53131029985032, 43.646548366484744], [-79.53131446620965, 43.6465509937545], [-79.53119417148372, 43.646683680383646], [-79.5312318918155, 43.64670717275876], [-79.53109122303222, 43.64677795316267], [-79.53103784659392, 43.64680232547489], [-79.53094539356695, 43.646841592173296], [-79.53088807418463, 43.64686413369627], [-79.53079358365852, 43.64696762135921], [-79.530868287868, 43.64701419699375], [-79.53074916322646, 43.64705323669435], [-79.53067893847592, 43.64707394079455], [-79.53051112300481, 43.646991787562264], [-79.53045927746712, 43.6470513537949], [-79.53040923934617, 43.64710884379827], [-79.53088389070965, 43.64733377151417], [-79.53080311232951, 43.647421127651896], [-79.53077165830479, 43.647405729316326], [-79.53066390829518, 43.64752451021886], [-79.53060353145975, 43.64754980954717], [-79.5305415480048, 43.64757502285927], [-79.5304993665108, 43.6476038503215], [-79.53043477884349, 43.64767138437926], [-79.53049747415326, 43.64770287529077], [-79.53059454152407, 43.64760042865891], [-79.53137818707398, 43.64796820180375], [-79.5306208073213, 43.64874700798099], [-79.5304712793657, 43.64867503040254], [-79.53012625492008, 43.64903070880553], [-79.53059703762825, 43.64926014025738], [-79.53072897726352, 43.649325910524865], [-79.53086285781286, 43.64938798954009], [-79.53100306232707, 43.649419279184535], [-79.531039604398, 43.64942157182716], [-79.53099368383494, 43.64948800563834], [-79.53082576342368, 43.64973093588944], [-79.53055037521891, 43.64982760386623], [-79.52987011213226, 43.6500664108093], [-79.52882272787635, 43.650433385087965], [-79.52838279169917, 43.65060163503742], [-79.52830927676148, 43.650622068443994], [-79.52822092994289, 43.650630911661224], [-79.52817631464995, 43.6506314987563], [-79.52797030827129, 43.65063422276292], [-79.52761865517708, 43.65064051922993], [-79.52758540995147, 43.65062455967186], [-79.5272357687302, 43.651006427119576], [-79.52706773212113, 43.65093714994617], [-79.52696617475486, 43.65089344424372], [-79.52684509192848, 43.650836804424266], [-79.52675802633338, 43.65093485369045], [-79.52658609363053, 43.651128486024014], [-79.52643002310606, 43.65129179501063], [-79.52643030205203, 43.6512918363526], [-79.52666910956712, 43.65132694845917], [-79.52692790649306, 43.65137432516789], [-79.52722039276571, 43.65137633071891], [-79.52706186850912, 43.65199743070698], [-79.52681188797757, 43.65205037553011], [-79.52668331636202, 43.65207751422596], [-79.52668070084923, 43.65207806662216], [-79.52636196012382, 43.65136349247496], [-79.52621045275565, 43.65152931869433], [-79.52610026852122, 43.65164985554141], [-79.52542864978005, 43.6523846146716], [-79.52455398573755, 43.65192534119718], [-79.52451719000841, 43.65190601859031], [-79.524602829429, 43.65179430272969], [-79.52495931255234, 43.65142721589118], [-79.52496451823622, 43.651421855321054], [-79.5247979219784, 43.65133661411944], [-79.52464194749659, 43.65125680092926], [-79.5246661097931, 43.65123188884428], [-79.52464914992822, 43.65122321155222], [-79.52465435561915, 43.6512178437949], [-79.52448153465618, 43.651129415175475], [-79.52430858524876, 43.6510409233109], [-79.52414182977721, 43.65095558936697], [-79.52397505866603, 43.65087026508331], [-79.52380828678339, 43.65078493065372], [-79.52364152157055, 43.650699594177844], [-79.52347472831202, 43.650614243060936], [-79.52330795908254, 43.650528899795724], [-79.52293973869709, 43.65090831221684], [-79.52290243547496, 43.65094674847575], [-79.52281738298366, 43.65105527466601], [-79.52278000847433, 43.65103674373576], [-79.52232358453162, 43.650810435950966], [-79.52140320036996, 43.65033127476587], [-79.52063501777404, 43.64992844935439], [-79.52028292737245, 43.649748827274955], [-79.51993422262562, 43.64957092278303], [-79.51960668410823, 43.649403816177205], [-79.51883231871172, 43.64902149834563], [-79.5180064112851, 43.64859078642292], [-79.51704919889426, 43.64810519309031], [-79.51703586245736, 43.64809842782223], [-79.51712626050848, 43.64799100774843], [-79.51740633543567, 43.64770204733475], [-79.51738901805902, 43.64769314577975], [-79.51739429224881, 43.64768770452772], [-79.51724059579607, 43.647608676565135], [-79.51720926517972, 43.64759257867103], [-79.51700885300879, 43.64748953356611], [-79.5167467527456, 43.64735476630457], [-79.51669292296123, 43.647327084051746], [-79.51662343117806, 43.64729136129545], [-79.51661814703928, 43.647296812415256], [-79.51661809000963, 43.647296782718904], [-79.51650010716384, 43.64723618433857], [-79.51648475757172, 43.64722830132103], [-79.51648480838482, 43.64722826350778], [-79.51646395301907, 43.64721769346129], [-79.51603983234105, 43.64700143465317], [-79.516018897776, 43.64699078172323], [-79.51600142833149, 43.64698185207385], [-79.51586444133633, 43.646911828519116], [-79.51566347227507, 43.64680909166901], [-79.51565943846833, 43.64679881531514], [-79.51565133669267, 43.646794673076954], [-79.51564285479131, 43.64677306636006], [-79.51527898937464, 43.646852406266504], [-79.51511624827346, 43.64697377046809], [-79.51503634364262, 43.647080573695945], [-79.51493580369846, 43.647034326846644], [-79.51478255552195, 43.646963833345936], [-79.51470177170167, 43.64692430778443], [-79.51463507910755, 43.64686730953155], [-79.51457683657893, 43.64678333294486], [-79.51453501330481, 43.64667179283171], [-79.51421865412328, 43.64671940235532], [-79.51419803435375, 43.6467225050028], [-79.5141974468111, 43.64672259328958], [-79.51419742816134, 43.64672235565474], [-79.5141972037835, 43.64672230077401], [-79.51419670578431, 43.64671310769864], [-79.51419569619426, 43.646700169201196], [-79.51416743283059, 43.64633798937204], [-79.51416801930371, 43.64629644780198], [-79.51416930840676, 43.646206555981415], [-79.51416962305774, 43.646184606908946], [-79.51428122054571, 43.64615785163862], [-79.51544012750311, 43.64591014065273], [-79.51555833246904, 43.64588498459234], [-79.51567926919161, 43.64585924564382], [-79.51657777883725, 43.64567151511533], [-79.51658368130003, 43.64567028106621]]]}, "properties": {"StationName": "Islington", "MTSA_Type": "Protected Major Transit Station Area", "SASP_No": 627}}, {"type": "Feature", "geometry": {"type": "Polygon", "coordinates": [[[-79.54114320565283, 43.641175231474215], [-79.54114223774889, 43.6411754118509], [-79.54171446419356, 43.642531196511776], [-79.5417343449012, 43.642578302655025], [-79.54174275258828, 43.6425982233143], [-79.54066393419008, 43.642827100433074], [-79.54037987748686, 43.64288736566874], [-79.53897517449373, 43.64314986814848], [-79.53758352668197, 43.64343094508232], [-79.53815134799717, 43.64472099048952], [-79.53674981919227, 43.64505273483202], [-79.53541569417592, 43.64534804301206], [-79.53443432709453, 43.64558697558891], [-79.53427695569837, 43.645627812768545], [-79.53415245601472, 43.64566854089994], [-79.53404061355928, 43.645731581419746], [-79.53392839147473, 43.64580547764095], [-79.53384889263833, 43.6458553915152], [-79.53349426169217, 43.646175541943144], [-79.53253155579638, 43.64557715428042], [-79.53191598678195, 43.6452466970347], [-79.53151086979787, 43.645029598204204], [-79.53129422659318, 43.64491349902084], [-79.53076119698194, 43.64465525551337], [-79.53119648273089, 43.64393995744546], [-79.53099430921166, 43.64350299929], [-79.53077928807933, 43.643038268543144], [-79.53066428587658, 43.64306407589539], [-79.53042386054572, 43.6431180279928], [-79.52990971561489, 43.64323413607153], [-79.52959829880783, 43.643304460549906], [-79.5289686583228, 43.64344049546034], [-79.5278352695262, 43.64368534541989], [-79.5271846730256, 43.64383220699501], [-79.52681951687069, 43.64391464086122], [-79.5268075628275, 43.643917339587894], [-79.52699698290847, 43.64375222172144], [-79.5288153038689, 43.64216701245035], [-79.5302116157275, 43.64094954358604], [-79.53015026549882, 43.64076542500748], [-79.52995008384926, 43.64016462673655], [-79.52992524430175, 43.64018516727529], [-79.52987203414607, 43.640229129712736], [-79.52979283619136, 43.64018506233757], [-79.52970352170736, 43.64011280329596], [-79.52968592036231, 43.640087783026765], [-79.52967063599384, 43.64006112389538], [-79.52966236289595, 43.64002629865686], [-79.52956803839064, 43.63987957747728], [-79.52944414572858, 43.63864805601126], [-79.52943352033351, 43.63863058249059], [-79.52911568593979, 43.63793952401099], [-79.52892995666231, 43.63763310517239], [-79.5288569875101, 43.63756148760135], [-79.52881967508758, 43.63752439315365], [-79.52879624472901, 43.63748895145912], [-79.52832227075686, 43.63650595879828], [-79.52780578953174, 43.63537955104367], [-79.52861924771136, 43.63519832892801], [-79.52900603171857, 43.63513027428166], [-79.5295655590322, 43.63506824254179], [-79.52975115971319, 43.63505816590185], [-79.5318592382555, 43.63458933195807], [-79.5322838857883, 43.63449488777729], [-79.53269873884129, 43.635451952679865], [-79.53276557179039, 43.63565188399437], [-79.53278349050208, 43.63564746815904], [-79.53529982397721, 43.63502718225551], [-79.53708189875265, 43.63463372654635], [-79.53832198942646, 43.63433593743956], [-79.53929740109979, 43.63411943163111], [-79.53968341104972, 43.63406028133023], [-79.53994987323233, 43.633835590308195], [-79.54360798100333, 43.63064884175786], [-79.54373228324498, 43.630930877559614], [-79.54379473489763, 43.6310354682948], [-79.54385681263352, 43.63111977891156], [-79.54396660290378, 43.63123892469658], [-79.54410012962613, 43.631363552092616], [-79.54421977483318, 43.631502055005605], [-79.54428499576736, 43.631582069584304], [-79.5443681482489, 43.631692807151666], [-79.5444846842351, 43.63186673071546], [-79.54457573215669, 43.632011616480604], [-79.54466454981164, 43.63212137405954], [-79.54480448328368, 43.632290979155826], [-79.54523590163285, 43.63269865503222], [-79.54536039809136, 43.63287384642412], [-79.54537554412869, 43.632892689405665], [-79.54537953841542, 43.632897656608954], [-79.54542321365035, 43.63298129044246], [-79.54555600404798, 43.633286902714225], [-79.54603515887769, 43.63446821562691], [-79.54388284993163, 43.63493373910543], [-79.54376024860282, 43.63496711388093], [-79.54365371798183, 43.63499571973476], [-79.54356691069896, 43.635031888173266], [-79.5435094716618, 43.63506746748031], [-79.54342173197662, 43.63513258564743], [-79.54330505335028, 43.6352460730698], [-79.54287965658548, 43.635622535294445], [-79.54279213066884, 43.635711551674106], [-79.54299176693324, 43.63618660164326], [-79.54310103337787, 43.63643280614344], [-79.54311759123419, 43.63650015845054], [-79.54359673603965, 43.63765714737908], [-79.5437462286664, 43.63801768180175], [-79.54153344527246, 43.638531358588985], [-79.54165095153031, 43.63883584107146], [-79.54176913194439, 43.639142052343104], [-79.54183817130217, 43.639289474840886], [-79.54187062288487, 43.639381599682345], [-79.54192288227297, 43.639477685976296], [-79.54197627984148, 43.639568731932634], [-79.54205528849923, 43.639685197450234], [-79.54224281620068, 43.63991389754877], [-79.54236469642572, 43.64007705715205], [-79.54247775613129, 43.64021030908861], [-79.54219042020279, 43.64026328982081], [-79.5424646624927, 43.64088246415561], [-79.54129298665323, 43.64114204145696], [-79.54114320565283, 43.641175231474215]]]}, "properties": {"StationName": "Kipling", "MTSA_Type": "Protected Major Transit Station Area", "SASP_No": 626}}, {"type": "Feature", "geometry": {"type": "Polygon", "coordinates": [[[-79.40898551073475, 43.67956151765182], [-79.40844859013592, 43.678273804098076], [-79.4080910865345, 43.6774164358576], [-79.40693838209951, 43.67773243205175], [-79.40613598965405, 43.67795927720827], [-79.40605001270156, 43.67797080392636], [-79.4059756423345, 43.677974823993864], [-79.40583154054441, 43.677974601858914], [-79.40574937391983, 43.67796842491987], [-79.40552800294641, 43.67793927221407], [-79.40536390777922, 43.67788602217062], [-79.40520894446267, 43.677823457658185], [-79.40483983339676, 43.67791382075372], [-79.40429985646568, 43.67796572545881], [-79.40377970299211, 43.67802503891552], [-79.40345487581678, 43.67770398185852], [-79.40290199515916, 43.67728203758088], [-79.40287664141314, 43.677111366488155], [-79.40287557216574, 43.677059964221336], [-79.40287972389888, 43.676994137211864], [-79.40289681850189, 43.67693133665196], [-79.40291802081633, 43.67688919049523], [-79.40294434436181, 43.67683983769381], [-79.40292881940242, 43.676732944173516], [-79.4029205042749, 43.67666882583105], [-79.40290376237857, 43.67660062991511], [-79.4029019565895, 43.67658989786071], [-79.40288935524464, 43.67651509936096], [-79.40286955211846, 43.67644567665263], [-79.40284333126942, 43.676353811696195], [-79.40272248412005, 43.676033714171396], [-79.4026843057091, 43.67596569260062], [-79.40265798484803, 43.67593216532622], [-79.40260206942834, 43.6758802590595], [-79.40255449488083, 43.675809627143884], [-79.40209332741755, 43.67591651490299], [-79.40185269628464, 43.6759813919871], [-79.40164938839966, 43.67603622095883], [-79.40126915679511, 43.67613515568341], [-79.40088871631957, 43.676244949101104], [-79.40050794319883, 43.67637283369393], [-79.40044593803867, 43.67629953024472], [-79.40019242621699, 43.67573014506629], [-79.39986341502599, 43.67495124406939], [-79.39985864573427, 43.67488389080061], [-79.39985209842561, 43.67483421464843], [-79.39984942979618, 43.674813958345375], [-79.39980351641518, 43.67437421955347], [-79.39936859829712, 43.6733580453212], [-79.39951369161673, 43.67333042355205], [-79.39962300911692, 43.673323103371835], [-79.39974656313616, 43.67332929762049], [-79.40005956772542, 43.673363641867795], [-79.4001616586119, 43.67336999872847], [-79.40025303416516, 43.6733632401617], [-79.40034146177106, 43.673353562509746], [-79.4006929419729, 43.67327209279844], [-79.40099400304842, 43.673222729422505], [-79.40210105605749, 43.67299255034052], [-79.4036589966396, 43.67266985362969], [-79.40398280284113, 43.67260300108841], [-79.40424311831897, 43.672549260759425], [-79.40484258286656, 43.67242550649336], [-79.40600257959757, 43.67218780941012], [-79.40526596945143, 43.670308348509664], [-79.40643932742242, 43.67007475179762], [-79.40691291886499, 43.66996615615035], [-79.40743540563777, 43.66985582757292], [-79.40749242602722, 43.66984620715973], [-79.40752438515517, 43.66984360461824], [-79.4075666499247, 43.66984940957997], [-79.40759754267022, 43.669878284847165], [-79.40762361699588, 43.669926283223326], [-79.4078005383361, 43.670373219842396], [-79.40809436741232, 43.67117516695704], [-79.40817961435482, 43.671157568477874], [-79.40916373081441, 43.670954492639865], [-79.40938659277536, 43.67090236796532], [-79.4105786062514, 43.67066178551775], [-79.41106796527455, 43.67056300909459], [-79.41192716834827, 43.670382914209846], [-79.41218524524297, 43.670337467712386], [-79.41314031444566, 43.67009676807379], [-79.41322960563646, 43.67031869264385], [-79.41394989971145, 43.672149083823236], [-79.41435190456212, 43.673150064866185], [-79.41465383794913, 43.67391023088053], [-79.41474124236026, 43.67415007082739], [-79.4148099465181, 43.67433865110252], [-79.41548844934648, 43.6760698636681], [-79.41574723359437, 43.67673010821443], [-79.41517942721207, 43.676735834431305], [-79.41468595336659, 43.67674080050602], [-79.4133279882369, 43.67680707850827], [-79.41219170126585, 43.67680152070522], [-79.41032673806696, 43.67683974370475], [-79.41084890839952, 43.67820558884237], [-79.41084811135964, 43.67820529837707], [-79.41085425912327, 43.67821958832509], [-79.41086924760344, 43.678258792821055], [-79.41080546110346, 43.67831322287952], [-79.41079845560792, 43.67831784501056], [-79.4107578188065, 43.678339093400204], [-79.41071217026588, 43.67836028475281], [-79.41067622886027, 43.678373227628406], [-79.4102591201266, 43.67847544798853], [-79.41022052624216, 43.67848468908066], [-79.41022060161079, 43.67848488086874], [-79.41022197380596, 43.67848455159667], [-79.41051639755679, 43.679225819981035], [-79.41051097091474, 43.67922701111286], [-79.4097285424058, 43.67939859092867], [-79.40898551073475, 43.67956151765182]]]}, "properties": {"StationName": "Dupont", "MTSA_Type": "Protected Major Transit Station Area", "SASP_No": 718}}, {"type": "Feature", "geometry": {"type": "Polygon", "coordinates": [[[-79.27323782633216, 43.71374408755844], [-79.27293661829508, 43.71379395718781], [-79.27217584569047, 43.71391826533476], [-79.27159011701661, 43.714053201415126], [-79.27107721226051, 43.714157505826556], [-79.27080952245493, 43.713670193621454], [-79.27072191658557, 43.713447557145464], [-79.27047591526332, 43.71283230082775], [-79.27003040637945, 43.71175820375526], [-79.26976821949806, 43.71108054224799], [-79.26959484993993, 43.710687809042035], [-79.26928634812386, 43.70992108495023], [-79.27112668641328, 43.709491142351084], [-79.27176503783276, 43.70933829300164], [-79.27264694690687, 43.70914698603296], [-79.27435443424717, 43.708757731628864], [-79.27579652881566, 43.708435464643536], [-79.27570023360109, 43.70820781360651], [-79.27568861618026, 43.70818034942516], [-79.27554961264856, 43.70785172868089], [-79.27552235849456, 43.70775337908365], [-79.27551347417405, 43.70773240389154], [-79.27549035256186, 43.70767782135766], [-79.2754534598341, 43.707632300387246], [-79.2753907275987, 43.70761810809191], [-79.27535168001997, 43.707560858650446], [-79.27532455618369, 43.70752109066939], [-79.27531946373666, 43.70727594173591], [-79.2753942449896, 43.707258321020376], [-79.27604667021335, 43.707116765687715], [-79.27598986483817, 43.706979552744926], [-79.27549130938864, 43.70568204125569], [-79.27559790848998, 43.705658541125636], [-79.27573309929994, 43.70561105629529], [-79.27581318163524, 43.705575760825084], [-79.2758270786371, 43.705568748155024], [-79.27589343098317, 43.705535243965414], [-79.27597738577288, 43.70548958556137], [-79.27607200121433, 43.70544929385899], [-79.27618096180592, 43.705409211094114], [-79.27633665033022, 43.70536984255854], [-79.27655729071043, 43.705321032401855], [-79.27682495433508, 43.705262491407474], [-79.27714692091705, 43.705189122492925], [-79.27718560331641, 43.70518019569078], [-79.277454458669, 43.70511814683234], [-79.27776070531213, 43.705048841176904], [-79.27802754438085, 43.70499286383436], [-79.28003753233271, 43.70468487553071], [-79.27935427993211, 43.70810395558426], [-79.27968783265251, 43.70890785754684], [-79.2825629962758, 43.70808825192732], [-79.28302013441682, 43.70790916826778], [-79.28321959134345, 43.70775292035972], [-79.28443611266403, 43.707497750311084], [-79.28453391134015, 43.7074216369149], [-79.28487361508853, 43.70820634286088], [-79.28497628283237, 43.708443500843686], [-79.28518916013542, 43.708939735354924], [-79.28550210119545, 43.70966918572794], [-79.28569139631429, 43.71011045978761], [-79.28581615111345, 43.71039497549968], [-79.28604647910562, 43.7109202485432], [-79.28610177810613, 43.7110851613891], [-79.28607292386194, 43.71109230483208], [-79.28620053082516, 43.711389613564144], [-79.2862456099347, 43.711493221847135], [-79.28633553064483, 43.711709440111974], [-79.28641437481173, 43.71190313254787], [-79.2864593529127, 43.71200674144877], [-79.28650359701939, 43.71211475869649], [-79.28654939320433, 43.71221836818604], [-79.28659355275931, 43.71232197549994], [-79.28663893974885, 43.71242558418592], [-79.28668472043849, 43.71253369423692], [-79.28672816195518, 43.71263730015316], [-79.28677047933557, 43.712740903053884], [-79.28681503197026, 43.71284901075589], [-79.28685929419926, 43.71295261814733], [-79.28690427260752, 43.71305622595479], [-79.28694811000452, 43.713164243152775], [-79.28699237269609, 43.71326784958775], [-79.28703694205406, 43.7133714565751], [-79.28705814477969, 43.713425508370676], [-79.28707885095805, 43.71347506038773], [-79.28700672513081, 43.713492928609696], [-79.2870067386697, 43.71349296013946], [-79.28702421195196, 43.71353450128668], [-79.2870351470745, 43.71356049760867], [-79.28704734343982, 43.71358953061697], [-79.28706161795738, 43.71362360372183], [-79.2871409159187, 43.71380825373352], [-79.28697642092254, 43.71384395428345], [-79.28681418540855, 43.71387969031509], [-79.28626383331, 43.71400016296443], [-79.28624921161384, 43.71400381715342], [-79.28619239670918, 43.71401799775461], [-79.28578801380176, 43.7141026710534], [-79.28574484272744, 43.71411349971334], [-79.28571657169621, 43.714120583846785], [-79.28561827740604, 43.71414231319386], [-79.28551477174685, 43.714165211847586], [-79.28551925717504, 43.714196722105555], [-79.28553031453897, 43.71427702542611], [-79.28555707321614, 43.71447135693211], [-79.28543451247042, 43.7144801282307], [-79.28540840852726, 43.71448219093115], [-79.28542637761652, 43.71461131226581], [-79.28549194271848, 43.71468082992538], [-79.28550985788176, 43.7147419805495], [-79.28559432638139, 43.71503031193071], [-79.28560566477613, 43.715130367303594], [-79.28564558158557, 43.71532596291765], [-79.28589257856044, 43.71588716514289], [-79.28531542253793, 43.71601463638357], [-79.28519354261384, 43.716041415789626], [-79.2850709253627, 43.71605918338317], [-79.28497630493322, 43.71605900812672], [-79.28486380792108, 43.71606779234057], [-79.28476995690248, 43.71606761836143], [-79.28467687530785, 43.71606744575467], [-79.28456367331013, 43.716058225755745], [-79.28440159062059, 43.7160489233585], [-79.28428298412142, 43.71603069969404], [-79.28417213400442, 43.71601248065082], [-79.28406897430635, 43.71601228851918], [-79.28399531954625, 43.71600314986007], [-79.28391622169192, 43.7160030012584], [-79.28382779272846, 43.716002835855484], [-79.28374169564074, 43.716002666694806], [-79.28363773415686, 43.71601147305162], [-79.28354073467527, 43.71602029249811], [-79.2834056980742, 43.71604704328159], [-79.28317749875015, 43.71609161261152], [-79.28290846712673, 43.71614480099279], [-79.28272652225812, 43.71618077011162], [-79.28308941597027, 43.71706093434397], [-79.2820368270238, 43.71731595314692], [-79.28169164657021, 43.71651853233645], [-79.28163511924438, 43.71653527298296], [-79.28151035991186, 43.716566498598326], [-79.28141196642082, 43.716591125245195], [-79.2812167695036, 43.7166340867233], [-79.28099833536378, 43.71668215208835], [-79.280737305364, 43.71674137704955], [-79.28026987216512, 43.71684741030674], [-79.28019287907149, 43.71666465303417], [-79.28002794786126, 43.71627319082585], [-79.27995569427571, 43.71610166531018], [-79.27861522633926, 43.71639565878157], [-79.27826581126837, 43.71647229451019], [-79.27795179935467, 43.71654116412374], [-79.27728324862547, 43.71662938849816], [-79.27834373658372, 43.71265855476741], [-79.27824365048583, 43.712680179789956], [-79.27754677780533, 43.71283075053354], [-79.27651879074402, 43.71304395466237], [-79.27613833614365, 43.713130665008435], [-79.27619519596907, 43.713292230851174], [-79.27619523196321, 43.71329222912139], [-79.27632840328896, 43.71359970230928], [-79.27635130839005, 43.71365258294852], [-79.27635132438857, 43.71365261898499], [-79.27648122725188, 43.713954441766866], [-79.27648125066621, 43.71395448591901], [-79.2761378964959, 43.714093213479586], [-79.27613784055201, 43.7140932403739], [-79.27572659264175, 43.71426347956757], [-79.27551881609436, 43.71434856242538], [-79.27551878012642, 43.71434855695398], [-79.27539868750976, 43.71432581779886], [-79.27535448736549, 43.7143212338914], [-79.27529099784448, 43.714307584646825], [-79.27529096675302, 43.7143076025883], [-79.27522331273094, 43.71429655909577], [-79.2751235121128, 43.71428030268191], [-79.27484195969308, 43.71427524237297], [-79.27468295566574, 43.71424515546294], [-79.27457729568862, 43.71422517848742], [-79.27425000908896, 43.71431455364002], [-79.27400579230437, 43.713765032407316], [-79.2740057875029, 43.71376498919158], [-79.27398405976763, 43.71376952249088], [-79.27389965860777, 43.7136310461259], [-79.27372689364302, 43.71366054986063], [-79.27323782633216, 43.71374408755844]]]}, "properties": {"StationName": "Warden (Subway)", "MTSA_Type": "Protected Major Transit Station Area", "SASP_No": 648}}, {"type": "Feature", "geometry": {"type": "Polygon", "coordinates": [[[-79.26879629992634, 43.734360394470585], [-79.26751790214142, 43.7312189945427], [-79.27031347951423, 43.72828801630226], [-79.27047194578371, 43.72811733740336], [-79.27054589390946, 43.72803768956829], [-79.27062724532706, 43.72795007240948], [-79.27070858409473, 43.72786245516598], [-79.27077197478388, 43.7277941816172], [-79.27083536529452, 43.7277259170333], [-79.27089347110723, 43.7276633306273], [-79.27095157676453, 43.727600753192036], [-79.27100968233496, 43.72753816672503], [-79.2710677753376, 43.72747558920389], [-79.27112588066575, 43.72741300267595], [-79.2711839858385, 43.72735042511872], [-79.2712214138995, 43.72731011131055], [-79.27124209092437, 43.727287838529755], [-79.27130019585488, 43.72722526091153], [-79.27135830069847, 43.72716267426162], [-79.27141640542091, 43.7271000875812], [-79.27147450998798, 43.72703750987152], [-79.27153261446816, 43.726974923130115], [-79.2715959908366, 43.72690665808597], [-79.27163164855241, 43.7268682488734], [-79.27165937950738, 43.72683838402915], [-79.27174970126774, 43.726741098597536], [-79.27227155766509, 43.72617964964801], [-79.27231733430851, 43.726130395833295], [-79.27234905261508, 43.72609627215421], [-79.27239768315805, 43.726043945553236], [-79.27241882036414, 43.72602119640306], [-79.27285959410634, 43.72554697664928], [-79.27306846098492, 43.725317822883376], [-79.27327182509343, 43.72508608344511], [-79.27346962413839, 43.72485183025033], [-79.27366180830928, 43.72461511723669], [-79.27384830283944, 43.724376034297094], [-79.27388085864911, 43.72433326160778], [-79.27393422705697, 43.724274516794075], [-79.27401740946517, 43.72418250815852], [-79.27409961325898, 43.72408992144481], [-79.27416434870783, 43.724015113695], [-79.27418044214598, 43.72399652183875], [-79.27491394308922, 43.72315250514825], [-79.27487972671923, 43.72307330928303], [-79.27500126573892, 43.72304880496298], [-79.27529096289753, 43.72371861392751], [-79.27599084699266, 43.72535808132552], [-79.27669133850931, 43.726981926144354], [-79.27701070920182, 43.72772741248492], [-79.27741088062909, 43.728601314379596], [-79.2775676723097, 43.72899768107755], [-79.27767644425757, 43.72937594259394], [-79.27777134051165, 43.72972717408679], [-79.27781936592918, 43.72996130684059], [-79.27787043689536, 43.73020443865431], [-79.2779194210932, 43.7303845574778], [-79.27796148354497, 43.73054666118586], [-79.27801584618011, 43.730744791147536], [-79.27806657856284, 43.73087091286087], [-79.2781133497709, 43.73102402257091], [-79.27818014481836, 43.73121317890164], [-79.27840614109282, 43.73178069547696], [-79.27870377788398, 43.73249237327305], [-79.27881557829022, 43.73275297206297], [-79.27886223672206, 43.732861735551744], [-79.27896633640943, 43.73311744959304], [-79.27983032053031, 43.7352399350556], [-79.27965409035572, 43.735266602852704], [-79.27928757827833, 43.735346904389445], [-79.27878205676241, 43.735462946251104], [-79.27773297114302, 43.73569493848665], [-79.2764897241583, 43.73598055905186], [-79.27592548104484, 43.73611292953034], [-79.27504374024198, 43.736319772122705], [-79.27411497116603, 43.73653396982021], [-79.27333451847484, 43.736712445531744], [-79.27229704847001, 43.73694442255084], [-79.27122618573583, 43.73717631160926], [-79.27009152224859, 43.7374530740134], [-79.2695594692881, 43.73618282921491], [-79.26919900343145, 43.735290971459655], [-79.26887675536835, 43.7345522166235], [-79.26879629992634, 43.734360394470585]]]}, "properties": {"StationName": "Ionview", "MTSA_Type": "Protected Major Transit Station Area", "SASP_No": 664}}, {"type": "Feature", "geometry": {"type": "Polygon", "coordinates": [[[-79.30422221087028, 43.72858622602473], [-79.30439727349336, 43.728488629668355], [-79.30548544774837, 43.7279182368377], [-79.30548548005875, 43.72791822519102], [-79.30580932910368, 43.72774845638941], [-79.30637226212707, 43.72745238004475], [-79.30671113885379, 43.72727296675718], [-79.30671117366633, 43.72727294881348], [-79.30744703161417, 43.72688713675816], [-79.30771312608125, 43.72674803969307], [-79.30771318201134, 43.72674801638385], [-79.30896778271715, 43.72608408213782], [-79.30972812113085, 43.72568476459882], [-79.31095404380308, 43.72507185645047], [-79.3112187949371, 43.724937607847146], [-79.31137426851133, 43.72485887557575], [-79.31341930403042, 43.72382217169724], [-79.31423920732792, 43.72339272729056], [-79.3148254258441, 43.72308558703697], [-79.31688931807663, 43.722785356258015], [-79.31689900526115, 43.72277272587115], [-79.3174843842307, 43.72261750869398], [-79.31790337105251, 43.72252577695889], [-79.31854169814245, 43.72293154387949], [-79.3189078004675, 43.72298510694997], [-79.31947145039287, 43.722829324899635], [-79.31981959672028, 43.7226979153896], [-79.31999468269495, 43.72261190403117], [-79.32060370963406, 43.722307762938925], [-79.32134019993244, 43.7220567031419], [-79.32148518473441, 43.72229492006596], [-79.32077117044125, 43.72294901616309], [-79.32074667132945, 43.72305014948414], [-79.32063967637832, 43.72326263788452], [-79.3198917851283, 43.72342810444301], [-79.3203828831105, 43.724608776193165], [-79.32038223930846, 43.7246090659229], [-79.32055940324366, 43.72562691292817], [-79.3205657097479, 43.7256252791946], [-79.32064600952067, 43.72613002328397], [-79.32062137992052, 43.72631888098588], [-79.32060624392658, 43.72643591886842], [-79.32060622645815, 43.72643594944536], [-79.3204214500088, 43.72660666829508], [-79.32042541348417, 43.72685422768914], [-79.32020226226096, 43.72728598054785], [-79.32020222744164, 43.72728600209614], [-79.31976045740203, 43.727541733833235], [-79.31976042010531, 43.72754175357722], [-79.3190206082752, 43.727963666221555], [-79.31888867088512, 43.7279921686156], [-79.31864803362974, 43.72804415200004], [-79.31792761168462, 43.72819712836211], [-79.31747855998599, 43.728294297461645], [-79.31747852395937, 43.72829430730552], [-79.31733213203674, 43.728357042775265], [-79.31707029072273, 43.72846910936795], [-79.3170702608776, 43.72846912732274], [-79.3169459349737, 43.72855442510116], [-79.31690443166437, 43.72858137235486], [-79.3167379948902, 43.72869360356821], [-79.31673797248423, 43.72869362423521], [-79.31656495008977, 43.7288103380719], [-79.31656498970055, 43.72881037414059], [-79.3164529599371, 43.7288854377574], [-79.31639748405681, 43.728922638243006], [-79.31631255429608, 43.728977135928666], [-79.31622961300559, 43.72903038557048], [-79.31606247852781, 43.729142642573166], [-79.31606245240316, 43.7291426614338], [-79.31604965216941, 43.72915162320674], [-79.31604960740351, 43.72915164923838], [-79.31603144618934, 43.72916056907678], [-79.31603140017667, 43.729160596906695], [-79.31601930245367, 43.729169574208925], [-79.3160072853578, 43.72917856874206], [-79.31598862250951, 43.72918753457276], [-79.31598524350643, 43.72919004138874], [-79.31597651358665, 43.72919651725315], [-79.31596712730527, 43.72920330710475], [-79.31596413784592, 43.729205479699836], [-79.31596409929737, 43.729205502140964], [-79.31594544758099, 43.729214476083634], [-79.31593302578055, 43.7292234789585], [-79.31591905745003, 43.729232444236374], [-79.31591536481548, 43.72923400361107], [-79.31590848669902, 43.729236890943994], [-79.31589645961253, 43.729245895350694], [-79.31588996674596, 43.729249039839345], [-79.31587788103458, 43.729254893703526], [-79.3158658551812, 43.72926389810895], [-79.31585742813704, 43.72926955533613], [-79.3158525944519, 43.729272834814324], [-79.3158393721987, 43.72927731504912], [-79.31582654577545, 43.72928629655746], [-79.31580675824735, 43.72929526684698], [-79.31579830737718, 43.729300999642064], [-79.31579355698449, 43.729304236045884], [-79.31579352590283, 43.7293042521981], [-79.31577374457856, 43.7293132197915], [-79.31576009144469, 43.72932219995986], [-79.31574029394807, 43.7293311756225], [-79.31572665200699, 43.72934014590348], [-79.3157266209253, 43.72934016205568], [-79.3157064575764, 43.72934902730707], [-79.31570641281574, 43.72934905153834], [-79.31569291365713, 43.72935800764345], [-79.31567927536051, 43.72936699952767], [-79.3156590657038, 43.72937598351281], [-79.31564552688106, 43.729380465014785], [-79.3156314890008, 43.72938941664318], [-79.3156314504658, 43.72938943458357], [-79.31561796133897, 43.72939389996013], [-79.31561791534249, 43.729393922389136], [-79.31560435401919, 43.72940290358698], [-79.31559040682082, 43.72940737902283], [-79.31557632543974, 43.729416344076135], [-79.31556279157238, 43.729420823776024], [-79.31554872753162, 43.729429798755284], [-79.31553478527145, 43.72943427959306], [-79.31552074234176, 43.729443249202156], [-79.31552070009946, 43.72944326173577], [-79.31550680380577, 43.72944772824225], [-79.31549245797342, 43.72945670455995], [-79.31547841144327, 43.72946118252216], [-79.31546405956347, 43.729465657289246], [-79.31544310499976, 43.729479110066215], [-79.31544312354991, 43.72947913259935], [-79.31541432541741, 43.72948808827134], [-79.31540799011789, 43.729492049402495], [-79.31540001169125, 43.72949711143584], [-79.3153712967596, 43.729506051029034], [-79.31535690998048, 43.72951501106121], [-79.31532810191536, 43.72952395769409], [-79.31531332160489, 43.729532927886446], [-79.31528418588618, 43.72954185417602], [-79.31527692671484, 43.72954632867975], [-79.31526949467728, 43.729550909118636], [-79.315255137812, 43.72955537845064], [-79.31524036143425, 43.72955983270062], [-79.31521820786519, 43.72956879006201], [-79.31520344633255, 43.72957325873326], [-79.31518869219288, 43.729577744516995], [-79.31517938123682, 43.72958340296505], [-79.31517392051525, 43.72958672190623], [-79.31515885729524, 43.72959120538603], [-79.31515880759672, 43.729591220607844], [-79.31514414659287, 43.729595691234245], [-79.31512937639238, 43.72960014908038], [-79.31512934284719, 43.72960015892753], [-79.31511420646765, 43.72960461527931], [-79.3151141704371, 43.72960462602255], [-79.3150990291317, 43.72960906886245], [-79.31509352231515, 43.72961243993259], [-79.31508423485447, 43.729618122714314], [-79.31506906249466, 43.729622570900744], [-79.31505400055181, 43.72962703726636], [-79.31503883430534, 43.72963151426276], [-79.3150236668181, 43.72963599035499], [-79.31501288010892, 43.72963917375121], [-79.31500845578103, 43.72964049967943], [-79.31499348445982, 43.72964496078297], [-79.31497830462777, 43.72964941254573], [-79.31497826736418, 43.729649420586576], [-79.31496705793522, 43.729656048981894], [-79.31496309722294, 43.72965838470165], [-79.31495952777712, 43.729659426671525], [-79.3149324444101, 43.72966734985125], [-79.31491686479548, 43.72967182616212], [-79.31490169359287, 43.72967629323085], [-79.31488620469028, 43.72968073637972], [-79.31487538799749, 43.72968397732253], [-79.31487105690962, 43.72968525478956], [-79.31485961936019, 43.729688563134985], [-79.31485558032108, 43.72968972855853], [-79.31485554429042, 43.72968973930168], [-79.31483995730254, 43.7296941876862], [-79.31482457634964, 43.7296986418031], [-79.31481763500456, 43.7297006639453], [-79.31480895439027, 43.72970315853637], [-79.31479338965546, 43.72970763395437], [-79.31477792056694, 43.72971208702203], [-79.31477326898384, 43.729713441376944], [-79.31476233204329, 43.729716627206415], [-79.31474687804364, 43.72971658595828], [-79.31473098072681, 43.72972103112454], [-79.31471540479332, 43.72972551191451], [-79.31470592903844, 43.72972823474131], [-79.3146998089192, 43.729730017873614], [-79.31468702744411, 43.72973359406123], [-79.31468393021191, 43.7297344639636], [-79.31466843379727, 43.72973891787224], [-79.31465976197137, 43.729741376461135], [-79.31465248169378, 43.729743414245995], [-79.31463700755111, 43.72974788978955], [-79.31462108430549, 43.729747857664854], [-79.31462103587297, 43.72974786478732], [-79.31460515085989, 43.72975233966021], [-79.31459708411519, 43.72975461199927], [-79.31458926708572, 43.72975681453289], [-79.314573312589, 43.7297612784871], [-79.31457328027936, 43.72976129013634], [-79.31455781988595, 43.72976573148664], [-79.31454951326316, 43.72976810244715], [-79.31454192474149, 43.72977026844306], [-79.31452595066379, 43.72977021461956], [-79.31451006076425, 43.72977465976709], [-79.3145005032728, 43.729777315834745], [-79.314493757246, 43.729779190653325], [-79.31448083410686, 43.7297816036234], [-79.31447009438902, 43.72978362047951], [-79.31446359438337, 43.72978541558429], [-79.3144537797187, 43.72978814324079], [-79.31443464816464, 43.7297907783602], [-79.31442195539415, 43.72979255170703], [-79.31441288623739, 43.72979504203663], [-79.31440566196986, 43.72979702588907], [-79.31438334871994, 43.729800142802546], [-79.31437385244642, 43.729801462269855], [-79.31437380276142, 43.7298014729907], [-79.3143575105641, 43.72980594986824], [-79.31433612007977, 43.72980890894866], [-79.31432534722276, 43.7298103991628], [-79.31431227645113, 43.729812781269636], [-79.31430087241445, 43.72981486724055], [-79.31428500605163, 43.72981931869589], [-79.31428497745186, 43.729819334851705], [-79.31428049763188, 43.729819327572905], [-79.3142686071782, 43.7298193487582], [-79.31425230144478, 43.729823783292744], [-79.3138093290894, 43.72989484863304], [-79.3136362456476, 43.729476236856115], [-79.3135792903509, 43.72948581944863], [-79.31288072832605, 43.72960334539004], [-79.31212611568591, 43.72973029739205], [-79.31101930852006, 43.72989050023826], [-79.3109121861914, 43.72991282356077], [-79.31076081064349, 43.729944074798645], [-79.31053999869123, 43.729970718227555], [-79.31031377631929, 43.72999284261324], [-79.31006003732428, 43.73001042019221], [-79.30984279953172, 43.730010066193586], [-79.30966629923105, 43.730014270360115], [-79.30951387316549, 43.73000501336707], [-79.30928422185734, 43.73000912835402], [-79.30910345267893, 43.730013334429984], [-79.30892506195708, 43.72999953264828], [-79.30877342120931, 43.729985775343934], [-79.30862722980926, 43.729972027862374], [-79.30849968972865, 43.72994480953359], [-79.30837836739971, 43.72991760148636], [-79.30826641548022, 43.72986790764546], [-79.3081761700227, 43.729827250498275], [-79.30807813664109, 43.729795581476886], [-79.30798356584293, 43.729768417024665], [-79.307870390177, 43.72973672148602], [-79.307772712354, 43.72971856191143], [-79.30767267294164, 43.729704889915276], [-79.30754196058962, 43.729695666826274], [-79.30740504896995, 43.72969544161715], [-79.30725994207876, 43.729704195597684], [-79.3070996303825, 43.729735425118676], [-79.30698239123768, 43.729766737059336], [-79.30685773615993, 43.72980702772079], [-79.30674663167134, 43.729856351431934], [-79.30661575324092, 43.72990563258001], [-79.30650155631291, 43.729954949919815], [-79.30641490563073, 43.729999805063855], [-79.30634849833623, 43.730022202058855], [-79.30623934065527, 43.730071519571936], [-79.30611351549918, 43.73011631617358], [-79.30598615308776, 43.730156601289444], [-79.30573925857965, 43.730214689321706], [-79.30538639665525, 43.73029510592839], [-79.30495886579048, 43.730384179297864], [-79.30446715149819, 43.72919087838229], [-79.30434616255224, 43.728892207080065], [-79.30426385591555, 43.728689028902494], [-79.30422221087028, 43.72858622602473]]]}, "properties": {"StationName": "Sloane", "MTSA_Type": "Major Transit Station Area", "SASP_No": 686}}, {"type": "Feature", "geometry": {"type": "Polygon", "coordinates": [[[-79.35619545791346, 43.709943351363314], [-79.36275379015116, 43.70855025531508], [-79.36242880569226, 43.7077217433223], [-79.36361047733794, 43.70747561708111], [-79.36418436819652, 43.70735293205134], [-79.3648456991708, 43.70721154562217], [-79.36539862054583, 43.70860740820624], [-79.36556055163949, 43.70850408462921], [-79.3658075666584, 43.708333343723545], [-79.36591331868867, 43.7082675530418], [-79.3660274205772, 43.70819656839154], [-79.36614693979705, 43.70812221537961], [-79.36642155226187, 43.70791100135713], [-79.36695607527385, 43.70923032182722], [-79.36816801414798, 43.708984187362816], [-79.36853988673346, 43.70987124799092], [-79.3696750286708, 43.70964300824106], [-79.36974323953217, 43.70981794267183], [-79.36981208909067, 43.709955962527296], [-79.3698985929049, 43.71008432602939], [-79.37003164561399, 43.710246499997105], [-79.37015843606194, 43.71043117085592], [-79.37035910472376, 43.71070144318134], [-79.37042376303138, 43.71076949435143], [-79.37045819577109, 43.710805733026916], [-79.3706245211791, 43.71098078344827], [-79.37084928130145, 43.711233071443225], [-79.3709113666154, 43.711294399050416], [-79.37093595534829, 43.71131868713143], [-79.37098098294027, 43.71135525895496], [-79.37106913059836, 43.71142685217224], [-79.37129716867354, 43.711598129432176], [-79.3715330106155, 43.71174692164618], [-79.37180564973367, 43.71191375004947], [-79.37195124671828, 43.71201742823063], [-79.37202994744842, 43.712096301170995], [-79.37203072769145, 43.71209819321822], [-79.37203103604494, 43.71209849330684], [-79.37206861152214, 43.71219005431361], [-79.3723818210955, 43.71294953104577], [-79.3723804033445, 43.712949807603074], [-79.37272885882714, 43.71380857546703], [-79.37031641148214, 43.71431091782343], [-79.3706619628041, 43.71520243250727], [-79.36945065750237, 43.715462092202024], [-79.36823239559932, 43.715703732034456], [-79.36914662897307, 43.717950605470755], [-79.36793372158535, 43.71820574647735], [-79.36671341584365, 43.71846537202118], [-79.36552533419805, 43.71871151780033], [-79.36549798501422, 43.71862597064386], [-79.3654717521564, 43.71856292892494], [-79.36544519505318, 43.71847288293971], [-79.36538612952698, 43.71835130044283], [-79.36532660430807, 43.71825221250266], [-79.36525243686171, 43.718130613038035], [-79.36517706061998, 43.71801800708939], [-79.36509853047927, 43.717923400853856], [-79.3650269293716, 43.7178603072728], [-79.36497544488135, 43.71781974064554], [-79.3649239379399, 43.71778367461512], [-79.36485587635023, 43.717698074672434], [-79.36480246391285, 43.71764850529283], [-79.3647328108314, 43.71758091408174], [-79.36467593381444, 43.71752683989492], [-79.36460855998335, 43.71747725389356], [-79.36455858230586, 43.71744569015494], [-79.36448538031989, 43.71740509846855], [-79.36441175311985, 43.71738250791925], [-79.36436177788072, 43.71735544564431], [-79.36430173664256, 43.71732837049763], [-79.36421880874305, 43.717292267740255], [-79.36414481739735, 43.71726067529149], [-79.36406228557551, 43.71722457289092], [-79.36395339554501, 43.71718843816145], [-79.36383326985995, 43.71714328954931], [-79.36374295258403, 43.717120679584816], [-79.36362126668075, 43.71708452028292], [-79.36355113646522, 43.71705743360304], [-79.3634371935673, 43.71702129414917], [-79.36338099222864, 43.71700322530003], [-79.36328754857523, 43.71698961163323], [-79.36317472349909, 43.71698047623919], [-79.36308554906536, 43.71696686841767], [-79.36298087546638, 43.71695324194834], [-79.36285484811154, 43.71694859015923], [-79.36275750183917, 43.71694847331902], [-79.36263145057944, 43.7169483219024], [-79.36253023353866, 43.71694820111691], [-79.36243248195879, 43.716957083907324], [-79.36231183547183, 43.716970440585385], [-79.36223135404293, 43.71697606843448], [-79.36211122001363, 43.716992674985846], [-79.3620139034383, 43.71700608649447], [-79.36193825442959, 43.71701499554189], [-79.36182461415781, 43.71701935977295], [-79.36171566084462, 43.71701472736637], [-79.36162646597975, 43.71701011967682], [-79.3615462053006, 43.71700552273984], [-79.36146245656151, 43.716996411870205], [-79.36138956683254, 43.71698732310914], [-79.36133491697917, 43.71697375578281], [-79.3612705863393, 43.71695567693392], [-79.36122173540788, 43.71694661723885], [-79.36118841811997, 43.71692857599321], [-79.36118145393282, 43.71692406688811], [-79.36113340367723, 43.7169014980839], [-79.36107413129807, 43.71687442487436], [-79.3610009402796, 43.716829333018886], [-79.36094245112038, 43.71680225979306], [-79.36086886193846, 43.716757159266926], [-79.36080808269459, 43.71671208149392], [-79.36073840019694, 43.71665799064579], [-79.36069660880179, 43.71661292604349], [-79.3606474902236, 43.716558861098726], [-79.36060765975509, 43.71651380785501], [-79.36057013639741, 43.71646875831146], [-79.36054692919161, 43.71643722636558], [-79.36051525763604, 43.71637867299747], [-79.36032113055617, 43.71597337941161], [-79.36013611854835, 43.715487079545404], [-79.35978487929651, 43.714604530125285], [-79.35867476223966, 43.71485969277951], [-79.35789945492103, 43.715052266674824], [-79.35740089850852, 43.71515065556932], [-79.35681504167368, 43.71526244120989], [-79.35588348226261, 43.71543229603377], [-79.35565163098171, 43.71547835565735], [-79.35542238669703, 43.71552389693258], [-79.35505957471186, 43.71559596360546], [-79.35506511985089, 43.715103059590454], [-79.3550651278174, 43.71510232869516], [-79.35488775061027, 43.71497303313722], [-79.35488613148318, 43.714971852811786], [-79.3548634892279, 43.714965837300994], [-79.35484053634833, 43.71496049378824], [-79.35477012893072, 43.71494859375033], [-79.35469823820806, 43.71494300169343], [-79.35462594735883, 43.714943793703135], [-79.35460194127491, 43.714945484217495], [-79.35457805634515, 43.71494787878245], [-79.35455432732292, 43.71495097474192], [-79.35448445058677, 43.71496442375869], [-79.35445893170983, 43.71497073448364], [-79.35443311293228, 43.714976357121806], [-79.35440702405604, 43.7149812845099], [-79.35438070726903, 43.71498551940187], [-79.35435419115403, 43.71498904563163], [-79.35432751295248, 43.714991858745904], [-79.35424687566749, 43.71499601356512], [-79.35421992269043, 43.71499596479126], [-79.35419777997461, 43.71499533076163], [-79.35419736279106, 43.714995417542106], [-79.35419172923073, 43.71499519432481], [-79.3541855373788, 43.71499490738602], [-79.3541793468552, 43.714994584443346], [-79.35417316760969, 43.714994216508266], [-79.35416698840791, 43.714993830570286], [-79.35416080935902, 43.71499338162312], [-79.35415463037573, 43.71499290567179], [-79.35414847632362, 43.7149923838453], [-79.35414230992286, 43.714991836799115], [-79.35413616845332, 43.71499124387778], [-79.35413001466357, 43.71499061403507], [-79.35412388577664, 43.71498995001889], [-79.3541177569794, 43.714989249097144], [-79.35411165187242, 43.71498850229871], [-79.35410552324797, 43.71498773026631], [-79.35409941955481, 43.71498691235876], [-79.35409332836124, 43.714986057561525], [-79.35408726207058, 43.71498516859082], [-79.35408117107175, 43.71498423368164], [-79.35407511737044, 43.714983270915724], [-79.35406906377418, 43.71498226494337], [-79.35406302265571, 43.714981231082646], [-79.3540570064686, 43.71498015134677], [-79.35405099036471, 43.71497903740579], [-79.35404499917038, 43.71497788659095], [-79.35403900806587, 43.7149766988706], [-79.35403304188618, 43.714975467975535], [-79.35402708818654, 43.71497420829194], [-79.35402116063092, 43.714972914436494], [-79.35401521953614, 43.714971574656815], [-79.3540093033291, 43.7149702070046], [-79.35400341204695, 43.7149687961777], [-79.35399753324272, 43.71496735746239], [-79.35399167936997, 43.71496587287201], [-79.35398583794672, 43.714964372094904], [-79.35398000908881, 43.71496280742432], [-79.35397420509466, 43.714961224782634], [-79.35396842602984, 43.71495959716596], [-79.35396264579211, 43.714957941643505], [-79.35395689172036, 43.714956242947956], [-79.35395116253645, 43.71495451637989], [-79.3539454582622, 43.71495275293806], [-79.35393976648128, 43.71495095530697], [-79.35393409961003, 43.714949120802075], [-79.35392845762449, 43.71494725932486], [-79.3539228405902, 43.714945343871406], [-79.35391723601207, 43.7149434095309], [-79.35391165633709, 43.71494144101701], [-79.35390610159378, 43.71493942662809], [-79.35390057171428, 43.7149373942681], [-79.35389506676421, 43.71493531693321], [-79.35388958672394, 43.714933202724545], [-79.35388413156504, 43.714931063343805], [-79.35387870131808, 43.7149288861892], [-79.35387329595251, 43.71492668386252], [-79.35386791551859, 43.71492443566083], [-79.3538625612136, 43.71492215958826], [-79.35386103641713, 43.7149214924429], [-79.35379393367803, 43.714888794928875], [-79.35376760427373, 43.714889031286994], [-79.35372734571762, 43.71488938573468], [-79.35369181541652, 43.714889704814425], [-79.35368176318447, 43.71488979456204], [-79.35351102262388, 43.71484660727688], [-79.35351093705077, 43.71484658466397], [-79.3534677132376, 43.71473919868113], [-79.35341300494767, 43.7147323388555], [-79.35322579620231, 43.71470886266909], [-79.35320293307592, 43.71470599609982], [-79.35318249782311, 43.7147034314876], [-79.35318234771047, 43.714703412392055], [-79.35297522870536, 43.71467742946198], [-79.35260896712586, 43.714418088521356], [-79.35244852659328, 43.71430448406337], [-79.35242974099933, 43.71424771292252], [-79.35255610008909, 43.71423185007284], [-79.35263561151565, 43.71421630295006], [-79.35336548589451, 43.71406376854036], [-79.35349605446007, 43.71403639828916], [-79.35316667531836, 43.71312830074315], [-79.35364638890037, 43.71302646855944], [-79.35381935253753, 43.712989750348655], [-79.35400633525019, 43.71295036019355], [-79.35640301124519, 43.71244538071887], [-79.35626256066693, 43.7120797918216], [-79.35624288778159, 43.71200623904052], [-79.35624468548828, 43.71194826030981], [-79.35625728976146, 43.711896272033776], [-79.356276380509, 43.711845769025786], [-79.3563197817861, 43.71185932824387], [-79.35638218288001, 43.71187290321808], [-79.35646359202227, 43.711882010378666], [-79.35657609985066, 43.711864151697625], [-79.35683481281278, 43.711810123456736], [-79.35682830163384, 43.71169910763074], [-79.35672668982127, 43.71144595637406], [-79.35616019557635, 43.71003469185324], [-79.35612867293756, 43.709957534393205], [-79.35619545791346, 43.709943351363314]]]}, "properties": {"StationName": "Laird", "MTSA_Type": "Major Transit Station Area", "SASP_No": 682}}, {"type": "Feature", "geometry": {"type": "Polygon", "coordinates": [[[-79.42005923479684, 43.70011223747285], [-79.42003542310792, 43.70003977547384], [-79.42003070758454, 43.69994992637335], [-79.42003310135529, 43.699871138569826], [-79.42002985729317, 43.69986996792859], [-79.41980506350777, 43.69974895957871], [-79.41980494049713, 43.69974816647587], [-79.41979427790807, 43.69967945009556], [-79.41923174187833, 43.69842709313322], [-79.41919764220481, 43.69810219409942], [-79.42039389874147, 43.69783693356347], [-79.42160966264598, 43.69758287962611], [-79.4216934489781, 43.69776289337063], [-79.42285982242674, 43.69750896331235], [-79.42400513271751, 43.69727164989264], [-79.42353683750196, 43.69610868558258], [-79.42426208738179, 43.69596075630793], [-79.42438711186493, 43.69594445575917], [-79.4244570729629, 43.69594246771564], [-79.42454292168809, 43.69594302849297], [-79.42480352488597, 43.695988251877715], [-79.4260097257585, 43.6961229688766], [-79.42727116344835, 43.69629593604483], [-79.42733660796719, 43.6965352590769], [-79.42763372404283, 43.69724216699631], [-79.42962718071148, 43.69682861427135], [-79.42967040979596, 43.69691371512496], [-79.42998502161339, 43.697655099130465], [-79.43070581095844, 43.69945239184982], [-79.43086620443272, 43.69985232954921], [-79.43099905340385, 43.69982678935453], [-79.43115142699035, 43.70021419644603], [-79.43133681840159, 43.700685545169094], [-79.43166420632882, 43.70151540481606], [-79.43201631868601, 43.70232545000682], [-79.4323368347733, 43.70312683853498], [-79.43253922865422, 43.70364508839217], [-79.43260793960035, 43.70377000149152], [-79.43252838534467, 43.703799158432794], [-79.43247119446754, 43.70382391698704], [-79.4324055994165, 43.70386232554044], [-79.43233650419009, 43.70391388290756], [-79.43227856216225, 43.7039664639895], [-79.43224154274763, 43.70401601500105], [-79.43221777017894, 43.70407063979699], [-79.43220865732383, 43.70410756769357], [-79.43221060608856, 43.70415093719074], [-79.43221778039198, 43.70418160892934], [-79.4322274829903, 43.70421483854016], [-79.43224296880595, 43.70424808778055], [-79.43114506527442, 43.70450679021945], [-79.43101220976895, 43.704532314355916], [-79.43063861863014, 43.70462141372453], [-79.43036599371587, 43.70468359288025], [-79.42999065119358, 43.704740694786956], [-79.43028458339333, 43.70551793362019], [-79.42821444397534, 43.70596096613598], [-79.42675512166346, 43.70625042810775], [-79.42659686127988, 43.70621473359708], [-79.42459165871261, 43.70663198307161], [-79.42444828121202, 43.70653485604888], [-79.42438818465222, 43.70647864002127], [-79.42433450994396, 43.706418062576084], [-79.42428452303203, 43.70635453511739], [-79.42423314470825, 43.70629342806695], [-79.42418602687528, 43.70622784116489], [-79.42414594677952, 43.7061614577963], [-79.42410992399111, 43.70609426788863], [-79.42407616147285, 43.70602653849122], [-79.42404116703135, 43.7059616616807], [-79.42401143775014, 43.7058925757444], [-79.42398736885592, 43.70582268344561], [-79.4239638323776, 43.70575274648846], [-79.42394687455219, 43.70568192367295], [-79.42391943230743, 43.705609894901265], [-79.4238927492776, 43.70554686524108], [-79.42386066112145, 43.70547033000276], [-79.42382045747728, 43.70537579391888], [-79.42376979310778, 43.70527224052796], [-79.42371718061698, 43.70517769612843], [-79.42365137526014, 43.70509663496241], [-79.42356154653736, 43.70499756316677], [-79.42347053364162, 43.704902991163486], [-79.42335007856443, 43.70480839034573], [-79.42325824859437, 43.70474982108279], [-79.42321910017024, 43.704731793062855], [-79.42314779079142, 43.704713743411], [-79.42259146455879, 43.704529870805175], [-79.42254063859438, 43.70451546847462], [-79.42265580442506, 43.70430158338472], [-79.42268912979777, 43.70421990278495], [-79.42277756220237, 43.70400315686133], [-79.4228138965976, 43.703923018378894], [-79.4227882107391, 43.703916889137595], [-79.42266652502448, 43.70387179939388], [-79.42263021724717, 43.70384621288556], [-79.42262910467328, 43.70383915690057], [-79.42260667352465, 43.703822311053585], [-79.42259735415269, 43.70381171469435], [-79.42258829298783, 43.703795235248684], [-79.42236727918153, 43.70289495452331], [-79.42218532810229, 43.70222728581685], [-79.42103260374056, 43.70245488034742], [-79.42084975329546, 43.70200118191241], [-79.42067494543872, 43.7015757087693], [-79.42028737026004, 43.70063227264628], [-79.42005923479684, 43.70011223747285]]]}, "properties": {"StationName": "Forest Hill", "MTSA_Type": "Protected Major Transit Station Area", "SASP_No": 677}}, {"type": "Feature", "geometry": {"type": "Polygon", "coordinates": [[[-79.39673583007, 43.72714548010089], [-79.39666222901552, 43.727086474106024], [-79.39660401062336, 43.72700952622645], [-79.39655370091745, 43.7269163561666], [-79.39651428544887, 43.72682549127325], [-79.39648543589503, 43.72673222449116], [-79.3964682151043, 43.726654340620144], [-79.39645854276137, 43.726574737137994], [-79.39644211382229, 43.72650629632139], [-79.3963971598858, 43.7264179098165], [-79.39635989139236, 43.726343409336074], [-79.39720609926056, 43.7261490878147], [-79.39683496771487, 43.72520018937612], [-79.39634099646996, 43.723958536588945], [-79.3959503907099, 43.7229954501292], [-79.39635209886126, 43.722917512008905], [-79.39649992033438, 43.72288801372103], [-79.39664357517182, 43.72286425429489], [-79.39678820213388, 43.72285832711391], [-79.39688843793432, 43.72286471757961], [-79.39695442946169, 43.7228643630316], [-79.39703294695894, 43.72286241660077], [-79.39709845755763, 43.722860961579194], [-79.39718093297734, 43.72286052992571], [-79.39723979052998, 43.72287313784865], [-79.39728886820926, 43.72289277685953], [-79.39733793073574, 43.72292130820621], [-79.39737618832675, 43.722946626273604], [-79.39741988265303, 43.722971687269904], [-79.39746741578409, 43.723001918431144], [-79.39750882157982, 43.723037121789595], [-79.39753765353998, 43.723058317762785], [-79.39756149622436, 43.7230794192445], [-79.39759241827369, 43.72309773666538], [-79.3976434385559, 43.72312837503466], [-79.39769016268511, 43.72315277254485], [-79.39773107710427, 43.72317125999449], [-79.39779197244505, 43.72319007134152], [-79.39784552959965, 43.72320332140461], [-79.3978902598434, 43.72321133561095], [-79.39793917014578, 43.72321360981183], [-79.39799724984528, 43.723210212363554], [-79.39807564040925, 43.7231962645893], [-79.39816505459162, 43.72318104840039], [-79.39827515755364, 43.723160008721], [-79.3983929137498, 43.723133638876575], [-79.39848337277397, 43.72311697686061], [-79.39862330752214, 43.723084444390864], [-79.39861849608766, 43.723045853411044], [-79.39862506300612, 43.72299509378279], [-79.3986132668059, 43.72294004225619], [-79.3986052025918, 43.72290938662386], [-79.39858956876466, 43.72284919285539], [-79.39857166009696, 43.72273299286197], [-79.39856164282862, 43.72260422506945], [-79.39856440765766, 43.722497826913326], [-79.39860156087164, 43.72237891237237], [-79.39864381945158, 43.72227209917386], [-79.39872055665904, 43.72214912499732], [-79.39879632977363, 43.72207446612394], [-79.3988299402672, 43.722044676412395], [-79.39888156336261, 43.72201266040634], [-79.39893850369576, 43.72198491568846], [-79.39904651444017, 43.721951122187505], [-79.39941807551044, 43.72184506712941], [-79.39957665536492, 43.721806997895946], [-79.39987159308468, 43.72174811007547], [-79.3999324179886, 43.721742411518136], [-79.40001371899686, 43.721737495051], [-79.40010052273726, 43.72173657090607], [-79.40017767419089, 43.721741633124], [-79.400234158782, 43.72174867553927], [-79.40029200819981, 43.72176271311796], [-79.4003402231501, 43.72177874955476], [-79.40038565800943, 43.72179477454715], [-79.40043385523808, 43.721814797599336], [-79.40049443689749, 43.72184284255915], [-79.40054813036203, 43.721870863491155], [-79.40059904622518, 43.721904885841305], [-79.40063914190449, 43.72193742255219], [-79.40077680210211, 43.72207446251964], [-79.40155457008736, 43.721971176459306], [-79.40170049378858, 43.721959995527655], [-79.40203341051819, 43.721938189486835], [-79.40216073287073, 43.7219325278152], [-79.40233348401644, 43.72192484263242], [-79.40241786464382, 43.72192661504358], [-79.40248114864431, 43.721935165367874], [-79.4026592600264, 43.72196592696532], [-79.40285142966881, 43.72199839247641], [-79.40300376561865, 43.72202061730884], [-79.40312797607761, 43.722036031134444], [-79.40327564557332, 43.722049754434046], [-79.4034022101227, 43.722060058122416], [-79.40354285737163, 43.722065278826726], [-79.40370225816922, 43.72206201704332], [-79.40387106104194, 43.722055352357295], [-79.40399765555831, 43.72204696063742], [-79.40419459591469, 43.72202332377141], [-79.40453224972097, 43.72197090104368], [-79.40460954977516, 43.72196877736659], [-79.4046562584487, 43.72195796078422], [-79.40470102477542, 43.721942416887266], [-79.40474565528213, 43.721927196905916], [-79.40479054541957, 43.721911815100185], [-79.40483556058926, 43.72189662240791], [-79.40488082206642, 43.72188184396209], [-79.40492653322111, 43.72186602172291], [-79.40497224035055, 43.72185194571195], [-79.40501804772003, 43.72183804079041], [-79.40506391701119, 43.72182420791222], [-79.40510976020335, 43.721810383995205], [-79.40515555512653, 43.72179646100556], [-79.40520124975248, 43.721782375891166], [-79.4052467846485, 43.72176803858997], [-79.40529209540304, 43.72175336803725], [-79.40533716117746, 43.72173741007942], [-79.40538191472467, 43.721721883907165], [-79.40542645909275, 43.72170597949018], [-79.40547079291255, 43.72168977783915], [-79.40551497688564, 43.721673351014815], [-79.40555906299763, 43.72165678907315], [-79.40560311075173, 43.721640137069876], [-79.40564715969431, 43.72162350305314], [-79.40569126928514, 43.72160695998245], [-79.40573546673319, 43.72159056908888], [-79.40577983633509, 43.72157439435102], [-79.40582422146896, 43.72155700443473], [-79.40586882795031, 43.721540910868995], [-79.40591412605548, 43.72152618605094], [-79.40596068618773, 43.72151474772344], [-79.40600896514549, 43.72150655935539], [-79.40605807268842, 43.7215002628186], [-79.40610693505077, 43.72149280489311], [-79.40615568392624, 43.72148568800236], [-79.4062045925762, 43.721479571265085], [-79.40625362323073, 43.72147559601348], [-79.40630328279119, 43.72147343051536], [-79.40635295178701, 43.72147317327652], [-79.40640277643928, 43.72147657066672], [-79.40645212780346, 43.72148103880121], [-79.40650100364238, 43.72148801788488], [-79.40654999257897, 43.721494105912555], [-79.40659855741772, 43.7215015617685], [-79.40664646223495, 43.7215112574855], [-79.40669391755343, 43.721521898850874], [-79.40674103657028, 43.721533323034244], [-79.40678801814767, 43.721545349272255], [-79.40683487568573, 43.721557340284846], [-79.40688147191042, 43.72156978022961], [-79.40692771963448, 43.72158286886444], [-79.40697333508811, 43.72159551500274], [-79.40701820158348, 43.72161094191159], [-79.40706305559182, 43.72162643270183], [-79.40710839463786, 43.72164129287828], [-79.40715379617833, 43.721655883948955], [-79.40719919768668, 43.72167051010656], [-79.40724458550916, 43.72168517224016], [-79.40729001191073, 43.72169978127939], [-79.40733547572222, 43.72171429041654], [-79.40738101423005, 43.7217286654769], [-79.40742665235634, 43.72174284167132], [-79.40747239014084, 43.721756792895945], [-79.40751826492645, 43.72177044807072], [-79.40756440385913, 43.72178183421592], [-79.40761152371591, 43.72179295199683], [-79.40765968944405, 43.721801919295395], [-79.4077080295266, 43.72181050776019], [-79.4077559860293, 43.721819150802844], [-79.40780422695809, 43.72182766803674], [-79.40785226591332, 43.72183840750542], [-79.40789919833297, 43.72185041614407], [-79.40794673850019, 43.72186270339263], [-79.40802864262648, 43.72186806028113], [-79.40848155238164, 43.721940438609884], [-79.40899799890417, 43.72204436035078], [-79.40922868367298, 43.72211205073302], [-79.40940351448121, 43.722166204363106], [-79.40959928691905, 43.722233866319264], [-79.40993574252587, 43.722369149430044], [-79.41009193757955, 43.7224457824359], [-79.41016945527943, 43.72248184853103], [-79.410622982625, 43.7227171979505], [-79.4108627416588, 43.72287395085018], [-79.41101579837546, 43.722982086441526], [-79.41115374136959, 43.72307220750715], [-79.41130482480446, 43.72318934155972], [-79.40998724335418, 43.72346284808077], [-79.40875420034202, 43.7237319071741], [-79.40903197815102, 43.72446123801791], [-79.40931479949356, 43.725190562193916], [-79.40947120083278, 43.72556973197314], [-79.4096490858729, 43.72600094410355], [-79.40981214008818, 43.72641524971992], [-79.40999107370507, 43.726869833005345], [-79.41015530599502, 43.72727972296933], [-79.41032301561607, 43.7276982107173], [-79.40828128513644, 43.72811515366862], [-79.40647311530839, 43.728500742492876], [-79.40675239942266, 43.729243573311045], [-79.40711988933646, 43.73015300314605], [-79.40537915287855, 43.73053413316029], [-79.40441695167391, 43.73072168964544], [-79.40433653697342, 43.73073868878694], [-79.4036752447531, 43.73086843225226], [-79.40372174545172, 43.7311321277298], [-79.40137388645921, 43.73160184488008], [-79.40108502010953, 43.73076787304686], [-79.40075859429828, 43.729938867966034], [-79.39834818387655, 43.730436027040646], [-79.3980328014033, 43.72960571786599], [-79.39765254409794, 43.72864100557082], [-79.39723631078071, 43.72758947728191], [-79.39722317860512, 43.72755157189135], [-79.39720110096681, 43.72751209223165], [-79.39717108448559, 43.72746961790128], [-79.39713465651947, 43.72742379741829], [-79.39708682614686, 43.727374565074285], [-79.39673583007, 43.72714548010089]]]}, "properties": {"StationName": "Lawrence", "MTSA_Type": "Protected Major Transit Station Area", "SASP_No": 724}}, {"type": "Feature", "geometry": {"type": "Polygon", "coordinates": [[[-79.48727648842454, 43.623905052982195], [-79.48851449117022, 43.62335649025888], [-79.49217915567169, 43.622534205365014], [-79.49230843989822, 43.62286276598751], [-79.49250392187629, 43.62336236184739], [-79.49282019691388, 43.62407349709498], [-79.49294802999616, 43.62436581700645], [-79.49174015634208, 43.62463601522583], [-79.49038907118306, 43.62492845648666], [-79.49029225128159, 43.62495094920977], [-79.4901950615371, 43.62496894109825], [-79.49009785810411, 43.62498693290287], [-79.49000026973256, 43.62500943431335], [-79.48990231030123, 43.62502742588545], [-79.48980432726768, 43.62504541827158], [-79.48970635532658, 43.625063418675964], [-79.48960800043416, 43.62508140996009], [-79.48950963185256, 43.625099401158266], [-79.48947692988858, 43.6251053391041], [-79.48941049618367, 43.62511739310086], [-79.48931174414645, 43.625130892373875], [-79.48921262156321, 43.62514438252514], [-79.48911348530514, 43.62515787258915], [-79.48901396610758, 43.625171363430496], [-79.48891328000367, 43.62518936289396], [-79.48803346987368, 43.625315290760895], [-79.48664288242556, 43.62549426181699], [-79.4863160387518, 43.62555231035884], [-79.4861873819169, 43.62557756823141], [-79.48604830785999, 43.625633113635764], [-79.485919640135, 43.625703809576905], [-79.48659237831347, 43.6261972719894], [-79.48654028689211, 43.62620599726466], [-79.48522302917272, 43.626426641696604], [-79.48499393050072, 43.626471571342634], [-79.48466641541806, 43.62653579905867], [-79.48302107312202, 43.62685840313673], [-79.48261249931925, 43.626939354671904], [-79.4825377692223, 43.62695284273871], [-79.48246302669783, 43.626966338856], [-79.48238866828817, 43.626979825982154], [-79.482314323554, 43.62698882134422], [-79.48224034922919, 43.62700230843326], [-79.48216637354071, 43.62702029619338], [-79.48209280673535, 43.62703829207092], [-79.4820196117452, 43.62705177913907], [-79.48194680075802, 43.62706977594157], [-79.48187359454441, 43.62708326291439], [-79.48180118980899, 43.627105759507444], [-79.48172876284107, 43.62712374633043], [-79.48165673236574, 43.62714174217255], [-79.48158508475777, 43.627159729029465], [-79.4815134369642, 43.627182225561874], [-79.48144255879869, 43.62720021245377], [-79.48137169159011, 43.627222709023904], [-79.48130081193962, 43.62724519654654], [-79.48123072531185, 43.62726769405694], [-79.48116100915146, 43.62729018168373], [-79.48109167832322, 43.62731267833311], [-79.48102235842174, 43.6273396675598], [-79.4809534364196, 43.62736215519155], [-79.4808639464325, 43.62741165175528], [-79.48081321701174, 43.62742964252732], [-79.48076288390192, 43.62745214396391], [-79.4807129225143, 43.62747463643954], [-79.48066333284645, 43.627497128956094], [-79.48061453498148, 43.62751963058677], [-79.48056534178139, 43.62754212222773], [-79.4805173257762, 43.62756461494825], [-79.4804696814896, 43.62758711761355], [-79.48042243225146, 43.62761411114369], [-79.48037517057912, 43.62764110465208], [-79.48032870341612, 43.627663597558815], [-79.48028300304435, 43.627690601199056], [-79.48023729148154, 43.6277175967177], [-79.48022374413368, 43.62772659491206], [-79.4801923605711, 43.627744591453045], [-79.48014821031339, 43.62777158720631], [-79.48010405877731, 43.627798582042026], [-79.48006067525489, 43.62783007861323], [-79.48001495109492, 43.627857074040094], [-79.47997544890701, 43.62788407143871], [-79.479933614251, 43.62791557813408], [-79.47989257414243, 43.627942574333694], [-79.47985190549262, 43.62797407220248], [-79.4798116197133, 43.628005570124245], [-79.47977210219663, 43.628037068167565], [-79.47973336533585, 43.628068566335465], [-79.47969501382656, 43.628100064558495], [-79.47965744173565, 43.62813156380733], [-79.47962025376202, 43.62816305321055], [-79.47958344989989, 43.62819455167151], [-79.47954780932601, 43.62823055104682], [-79.47951255563098, 43.628262050662066], [-79.47947769567502, 43.62829805015499], [-79.4794436163777, 43.62833405067756], [-79.47941029449319, 43.62836554970788], [-79.47937775173624, 43.62840155048714], [-79.47927025130315, 43.62849621985144], [-79.4786311526622, 43.628273823410495], [-79.47847802874945, 43.62824999308752], [-79.47847766692168, 43.62824993631036], [-79.47813687486244, 43.62819689728945], [-79.47631006448898, 43.627912553296945], [-79.47692615136849, 43.626197060971144], [-79.47706998526392, 43.625781786873475], [-79.47745756869121, 43.624662783181336], [-79.47756505096574, 43.624492927306726], [-79.47758331529141, 43.6244640650641], [-79.47819903176257, 43.62346955437057], [-79.47849850931793, 43.62298583026127], [-79.47876527239445, 43.6227492258345], [-79.47916630254983, 43.622579688988814], [-79.47957495940996, 43.62251656358328], [-79.47957868925913, 43.62251598815708], [-79.47994835849113, 43.622531595489974], [-79.48028015219849, 43.62263212823828], [-79.48066318487804, 43.62276308458333], [-79.48066754561663, 43.622765794755836], [-79.48117359824413, 43.62296949639862], [-79.48131140025497, 43.622790980749585], [-79.4817829854362, 43.62218008825314], [-79.48193438427101, 43.62198395546327], [-79.48199131780426, 43.621911952874804], [-79.48218967455571, 43.62156992627311], [-79.48244069447118, 43.621205413690326], [-79.48253635899545, 43.62109291024819], [-79.4827118078403, 43.62092640922898], [-79.48289268651673, 43.62075541072457], [-79.48304025452705, 43.62063840758181], [-79.48311641831322, 43.62058289071984], [-79.48314520106655, 43.62056191169023], [-79.48319671954357, 43.620525914379826], [-79.48323001648689, 43.62051241709607], [-79.48339421865643, 43.62042242837811], [-79.48380042478914, 43.62026495590284], [-79.4838457265584, 43.62025596086416], [-79.48389560336399, 43.620240414297285], [-79.48396112929122, 43.62021997221675], [-79.48401480113712, 43.6202094075321], [-79.4841717290173, 43.62031450328229], [-79.48417067425271, 43.620315796644476], [-79.48421944890327, 43.620349964786556], [-79.4842322954302, 43.62035896710793], [-79.48439780042334, 43.62047491857476], [-79.48452773069519, 43.62056594177966], [-79.48456455850702, 43.62059174310936], [-79.48461093894885, 43.6206242373902], [-79.48466444518718, 43.62066171671018], [-79.48471795025041, 43.6206992059063], [-79.48477145538195, 43.62073668787599], [-79.48482495933911, 43.62077417702137], [-79.48487846460179, 43.62081166614165], [-79.48493197117273, 43.62084914443508], [-79.48498541339008, 43.6208865794878], [-79.48498655559904, 43.620887379866545], [-79.48496188015014, 43.6209059844168], [-79.48491028981559, 43.62094486387429], [-79.48485870684866, 43.62098374420935], [-79.48480711638135, 43.6210226227196], [-79.48474410203099, 43.62107012396951], [-79.48449726977731, 43.621256176790915], [-79.48446287789375, 43.62128209809099], [-79.48442260502424, 43.62133822113588], [-79.48451020697956, 43.621371397971615], [-79.48389203824537, 43.6222886049576], [-79.48376017563511, 43.622484243526294], [-79.48489294145696, 43.62287613452581], [-79.48657332588449, 43.62367094312986], [-79.48715435331046, 43.62395916950283], [-79.48727648842454, 43.623905052982195]]]}, "properties": {"StationName": "Park Lawn", "MTSA_Type": "Protected Major Transit Station Area", "SASP_No": 757}}, {"type": "Feature", "geometry": {"type": "Polygon", "coordinates": [[[-79.50522725528877, 43.61707328358987], [-79.50515697316467, 43.61708815808422], [-79.50411087837423, 43.61730959124632], [-79.50402225914091, 43.6173299160806], [-79.50389854620967, 43.61735828844772], [-79.50353446882977, 43.61744178336503], [-79.50290758349148, 43.61758554433745], [-79.50233811647949, 43.61770618947792], [-79.50230000548032, 43.61771417453995], [-79.5026907812624, 43.618543661556814], [-79.50298866545714, 43.61849024584313], [-79.50336894939547, 43.61944091002932], [-79.50056998350783, 43.62004819695973], [-79.49999818396572, 43.620171592948545], [-79.50024986870996, 43.620734179624456], [-79.50021346541638, 43.620743180246436], [-79.49717659146734, 43.62142725741305], [-79.4947750842609, 43.62197175951092], [-79.4944293881336, 43.62112560716506], [-79.49184702466921, 43.62170604461423], [-79.49151916223123, 43.621021910763595], [-79.49151212841107, 43.62099330364013], [-79.49151526771409, 43.62096137573726], [-79.49153156733192, 43.62091839503153], [-79.49141051027553, 43.620571250546185], [-79.49235395413908, 43.619852895678015], [-79.4918465532765, 43.61951869798721], [-79.49102984531719, 43.618944102126974], [-79.49056429850769, 43.618631956424956], [-79.48966381361744, 43.61800177510375], [-79.4895724498563, 43.61793875393732], [-79.48948958941335, 43.617911749192196], [-79.48845935195364, 43.61760559322804], [-79.48891638381625, 43.616759505380315], [-79.48894309598519, 43.61670549923899], [-79.4889942190474, 43.6166334916338], [-79.48904533708512, 43.61658848926922], [-79.4891959733216, 43.61646248323452], [-79.48819449238533, 43.61573776702141], [-79.48862672415802, 43.61495018606413], [-79.48912555996182, 43.61404558715319], [-79.48927735550953, 43.613780057547054], [-79.49183577460781, 43.61328518769691], [-79.49211029055517, 43.61323120181126], [-79.49273980911094, 43.6130647147064], [-79.49295585866491, 43.613010714058845], [-79.49332753194378, 43.61293873187215], [-79.49412895711292, 43.61277224431306], [-79.49504557632017, 43.612596029202145], [-79.49541935837414, 43.61252025968708], [-79.49671284529234, 43.61223675995797], [-79.49709647189967, 43.61309191455076], [-79.4983126680432, 43.61284041385637], [-79.49946757652526, 43.612571299386424], [-79.49980995342075, 43.612491510615015], [-79.50008324078838, 43.612425322996764], [-79.500326821668, 43.61235154658111], [-79.5004787450254, 43.612302337755494], [-79.49942345935214, 43.6140529665063], [-79.49843169964815, 43.615638848415195], [-79.49907883730907, 43.61531980063036], [-79.50009540046835, 43.61481854915031], [-79.50187728614748, 43.61433698997481], [-79.50265000494028, 43.61412817143935], [-79.50275584914934, 43.61409956320092], [-79.50286115695357, 43.614074022574925], [-79.50288540594563, 43.61406814041226], [-79.50388630799198, 43.61382537562291], [-79.5039732659748, 43.6140349833109], [-79.50420648605794, 43.61459711965093], [-79.50455447106698, 43.61542649069981], [-79.50489559387616, 43.61626499733989], [-79.50522725528877, 43.61707328358987]]]}, "properties": {"StationName": "Mimico", "MTSA_Type": "Protected Major Transit Station Area", "SASP_No": 692}}, {"type": "Feature", "geometry": {"type": "Polygon", "coordinates": [[[-79.39553097363348, 43.64673969125288], [-79.39281927801194, 43.6473200625231], [-79.39247830206797, 43.64650619973134], [-79.39228874807024, 43.64605376628592], [-79.39213104239451, 43.645651962163015], [-79.39210947068736, 43.64559701791343], [-79.3920211816476, 43.645372105474465], [-79.39189855303219, 43.645084792428385], [-79.3917546317226, 43.64474761197078], [-79.3915802513292, 43.64429273599396], [-79.39124574535691, 43.64342012301875], [-79.39094816223246, 43.642780684354314], [-79.3909385263221, 43.642749168417], [-79.39092967432036, 43.64272215393304], [-79.39092158780575, 43.64269063857211], [-79.39091427403913, 43.64266362555443], [-79.3909077411488, 43.64263662138257], [-79.39090198491236, 43.64260510914368], [-79.39089700142237, 43.6425780974482], [-79.39089279455393, 43.64254659478849], [-79.39088938098392, 43.64251508388421], [-79.3908867153628, 43.64248807530028], [-79.39088521363186, 43.64246106692695], [-79.39088370887458, 43.642429567745516], [-79.39088376590102, 43.64239805925295], [-79.39088422770928, 43.642362051340044], [-79.3908854455928, 43.64232605224982], [-79.39088618690026, 43.6423136751138], [-79.39088784915215, 43.64228554548306], [-79.39089102119588, 43.6422450376492], [-79.39089535709863, 43.64220454082725], [-79.39090045458866, 43.642168537337284], [-79.39090633293576, 43.6421325426933], [-79.39091337215925, 43.642092039448244], [-79.39092080800906, 43.64205153658093], [-79.39092977141377, 43.64201554487867], [-79.39093914509374, 43.64197954456549], [-79.39094265247321, 43.641966044890445], [-79.39094770919269, 43.64195255479457], [-79.3909535467999, 43.64193905734201], [-79.39096015713983, 43.64193006133321], [-79.39096753170415, 43.64191656444578], [-79.39097567899975, 43.64190756990195], [-79.39098421053289, 43.64189857572396], [-79.39099392771193, 43.64188508106867], [-79.39100403214361, 43.64187608838899], [-79.39101488148542, 43.64186710541997], [-79.39102651171619, 43.64185811329274], [-79.3910385385764, 43.641849122442494], [-79.39105133391224, 43.64184013232336], [-79.39106452588031, 43.64183114168062], [-79.39107849871667, 43.64182215268049], [-79.39109243862926, 43.64181766435438], [-79.39110717869768, 43.641808676081645], [-79.39112268033601, 43.64180419824087], [-79.3911378058771, 43.64179520943114], [-79.39115369176525, 43.64179072295063], [-79.39116997428515, 43.64178623684553], [-79.39118662864705, 43.64178175109202], [-79.39120328727802, 43.641781766947446], [-79.39122033827026, 43.64177728156651], [-79.39133805784, 43.64175273234858], [-79.3917503514902, 43.641666739629876], [-79.39186446362335, 43.64164294617273], [-79.39145540700576, 43.6407448770693], [-79.38997064615687, 43.64049849760406], [-79.38994135477094, 43.64049335750327], [-79.3898898606989, 43.64048430829985], [-79.38983796877743, 43.64047525868984], [-79.3897864747529, 43.640466200438425], [-79.38973419987128, 43.64045715041207], [-79.38968191553111, 43.640452601060844], [-79.38962964483287, 43.640448051698854], [-79.38957697629432, 43.64044349292728], [-79.38952431723338, 43.64043444243381], [-79.38947164993776, 43.640429892616304], [-79.38941898141069, 43.640425342773355], [-79.38936592164204, 43.64042529323567], [-79.38931325314358, 43.64042073434264], [-79.38926020164553, 43.6404161840557], [-79.38920712825126, 43.64041613443113], [-79.38915367186604, 43.640416084410546], [-79.38911766574574, 43.64041605039211], [-79.38908202734494, 43.64041151691106], [-79.38904562585844, 43.64041147348491], [-79.38900959495197, 43.64041143940838], [-79.38897357643843, 43.64041140623265], [-79.38893754677156, 43.64041137213461], [-79.38890152825815, 43.640411338936204], [-79.38888299421919, 43.640413607282284], [-79.38886510482561, 43.64041580514085], [-79.38882908631129, 43.640415771019484], [-79.38880425552266, 43.64041888026246], [-79.38872177147496, 43.64042466352352], [-79.38864741673812, 43.639844696444804], [-79.39246886817571, 43.63922150608048], [-79.39393250972802, 43.63905734097987], [-79.39439108184199, 43.64020440573357], [-79.39475029421345, 43.64008038424348], [-79.39489391584488, 43.64004097945884], [-79.39528049675313, 43.639979116441836], [-79.39558818768684, 43.63994429505904], [-79.39577519591677, 43.63992312965088], [-79.39579964205213, 43.63992065764346], [-79.39618339409233, 43.63988182722077], [-79.39647171266692, 43.63982539326455], [-79.39684458236982, 43.63973526158872], [-79.39720734660587, 43.63964756889466], [-79.39763672600161, 43.63950576598391], [-79.3978118670801, 43.639451660328376], [-79.39796479966421, 43.63940267619374], [-79.39771900150619, 43.63880771751069], [-79.39750142236669, 43.63815136865369], [-79.39882640770333, 43.638121750614154], [-79.3995864136892, 43.638129476022755], [-79.39994925590682, 43.63813669824724], [-79.40009832114885, 43.638129024380575], [-79.40030628199119, 43.6381069913226], [-79.40130826898525, 43.640554417426806], [-79.40400386335253, 43.64043114753283], [-79.40426690749374, 43.6410357339968], [-79.40430083677188, 43.641116900265125], [-79.40442194949951, 43.64140672384151], [-79.40471257723593, 43.642109957128746], [-79.40486356629624, 43.64247565279601], [-79.40486956725293, 43.642490231078185], [-79.40508429344804, 43.64301033387545], [-79.40509525727441, 43.64303687014069], [-79.4052458125718, 43.643401527021076], [-79.40266560238538, 43.6439248283284], [-79.40286079120717, 43.644410759081495], [-79.40291564388043, 43.64454043318649], [-79.40306564413987, 43.64488902035301], [-79.40319382854116, 43.645190638380086], [-79.40178121911389, 43.645485303423264], [-79.40059684620992, 43.64573236660917], [-79.40005992571369, 43.64583959041777], [-79.39958820188662, 43.64593284569443], [-79.39922419936121, 43.646001432963345], [-79.39895583437419, 43.64605200631636], [-79.39811145109091, 43.646231467725364], [-79.39612103315619, 43.64662348161896], [-79.39553097363348, 43.64673969125288]]]}, "properties": {"StationName": "Front-Spadina", "MTSA_Type": "Protected Major Transit Station Area", "SASP_No": 691}}, {"type": "Feature", "geometry": {"type": "Polygon", "coordinates": [[[-79.38146817348523, 43.676525994907685], [-79.38146783702535, 43.67652618088695], [-79.3814670697497, 43.67652660405536], [-79.38146598960623, 43.67652719882529], [-79.38146494919151, 43.67652777203315], [-79.38146395098774, 43.67652832278138], [-79.38146300120478, 43.67652884657572], [-79.38146210480866, 43.67652934072093], [-79.38146124938334, 43.67652981240522], [-79.38146046596732, 43.676530244558215], [-79.3814460092774, 43.67652819975932], [-79.38144551705993, 43.67652749804297], [-79.3814449964012, 43.67652675399071], [-79.38144444729598, 43.676525970302954], [-79.38144387592928, 43.67652515508735], [-79.38144327735448, 43.67652430113768], [-79.38144265899327, 43.67652341836315], [-79.38144202084386, 43.67652250766388], [-79.38144137280129, 43.67652158255218], [-79.38144108835552, 43.67652117629585], [-79.38143288763949, 43.67650947502446], [-79.38143231874817, 43.67650866251178], [-79.38142223451248, 43.6764942705799], [-79.38141394105506, 43.67648243419049], [-79.38141255135608, 43.676480889015686], [-79.38141203867401, 43.67648050322564], [-79.3814115297037, 43.67648012194014], [-79.38141107027205, 43.676479775811316], [-79.38141063312669, 43.676479448608454], [-79.38141023932789, 43.6764791520552], [-79.38140988020137, 43.676478882542], [-79.38140958175576, 43.67647865809853], [-79.3814093427509, 43.67647847872352], [-79.38140915823308, 43.67647834081131], [-79.38140904182846, 43.676478252477224], [-79.38140899848547, 43.676478220027356], [-79.38135320395736, 43.67643631211022], [-79.38127077820276, 43.67637771499179], [-79.38116856494793, 43.67632809950473], [-79.38104885544391, 43.67630096911967], [-79.38094024694347, 43.67628767626016], [-79.38093765184652, 43.67628735850967], [-79.38078615993803, 43.676264695421246], [-79.38076048347384, 43.67625943525013], [-79.38063157435194, 43.6762330266417], [-79.38060756969011, 43.67583244105332], [-79.38059066198164, 43.67576941207007], [-79.38054566072924, 43.6755893423428], [-79.38050140633787, 43.67543176777391], [-79.38037264794794, 43.67508508069365], [-79.38015011613858, 43.67454026880153], [-79.38011607186702, 43.67454747559882], [-79.37782304982807, 43.67503288200246], [-79.37753302599629, 43.674334962493596], [-79.37736424394093, 43.67386221448885], [-79.37712332459164, 43.67319744988582], [-79.37710501263618, 43.673147712964074], [-79.37681430021927, 43.67235839439595], [-79.37671034981521, 43.672080552383406], [-79.3757500133198, 43.669655705208164], [-79.37535291241896, 43.66874604444114], [-79.37660505413724, 43.668472128383044], [-79.37720250791988, 43.66834142822689], [-79.37768478077649, 43.66823619806046], [-79.3777574429321, 43.66821957914112], [-79.37782143199269, 43.668204944709906], [-79.3781613083108, 43.668127209762055], [-79.37900572462462, 43.66793407306827], [-79.38140035302041, 43.66740422157356], [-79.3815982992643, 43.66737287335696], [-79.38091930969662, 43.665722411358495], [-79.38390921207395, 43.66506602529612], [-79.38455604595772, 43.664937277457646], [-79.38714347229177, 43.664367664301444], [-79.38740686939839, 43.66497543604443], [-79.38768426773672, 43.66564486950141], [-79.38805211999497, 43.66645613008231], [-79.3880689156042, 43.666493539141975], [-79.38824454395774, 43.66690012215085], [-79.38824616884656, 43.66690386921131], [-79.38882939800126, 43.66819661567003], [-79.39004857534182, 43.667980513403364], [-79.39348694542076, 43.66726478868519], [-79.39410210704048, 43.66871992987034], [-79.39478158678796, 43.67038539498161], [-79.39315083132534, 43.67072995794876], [-79.39304163734695, 43.670753028054285], [-79.39319190988267, 43.671160189727644], [-79.39333394024125, 43.671544968785355], [-79.3934346521374, 43.67178747853343], [-79.39345543204149, 43.67183751399816], [-79.39345592721008, 43.671838708040895], [-79.39348261711008, 43.6719029765687], [-79.39348270972127, 43.67190320078902], [-79.39402235957319, 43.67320258503399], [-79.39391647953413, 43.67322453026595], [-79.39137077259797, 43.673752108266534], [-79.39143620581251, 43.673834864156355], [-79.39150792252184, 43.673923403946546], [-79.3928836320981, 43.674709495067795], [-79.39266599120461, 43.674805548785024], [-79.39095760895476, 43.67515445934233], [-79.39049842885444, 43.675247684070825], [-79.38949609090052, 43.675467886556035], [-79.389349504789, 43.67549944665134], [-79.38900657829123, 43.67557552764483], [-79.38894672757321, 43.67558880503155], [-79.38905486044484, 43.675869961313445], [-79.38919780980126, 43.676241651804474], [-79.38923648557918, 43.6763365195112], [-79.3894525649686, 43.67686668100412], [-79.38949142915011, 43.67696204387117], [-79.38936852849771, 43.676988266568344], [-79.38736093339612, 43.677414391658424], [-79.38670178784032, 43.677548901039934], [-79.38653244340428, 43.677544236891904], [-79.38644331129467, 43.67753964140273], [-79.38637276297203, 43.67754407377714], [-79.3863154282337, 43.677526014955575], [-79.3862651323112, 43.67751817604928], [-79.38622824789802, 43.67751242798327], [-79.38611704196191, 43.67749431723255], [-79.38602330950967, 43.67747621479595], [-79.38591593782633, 43.677476110388035], [-79.38575969383292, 43.67750295391973], [-79.38561195685972, 43.67754781656737], [-79.38549058633586, 43.67757920340261], [-79.38546770390867, 43.677589175585624], [-79.38539787366477, 43.67761961029938], [-79.3853086839885, 43.677646527620546], [-79.38522259478204, 43.67767344798512], [-79.38510238838688, 43.677704826574974], [-79.38499421802538, 43.67772722389196], [-79.38491861927663, 43.677736151866306], [-79.38484961724403, 43.67774508553587], [-79.38488885823436, 43.67769561489237], [-79.38489030269731, 43.677692578388786], [-79.38490598256477, 43.6776596258054], [-79.38490705048453, 43.6776517929992], [-79.38491579887123, 43.67758762212788], [-79.3848981243562, 43.67750659031324], [-79.38488247994508, 43.677457439748025], [-79.38485227238738, 43.67736252781025], [-79.38480372457823, 43.67722745582552], [-79.38474440191219, 43.67705681308721], [-79.38472546772621, 43.67700234567772], [-79.38470120810922, 43.67691420511159], [-79.3846818320061, 43.676843802142386], [-79.38467466388558, 43.67681776118101], [-79.38466572101737, 43.676799501903425], [-79.38463490836183, 43.67673659631898], [-79.38453302397917, 43.67652858365776], [-79.38445190536207, 43.67636297299179], [-79.38434510134219, 43.67607931674933], [-79.38427466985043, 43.67596439441477], [-79.38426782563837, 43.6759532266992], [-79.38422546648337, 43.675905147146715], [-79.3841924182224, 43.67586763560697], [-79.38418418076954, 43.67585803811225], [-79.38412669067371, 43.67579105563673], [-79.38406444569934, 43.675709978479524], [-79.38405099993503, 43.675695659879686], [-79.38399676273458, 43.67563789802972], [-79.38398906357422, 43.675631523553946], [-79.3839151192567, 43.67557031214428], [-79.38382142767402, 43.67551170721506], [-79.38370678348299, 43.675475584296784], [-79.38365089048432, 43.675471457005564], [-79.38364355960489, 43.67547091576307], [-79.383583179056, 43.675466457121345], [-79.38346072557692, 43.67545283030519], [-79.3833398571332, 43.67543470429494], [-79.38326758651317, 43.67541838035938], [-79.38321976272388, 43.67540757758661], [-79.38315001707753, 43.67539705123235], [-79.3830996621109, 43.675389452106664], [-79.3829807373863, 43.67536232454293], [-79.3829126965354, 43.67534059399454], [-79.38286763552028, 43.675326201460926], [-79.38276036771451, 43.67528108288928], [-79.38265311371147, 43.675235964230794], [-79.38264548823547, 43.67524724410956], [-79.3825639361522, 43.67536786951043], [-79.38232282269426, 43.6757245075034], [-79.38215443573715, 43.67597356639819], [-79.38212057799983, 43.67604104348916], [-79.38206851782307, 43.67611300247172], [-79.38201453219611, 43.6761624542426], [-79.38195475713262, 43.67621640158911], [-79.38188915430571, 43.676270342882525], [-79.38176148752402, 43.67635121503542], [-79.3816138152283, 43.67644384910695], [-79.38158957544702, 43.67645905430044], [-79.38147676498357, 43.67652125739938], [-79.38147642604157, 43.67652144427623], [-79.38147523167446, 43.67652210283748], [-79.38147403482338, 43.6765227631964], [-79.38147283424993, 43.67652342445158], [-79.3814722830023, 43.67652372902608], [-79.38147164484883, 43.676524080317535], [-79.38147047158621, 43.67652472809896], [-79.38146931074147, 43.67652536779206], [-79.38146817348523, 43.676525994907685]]]}, "properties": {"StationName": "Bloor-Yonge", "MTSA_Type": "Protected Major Transit Station Area", "SASP_No": 600}}, {"type": "Feature", "geometry": {"type": "Polygon", "coordinates": [[[-79.39098690313836, 43.669358254708655], [-79.39054537223873, 43.6694474306355], [-79.38946773545314, 43.66966903450606], [-79.38797849982623, 43.66997437490293], [-79.38736770322814, 43.67009946443721], [-79.38674812600905, 43.670226339579436], [-79.38601081299875, 43.6703870552829], [-79.38567928889519, 43.67045931575391], [-79.38416959964871, 43.67080434326933], [-79.38312050049501, 43.67104631235858], [-79.3825698877765, 43.669685089417015], [-79.3824538119363, 43.669410713666664], [-79.38188804482434, 43.669533817423236], [-79.38043306553894, 43.66985040153351], [-79.37986574065584, 43.66997384199424], [-79.37941202467523, 43.66889376060723], [-79.3791896862289, 43.66892233653501], [-79.37807892861242, 43.669146544368374], [-79.3778721321488, 43.668668943999734], [-79.37783858633304, 43.668591462154154], [-79.37768478077649, 43.66823619806046], [-79.37535291241896, 43.66874604444114], [-79.37464369150763, 43.6670941660076], [-79.3737377387888, 43.66729501034642], [-79.37371612972797, 43.66724269029539], [-79.37329939414212, 43.666233455913186], [-79.37212433081694, 43.66338750332325], [-79.37222626457816, 43.66336504184469], [-79.37302171384846, 43.66318982519339], [-79.3766770158172, 43.66241871363264], [-79.3759938486674, 43.66076336471022], [-79.37585959103366, 43.66043918715847], [-79.37643013335467, 43.66030738865312], [-79.37700237757323, 43.6601751867662], [-79.37730149602872, 43.66011160468321], [-79.37845173056242, 43.659867114583385], [-79.37849546679526, 43.65985772942745], [-79.37849550010608, 43.659857811375446], [-79.37852032415641, 43.659852442327846], [-79.38079513979491, 43.65936054490279], [-79.38084290415796, 43.65935022600387], [-79.38134634958783, 43.659238684209576], [-79.38141766416419, 43.65922478985764], [-79.38207763367407, 43.65909608933351], [-79.38215303213963, 43.65908019322618], [-79.38485374531128, 43.65851077232331], [-79.38575220624806, 43.66066401951669], [-79.38581514099678, 43.660815754821975], [-79.38603094154924, 43.66136225785045], [-79.38603930789903, 43.661383447346175], [-79.3860648788987, 43.661467596161735], [-79.38605934063644, 43.661563803724235], [-79.38637799475377, 43.66149225565338], [-79.38771666925739, 43.66119164049064], [-79.38808798369118, 43.661129280266046], [-79.38820193122388, 43.66114000439421], [-79.38825302857761, 43.66118982570606], [-79.38830595764267, 43.66128495454751], [-79.3883452998491, 43.661380939626504], [-79.38846803614341, 43.661680382431726], [-79.38859249431631, 43.66198402051171], [-79.38947334865367, 43.661789920038196], [-79.3898579293457, 43.66170517685773], [-79.38989053427667, 43.66184658938502], [-79.39060913692508, 43.66358401478779], [-79.39110808066023, 43.66476046730115], [-79.39114164333999, 43.6648396321806], [-79.38946224303086, 43.66523161211084], [-79.38929404432349, 43.66527266304848], [-79.38922001855894, 43.66529073000946], [-79.38899148157994, 43.66534650677378], [-79.38850788381215, 43.665464526656926], [-79.38768426773672, 43.66564486950141], [-79.38847713724263, 43.667436484648555], [-79.38878781815939, 43.668106886449344], [-79.38882939800126, 43.66819661567003], [-79.38913836633705, 43.66815377575114], [-79.38978727607623, 43.66803024369672], [-79.3903873093682, 43.667916029728126], [-79.39098690313836, 43.669358254708655]]]}, "properties": {"StationName": "Wellesley", "MTSA_Type": "Protected Major Transit Station Area", "SASP_No": 602}}, {"type": "Feature", "geometry": {"type": "Polygon", "coordinates": [[[-79.37282825496733, 43.657888225027186], [-79.37287485290607, 43.65783498503589], [-79.3728939673039, 43.65781314821882], [-79.3729164086874, 43.65778750840984], [-79.37296935712355, 43.65772058162601], [-79.37298025558776, 43.65770680630908], [-79.37299927398901, 43.65768694877263], [-79.37306875082665, 43.65761440003278], [-79.37317137302914, 43.65751274423099], [-79.37327666701451, 43.6574020791061], [-79.37336978368096, 43.65732779751164], [-79.3734185952875, 43.657303337187706], [-79.37343560681536, 43.65729970325965], [-79.3734619483283, 43.65729407324738], [-79.37452691546746, 43.657066500217894], [-79.37562599450567, 43.65682050332613], [-79.37590472069637, 43.656767078742064], [-79.37652171353844, 43.65664882679134], [-79.37710819757747, 43.65650087733098], [-79.37827718402778, 43.65626242101162], [-79.37883806435379, 43.65614612659815], [-79.3790105898983, 43.656149025047675], [-79.37910719304283, 43.65617705316736], [-79.37933212895359, 43.65624133662537], [-79.3795359247418, 43.656291273450975], [-79.38014672468725, 43.65644385265781], [-79.3802391191367, 43.65645847053554], [-79.38027433213877, 43.65646003225647], [-79.38028142118552, 43.65646067967975], [-79.38032830975801, 43.65645823989079], [-79.3808859904462, 43.656328826958], [-79.38088682517592, 43.65632864689983], [-79.3810872073143, 43.656285412103976], [-79.38120944600843, 43.65625903729841], [-79.38372585890257, 43.65571598088591], [-79.38518505611839, 43.655426344453346], [-79.3852017597087, 43.655465262547196], [-79.3854116952514, 43.65595428657912], [-79.38548616248401, 43.65612775140731], [-79.38855904927428, 43.65546540274965], [-79.38944954363787, 43.657529449215026], [-79.3904550553775, 43.6598587187979], [-79.39051161590714, 43.65998313702841], [-79.39059082153761, 43.660157368966715], [-79.39063478136885, 43.66029573441691], [-79.39063177078938, 43.660329990807845], [-79.3906272588369, 43.66037921416494], [-79.39062272285419, 43.660442353639326], [-79.39060342930568, 43.66051403930783], [-79.39059363328674, 43.66053578717956], [-79.39058270566359, 43.66056004355329], [-79.39056346907599, 43.66059963933231], [-79.39054867773764, 43.660627447550446], [-79.39053240244819, 43.66066061106937], [-79.39051910402739, 43.66067878923167], [-79.39049246608064, 43.66072478689489], [-79.3904196312508, 43.66079143985997], [-79.39040003464869, 43.66080937253363], [-79.39038267801988, 43.66082415596721], [-79.39021082435119, 43.660976305264256], [-79.39018909494551, 43.66099428716064], [-79.39016735732397, 43.66101676883673], [-79.39014677401222, 43.66103925161787], [-79.39012697056832, 43.6610617351448], [-79.39010794823143, 43.66108422031922], [-79.39008968763645, 43.66111120601451], [-79.39007143523679, 43.66113369102282], [-79.39005473143189, 43.66115617841768], [-79.39003840500641, 43.66118316506453], [-79.38995279224474, 43.66134546043563], [-79.38993919478716, 43.66137851482656], [-79.38992788924408, 43.661410552466016], [-79.38990686381077, 43.66149844692781], [-79.38987932270717, 43.661614822684605], [-79.38987335614162, 43.661640034310885], [-79.3898579293457, 43.66170517685773], [-79.38989053427667, 43.66184658938502], [-79.39060913692508, 43.66358401478779], [-79.39110808066023, 43.66476046730115], [-79.39112737644511, 43.66480597954442], [-79.39114164333999, 43.6648396321806], [-79.3897778771818, 43.66515458965417], [-79.38970765514279, 43.66517172625593], [-79.38968947409583, 43.66517616259439], [-79.38953770144525, 43.66521319892401], [-79.38946224303086, 43.66523161211084], [-79.38850788381215, 43.665464526656926], [-79.38768426773672, 43.66564486950141], [-79.38719252901481, 43.66574263441933], [-79.38697784745605, 43.66578530942058], [-79.38691852837145, 43.665797096567026], [-79.38682299129289, 43.6658145348997], [-79.3867745522705, 43.66582338929276], [-79.38667310013443, 43.66584097466456], [-79.3865135453228, 43.665843254847246], [-79.38644917287061, 43.665842705747814], [-79.38633415803119, 43.66584172460919], [-79.38614786933681, 43.66584331159391], [-79.38611980818293, 43.665843543782174], [-79.38610539991228, 43.66584536300784], [-79.38598532568733, 43.66584649180066], [-79.38596595607734, 43.66584644097511], [-79.38501192105038, 43.66606363183159], [-79.38491402557622, 43.66584038560476], [-79.38335789815136, 43.66617545441655], [-79.3825895443244, 43.66633671688543], [-79.3820157025787, 43.666555649789665], [-79.38132261520178, 43.66670260709508], [-79.38091930969662, 43.665722411358495], [-79.37830692231375, 43.66628507977974], [-79.37785610783658, 43.66521590968226], [-79.3766770158172, 43.66241871363264], [-79.37302171384846, 43.66318982519339], [-79.37221817274886, 43.66336682497449], [-79.37147802633774, 43.663512791526905], [-79.37129741700296, 43.663081460931664], [-79.37202845717667, 43.66291932426451], [-79.37197679332026, 43.66279745883286], [-79.37156684493829, 43.661868574893475], [-79.37156260639534, 43.661814754467336], [-79.37083216778424, 43.661970317859044], [-79.37050420347597, 43.6611788134844], [-79.3712318282317, 43.66101884011844], [-79.37106097347535, 43.66060199327513], [-79.37078967549624, 43.6599206448758], [-79.37049526189499, 43.65923464195403], [-79.37038696161109, 43.65895742502697], [-79.37037210881236, 43.658930707371674], [-79.36964864173135, 43.659090744877695], [-79.36947163585391, 43.658658717567434], [-79.37016993427929, 43.65849138486661], [-79.37099207516631, 43.658294358923996], [-79.37131196954444, 43.658296024691175], [-79.37139207397792, 43.65830150757144], [-79.37151227306686, 43.658296529048656], [-79.3716360124694, 43.6582883408795], [-79.37175074631841, 43.658282222694154], [-79.37189393916383, 43.65827312892606], [-79.37202278940705, 43.658257751256194], [-79.37210414857324, 43.65825095894936], [-79.37214838640624, 43.658238229164105], [-79.37220988315015, 43.65822053458799], [-79.37226559365058, 43.65820048235078], [-79.37234989246643, 43.65817021483322], [-79.37252184976097, 43.65809092356458], [-79.3726015249011, 43.6580425300099], [-79.37271545966838, 43.6579742319753], [-79.37282825496733, 43.657888225027186]]]}, "properties": {"StationName": "College", "MTSA_Type": "Protected Major Transit Station Area", "SASP_No": 603}}, {"type": "Feature", "geometry": {"type": "Polygon", "coordinates": [[[-79.38464714842331, 43.67676158474184], [-79.38463490836183, 43.67673659631898], [-79.38453302397917, 43.67652858365776], [-79.38445190536207, 43.67636297299179], [-79.38437073925022, 43.676147407368894], [-79.38433634205425, 43.676065023628574], [-79.38426782563837, 43.6759532266992], [-79.38424987712868, 43.67593285465051], [-79.38422546648337, 43.675905147146715], [-79.3841924182224, 43.67586763560697], [-79.38418418076954, 43.67585803811225], [-79.38412669067371, 43.67579105563673], [-79.38406444569934, 43.675709978479524], [-79.38405099993503, 43.675695659879686], [-79.3840498773909, 43.67569446516065], [-79.3840482894945, 43.67569277399459], [-79.38404404933036, 43.675688257311435], [-79.38403980792668, 43.67568374062685], [-79.38403556281175, 43.67567921943767], [-79.384031310272, 43.67567469013958], [-79.38402706144475, 43.675670165345764], [-79.38402281138318, 43.67566563785014], [-79.38401855636845, 43.675661106748755], [-79.38401430382953, 43.67565657835016], [-79.38401004757591, 43.6756520472472], [-79.38399421203111, 43.675635786422426], [-79.38398906357422, 43.675631523553946], [-79.3839151192567, 43.67557031214428], [-79.38382142767402, 43.67551170721506], [-79.38370678348299, 43.675475584296784], [-79.38364355836472, 43.6754709157618], [-79.383583179056, 43.675466457121345], [-79.38353928004695, 43.675461572373514], [-79.38337130630424, 43.67543942069432], [-79.3830054666703, 43.67536796490443], [-79.38299095313727, 43.675364654651], [-79.38296220703923, 43.67535640608002], [-79.38295212571775, 43.67535318677254], [-79.3829126965354, 43.67534059399454], [-79.38286763552028, 43.675326201460926], [-79.38276036771451, 43.67528108288928], [-79.38265311371147, 43.675235964230794], [-79.38319798766128, 43.67454761205045], [-79.38402955134727, 43.673500107741525], [-79.38433632803847, 43.6730930573139], [-79.38463004708824, 43.672794112754346], [-79.38477879308432, 43.672627732122], [-79.38489765564422, 43.67248383542074], [-79.38474632735314, 43.67217122843249], [-79.38411577848294, 43.67226308538554], [-79.38364816121734, 43.672112253359735], [-79.38353943170021, 43.672036889415565], [-79.38285282861588, 43.672180214203586], [-79.3827294033877, 43.67205329890649], [-79.38233579629062, 43.6712210322061], [-79.38052643245229, 43.67161071673696], [-79.3800052894611, 43.67031955563259], [-79.37985163249238, 43.66999868804913], [-79.37900572462462, 43.66793407306827], [-79.38156743775421, 43.66729852334527], [-79.38132261520178, 43.66670260709508], [-79.38091930969662, 43.665722411358495], [-79.3845493815313, 43.664921562423054], [-79.3841178341766, 43.663903991610205], [-79.38673938630845, 43.66335885092753], [-79.38713662878232, 43.66435058192986], [-79.39060913692508, 43.66358401478779], [-79.39193887791559, 43.66330991651917], [-79.39265819652232, 43.663161641190825], [-79.39316984478235, 43.663068599747255], [-79.39354907744494, 43.66407897045617], [-79.39381831794017, 43.66480529815542], [-79.39382602923878, 43.66482780876271], [-79.3938329593708, 43.66485031864389], [-79.39383873634677, 43.66487282835376], [-79.39384373662432, 43.66489983713076], [-79.39384834805047, 43.66492234485742], [-79.39385217830491, 43.6649448527586], [-79.39385484300276, 43.66496735867714], [-79.39385673894387, 43.664989854880346], [-79.39385825048151, 43.66501236062805], [-79.39385823520853, 43.66502102894047], [-79.39417752521089, 43.66500345272628], [-79.3954821509945, 43.66473229471783], [-79.39565221138265, 43.66469695134501], [-79.39565909809168, 43.66469552011106], [-79.39570334686651, 43.66468635838239], [-79.39598632631241, 43.66462778950949], [-79.39691928666538, 43.664434627896576], [-79.39769489522546, 43.66633064831662], [-79.39832556268246, 43.667831191024575], [-79.3973417534353, 43.66803278593311], [-79.39787548876687, 43.6692326185056], [-79.39811434669383, 43.66982946318824], [-79.39826476487418, 43.67020531792978], [-79.39827736554483, 43.67025284557225], [-79.39828254513473, 43.67032491244363], [-79.39826020996054, 43.67040214861852], [-79.39824079388264, 43.670455885712165], [-79.39824040711724, 43.67045947421372], [-79.39823360685389, 43.67052241473337], [-79.39824075315627, 43.67056880334887], [-79.39848805500051, 43.67119437619251], [-79.39850824315435, 43.6712454453761], [-79.39539614838364, 43.671900981938656], [-79.39570529943705, 43.672656057772066], [-79.39598837969487, 43.67335138669873], [-79.39610419444428, 43.673635359941734], [-79.39434823604725, 43.67398580552903], [-79.39441661892549, 43.67415416990094], [-79.39479452888027, 43.67508461560907], [-79.39447449725826, 43.67516237953019], [-79.39438649062737, 43.675176758941], [-79.3942781712443, 43.67518263211555], [-79.39414194465778, 43.67518899152486], [-79.3940117640483, 43.675190321016096], [-79.3938972401763, 43.67518203253566], [-79.39380782744615, 43.67516311866014], [-79.39366519799644, 43.675109698011404], [-79.39357399654854, 43.675079179533654], [-79.39344482371571, 43.67502623830748], [-79.3928836320981, 43.674709495067795], [-79.39266599120461, 43.674805548785024], [-79.39208859319092, 43.674924808798984], [-79.39142602035066, 43.675059357551], [-79.39049842885444, 43.675247684070825], [-79.38949609090052, 43.675467886556035], [-79.389349504789, 43.67549944665134], [-79.38894672757321, 43.67558880503155], [-79.38905486044484, 43.675869961313445], [-79.38584516139761, 43.67658490433994], [-79.3857580447447, 43.67661108597551], [-79.38572881464427, 43.6766207944296], [-79.38557531348593, 43.67664314607677], [-79.38539077770446, 43.676674467765366], [-79.3851197654712, 43.67672369779826], [-79.38476102945094, 43.676799509812085], [-79.38476097609987, 43.67679952146007], [-79.3847605058722, 43.676799620901114], [-79.3847599599612, 43.6767997364683], [-79.38475933588649, 43.676799868159115], [-79.38475865101776, 43.67680001239055], [-79.38475790783544, 43.676800169165105], [-79.38475710757972, 43.67680033848399], [-79.38475627754708, 43.67680051407383], [-79.38473188278527, 43.67680566885925], [-79.38466782114888, 43.67680379136956], [-79.38466572101737, 43.676799501903425], [-79.38464714842331, 43.67676158474184]]]}, "properties": {"StationName": "Bay", "MTSA_Type": "Protected Major Transit Station Area", "SASP_No": 599}}, {"type": "Feature", "geometry": {"type": "Polygon", "coordinates": [[[-79.37216820383954, 43.667634728561964], [-79.3737377387888, 43.66729501034642], [-79.37464369150763, 43.6670941660076], [-79.37481787000713, 43.66697838137663], [-79.37490410336909, 43.66691453541525], [-79.37496146839484, 43.66687206488328], [-79.37512800605944, 43.666765232285414], [-79.37530775786298, 43.666669733086316], [-79.37549168240238, 43.66659127955074], [-79.37567492789411, 43.66652258066973], [-79.37581268348906, 43.666485956190826], [-79.3759941980699, 43.66645481585413], [-79.37611912588012, 43.66643796031141], [-79.3762707870836, 43.66642930861964], [-79.37646068809516, 43.666428621069734], [-79.37662259295287, 43.666431996816975], [-79.3767598576307, 43.6664470556619], [-79.37694626834516, 43.66647235861339], [-79.3771487763331, 43.66651551928684], [-79.37722720334939, 43.66650579564689], [-79.3772726062049, 43.66650370387399], [-79.3773751349653, 43.66648481560203], [-79.37830692231375, 43.66628507977974], [-79.37836169908, 43.66644519963404], [-79.37866195838072, 43.667123973045136], [-79.37900572462462, 43.66793407306827], [-79.38140035302041, 43.66740422157356], [-79.3815982992643, 43.66737287335696], [-79.38201615651828, 43.66834849793765], [-79.3824538119363, 43.669410713666664], [-79.38277087922548, 43.67016017197246], [-79.38312050049501, 43.67104631235858], [-79.38416959964871, 43.67080434326933], [-79.38459410439329, 43.67180213044676], [-79.38474632735314, 43.67217122843249], [-79.38489765564422, 43.67248383542074], [-79.38477879308432, 43.672627732122], [-79.38463004708824, 43.672794112754346], [-79.38433632803847, 43.6730930573139], [-79.38402955134727, 43.673500107741525], [-79.38364960944165, 43.673978394370124], [-79.38335436604802, 43.67435005230065], [-79.38265311371147, 43.675235964230794], [-79.38215443573715, 43.67597356639819], [-79.38212057799983, 43.67604104348916], [-79.38206851782307, 43.67611300247172], [-79.38201453219611, 43.6761624542426], [-79.38195475713262, 43.67621640158911], [-79.38188915430571, 43.676270342882525], [-79.38176148752402, 43.67635121503542], [-79.38158957544702, 43.67645905430044], [-79.38145888051282, 43.67653111874636], [-79.38145107242607, 43.676535425000516], [-79.38143231874817, 43.67650866251178], [-79.38142223451248, 43.6764942705799], [-79.38141394105506, 43.67648243419049], [-79.38141255135608, 43.676480889015686], [-79.38141203867401, 43.67648050322564], [-79.3814115297037, 43.67648012194014], [-79.38141107027205, 43.676479775811316], [-79.38141063312669, 43.676479448608454], [-79.38141023932789, 43.6764791520552], [-79.38140988020137, 43.676478882542], [-79.38140958175576, 43.67647865809853], [-79.3814093427509, 43.67647847872352], [-79.38140915823308, 43.67647834081131], [-79.38140904182846, 43.676478252477224], [-79.38140899848547, 43.676478220027356], [-79.38135320395736, 43.67643631211022], [-79.38127077820276, 43.67637771499179], [-79.38116856494793, 43.67632809950473], [-79.38104885544391, 43.67630096911967], [-79.38093765184652, 43.67628735850967], [-79.38078615993803, 43.676264695421246], [-79.38063157435194, 43.6762330266417], [-79.3805574700313, 43.67726360572314], [-79.38053657522809, 43.67743910766698], [-79.3805447577135, 43.6776056395338], [-79.38055727404517, 43.67774067837436], [-79.38056753075057, 43.67785320155531], [-79.38059169711572, 43.67797925030065], [-79.38062903706539, 43.67810980447262], [-79.38064276511669, 43.67822684004399], [-79.38066122978121, 43.67830002144748], [-79.38066775426913, 43.67832587565363], [-79.3805965548348, 43.678305231404664], [-79.3804496640883, 43.67826264098029], [-79.38040941277737, 43.678253650628434], [-79.3802269214479, 43.67821290395051], [-79.379854154204, 43.67817200935829], [-79.37883162205355, 43.67803590970532], [-79.37838371074108, 43.677976916224594], [-79.37827911879052, 43.67794980713056], [-79.37815209838153, 43.67790016074165], [-79.37803011346976, 43.67785052858557], [-79.37792401896391, 43.67779639458859], [-79.37785631192672, 43.67774232041986], [-79.37779018190162, 43.67767024518184], [-79.37773757976291, 43.67761617808793], [-79.37770474553967, 43.67756213211973], [-79.37765492735849, 43.67747657221482], [-79.37762947767531, 43.67740903209038], [-79.37760632972429, 43.67735499646076], [-79.377192674564, 43.67741756231214], [-79.3765870085445, 43.677560934445395], [-79.37619970184286, 43.67762352244405], [-79.37597366179872, 43.67766378082336], [-79.37583178819563, 43.67767263536182], [-79.37557870966164, 43.67766785770014], [-79.37531442458658, 43.6776540649976], [-79.37513503579181, 43.67762686331433], [-79.37490210044642, 43.67762661583594], [-79.3746870524968, 43.67760387419832], [-79.37452902309238, 43.67756958480481], [-79.37379463554868, 43.677351215345986], [-79.37373042441732, 43.67729986279965], [-79.37371741084489, 43.67723303854514], [-79.37372990270897, 43.67719142916506], [-79.37376092212698, 43.677128497125445], [-79.37378162191864, 43.67707729235384], [-79.37379643613502, 43.67702289459944], [-79.37380092757368, 43.67698234753863], [-79.37380694406652, 43.6769183167166], [-79.37381145114642, 43.676870298544294], [-79.3738174676166, 43.67680626772043], [-79.37382640219496, 43.676758254433835], [-79.37383828600083, 43.67669423908502], [-79.37385457815049, 43.676638771788866], [-79.3738782482575, 43.676572627117], [-79.37391073832258, 43.67650543090837], [-79.37395206619904, 43.67642863908483], [-79.37401542173858, 43.676293435599376], [-79.3721664177211, 43.67672597023477], [-79.37218003487104, 43.67679971739127], [-79.37210819293874, 43.67685840690676], [-79.37106736578988, 43.67707489862923], [-79.37094693457333, 43.677051473515796], [-79.37082349405216, 43.67680288129456], [-79.37080233936058, 43.67675341652435], [-79.37069038495108, 43.67672628585909], [-79.37062094541203, 43.67671386372402], [-79.37053851854002, 43.676699117990346], [-79.37038395934505, 43.6766629374064], [-79.37024217831474, 43.676631271798314], [-79.37013764836774, 43.676581645621354], [-79.37012108611536, 43.67656928594154], [-79.37002892403969, 43.67650050982282], [-79.36995193367972, 43.676427055781446], [-79.36995191016268, 43.67642703415144], [-79.36980962028004, 43.67629895836786], [-79.36968452523406, 43.67626763151731], [-79.36963568494889, 43.67626487722095], [-79.3693578002008, 43.67625670808753], [-79.36924930546395, 43.6762430820018], [-79.3691559632669, 43.6762249724784], [-79.36908828532631, 43.67615738389527], [-79.36904630668685, 43.67610636021288], [-79.36902527781255, 43.6760808001631], [-79.36899441134655, 43.67601325369448], [-79.36883376234002, 43.675517341160244], [-79.36871145688751, 43.67513979529621], [-79.36870010238611, 43.675107146919565], [-79.36863943189512, 43.67493268394059], [-79.36859834779098, 43.67476610613005], [-79.36856380467314, 43.67460854528424], [-79.3685620282389, 43.67452753278308], [-79.36855252691868, 43.67444650239673], [-79.36851408292914, 43.67448247173342], [-79.36841591460174, 43.674531863565285], [-79.36838128460822, 43.67454086826601], [-79.3682759874285, 43.67456824703901], [-79.36769936215421, 43.67469756169029], [-79.36732960125843, 43.67436858612376], [-79.36816373757262, 43.67377545493407], [-79.36879329618243, 43.673330615373025], [-79.36987656595964, 43.672575738985465], [-79.3699446893657, 43.672526327905246], [-79.37065711992066, 43.6720095379018], [-79.37066954001858, 43.67199604990509], [-79.37069853944205, 43.671965639190226], [-79.37072555164295, 43.67193721642262], [-79.3707525790787, 43.671901682586245], [-79.37077960648443, 43.671866147843126], [-79.37080418993035, 43.67182526441968], [-79.37082387875971, 43.67178260219047], [-79.37084603056026, 43.67173639530175], [-79.37086329663113, 43.67168484597881], [-79.37087319528887, 43.671633279329406], [-79.37086499374107, 43.671534742003196], [-79.3708592299676, 43.67150515700005], [-79.37085504994111, 43.671483603005136], [-79.37085347982148, 43.67147558101323], [-79.3708303374955, 43.67140373385749], [-79.37036717897678, 43.67025828235394], [-79.36979157833633, 43.66885753165933], [-79.36971879116277, 43.66867316095244], [-79.36965952112388, 43.668523020720485], [-79.36952192926839, 43.66817448725576], [-79.36909983582322, 43.667151180475855], [-79.36908046470006, 43.66710656728635], [-79.36961660612891, 43.66698938987994], [-79.36982674076981, 43.666942836620386], [-79.37044072438844, 43.66680815077501], [-79.37170183159502, 43.66651224332246], [-79.37216820383954, 43.667634728561964]]]}, "properties": {"StationName": "Sherbourne", "MTSA_Type": "Protected Major Transit Station Area", "SASP_No": 601}}, {"type": "Feature", "geometry": {"type": "Polygon", "coordinates": [[[-79.37203827957326, 43.65395724497258], [-79.37306814385525, 43.653757149857704], [-79.373214650546, 43.65372868440364], [-79.37318285090089, 43.65364884186086], [-79.37294311325387, 43.65304687015533], [-79.37279193569924, 43.6527040935758], [-79.37267618721012, 43.652348212401925], [-79.37295152112706, 43.65228819137158], [-79.37516377189009, 43.651806105896036], [-79.3749493431967, 43.6512878770482], [-79.37490689381251, 43.6511852857661], [-79.37643240539816, 43.65085158068764], [-79.37662882084956, 43.650805120573786], [-79.37720551764654, 43.650668703288446], [-79.37789662430578, 43.65053218301716], [-79.37843045371012, 43.650407147328096], [-79.37903364552784, 43.65028110329424], [-79.37914830742912, 43.650257139521905], [-79.38077049393208, 43.649892422920054], [-79.38209114264804, 43.64961443241295], [-79.3835846524706, 43.64929244462184], [-79.38363850616861, 43.64928083273451], [-79.38407057018972, 43.64918767423232], [-79.38461112972034, 43.65044055192723], [-79.38492429659541, 43.651216534436074], [-79.38658879252277, 43.65085252592952], [-79.3869563900573, 43.6517557069607], [-79.38720522669709, 43.65231404213554], [-79.38751146408171, 43.65303445384987], [-79.38754191350111, 43.653107781279296], [-79.38789832157062, 43.6539664765268], [-79.38827433839943, 43.654790059061895], [-79.38828069730758, 43.654803981431215], [-79.38855904927428, 43.65546540274965], [-79.38864829986167, 43.65567747161369], [-79.38892782616234, 43.65634782785837], [-79.38893180194358, 43.65635735519319], [-79.3891940672022, 43.656927620979395], [-79.38934069450566, 43.65726155615877], [-79.38944954363787, 43.657529449215026], [-79.38894157873493, 43.657647659066384], [-79.38797883766254, 43.65785848906862], [-79.38672153824608, 43.65810584052354], [-79.38592361945058, 43.658270000189205], [-79.3856568767868, 43.658326719677675], [-79.38485374531128, 43.65851077232331], [-79.38510116137422, 43.659096710038284], [-79.38527286042087, 43.65950832236148], [-79.38581514099678, 43.660815754821975], [-79.3836661746496, 43.661252392932404], [-79.38307050555211, 43.66137200135819], [-79.38253969751278, 43.66137592815768], [-79.38236507816883, 43.661374613523705], [-79.3819084193913, 43.661369486268974], [-79.38179389041487, 43.66136476819066], [-79.38163847934203, 43.66138748619749], [-79.38143527972002, 43.66143323938423], [-79.37939389572608, 43.66186334665233], [-79.37933494973231, 43.6618757621625], [-79.377968223821, 43.66213713368139], [-79.3778379757464, 43.66217201894166], [-79.37771196630105, 43.661872983417716], [-79.3771138072715, 43.66043982850056], [-79.37700698365153, 43.66018612390414], [-79.37700237757323, 43.6601751867662], [-79.37643013335467, 43.66030738865312], [-79.37585959103366, 43.66043918715847], [-79.37581890615782, 43.66033625534235], [-79.37452691546746, 43.657066500217894], [-79.3734185952875, 43.657303337187706], [-79.37336978368096, 43.65732779751164], [-79.37327666701451, 43.6574020791061], [-79.37317137302914, 43.65751274423099], [-79.37306875082665, 43.65761440003278], [-79.37298025558776, 43.65770680630908], [-79.37296935712355, 43.65772058162601], [-79.3729164086874, 43.65778750840984], [-79.37282825496733, 43.657888225027186], [-79.37271545966838, 43.6579742319753], [-79.3726015249011, 43.6580425300099], [-79.37252184976097, 43.65809092356458], [-79.37234989246643, 43.65817021483322], [-79.37226559365058, 43.65820048235078], [-79.37220988315015, 43.65822053458799], [-79.37210414857324, 43.65825095894936], [-79.37202278940705, 43.658257751256194], [-79.37189393916383, 43.65827312892606], [-79.37175074631841, 43.658282222694154], [-79.3716360124694, 43.6582883408795], [-79.37151227306686, 43.658296529048656], [-79.37139207397792, 43.65830150757144], [-79.37131196954444, 43.658296024691175], [-79.37099207516631, 43.658294358923996], [-79.37099030627115, 43.65829478269336], [-79.3709817657071, 43.65829682897152], [-79.37059792717488, 43.65838881866467], [-79.36948992169035, 43.65865433496683], [-79.36947177106534, 43.65865868531684], [-79.36947163585391, 43.658658717567434], [-79.36931041548506, 43.658266111574065], [-79.36980011581241, 43.65815931352157], [-79.36996583411981, 43.65811958189305], [-79.36959122066406, 43.65719931582706], [-79.36950707265174, 43.65699276212574], [-79.36944819259531, 43.656856403051144], [-79.36886557477709, 43.65697792556038], [-79.36878770500667, 43.656994170128435], [-79.36859766679733, 43.656473257418476], [-79.36858349028975, 43.65643439742056], [-79.36858069306253, 43.65631968948132], [-79.36919520398446, 43.65630469766474], [-79.36882527279707, 43.6554424094236], [-79.36884305211414, 43.65540943792056], [-79.36870661558486, 43.655089309697274], [-79.3687106388389, 43.65507838662705], [-79.36803858331162, 43.65522699991561], [-79.36789984804886, 43.65485425402278], [-79.3689376027079, 43.65462676722481], [-79.36941976169369, 43.65452491285023], [-79.36992553212129, 43.65442435700621], [-79.37005404946635, 43.654398795187944], [-79.37060189333027, 43.654276883353056], [-79.37203827957326, 43.65395724497258]]]}, "properties": {"StationName": "Dundas", "MTSA_Type": "Protected Major Transit Station Area", "SASP_No": 604}}, {"type": "Feature", "geometry": {"type": "Polygon", "coordinates": [[[-79.37203827957326, 43.65395724497258], [-79.37060189333027, 43.654276883353056], [-79.37005404946635, 43.654398795187944], [-79.36992553212129, 43.65442435700621], [-79.36941976169369, 43.65452491285023], [-79.3689688167059, 43.65462009516905], [-79.36896151124435, 43.65462163503478], [-79.36850209462186, 43.65351127424892], [-79.36798635252714, 43.653629775480994], [-79.3679563096847, 43.65363680867829], [-79.36775683858166, 43.65314990234514], [-79.36769793494626, 43.65300632943196], [-79.36799127832037, 43.65293855859112], [-79.36774763332916, 43.652332599092276], [-79.36806992751579, 43.652262683192895], [-79.36804298447555, 43.65216729579153], [-79.36789456735494, 43.65181690609046], [-79.36791886463413, 43.65181097704117], [-79.36774348556605, 43.651383959465164], [-79.36782884584647, 43.651364937419324], [-79.3676381508035, 43.650903721825195], [-79.36751195596271, 43.65093193724817], [-79.36749540074517, 43.650914748790655], [-79.36732469075277, 43.65052045240635], [-79.36785245621083, 43.65039440861535], [-79.36903403548898, 43.650099818556534], [-79.37023769468848, 43.649828978028744], [-79.37142508317041, 43.649449811549665], [-79.37326706915785, 43.64867717535636], [-79.37374693774589, 43.648441771460746], [-79.37327275013617, 43.64725688968955], [-79.37646323247282, 43.64578350506516], [-79.37679907373213, 43.64656798097438], [-79.37693454373132, 43.6468844165051], [-79.37698468305149, 43.64681009275294], [-79.37706251350815, 43.64674845383766], [-79.3775031356708, 43.64646955109004], [-79.37761604437048, 43.64642054864628], [-79.37774941398627, 43.64634189843639], [-79.37785269520424, 43.646297421270575], [-79.37788310296327, 43.64628349077491], [-79.37799369165202, 43.64622902972534], [-79.37805096243531, 43.646211290551996], [-79.37814390567634, 43.646182502347614], [-79.37842947185902, 43.646101096118464], [-79.37867110477038, 43.64605954039271], [-79.37909512498524, 43.64598662096672], [-79.37911997936949, 43.64604299066034], [-79.37918647140313, 43.64619380751786], [-79.37923341646075, 43.646300280756805], [-79.3796893549798, 43.64733438847903], [-79.38406004885292, 43.64638317781962], [-79.38476700806328, 43.64766165030266], [-79.38551636487799, 43.648868555337366], [-79.38658151309293, 43.6486377373413], [-79.38684131910873, 43.649254175945835], [-79.38709791546142, 43.64990598443102], [-79.3872497400609, 43.65025807015748], [-79.38739095125054, 43.650585566882754], [-79.38747649673914, 43.65067257854151], [-79.38658879252277, 43.65085252592952], [-79.3869563900573, 43.6517557069607], [-79.38720522669709, 43.65231404213554], [-79.38751146408171, 43.65303445384987], [-79.38754191350111, 43.653107781279296], [-79.38659698353696, 43.65332292630722], [-79.38640574879982, 43.65337704275976], [-79.38712213862141, 43.65502364208603], [-79.38739743997036, 43.65571902724706], [-79.38632177826702, 43.65593977673544], [-79.38548616248401, 43.65612775140731], [-79.38584448479409, 43.656988874093024], [-79.38571624859858, 43.65701585544969], [-79.38437563900271, 43.65730782752755], [-79.38391060716242, 43.65740647952191], [-79.3838584880104, 43.65741753519627], [-79.38240634650413, 43.65772559309088], [-79.3815468185539, 43.65790792084045], [-79.38132952025661, 43.657416048600574], [-79.38072679852617, 43.65755091113332], [-79.3763302630069, 43.65851354472357], [-79.37576463528862, 43.657153791026545], [-79.37562599450567, 43.65682050332613], [-79.37452691546746, 43.657066500217894], [-79.37438979759715, 43.65670663878071], [-79.3742187681506, 43.656257770099074], [-79.37387719645251, 43.65536131959954], [-79.37335522198661, 43.65407508247644], [-79.3732591444377, 43.65383832572709], [-79.37322425206457, 43.65375234531764], [-79.373214650546, 43.65372868440364], [-79.37306814385525, 43.653757149857704], [-79.37203827957326, 43.65395724497258]]]}, "properties": {"StationName": "Queen", "MTSA_Type": "Protected Major Transit Station Area", "SASP_No": 605}}, {"type": "Feature", "geometry": {"type": "Polygon", "coordinates": [[[-79.3814928634417, 43.64304899587102], [-79.3824311554647, 43.6452917083486], [-79.3849815816393, 43.644774924287724], [-79.38607074260133, 43.64739452976043], [-79.38632963478824, 43.648008782309475], [-79.38658151309293, 43.6486377373413], [-79.38684131910873, 43.649254175945835], [-79.38709791546142, 43.64990598443102], [-79.38625131346535, 43.650086592707204], [-79.38658879252277, 43.65085252592952], [-79.38599881881325, 43.65098154845454], [-79.38492429659541, 43.651216534436074], [-79.38238489554297, 43.65176074440897], [-79.38233701361315, 43.65177100173593], [-79.38167841758273, 43.65189355289758], [-79.38071933869077, 43.65212605604591], [-79.37922033184216, 43.65243946890076], [-79.379933951175, 43.65406268806722], [-79.37493130085836, 43.655148769363294], [-79.37424947385242, 43.653501615056115], [-79.373214650546, 43.65372868440364], [-79.37294311325387, 43.65304687015533], [-79.37279193569924, 43.6527040935758], [-79.3726687002503, 43.65267406363632], [-79.37258092617851, 43.652664236224524], [-79.37242701255681, 43.65266141905349], [-79.3723261595376, 43.652663925865745], [-79.3722079040177, 43.65267612654345], [-79.37156529343804, 43.65281723867286], [-79.37103886471928, 43.651604308093816], [-79.36981518970003, 43.65189242316158], [-79.36943408662619, 43.651001250613], [-79.36921107765018, 43.65049873558136], [-79.36903403548898, 43.650099818556534], [-79.36785245621083, 43.65039440861535], [-79.3672263014682, 43.65054394794482], [-79.36702631767623, 43.650591709159514], [-79.36669787106308, 43.65067014829093], [-79.36665279653393, 43.650680912703194], [-79.36639050886698, 43.650069240341274], [-79.36627870649673, 43.64980850645415], [-79.36622992509413, 43.64969455645136], [-79.36621642961623, 43.64966303215299], [-79.36611157653098, 43.64941810457684], [-79.36610172540247, 43.649395092656675], [-79.36607347929338, 43.6493291107975], [-79.36592705728498, 43.64892655847947], [-79.36578120880107, 43.64856626640663], [-79.36570676909979, 43.64838002546173], [-79.36548974888802, 43.647778451325216], [-79.36544732911572, 43.64767757217195], [-79.36544728977198, 43.647677427203014], [-79.36653855947434, 43.64744686806679], [-79.36618235919856, 43.64664333455072], [-79.36702829019191, 43.64646034731892], [-79.36866845476925, 43.64619417968877], [-79.36997202964122, 43.64596252261549], [-79.37219632787338, 43.64552760757773], [-79.3725315965633, 43.64546205379762], [-79.37544184862591, 43.644709142591374], [-79.37544656233796, 43.64470807475927], [-79.37606993526796, 43.644146017416695], [-79.37629722191627, 43.64402890860336], [-79.37787282389151, 43.64321707677923], [-79.37947291821617, 43.642411339300054], [-79.37962788189789, 43.64262894970918], [-79.37999845346381, 43.643149329297266], [-79.38012240767806, 43.64318956333885], [-79.38018517926511, 43.643186347231946], [-79.38143560941587, 43.64291214384259], [-79.3814928634417, 43.64304899587102]]]}, "properties": {"StationName": "King", "MTSA_Type": "Protected Major Transit Station Area", "SASP_No": 606}}, {"type": "Feature", "geometry": {"type": "Polygon", "coordinates": [[[-79.40246819918397, 43.65935783384504], [-79.40260885552628, 43.65970093719128], [-79.40291641708504, 43.660451116838146], [-79.40298415284744, 43.66061632545153], [-79.40311297113443, 43.66093050470879], [-79.40329310975709, 43.66137665150877], [-79.40365961537908, 43.66228381068402], [-79.40382823478757, 43.66269876604169], [-79.40478414138023, 43.662494034103], [-79.40411393646005, 43.66079115483891], [-79.40649032596775, 43.66032305223124], [-79.40703306701883, 43.661656887943394], [-79.40709595360833, 43.66181176015577], [-79.40717904365157, 43.6620163867755], [-79.40767270834048, 43.661912139184786], [-79.40781441705592, 43.66188649069305], [-79.4085035950573, 43.66176173343712], [-79.40911687259009, 43.661637866751796], [-79.40973033320097, 43.66151425615781], [-79.40988387355218, 43.66188322427299], [-79.40988506576869, 43.661886088552684], [-79.41067759174898, 43.66382976311692], [-79.4118939991121, 43.66358016991864], [-79.41355176102597, 43.66785376174426], [-79.41234452888344, 43.66811332324206], [-79.4111269443321, 43.668370464163836], [-79.41114264684195, 43.66840913006448], [-79.41138770683045, 43.6690126426495], [-79.41147437483443, 43.669232788827976], [-79.41192716834827, 43.670382914209846], [-79.41057995521226, 43.67066529080587], [-79.40938659277536, 43.67090236796532], [-79.40916373081441, 43.670954492639865], [-79.40817961435482, 43.671157568477874], [-79.40809436741232, 43.67117516695704], [-79.40827422920174, 43.671645406949196], [-79.40829316082038, 43.671694901754385], [-79.40716073793028, 43.67194212474101], [-79.40600257959757, 43.67218780941012], [-79.40484258286656, 43.67242550649336], [-79.40424311831897, 43.672549260759425], [-79.40398280284113, 43.67260300108841], [-79.40210105605749, 43.67299255034052], [-79.40099400304842, 43.673222729422505], [-79.4006929419729, 43.67327209279844], [-79.40034146177106, 43.673353562509746], [-79.40025303416516, 43.6733632401617], [-79.4001616586119, 43.67336999872847], [-79.40005956772542, 43.673363641867795], [-79.39974656313616, 43.67332929762049], [-79.39962300911692, 43.673323103371835], [-79.39951369161673, 43.67333042355205], [-79.39936859829712, 43.6733580453212], [-79.39910492772904, 43.67269012765041], [-79.39882504778464, 43.672007938583754], [-79.39872219181002, 43.67176038192569], [-79.39850824315435, 43.6712454453761], [-79.39824075315627, 43.67056880334887], [-79.39823360685389, 43.67052241473337], [-79.39824040711724, 43.67045947421372], [-79.39824079388264, 43.670455885712165], [-79.39826020996054, 43.67040214861852], [-79.39828254513473, 43.67032491244363], [-79.39827736554483, 43.67025284557225], [-79.39826476487418, 43.67020531792978], [-79.39811434669383, 43.66982946318824], [-79.39787548876687, 43.6692326185056], [-79.39786391116434, 43.669206593299464], [-79.39735410882268, 43.66806055996246], [-79.3973417534353, 43.66803278593311], [-79.39832556268246, 43.667831191024575], [-79.39769489522546, 43.66633064831662], [-79.39691928666538, 43.664434627896576], [-79.3970100328804, 43.664414750033295], [-79.39840577026524, 43.664109032176015], [-79.39870128971191, 43.663893626786724], [-79.398933251045, 43.663755506104465], [-79.39900477763565, 43.663675826097396], [-79.40004876896849, 43.663497713446525], [-79.39969277127729, 43.662604093791074], [-79.39968363323696, 43.66258094322045], [-79.39936948824676, 43.661784293227356], [-79.39934597159943, 43.661724655464624], [-79.39930786259632, 43.661630212698235], [-79.39901086515559, 43.66089416680797], [-79.39875323509966, 43.660273522079876], [-79.39867107239762, 43.66007558262795], [-79.39888279268216, 43.66001909467933], [-79.39913902607843, 43.65996326221624], [-79.39938011236609, 43.65991072745642], [-79.39942748963611, 43.659900404052735], [-79.39969683329153, 43.65984171222982], [-79.39988102838544, 43.659801573596255], [-79.39987809379289, 43.65976418106908], [-79.39987341078941, 43.65970453918443], [-79.39987065467359, 43.65966942776404], [-79.39988411660599, 43.65960622822049], [-79.39992151987298, 43.65951100290142], [-79.39997719311033, 43.659427153305685], [-79.40004851025557, 43.659330030414246], [-79.40011166421215, 43.65927244613644], [-79.40014763807058, 43.65923964590685], [-79.40025561841537, 43.65915802918639], [-79.40032665811954, 43.65907900856424], [-79.40036517947664, 43.65903879334326], [-79.40039410454146, 43.65900901585766], [-79.4004164807733, 43.658985980099665], [-79.40042292649582, 43.65897934449112], [-79.40042362943875, 43.65897862139191], [-79.40043005032283, 43.658972010065085], [-79.40055889917492, 43.6590200825137], [-79.40064280729962, 43.65904137984488], [-79.40081492951576, 43.659063743840385], [-79.40100236362387, 43.65909456323891], [-79.40112322753984, 43.65914329423777], [-79.40124043186813, 43.65920247525747], [-79.40135661488839, 43.659263114399884], [-79.40145364879598, 43.65933660980046], [-79.40157574004581, 43.6594823250157], [-79.40158671857174, 43.659495428784524], [-79.4023759598723, 43.65931485360086], [-79.40240706173228, 43.65930773755725], [-79.40244417905684, 43.659299244926046], [-79.40245960874446, 43.659336878488375], [-79.40246819918397, 43.65935783384504]]]}, "properties": {"StationName": "Spadina", "MTSA_Type": "Protected Major Transit Station Area", "SASP_No": 597}}, {"type": "Feature", "geometry": {"type": "Polygon", "coordinates": [[[-79.39975157254526, 43.66164004332591], [-79.401371707637, 43.66130202757788], [-79.40201089679127, 43.66116565632777], [-79.40232812005702, 43.661097972762725], [-79.40311297113443, 43.66093050470879], [-79.40329310975709, 43.66137665150877], [-79.40365961537908, 43.66228381068402], [-79.40382823478757, 43.66269876604169], [-79.40478414138023, 43.662494034103], [-79.40599870506583, 43.66226023645815], [-79.40624126539085, 43.66295166075271], [-79.40661068525937, 43.663888559469285], [-79.40708058698146, 43.66501174196356], [-79.40726952907063, 43.665493137829046], [-79.40743417403337, 43.66591415944148], [-79.40826418672758, 43.6680361924113], [-79.40860462288346, 43.668904902204005], [-79.40900799895849, 43.669935597417485], [-79.40938659277536, 43.67090236796532], [-79.40916373081441, 43.670954492639865], [-79.40817961435482, 43.671157568477874], [-79.40809436741232, 43.67117516695704], [-79.40827422920174, 43.671645406949196], [-79.40829316082038, 43.671694901754385], [-79.40716073793028, 43.67194212474101], [-79.40600257959757, 43.67218780941012], [-79.40484258286656, 43.67242550649336], [-79.40424311831897, 43.672549260759425], [-79.4036589966396, 43.67266985362969], [-79.40210105605749, 43.67299255034052], [-79.40099400304842, 43.673222729422505], [-79.4006929419729, 43.67327209279844], [-79.40034146177106, 43.673353562509746], [-79.40025303416516, 43.6733632401617], [-79.4001616586119, 43.67336999872847], [-79.40005956772542, 43.673363641867795], [-79.39974656313616, 43.67332929762049], [-79.39962300911692, 43.673323103371835], [-79.39951369161673, 43.67333042355205], [-79.39936859829712, 43.6733580453212], [-79.39931781940903, 43.67336866362428], [-79.39783006892502, 43.67367977282639], [-79.39679821614985, 43.67389357974771], [-79.39626455281929, 43.67400414112474], [-79.39610419444428, 43.673635359941734], [-79.39441817499966, 43.673971848724584], [-79.39435906631475, 43.673983644409475], [-79.39434823604725, 43.67398580552903], [-79.39402235957319, 43.67320258503399], [-79.39347615023132, 43.671887404479136], [-79.3934346521374, 43.67178747853343], [-79.39333394024125, 43.671544968785355], [-79.39319190988267, 43.671160189727644], [-79.39304163734695, 43.670753028054285], [-79.39297687587883, 43.670766731433105], [-79.39143563524699, 43.6710927433504], [-79.39124333969272, 43.67113341597027], [-79.3908930689175, 43.67032461977073], [-79.39078577034337, 43.670037500543515], [-79.3907609050209, 43.66997092515778], [-79.39054537223873, 43.6694474306355], [-79.39058549770728, 43.66943932640905], [-79.39098690313836, 43.669358254708655], [-79.39410210704048, 43.66871992987034], [-79.39348694542076, 43.66726478868519], [-79.39311151840734, 43.66637227150107], [-79.39312954509961, 43.666247316858204], [-79.39312962914221, 43.66620204181743], [-79.39312969184758, 43.66616110541948], [-79.39313869161857, 43.66610940272917], [-79.39315363824433, 43.66605984702366], [-79.39317152006679, 43.666005992301194], [-79.39320725785076, 43.66594569036996], [-79.39323997894671, 43.665906934904164], [-79.39328163196807, 43.6658595554478], [-79.3933143539087, 43.66582727105034], [-79.39335103727878, 43.665791633726], [-79.39335313482928, 43.66579051051087], [-79.39337757632386, 43.66577703124612], [-79.3934016321753, 43.6657635516165], [-79.39342528802676, 43.665745570920656], [-79.39344817827919, 43.66573209019445], [-79.39347067296964, 43.66571860909502], [-79.39349241798196, 43.665700627504506], [-79.39351374707586, 43.66568714531051], [-79.39353469848285, 43.66566916207246], [-79.39355488233272, 43.6656511790159], [-79.39357468054075, 43.66563319469658], [-79.393593305212, 43.665619710869855], [-79.3936115502209, 43.66559722531005], [-79.3936290296483, 43.66557923882307], [-79.39364649666396, 43.66556125322194], [-79.39366240256238, 43.665543257164536], [-79.39367794313365, 43.66552077717928], [-79.39369309137471, 43.66550278941413], [-79.393707081977, 43.6654802998821], [-79.39372068149414, 43.665462301671724], [-79.39373349856724, 43.66544431173368], [-79.39374555479095, 43.665421820398464], [-79.39375461487346, 43.6654037549547], [-79.3937568298262, 43.66539932833584], [-79.39376731127416, 43.66537683553452], [-79.39377897514619, 43.66535884451941], [-79.39378986700761, 43.66533635209725], [-79.39379121166043, 43.66533323977023], [-79.3937996019745, 43.66531385769898], [-79.39380894014523, 43.66529136293124], [-79.39381749837277, 43.66526886653801], [-79.39382528657451, 43.66524637032901], [-79.3938322935948, 43.665223872493726], [-79.39383814868232, 43.665201374488284], [-79.39384324614971, 43.66517887487873], [-79.39384793442409, 43.66515637578903], [-79.39385184945093, 43.665129374392194], [-79.39385459097882, 43.66510687349431], [-79.39385657613008, 43.6650843709938], [-79.3938581724208, 43.6650573683435], [-79.39385821207196, 43.66503486403632], [-79.39385823520853, 43.66502102894047], [-79.39417752521089, 43.66500345272628], [-79.39565221138265, 43.66469695134501], [-79.39565909809168, 43.66469552011106], [-79.39570334686651, 43.66468635838239], [-79.39598632631241, 43.66462778950949], [-79.39691928666538, 43.664434627896576], [-79.39840577026524, 43.664109032176015], [-79.39835163192679, 43.663977461296575], [-79.39824423580107, 43.66371608990679], [-79.39825456601979, 43.663741595509734], [-79.39689839077988, 43.6604462030356], [-79.39701186925204, 43.66042177565363], [-79.39701213348307, 43.66042241949071], [-79.39862493089696, 43.660085230809614], [-79.39867107239762, 43.66007558262795], [-79.39875323509966, 43.660273522079876], [-79.39875887164152, 43.660287470217575], [-79.39877297488455, 43.66032228206195], [-79.3987850647582, 43.66035183441274], [-79.39879883388785, 43.660386276900894], [-79.39881019779831, 43.66041327311282], [-79.39882128589475, 43.66044134924556], [-79.3988322036567, 43.660468236143394], [-79.39884512062548, 43.660499977455686], [-79.39885714989057, 43.66052948563751], [-79.39887946725148, 43.66058358480056], [-79.39889844499183, 43.660632182059295], [-79.39891772302126, 43.660679915447076], [-79.39893725926636, 43.66072895336013], [-79.39896508698237, 43.66079549818934], [-79.3989667168674, 43.660799523248656], [-79.39898240064205, 43.66083836007977], [-79.39901323634273, 43.66091529515138], [-79.39901649805977, 43.66092293120654], [-79.3990270186442, 43.66094943067312], [-79.39903486167655, 43.66096818748361], [-79.39904408769269, 43.66099107715015], [-79.39905247291857, 43.66101184174677], [-79.39906130213862, 43.66103401995201], [-79.39907457820843, 43.66106692273087], [-79.39909062057495, 43.6611071640778], [-79.39910306872707, 43.66113767175398], [-79.39910544217045, 43.661142669616844], [-79.39912225066232, 43.661183748763655], [-79.39913514347896, 43.6612167682144], [-79.39914733331075, 43.66124681568657], [-79.3991620194003, 43.66128183502314], [-79.39917455514407, 43.66131264881493], [-79.39918402540177, 43.661337834037], [-79.39919515337766, 43.661365253063124], [-79.3992075642335, 43.66139662482649], [-79.39922079177224, 43.66142898656033], [-79.3992389361785, 43.661472794284826], [-79.3992472722288, 43.66149338779578], [-79.39926346582273, 43.661532306045395], [-79.39928827480811, 43.66159533668686], [-79.39928927434876, 43.661598191005886], [-79.39929034829788, 43.66160103638908], [-79.39929153386727, 43.661603863867825], [-79.39929280751404, 43.661606664420034], [-79.39929416674342, 43.66160944704484], [-79.39929561281035, 43.66161220274195], [-79.39929715811373, 43.661614931522344], [-79.39929879025466, 43.661617633375066], [-79.39930051048808, 43.661620299299805], [-79.39930231630417, 43.66162294729717], [-79.39930419658903, 43.66162555035316], [-79.39930617611037, 43.66162812649238], [-79.39930786259632, 43.661630212698235], [-79.39934597159943, 43.661724655464624], [-79.39975157254526, 43.66164004332591]]]}, "properties": {"StationName": "St George", "MTSA_Type": "Protected Major Transit Station Area", "SASP_No": 598}}, {"type": "Feature", "geometry": {"type": "Polygon", "coordinates": [[[-79.39083332388722, 43.67322665831561], [-79.39079342709452, 43.67319823890494], [-79.39079711270696, 43.673185274159884], [-79.39079760570255, 43.673183540067875], [-79.39079773424851, 43.67318309192273], [-79.39079786904895, 43.67318261407904], [-79.3907980163225, 43.673182096641256], [-79.39079816733928, 43.67318156660514], [-79.39079832210581, 43.67318102037017], [-79.3907984793624, 43.67318046873673], [-79.39079863163398, 43.67317993060061], [-79.39079878140083, 43.673179405964106], [-79.39079892492951, 43.6731789020248], [-79.39079905847676, 43.673178431381004], [-79.39079917954766, 43.67317800213157], [-79.39079928937744, 43.67317761697809], [-79.39079938422938, 43.673177284918346], [-79.3907994628601, 43.67317700775141], [-79.39079952276977, 43.67317679627659], [-79.39079955397536, 43.67317668468947], [-79.3908234972872, 43.673092470088314], [-79.39082610011033, 43.6730583781047], [-79.39082758124987, 43.67303898697883], [-79.39082174679814, 43.67299501603993], [-79.39081833714015, 43.6729693264883], [-79.39079838994851, 43.67290559757314], [-79.39076896503315, 43.67280330765065], [-79.39074832318222, 43.67276093560062], [-79.39071539289955, 43.67269333807458], [-79.3907026924994, 43.67266208939367], [-79.39048965067089, 43.672137927692795], [-79.38776812548319, 43.67269822089611], [-79.38674812600905, 43.670226339579436], [-79.3865175741878, 43.66968701890347], [-79.38638506147765, 43.669368254067614], [-79.38612040791831, 43.66874220640208], [-79.38607320580051, 43.668630784497005], [-79.38581621550831, 43.66799575851368], [-79.38565256555, 43.66756224452578], [-79.38530035540029, 43.666694984625536], [-79.38528674891722, 43.66667024419551], [-79.38521896735148, 43.666547085954456], [-79.38501192105038, 43.66606363183159], [-79.38455604595772, 43.664937277457646], [-79.38714347229177, 43.664367664301444], [-79.38714345130545, 43.66436761477315], [-79.38690117255068, 43.6637627914036], [-79.38673938630845, 43.66335885092753], [-79.38634338830424, 43.6624695463318], [-79.38687123443428, 43.66235560115721], [-79.38859249431631, 43.66198402051171], [-79.3898579293457, 43.66170517685773], [-79.38987335614162, 43.661640034310885], [-79.38992718000982, 43.66141259869762], [-79.38993653839577, 43.661385605359], [-79.38994665435891, 43.661358603747416], [-79.38995715884062, 43.66133611130172], [-79.38996882338535, 43.66130911927993], [-79.38998128268263, 43.66128212892184], [-79.38999410029463, 43.66125513890705], [-79.39000810942281, 43.66122814913707], [-79.39002325102825, 43.66120565304529], [-79.39003840500641, 43.66118316506453], [-79.39005473143189, 43.66115617841768], [-79.39007143523679, 43.66113369102282], [-79.39008968763645, 43.66111120601451], [-79.39010794823143, 43.66108422031922], [-79.39012697056832, 43.6610617351448], [-79.39014677401222, 43.66103925161787], [-79.39016735732397, 43.66101676883673], [-79.39018909494551, 43.66099428716064], [-79.39021082435119, 43.660976305264256], [-79.39023373440114, 43.66094931501219], [-79.39025700122102, 43.66093133548327], [-79.39028068414349, 43.66090885475679], [-79.39030552136974, 43.660886376033126], [-79.3903307347461, 43.66086839835687], [-79.39040003464869, 43.66080937253363], [-79.39049246608064, 43.66072478689489], [-79.39051906761192, 43.66070019448886], [-79.39053371799055, 43.660688569728926], [-79.3905492314799, 43.660679584099285], [-79.39056474620612, 43.66067059756855], [-79.390580652221, 43.66065711071803], [-79.39059772793084, 43.66064812657708], [-79.39061478007966, 43.660639141510885], [-79.39065044960218, 43.66062566545905], [-79.39066867144528, 43.6606211821959], [-79.39070627512393, 43.66060771697783], [-79.39072566243394, 43.66060323481985], [-79.39074542169996, 43.66059875391423], [-79.3907652045222, 43.66059427212756], [-79.39078534814315, 43.66058979068217], [-79.39078740632455, 43.66058979264854], [-79.39084618423429, 43.660585348996314], [-79.39086672884899, 43.66058536951187], [-79.39088726106667, 43.66058538911177], [-79.39090780568304, 43.660585408719825], [-79.3909279411413, 43.66058542883392], [-79.39098914653066, 43.6605899888089], [-79.39112491663045, 43.66060888788724], [-79.3911570310917, 43.66061475136648], [-79.39117663458664, 43.66062167409202], [-79.39125832354098, 43.66065324947296], [-79.39130943816666, 43.66067130085354], [-79.39135977474652, 43.660693853064124], [-79.39141007845508, 43.66072090591339], [-79.39145965011828, 43.66074345465278], [-79.39148646379216, 43.660755753496595], [-79.39170686072886, 43.66070846849427], [-79.39282458986078, 43.66046948376974], [-79.39318622477465, 43.66046870517858], [-79.39337707961835, 43.66046829376172], [-79.39447193504603, 43.6602587844231], [-79.3945171122167, 43.66025013798229], [-79.39455925667586, 43.66036051404086], [-79.39472118596422, 43.660766905676866], [-79.39485975787957, 43.660746377736054], [-79.39490588993861, 43.66073424848487], [-79.39494992339499, 43.66071755358461], [-79.39498768185675, 43.66070084390175], [-79.39503595305094, 43.66066285468533], [-79.39505696166367, 43.660638524328505], [-79.39509474084045, 43.66060203858714], [-79.39512204933128, 43.660576201766666], [-79.39513884289741, 43.66055795246325], [-79.39516613226715, 43.66053666941502], [-79.39519550639106, 43.66052148310915], [-79.39523534497722, 43.660506305486344], [-79.39528147801848, 43.66049417518382], [-79.39556662140272, 43.66043356417263], [-79.39564840120384, 43.66041386731292], [-79.39570083354108, 43.66039260618542], [-79.39578262115388, 43.660368335632974], [-79.3967744939124, 43.66014840641737], [-79.39689839077988, 43.6604462030356], [-79.39758338397245, 43.66208450801417], [-79.39828004957226, 43.66380451262841], [-79.39840577026524, 43.664109032176015], [-79.39870128971191, 43.663893626786724], [-79.398933251045, 43.663755506104465], [-79.39900477763565, 43.663675826097396], [-79.40004876896849, 43.663497713446525], [-79.40036777842913, 43.66427958441043], [-79.40067317898009, 43.665068917297454], [-79.40099773916194, 43.66592001349613], [-79.40111273084054, 43.666213315750035], [-79.40130054263626, 43.66665315834921], [-79.40149998315293, 43.66716143097344], [-79.40183448141713, 43.66799429446674], [-79.40188040292853, 43.668102548397584], [-79.40198145020922, 43.668389000253505], [-79.40238049638826, 43.669459124125524], [-79.39818517397968, 43.67034518775645], [-79.39850824315435, 43.6712454453761], [-79.39906932239967, 43.67269768076906], [-79.39598837969487, 43.67335138669873], [-79.39610419444428, 43.673635359941734], [-79.39434823604725, 43.67398580552903], [-79.39403557184973, 43.673234341494755], [-79.39402235957319, 43.67320258503399], [-79.39178850606228, 43.67366555039741], [-79.39137077259797, 43.673752108266534], [-79.39134889623371, 43.67372751195215], [-79.39118350965954, 43.673541592587746], [-79.39115426040762, 43.673506940993754], [-79.39109807733676, 43.673440380903955], [-79.39109247032415, 43.67343372355397], [-79.39095744328074, 43.6733151881835], [-79.390857179248, 43.673243650467285], [-79.39083332388722, 43.67322665831561]]]}, "properties": {"StationName": "Museum", "MTSA_Type": "Protected Major Transit Station Area", "SASP_No": 612}}, {"type": "Feature", "geometry": {"type": "Polygon", "coordinates": [[[-79.38780760020592, 43.640726172573935], [-79.38784821736324, 43.64070285555494], [-79.38803780146534, 43.64061752613852], [-79.38819632377269, 43.64055917208058], [-79.38827808157147, 43.64053675297177], [-79.3883303477824, 43.64051761211998], [-79.38837615076753, 43.64050083770675], [-79.38854627108046, 43.64045599661095], [-79.38872177147496, 43.64042466352352], [-79.38880425552266, 43.64041888026246], [-79.38882908631129, 43.640415771019484], [-79.38886510482561, 43.64041580514085], [-79.38888299421919, 43.640413607282284], [-79.38890152825815, 43.640411338936204], [-79.38893754677156, 43.64041137213461], [-79.38897357643843, 43.64041140623265], [-79.38900959495197, 43.64041143940838], [-79.38904562585844, 43.64041147348491], [-79.38908202734494, 43.64041151691106], [-79.38911766574574, 43.64041605039211], [-79.38915367186604, 43.640416084410546], [-79.38920712825126, 43.64041613443113], [-79.38926020164553, 43.6404161840557], [-79.38931325314358, 43.64042073434264], [-79.38936592164204, 43.64042529323567], [-79.38941898141069, 43.640425342773355], [-79.38947164993776, 43.640429892616304], [-79.38952431723338, 43.64043444243381], [-79.38957697629432, 43.64044349292728], [-79.38962964483287, 43.640448051698854], [-79.38968191553111, 43.640452601060844], [-79.38973419987128, 43.64045715041207], [-79.3897864747529, 43.640466200438425], [-79.38983796877743, 43.64047525868984], [-79.3898898606989, 43.64048430829985], [-79.38994135477094, 43.64049335750327], [-79.38997064615687, 43.64049849760406], [-79.39027335413758, 43.640548730214825], [-79.39144924135074, 43.6407266055416], [-79.39145764374523, 43.640745149235556], [-79.39186446362335, 43.64164294617273], [-79.39118662864705, 43.64178175109202], [-79.39116997428515, 43.64178623684553], [-79.39115369176525, 43.64179072295063], [-79.3911378058771, 43.64179520943114], [-79.39112268033601, 43.64180419824087], [-79.39110717869768, 43.641808676081645], [-79.39109243862926, 43.64181766435438], [-79.39107849871667, 43.64182215268049], [-79.39106452588031, 43.64183114168062], [-79.39105133391224, 43.64184013232336], [-79.3910385385764, 43.641849122442494], [-79.39102651171619, 43.64185811329274], [-79.39101488148542, 43.64186710541997], [-79.39100403214361, 43.64187608838899], [-79.39099392771193, 43.64188508106867], [-79.39098421053289, 43.64189857572396], [-79.39097567899975, 43.64190756990195], [-79.39096753170415, 43.64191656444578], [-79.39096015713983, 43.64193006133321], [-79.3909535467999, 43.64193905734201], [-79.39094770919269, 43.64195255479457], [-79.39094265247321, 43.641966044890445], [-79.39093914509374, 43.64197954456549], [-79.39092977141377, 43.64201554487867], [-79.39092080800906, 43.64205153658093], [-79.39091337215925, 43.642092039448244], [-79.39090633293576, 43.6421325426933], [-79.39090045458866, 43.642168537337284], [-79.39089535709863, 43.64220454082725], [-79.39089102119588, 43.6422450376492], [-79.39088784915215, 43.64228554548306], [-79.39088618690026, 43.6423136751138], [-79.3908854455928, 43.64232605224982], [-79.39088422770928, 43.642362051340044], [-79.39088376590102, 43.64239805925295], [-79.39088370887458, 43.642429567745516], [-79.39088521363186, 43.64246106692695], [-79.3908867153628, 43.64248807530028], [-79.39088938098392, 43.64251508388421], [-79.39089279455393, 43.64254659478849], [-79.39089700142237, 43.6425780974482], [-79.39090198491236, 43.64260510914368], [-79.3909077411488, 43.64263662138257], [-79.39091427403913, 43.64266362555443], [-79.39092158780575, 43.64269063857211], [-79.39092967432036, 43.64272215393304], [-79.3909385263221, 43.642749168417], [-79.39094816223246, 43.642780684354314], [-79.39124574535691, 43.64342012301875], [-79.39095459172839, 43.643482315458044], [-79.38867784219109, 43.64396864110575], [-79.38920537811268, 43.64527504842868], [-79.38973371715481, 43.64660280423091], [-79.38607074260133, 43.64739452976043], [-79.38632963478824, 43.648008782309475], [-79.38658151309293, 43.6486377373413], [-79.38551636487799, 43.648868555337366], [-79.38407057018972, 43.64918767423232], [-79.38209114264804, 43.64961443241295], [-79.38077049393208, 43.649892422920054], [-79.37914830742912, 43.650257139521905], [-79.37903364552784, 43.65028110329424], [-79.37843045371012, 43.650407147328096], [-79.37789662430578, 43.65053218301716], [-79.37720551764654, 43.650668703288446], [-79.37643240539816, 43.65085158068764], [-79.37632301436423, 43.650549548235276], [-79.37615599169594, 43.650141838906386], [-79.3760716533674, 43.64994027544986], [-79.37592196632916, 43.64958516891658], [-79.37567993286869, 43.6496400566452], [-79.37554676860805, 43.64967264084543], [-79.37498848916351, 43.64978261121015], [-79.37437293253424, 43.64992152473115], [-79.37205851711485, 43.65042353679212], [-79.37187401259295, 43.6504635574041], [-79.37143174875492, 43.64944688999035], [-79.37089956680789, 43.648223495554596], [-79.37170147808563, 43.64804122339644], [-79.37146354161922, 43.64763677864966], [-79.37134706168706, 43.64767362539101], [-79.37074933534393, 43.647836126798026], [-79.37018408066128, 43.64642630456802], [-79.36997202964122, 43.64596252261549], [-79.3699137816765, 43.64583585155155], [-79.36986185974969, 43.645725120148605], [-79.36981554237614, 43.6456308946832], [-79.36978377282207, 43.64554461510993], [-79.36950107948321, 43.64482270293299], [-79.36946460153155, 43.64471249213803], [-79.36941265760268, 43.644612743103984], [-79.36935298016128, 43.64451823212822], [-79.3689601550121, 43.64393833384227], [-79.36972506813652, 43.64365647828445], [-79.37134521502918, 43.64305947981986], [-79.37302562583247, 43.64248041828844], [-79.374334743271, 43.64204065698945], [-79.37461356897333, 43.64194699109616], [-79.37466926951863, 43.641928276127736], [-79.37597064164804, 43.641454473012615], [-79.37680123807175, 43.64115206128617], [-79.37909685859213, 43.640359305545864], [-79.38015971835297, 43.639963121068845], [-79.38016580736654, 43.63996144418689], [-79.38019797642168, 43.639952474686616], [-79.38023093525669, 43.63993900529624], [-79.38026426935049, 43.63993004509913], [-79.38028991479321, 43.639923139965994], [-79.38029757866163, 43.63992107676508], [-79.3803266044413, 43.63991335693441], [-79.38033129697894, 43.639912108849465], [-79.38036541314543, 43.63990314224039], [-79.38039949682661, 43.63989867539552], [-79.38043396347256, 43.63989421794245], [-79.3804684549201, 43.63988975150348], [-79.38050333950764, 43.63988078565668], [-79.38053820277497, 43.63987631958534], [-79.3805734502641, 43.63987185390476], [-79.38060832713714, 43.63986739682766], [-79.3825839718305, 43.639522886725324], [-79.38268560574342, 43.63950565253813], [-79.38653358581261, 43.63885304789773], [-79.38699135029209, 43.63992789348624], [-79.38708366529026, 43.64013048958502], [-79.38727448391585, 43.64054926267589], [-79.3875828373019, 43.64085520309687], [-79.38780760020592, 43.640726172573935]]]}, "properties": {"StationName": "Union", "MTSA_Type": "Protected Major Transit Station Area", "SASP_No": 607}}, {"type": "Feature", "geometry": {"type": "Polygon", "coordinates": [[[-79.40043005032283, 43.658972010065085], [-79.40042362943875, 43.65897862139191], [-79.40042292649582, 43.65897934449112], [-79.4004164807733, 43.658985980099665], [-79.40039410454146, 43.65900901585766], [-79.40036517947664, 43.65903879334326], [-79.40032665811954, 43.65907900856424], [-79.40025561841537, 43.65915802918639], [-79.40014763807058, 43.65923964590685], [-79.40011166421215, 43.65927244613644], [-79.40004851025557, 43.659330030414246], [-79.39997719311033, 43.659427153305685], [-79.39992151987298, 43.65951100290142], [-79.39988411660599, 43.65960622822049], [-79.39987065467359, 43.65966942776404], [-79.39987341078941, 43.65970453918443], [-79.39987809379289, 43.65976418106908], [-79.39988102838544, 43.659801573596255], [-79.39969683329153, 43.65984171222982], [-79.39942748963611, 43.659900404052735], [-79.39938011236609, 43.65991072745642], [-79.39913902607843, 43.65996326221624], [-79.39888279268216, 43.66001909467933], [-79.39867107239762, 43.66007558262795], [-79.39862493089696, 43.660085230809614], [-79.3971440007261, 43.66039485175717], [-79.39712470647706, 43.660398885018374], [-79.39701213348307, 43.66042241949071], [-79.39689839077988, 43.6604462030356], [-79.39840577026524, 43.664109032176015], [-79.39565221138265, 43.66469695134501], [-79.39493390425122, 43.66484125699131], [-79.39410730436721, 43.665007318601035], [-79.39385823520853, 43.66502102894047], [-79.39385825048151, 43.66501236062805], [-79.39385673894387, 43.664989854880346], [-79.39385484300276, 43.66496735867714], [-79.39385217830491, 43.6649448527586], [-79.39384834805047, 43.66492234485742], [-79.39384373662432, 43.66489983713076], [-79.39383873634677, 43.66487282835376], [-79.3938329593708, 43.66485031864389], [-79.39382602923878, 43.66482780876271], [-79.39381831794017, 43.66480529815542], [-79.39354907744494, 43.66407897045617], [-79.39316984478235, 43.663068599747255], [-79.39265819652232, 43.663161641190825], [-79.39206290644513, 43.66328435005864], [-79.39193887791559, 43.66330991651917], [-79.39060913692508, 43.66358401478779], [-79.39067835139056, 43.66374720310332], [-79.39114164333999, 43.6648396321806], [-79.3897778771818, 43.66515458965417], [-79.38946224303086, 43.66523161211084], [-79.38850788381215, 43.665464526656926], [-79.38768426773672, 43.66564486950141], [-79.38749887152201, 43.66568082501989], [-79.38667310013443, 43.66584097466456], [-79.3865135453228, 43.665843254847246], [-79.38633415803119, 43.66584172460919], [-79.38614786933681, 43.66584331159391], [-79.38611980818293, 43.665843543782174], [-79.38609419651229, 43.66584677676272], [-79.38596595607734, 43.66584644097511], [-79.38588151309342, 43.665865654757134], [-79.38546060849224, 43.66596147830593], [-79.38538848102964, 43.665977901934305], [-79.38501192105038, 43.66606363183159], [-79.38479093162636, 43.66552984644638], [-79.3846692973372, 43.6652360448718], [-79.3841178341766, 43.663903991610205], [-79.38409745663193, 43.66385521408036], [-79.3837490200923, 43.663021376592816], [-79.383693800152, 43.66289617602802], [-79.38338195752068, 43.66213624525028], [-79.38334663940249, 43.662054661193984], [-79.38317351252073, 43.661626661286235], [-79.38307050555211, 43.66137200135819], [-79.38275622343303, 43.66058352818726], [-79.38245065013676, 43.65991297214936], [-79.38207763367407, 43.65909608933351], [-79.38157875579986, 43.65797940875249], [-79.3815468185539, 43.65790792084045], [-79.38132952025661, 43.657416048600574], [-79.38118530267896, 43.65703801415517], [-79.3813446287375, 43.65700416609014], [-79.38402022077398, 43.65643575574254], [-79.38372585890257, 43.65571598088591], [-79.38518505611839, 43.655426344453346], [-79.38601978751039, 43.655240509807626], [-79.38553151452729, 43.65414572877889], [-79.38542013645959, 43.653896001316696], [-79.38554099728833, 43.65378736843803], [-79.38594030927798, 43.65356347348606], [-79.38621446847174, 43.65343476930631], [-79.38640574879982, 43.65337704275976], [-79.38659698353696, 43.65332292630722], [-79.38754191350111, 43.653107781279296], [-79.38761976786569, 43.65328653015582], [-79.3882746458004, 43.65479008996707], [-79.38839099487448, 43.654801647093294], [-79.38849642857076, 43.654815565321876], [-79.38861755032909, 43.65481261032518], [-79.38869097798063, 43.65480273440565], [-79.38918474219, 43.654684211194834], [-79.3899644055587, 43.654512354500895], [-79.39017414562424, 43.654485177556886], [-79.39025278708799, 43.654490904158465], [-79.3903393149971, 43.65450321739061], [-79.39041854910431, 43.654502804595715], [-79.3905053442656, 43.65449701615469], [-79.39062078162225, 43.65447735510403], [-79.39142092094502, 43.654333176545585], [-79.39382010181501, 43.65382278093096], [-79.39424090975083, 43.65480274147527], [-79.39652609167781, 43.65431521635479], [-79.39692918521129, 43.65528489289956], [-79.39739547660164, 43.65641070512628], [-79.39741466522636, 43.65645703180502], [-79.39743311013363, 43.65650619865192], [-79.39743489228007, 43.65650586179861], [-79.3983036293603, 43.65630596542932], [-79.39848362144866, 43.65626814134047], [-79.39853162418365, 43.656258051092586], [-79.3986905756981, 43.65622463488382], [-79.39902400691122, 43.656154557916324], [-79.39920047589538, 43.656117468599845], [-79.39927621205204, 43.65610155068548], [-79.39919196077987, 43.65585085876482], [-79.39940424306197, 43.65580871942208], [-79.39980304820617, 43.65572955227205], [-79.40015078524942, 43.65662142007449], [-79.4001583158954, 43.65661982170397], [-79.40031205853457, 43.656992943802855], [-79.40032041345738, 43.65701321951911], [-79.40032968279313, 43.65701134901122], [-79.40042953213495, 43.6569911972999], [-79.40046684721852, 43.657090462022765], [-79.40050154485287, 43.65717942866359], [-79.4005980847281, 43.65739341807958], [-79.40065727738195, 43.65752462248248], [-79.4007207048919, 43.65770961383062], [-79.40077148420552, 43.657857709167644], [-79.40099454602895, 43.65781581658065], [-79.40141840676363, 43.65773046896518], [-79.40167729258276, 43.65767834074865], [-79.4018067092792, 43.65765228224872], [-79.40184699842727, 43.65775638461068], [-79.40191935084589, 43.657943330849896], [-79.4019335527751, 43.6579799975897], [-79.40198436144102, 43.65811125800941], [-79.40242785044146, 43.65925705499227], [-79.40244417905684, 43.659299244926046], [-79.40240706173228, 43.65930773755725], [-79.40158671857174, 43.659495428784524], [-79.40157574004581, 43.6594823250157], [-79.40145364879598, 43.65933660980046], [-79.40135661488839, 43.659263114399884], [-79.40124043186813, 43.65920247525747], [-79.40112322753984, 43.65914329423777], [-79.40100236362387, 43.65909456323891], [-79.40081492951576, 43.659063743840385], [-79.40064280729962, 43.65904137984488], [-79.40055889917492, 43.6590200825137], [-79.40043005032283, 43.658972010065085]]]}, "properties": {"StationName": "Queens Park", "MTSA_Type": "Protected Major Transit Station Area", "SASP_No": 611}}, {"type": "Feature", "geometry": {"type": "Polygon", "coordinates": [[[-79.38370729628173, 43.661242945515006], [-79.38307050555211, 43.66137200135819], [-79.38275622343303, 43.66058352818726], [-79.38245065013676, 43.65991297214936], [-79.38207763367407, 43.65909608933351], [-79.38195925509307, 43.658833406600316], [-79.38189505303171, 43.658690943740986], [-79.38188491373697, 43.65866815075339], [-79.3815468185539, 43.65790792084045], [-79.38132952025661, 43.657416048600574], [-79.38118530267896, 43.65703801415517], [-79.3808859904462, 43.656328826958], [-79.38027433213877, 43.65646003225647], [-79.3795359247418, 43.656291273450975], [-79.3787305230132, 43.65432399833737], [-79.37805213325876, 43.65268180107365], [-79.37921925780907, 43.65243969370105], [-79.37922033184216, 43.65243946890076], [-79.38071933869077, 43.65212605604591], [-79.38167841758273, 43.65189355289758], [-79.38150999985514, 43.65170283595399], [-79.38129396167128, 43.65116987213147], [-79.38103127230762, 43.650566027292534], [-79.38236226068659, 43.65027737058675], [-79.38213663824418, 43.649725679945384], [-79.38209114264804, 43.64961443241295], [-79.38407057018972, 43.64918767423232], [-79.38551636487799, 43.648868555337366], [-79.38658151309293, 43.6486377373413], [-79.3886441419478, 43.6481994714096], [-79.39025366322831, 43.647855925782494], [-79.39025422465981, 43.647857348543425], [-79.39048950768584, 43.648489650077906], [-79.39067953098396, 43.64894596186545], [-79.39071602920671, 43.64903360471675], [-79.39075649691962, 43.64913078203363], [-79.3920482131771, 43.64885072069912], [-79.3922888050523, 43.648798150814], [-79.39243904041183, 43.64875235901029], [-79.39323819932571, 43.648392655949884], [-79.39330283842378, 43.64857662217825], [-79.39340833803735, 43.648803612672296], [-79.39342110722386, 43.64883107975785], [-79.393446498673, 43.648885698738205], [-79.39346091033111, 43.648916713902615], [-79.39366252218929, 43.64935046948444], [-79.39350109861869, 43.649385678521334], [-79.39340882141525, 43.64940580606563], [-79.393418255666, 43.64942930942197], [-79.39354570146111, 43.64974681130698], [-79.3935565860577, 43.649774610569885], [-79.39357206251991, 43.649814232947044], [-79.39366152584414, 43.650043095821324], [-79.39386443737719, 43.650533015509154], [-79.39386945708956, 43.65065392697953], [-79.39397029834254, 43.65067542048519], [-79.3940422717221, 43.650662259661495], [-79.3949571502923, 43.6504745084499], [-79.39511930417088, 43.650868555911615], [-79.39513052854606, 43.65089611319332], [-79.3952971949073, 43.65130142436364], [-79.39719949800725, 43.650901540832216], [-79.39749373532223, 43.6516084932169], [-79.39758274827705, 43.65182235891868], [-79.39760518310038, 43.65187626588809], [-79.39785729609248, 43.65184219700569], [-79.39812254858923, 43.651802073235224], [-79.39836246963763, 43.651735066156114], [-79.39840686023919, 43.651722656680775], [-79.3984501704143, 43.65171430585922], [-79.3985136965324, 43.65170205556152], [-79.39850805594982, 43.6517638964635], [-79.3985033544088, 43.65177311062155], [-79.39851639019273, 43.651805971898746], [-79.398556385188, 43.651906801456725], [-79.39866529545435, 43.65188417042131], [-79.39869661244812, 43.651963140441495], [-79.3986991445481, 43.65196865604178], [-79.39870246671165, 43.65197394640705], [-79.39870654061141, 43.6519789502937], [-79.3987113229491, 43.651983613654906], [-79.39871675926909, 43.651987882433964], [-79.39872278766703, 43.65199170886853], [-79.3987293400324, 43.65199504969143], [-79.39873634328536, 43.65199786793214], [-79.39874371813845, 43.652000132015424], [-79.39875138281565, 43.652001815764756], [-79.39876705270424, 43.652047480233406], [-79.39877482431619, 43.65204676250279], [-79.39878244590096, 43.65204605904107], [-79.39879012327927, 43.652045351127555], [-79.39879777462082, 43.65204464499073], [-79.39880480353817, 43.652043996811514], [-79.39881222797935, 43.65204331207622], [-79.39881354845922, 43.65204318992591], [-79.39885739581159, 43.6520391429945], [-79.39901171184454, 43.65242972045761], [-79.39912290874734, 43.65269232818826], [-79.3987047626212, 43.6527867764476], [-79.39872711403488, 43.65285424281818], [-79.39872783996191, 43.65285604194041], [-79.39875295336428, 43.652918427663195], [-79.39880408769757, 43.65304547274625], [-79.39884294938574, 43.653142029116154], [-79.39885853894191, 43.65317963634217], [-79.3987894960252, 43.653194722784605], [-79.39892380460566, 43.65352662767657], [-79.39902564152635, 43.65377172126121], [-79.39907960147438, 43.65390456469632], [-79.39911545555535, 43.65399283341983], [-79.3991308112616, 43.65398966047659], [-79.39913454643889, 43.6539993753775], [-79.39914166885082, 43.654017813818406], [-79.39920356002528, 43.65417799422159], [-79.399264076373, 43.654355401144244], [-79.39935332756302, 43.65456567491892], [-79.39935359306632, 43.65456629894929], [-79.39936063069273, 43.6545828794123], [-79.39936139632526, 43.654584682165456], [-79.3993607340729, 43.65458481840362], [-79.3994074085147, 43.65470561138587], [-79.39945523732803, 43.65482939112417], [-79.39944520178094, 43.6548314733208], [-79.3994458806366, 43.65483327599696], [-79.39948839938288, 43.65494761938744], [-79.39950684844483, 43.65500915923202], [-79.39948507206145, 43.65501366418685], [-79.39950289457668, 43.65505839697884], [-79.39954542019473, 43.65516952145144], [-79.3995914232565, 43.65528972056445], [-79.39962828222063, 43.65528250681228], [-79.39964677976555, 43.65533294705558], [-79.39966428265868, 43.65538064459814], [-79.39970247998804, 43.6554847954286], [-79.39970550368619, 43.655493043357225], [-79.39967554349813, 43.655533264094565], [-79.39971994053447, 43.65564441533931], [-79.39975613840058, 43.655738862692374], [-79.39940424306197, 43.65580871942208], [-79.39919196077987, 43.65585085876482], [-79.39922503698264, 43.65594927944455], [-79.3992625272604, 43.656060833433024], [-79.39926927158149, 43.65608089897777], [-79.39927621205204, 43.65610155068548], [-79.39902400691122, 43.656154557916324], [-79.3986905756981, 43.65622463488382], [-79.39853162418365, 43.656258051092586], [-79.39848362144866, 43.65626814134047], [-79.3983036293603, 43.65630596542932], [-79.39743489228007, 43.65650586179861], [-79.3962817177793, 43.65672385307653], [-79.39580397135903, 43.65682663306111], [-79.39566761403708, 43.656855948639766], [-79.39512704141255, 43.656972229029755], [-79.39513876909132, 43.656999757038406], [-79.39586324410836, 43.65870005346724], [-79.39525530983578, 43.65882641850401], [-79.39464229900875, 43.6589538314887], [-79.39457137811462, 43.658968568883516], [-79.39445137184548, 43.65899260886374], [-79.39436893336782, 43.65900912407345], [-79.39402640292278, 43.6590777423696], [-79.39344509562234, 43.6591997027706], [-79.39292595429974, 43.659313957462906], [-79.39255138922636, 43.659396391758385], [-79.3904550553775, 43.6598587187979], [-79.39022249935302, 43.65990843179398], [-79.38924108223853, 43.660118237246934], [-79.38738576712967, 43.66051486907447], [-79.38664263621244, 43.66066149444099], [-79.38581514099678, 43.660815754821975], [-79.38383558760167, 43.661216944939405], [-79.38370729628173, 43.661242945515006]]]}, "properties": {"StationName": "St Patrick", "MTSA_Type": "Protected Major Transit Station Area", "SASP_No": 610}}, {"type": "Feature", "geometry": {"type": "Polygon", "coordinates": [[[-79.37787873439487, 43.649148370379244], [-79.3773306647918, 43.64784591779381], [-79.37765897663874, 43.64774740809902], [-79.37783257326997, 43.6477120841093], [-79.3796893549798, 43.64733438847903], [-79.37966085674813, 43.647269751795896], [-79.37913788411561, 43.64608360593876], [-79.37909512498524, 43.64598662096672], [-79.3824311554647, 43.6452917083486], [-79.38249496894231, 43.64527776506766], [-79.3833847447658, 43.64508329792178], [-79.3833867945709, 43.645082870645574], [-79.38338767997978, 43.64508267981874], [-79.38395294950945, 43.64497354587041], [-79.38400000663714, 43.64496446440112], [-79.3849815816393, 43.644774924287724], [-79.38713894090866, 43.64431919082243], [-79.38867784219109, 43.64396864110575], [-79.38872010656615, 43.644073305651766], [-79.3891834658384, 43.645220784700136], [-79.38920537811268, 43.64527504842868], [-79.38943177557613, 43.64521754699375], [-79.3904861030117, 43.6450081881606], [-79.3917546317226, 43.64474761197078], [-79.39189855303219, 43.645084792428385], [-79.3920211816476, 43.645372105474465], [-79.39210947068736, 43.64559701791343], [-79.39213104239451, 43.645651962163015], [-79.39223920985614, 43.64592755316934], [-79.39228874807024, 43.64605376628592], [-79.39360024232734, 43.64576208597172], [-79.39500699173688, 43.64546954287499], [-79.39534999934494, 43.645401454789486], [-79.39547962239739, 43.64537572313307], [-79.3955150406647, 43.64546918473103], [-79.3955384608931, 43.64552569987434], [-79.39556346120543, 43.64558602405155], [-79.39562089804535, 43.645724616283694], [-79.39565418387642, 43.64580493653053], [-79.39576920772873, 43.64578154778948], [-79.39613826900303, 43.64570650590353], [-79.39614700824043, 43.64572791199061], [-79.39614750691948, 43.645729133934715], [-79.39614798304807, 43.64572905515485], [-79.3961665004364, 43.64577466590785], [-79.39618689774352, 43.64582490418828], [-79.39622344880564, 43.64591493435139], [-79.39622672368347, 43.64591425051691], [-79.39623687237643, 43.64593853472569], [-79.39633190206568, 43.646165954192476], [-79.39632585826865, 43.64616718370458], [-79.39631396535013, 43.64616960599863], [-79.39629419465818, 43.64617363239702], [-79.39600438208976, 43.646232660486525], [-79.39593886982256, 43.64624600396546], [-79.39594054831608, 43.64625024965691], [-79.39594119626574, 43.64625188760268], [-79.39605527916558, 43.64654026775396], [-79.39608915141109, 43.64662975992927], [-79.39612103315619, 43.64662348161896], [-79.3963160286221, 43.646585077715486], [-79.39633029856846, 43.64658226781618], [-79.39636432853047, 43.646666074763914], [-79.39636314679397, 43.646666314930265], [-79.39636801510407, 43.64667758190364], [-79.39638436586696, 43.64671542693651], [-79.39646205789495, 43.64689524731455], [-79.39645569534535, 43.6468965395545], [-79.39639759905945, 43.64690835797229], [-79.39634589259796, 43.64691887154987], [-79.39629646651744, 43.6469289236003], [-79.39628796615764, 43.64693065226001], [-79.39624190339407, 43.64694051290777], [-79.39620107237293, 43.646949254011815], [-79.39629731381076, 43.64717785105114], [-79.39636264743899, 43.647352588878604], [-79.39650425103953, 43.64769807498302], [-79.39654061027053, 43.64769063762898], [-79.3965689414637, 43.647684847458294], [-79.396570472188, 43.647688569123936], [-79.39661618779799, 43.64779974812308], [-79.39669216419635, 43.647972109095434], [-79.39701244361822, 43.64790613514483], [-79.39705322746075, 43.64800734676739], [-79.39711552961623, 43.64815229666279], [-79.39711672729156, 43.64815508007477], [-79.39668121609925, 43.64824394881364], [-79.39669655164624, 43.64828358415335], [-79.39680251988912, 43.64854884501963], [-79.39680401911468, 43.648548540325315], [-79.39684450706127, 43.64865392749488], [-79.39737512168657, 43.64853707087988], [-79.39754359093068, 43.648923834971505], [-79.3975495464115, 43.64893751794095], [-79.39754960321106, 43.64893764941234], [-79.39763392878189, 43.649131262317795], [-79.39855251942492, 43.651297957809824], [-79.39855484656303, 43.6513073780391], [-79.39856577061283, 43.65135157740212], [-79.39856392076075, 43.65146736885936], [-79.39854689715214, 43.65153381918262], [-79.39851896809536, 43.65159799957078], [-79.39849385056819, 43.651642318161066], [-79.39847492582749, 43.65165979557381], [-79.39840686023919, 43.651722656680775], [-79.39836246963763, 43.651735066156114], [-79.39812254858923, 43.651802073235224], [-79.39785729609248, 43.65184219700569], [-79.39760518310038, 43.65187626588809], [-79.39719949800725, 43.650901540832216], [-79.3970552575975, 43.65093185646496], [-79.3952971949073, 43.65130142436364], [-79.3954419326682, 43.6516664429498], [-79.3954489817178, 43.65168419925505], [-79.39548386394614, 43.651772181117956], [-79.39567891442866, 43.6522640480548], [-79.39406701781539, 43.65260899079762], [-79.39339759376784, 43.65276389643756], [-79.39382010181501, 43.65382278093096], [-79.39142092094502, 43.654333176545585], [-79.3916148394324, 43.654779538971646], [-79.39184668210801, 43.65531319642386], [-79.39198776134508, 43.655694708915036], [-79.39203752579041, 43.65580953177698], [-79.39095898163936, 43.65603533325049], [-79.3908882243718, 43.65605148444305], [-79.39042227275289, 43.65615784656088], [-79.39014729748061, 43.65621343358253], [-79.39000394207812, 43.656233587569155], [-79.38991916677118, 43.65623648542547], [-79.38984562798116, 43.656223570501105], [-79.38968834684424, 43.656212105886695], [-79.38942702279033, 43.656253684680514], [-79.38897164600928, 43.656339237192654], [-79.38892782616234, 43.65634782785837], [-79.38893755874973, 43.65636986911959], [-79.38914005069365, 43.656828490303965], [-79.38915549739164, 43.65686347478455], [-79.38944954363787, 43.657529449215026], [-79.38894157873493, 43.657647659066384], [-79.38797883766254, 43.65785848906862], [-79.386375495325, 43.65817391574456], [-79.38635378731462, 43.658127237269305], [-79.38628420211347, 43.65797170508889], [-79.38584448479409, 43.656988874093024], [-79.38176789226448, 43.657860645776374], [-79.3815468185539, 43.65790792084045], [-79.38132952025661, 43.657416048600574], [-79.38120643369217, 43.65709340366583], [-79.38098063390723, 43.65655307727329], [-79.3808859904462, 43.656328826958], [-79.38063453437803, 43.65577409154961], [-79.3794574008036, 43.656030280846274], [-79.37943496425316, 43.65603477498357], [-79.37924976877896, 43.65558502389531], [-79.3787305230132, 43.65432399833737], [-79.37849301928932, 43.653754739173785], [-79.37872961006238, 43.65432178302587], [-79.37805213325876, 43.65268180107365], [-79.37798398938253, 43.65253465453458], [-79.37771934748034, 43.65196319167926], [-79.3774505026364, 43.651310262788805], [-79.37720551764654, 43.650668703288446], [-79.37692284138356, 43.64997304560351], [-79.37669193609786, 43.649404794827454], [-79.37787873439487, 43.649148370379244]]]}, "properties": {"StationName": "Osgoode", "MTSA_Type": "Protected Major Transit Station Area", "SASP_No": 609}}, {"type": "Feature", "geometry": {"type": "Polygon", "coordinates": [[[-79.37753232924169, 43.65150899425001], [-79.3774505026364, 43.651310262788805], [-79.3761487242342, 43.651603875273125], [-79.37568466586333, 43.6517003688307], [-79.37558826163499, 43.651718950855454], [-79.37516377189009, 43.651806105896036], [-79.37490689381251, 43.6511852857661], [-79.37477129642822, 43.65087934446412], [-79.37459369193047, 43.65047389503846], [-79.37437921456086, 43.64993724087988], [-79.37437260016034, 43.64992159547695], [-79.37385269805065, 43.648691921995116], [-79.37382530038069, 43.64862711676149], [-79.37374693774589, 43.648441771460746], [-79.37366737861625, 43.648243769704514], [-79.37327275013617, 43.64725688968955], [-79.37334977403609, 43.64722191187568], [-79.37524508941138, 43.64636121030145], [-79.3758715131178, 43.646064129266826], [-79.37646323247282, 43.64578350506516], [-79.3763129748289, 43.6454391224468], [-79.37612519937421, 43.64499739283156], [-79.37612537742204, 43.64490350652804], [-79.37610988507252, 43.644798188554226], [-79.37605952323464, 43.64464461132589], [-79.37603531522954, 43.644521515104714], [-79.37602853792644, 43.64442000695834], [-79.37603753218984, 43.64429694763458], [-79.37606993526796, 43.644146017416695], [-79.37625406914253, 43.64405114669118], [-79.37629722191627, 43.64402890860336], [-79.37787282389151, 43.64321707677923], [-79.37937996893073, 43.64245814492654], [-79.37947291821617, 43.642411339300054], [-79.38027124210494, 43.64200932264783], [-79.38028838773708, 43.642000688444966], [-79.3803105096705, 43.64199592015617], [-79.38035119505209, 43.6419869604325], [-79.38039150511005, 43.64197349959474], [-79.38043180622424, 43.64196453944029], [-79.38045407143188, 43.64195626342256], [-79.38063393103427, 43.64190049497848], [-79.38081632107178, 43.64182542085592], [-79.38094549237405, 43.64176030960344], [-79.38095860704905, 43.64175355419742], [-79.38096435483139, 43.64175089126331], [-79.38104584723717, 43.64171313684559], [-79.38113269067165, 43.64167272081462], [-79.38121992175584, 43.64163680582735], [-79.38130636709164, 43.64159638925026], [-79.38138445278769, 43.641559995667336], [-79.38147773656513, 43.64151556152301], [-79.38156303008422, 43.64147514265657], [-79.38164792809687, 43.641434723316735], [-79.3817320787493, 43.64138980063272], [-79.38181582147944, 43.64134488286551], [-79.38189918344511, 43.641304456349246], [-79.38198254169656, 43.641259538062016], [-79.38206474711731, 43.641214618524295], [-79.38214656943747, 43.64116968953076], [-79.38221441874971, 43.641138258106466], [-79.38228226562347, 43.64110232593158], [-79.38235088090313, 43.641066385505624], [-79.3824198963318, 43.641034954258735], [-79.38248889929213, 43.6410035238573], [-79.38255907968934, 43.64097208562228], [-79.38262924760303, 43.64094065543242], [-79.38269978729834, 43.640909217479546], [-79.38277112016038, 43.640877788397596], [-79.38284245659725, 43.640850859982436], [-79.38291455778203, 43.64081943159803], [-79.38298704438147, 43.6407879945611], [-79.38305953331377, 43.64076106718968], [-79.38313279064809, 43.640734139657575], [-79.38320643215108, 43.64070721157073], [-79.38324361133343, 43.6406936178051], [-79.38328008598297, 43.64068028344893], [-79.38330674192058, 43.640670630539375], [-79.38360128791068, 43.64149791515183], [-79.38363997536753, 43.64159186809535], [-79.38396858960202, 43.64239001092027], [-79.38418572645, 43.642352876142816], [-79.38440441765897, 43.64230653317842], [-79.3856835407053, 43.642035480785395], [-79.385874149763, 43.64198874236381], [-79.38603024933596, 43.641944306891716], [-79.38610725554307, 43.64191183722564], [-79.38633007292168, 43.64181788350469], [-79.38649363617681, 43.641732474080946], [-79.38662966671484, 43.64165084201832], [-79.38673900267278, 43.64156698970307], [-79.38679666532603, 43.6415183509659], [-79.38752086074543, 43.64090748176497], [-79.3875828373019, 43.64085520309687], [-79.38784821736324, 43.64070285555494], [-79.38803780146534, 43.64061752613852], [-79.38811097337307, 43.64059059083097], [-79.38819632377269, 43.64055917208058], [-79.38827808157147, 43.64053675297177], [-79.38837615076753, 43.64050083770675], [-79.38854627108046, 43.64045599661095], [-79.38872177147496, 43.64042466352352], [-79.38880425552266, 43.64041888026246], [-79.38882908631129, 43.640415771019484], [-79.38886510482561, 43.64041580514085], [-79.38888299421919, 43.640413607282284], [-79.38890152825815, 43.640411338936204], [-79.38893754677156, 43.64041137213461], [-79.38897357643843, 43.64041140623265], [-79.38900959495197, 43.64041143940838], [-79.38904562585844, 43.64041147348491], [-79.38908202734494, 43.64041151691106], [-79.38911766574574, 43.64041605039211], [-79.38915367186604, 43.640416084410546], [-79.38920712825126, 43.64041613443113], [-79.38926020164553, 43.6404161840557], [-79.38931325314358, 43.64042073434264], [-79.38936592164204, 43.64042529323567], [-79.38941898141069, 43.640425342773355], [-79.38947164993776, 43.640429892616304], [-79.38952431723338, 43.64043444243381], [-79.38957697629432, 43.64044349292728], [-79.38962964483287, 43.640448051698854], [-79.38968191553111, 43.640452601060844], [-79.38973419987128, 43.64045715041207], [-79.39000915365219, 43.640503232499874], [-79.3910079404093, 43.64067062800944], [-79.39169665436908, 43.640765074621115], [-79.39210774456237, 43.64074148087381], [-79.39286778884028, 43.64058182464623], [-79.39296465769202, 43.64056147677007], [-79.39321993997531, 43.640523860050116], [-79.39346723288378, 43.64046983563427], [-79.39371053265965, 43.64040971211115], [-79.39391594096499, 43.64036417301411], [-79.39439108184199, 43.64020440573357], [-79.39444955268877, 43.64034120295693], [-79.394463180452, 43.64037308685447], [-79.39474991109769, 43.64106740268288], [-79.39477515650601, 43.64112853383194], [-79.39480340167324, 43.64120092400502], [-79.39483599413859, 43.641284455620415], [-79.39484114591558, 43.641297656434126], [-79.39338586849806, 43.64154172215449], [-79.39347555384143, 43.64176037990897], [-79.39365054946119, 43.64216979663099], [-79.39367787451422, 43.64223490046871], [-79.39369299354267, 43.64227092468433], [-79.39369302686609, 43.64227100572805], [-79.39369314042476, 43.64227127497591], [-79.39378554673445, 43.64225111129017], [-79.39382579834037, 43.6422424938226], [-79.39386609953188, 43.64223386648535], [-79.39388619308616, 43.64222956446029], [-79.39391626955309, 43.642223125759045], [-79.39391641586842, 43.64222309438988], [-79.39394657664751, 43.64221663685594], [-79.3939667334265, 43.64221232227337], [-79.39399689295536, 43.642205864724986], [-79.39402712811356, 43.642199391936316], [-79.39406736724935, 43.64219077797262], [-79.39410760513417, 43.64218216399361], [-79.39413784026867, 43.64217569117562], [-79.3941780768955, 43.64216707627048], [-79.39421541107545, 43.642151138715704], [-79.39425565015385, 43.64214252378548], [-79.39429588798127, 43.64213390883992], [-79.39433620143284, 43.64212527864767], [-79.39437643923729, 43.642116663673676], [-79.39441667826817, 43.64210804958682], [-79.39445400740644, 43.642092102947906], [-79.3944942464115, 43.64208348793351], [-79.39453449656357, 43.64207487111494], [-79.39458481388799, 43.642064098725854], [-79.3946251148537, 43.6420554702204], [-79.39466238190644, 43.642039536958144], [-79.39471269793755, 43.64202876541166], [-79.39474292053242, 43.642022294222194], [-79.39477309352093, 43.642015834680876], [-79.39479323777431, 43.642011522641326], [-79.39482043759664, 43.64199774220168], [-79.39485066016286, 43.64199127188382], [-79.39487075356476, 43.641986970585464], [-79.39491105567762, 43.64197834198012], [-79.39495129330221, 43.64196972680342], [-79.39498855897645, 43.64195379343332], [-79.39502887220885, 43.641945162996315], [-79.39507208298028, 43.64194386685642], [-79.39510707828236, 43.641976140237], [-79.39512781732888, 43.64202391716652], [-79.39512785065725, 43.642023996409534], [-79.3952216051763, 43.64225173893557], [-79.3952261785711, 43.64225050543291], [-79.39527276196064, 43.64235781796282], [-79.39527219275949, 43.64235797496608], [-79.39486681134368, 43.64246926630236], [-79.39485686332863, 43.64247199808343], [-79.39482441385024, 43.64248090573657], [-79.39480451781316, 43.642486368390266], [-79.39503516816245, 43.642987807874526], [-79.39507378683224, 43.643082927946445], [-79.39508386656634, 43.643080770557795], [-79.39531062316016, 43.64363934322002], [-79.3953940312087, 43.64384543307203], [-79.3953936641862, 43.643845503847324], [-79.39500871079403, 43.64392022991342], [-79.39518516302243, 43.64434483985091], [-79.39520936788651, 43.64440377447105], [-79.39523168002334, 43.6443992294065], [-79.39528515771609, 43.644388335390644], [-79.39535710233108, 43.64437368666455], [-79.39535878869701, 43.64437334345418], [-79.39536144106614, 43.64437990881024], [-79.39546627390449, 43.644634259447685], [-79.39554479315956, 43.64482715221752], [-79.39555342703329, 43.64484836472669], [-79.39555092351138, 43.64484887101892], [-79.39556045480637, 43.64487223928482], [-79.39548906136996, 43.644887530441956], [-79.39549651764494, 43.64490446260857], [-79.39550203808466, 43.64490332447599], [-79.39558054588615, 43.64509379402242], [-79.39558937387886, 43.64511531905405], [-79.39562660038482, 43.64520608365086], [-79.39563423726325, 43.64522470733715], [-79.39567815863212, 43.64533631088774], [-79.3949665773695, 43.64547794907072], [-79.39228874807024, 43.64605376628592], [-79.39247830206797, 43.64650619973134], [-79.39281927801194, 43.6473200625231], [-79.39294814023029, 43.64765517686798], [-79.39323819932571, 43.648392655949884], [-79.39330283842378, 43.64857662217825], [-79.39340833803735, 43.648803612672296], [-79.39342110722386, 43.64883107975785], [-79.393446498673, 43.648885698738205], [-79.39346091033111, 43.648916713902615], [-79.39366252218929, 43.64935046948444], [-79.39340882141525, 43.64940580606563], [-79.39211621285284, 43.64968053687209], [-79.39227274464355, 43.65005482324272], [-79.39235370165639, 43.650248373819466], [-79.3923758107875, 43.650301228359], [-79.39262097143522, 43.650887379859526], [-79.39267446278267, 43.65100110787076], [-79.39211136142751, 43.6511047906175], [-79.39158373376698, 43.65119618942254], [-79.39145703837806, 43.651223246219864], [-79.39115093565916, 43.651288594267804], [-79.39102328272222, 43.651329433514704], [-79.39100413481731, 43.65133344068513], [-79.39079117016722, 43.65137792217757], [-79.3907527862745, 43.65138593725332], [-79.39024771432163, 43.65149749657123], [-79.38985774638523, 43.65058142712321], [-79.38976346440894, 43.6503255110398], [-79.38971555769456, 43.65019547560273], [-79.38943686380166, 43.65023156125459], [-79.38860346663171, 43.6504208860626], [-79.38826876580326, 43.65049563829941], [-79.38658879252277, 43.65085252592952], [-79.38492429659541, 43.651216534436074], [-79.38238489554297, 43.65176074440897], [-79.38237648656428, 43.65176908905461], [-79.38236367904123, 43.651782578873366], [-79.38235166130252, 43.65179156790418], [-79.38234101434725, 43.651803890662265], [-79.38234000668, 43.65180505800661], [-79.38232875753945, 43.651814047826065], [-79.38231866491216, 43.65182754043425], [-79.38230932725203, 43.65184103291861], [-79.38230038752589, 43.65185452671208], [-79.38229262550158, 43.65186802081728], [-79.38228521296917, 43.65188600787966], [-79.3822789969429, 43.65189500287678], [-79.38227316882391, 43.65190849897208], [-79.38226848358045, 43.651926497843284], [-79.38226458813276, 43.651939995928494], [-79.38226106582829, 43.65195349529799], [-79.38225871119782, 43.65197149566892], [-79.38225673850383, 43.651984996634255], [-79.38225594227762, 43.651998497911144], [-79.38225591465802, 43.6520120008798], [-79.38225705719434, 43.652030004852506], [-79.38225896349465, 43.65204350981299], [-79.38226126649911, 43.652057014281844], [-79.38226433935199, 43.652070520443665], [-79.38226857627967, 43.65208402690409], [-79.38227357302584, 43.65210203574586], [-79.38227935957478, 43.652115543801656], [-79.38228591473475, 43.65212905354876], [-79.38229285544429, 43.65214256279229], [-79.38229617161329, 43.65215145958782], [-79.38260155153546, 43.652970301256026], [-79.38169633778026, 43.65316273333633], [-79.38144403279391, 43.65321636870869], [-79.38135745055835, 43.6532347731498], [-79.38130708199704, 43.65324548113213], [-79.38114209296475, 43.653280553771154], [-79.38108559348261, 43.65312623628767], [-79.38095380098954, 43.65276633130237], [-79.38071933869077, 43.65212605604591], [-79.37921925780907, 43.65243969370105], [-79.37805213325876, 43.65268180107365], [-79.37771934748034, 43.65196319167926], [-79.37753232924169, 43.65150899425001]]]}, "properties": {"StationName": "St Andrew", "MTSA_Type": "Protected Major Transit Station Area", "SASP_No": 608}}, {"type": "Feature", "geometry": {"type": "Polygon", "coordinates": [[[-79.22585542262894, 43.74319337928395], [-79.22584566351162, 43.74319944162157], [-79.22579365766035, 43.743231281208914], [-79.22578125306596, 43.74320136639925], [-79.22574609004941, 43.74311741738617], [-79.22574316451998, 43.74311043079717], [-79.2257127325666, 43.743037777091786], [-79.22554928764718, 43.742805331614484], [-79.22554619904683, 43.74280714335098], [-79.22554610324616, 43.742806915389295], [-79.22554919306336, 43.742805109056484], [-79.22554928020637, 43.74280505795862], [-79.22547939740899, 43.742639869307254], [-79.22539259576703, 43.74243431975721], [-79.22537601422961, 43.742395053365584], [-79.22531254999133, 43.742244795095864], [-79.22521890184014, 43.74202306719832], [-79.22519429517635, 43.74196479694406], [-79.22513454257631, 43.74181839102276], [-79.22512248403322, 43.741791398772975], [-79.22464267030776, 43.74066508993124], [-79.22556146841222, 43.740478263463466], [-79.2265464252381, 43.740246599630744], [-79.22708394724087, 43.74012186138165], [-79.22723691915198, 43.74009522276936], [-79.22743185581224, 43.74005968457768], [-79.22764694171549, 43.740024190466116], [-79.22788769250691, 43.73997976839923], [-79.22704401331677, 43.73797946965384], [-79.2266172028311, 43.73697031128948], [-79.22621730649402, 43.736015216894096], [-79.2286420499163, 43.7354809198349], [-79.23070855553668, 43.735062753253224], [-79.23112796597508, 43.734964726719014], [-79.23130196188235, 43.73492012416489], [-79.23220345588217, 43.73458919399437], [-79.23240716200081, 43.73449066077681], [-79.23253774732747, 43.734436961536105], [-79.23270402209246, 43.73438333661101], [-79.2328112510637, 43.73434758316287], [-79.232914554389, 43.73432082260531], [-79.23473419419436, 43.73392000585343], [-79.2348537975959, 43.73389327956818], [-79.23493926451214, 43.73386647400096], [-79.2350464825543, 43.73383071752663], [-79.23510797219664, 43.73378585461994], [-79.23517801475919, 43.73374101059616], [-79.23577259424178, 43.73314830038519], [-79.23607277761658, 43.73386909247152], [-79.23614850731379, 43.73404710530232], [-79.23626329600374, 43.73432083764216], [-79.23630447585299, 43.734416922135374], [-79.23668249865862, 43.73531070186174], [-79.23677086042514, 43.735508936768554], [-79.23683609418562, 43.73567110520294], [-79.23692074513276, 43.73583332728996], [-79.23698263601341, 43.73604949370748], [-79.23706250198839, 43.736238711152694], [-79.23709381009229, 43.73630613150718], [-79.23713783255972, 43.73640090082058], [-79.23723759464127, 43.736653170011394], [-79.23724758614163, 43.73667607418493], [-79.23792913080966, 43.738202968914294], [-79.23799458667928, 43.7383201353317], [-79.23810344234857, 43.73844640331794], [-79.23817582546138, 43.73857258675666], [-79.23823437241222, 43.73867173558806], [-79.23832125463271, 43.73885195967825], [-79.23848813864564, 43.73904363453808], [-79.23867427502572, 43.739325056089726], [-79.23883026246459, 43.73957354575368], [-79.23910894822353, 43.74023222349349], [-79.2392572059699, 43.740588946681704], [-79.23902697816406, 43.74062962719212], [-79.23871570234645, 43.74071311828653], [-79.23853249170078, 43.740815355032026], [-79.23834869712623, 43.7409320821641], [-79.23824909896726, 43.74098973938739], [-79.23813492923811, 43.74102422091645], [-79.23722924898843, 43.74123144852783], [-79.23696958629988, 43.741288121752], [-79.23689691324441, 43.74130396592036], [-79.23606268992528, 43.74149678741162], [-79.2363109064115, 43.74206634299586], [-79.23670408813489, 43.743012505907615], [-79.23694481070739, 43.74358423540807], [-79.2369584615771, 43.74361663441821], [-79.23706320818172, 43.74386075888359], [-79.23543943689397, 43.744211462263955], [-79.2355172531318, 43.744442307449134], [-79.23464688244917, 43.744651363104914], [-79.23393779096043, 43.74480846880738], [-79.23417882304261, 43.745408325464744], [-79.23435440726564, 43.745818950187264], [-79.23348257510776, 43.746000781858186], [-79.23267783707506, 43.74617754758991], [-79.23181509603282, 43.74636935036813], [-79.23103296739737, 43.746517223950804], [-79.23056484403956, 43.745434175262446], [-79.22998955053163, 43.744081202930005], [-79.22975367700288, 43.743541266324414], [-79.229530893708, 43.742961369402785], [-79.22928013695092, 43.74238158306137], [-79.2291370359253, 43.742009367221534], [-79.22899873132569, 43.741680401867846], [-79.22884334719716, 43.7413987496028], [-79.2288196391223, 43.741355772682184], [-79.22874571961387, 43.74139778615376], [-79.22585542262894, 43.74319337928395]]]}, "properties": {"StationName": "Eglinton GO", "MTSA_Type": "Protected Major Transit Station Area", "SASP_No": 625}}, {"type": "Feature", "geometry": {"type": "Polygon", "coordinates": [[[-79.41075404482254, 43.75621804714558], [-79.41082562442516, 43.75620148493635], [-79.41110154093377, 43.75613764619229], [-79.41295751099952, 43.755738013871564], [-79.41334487871201, 43.756579529313974], [-79.41371121654717, 43.75744592845294], [-79.41407653657296, 43.75828981884506], [-79.41774472006284, 43.75747594747035], [-79.41808517369002, 43.75828331166269], [-79.41839730699677, 43.75902975939528], [-79.41872169527825, 43.75978946200085], [-79.41787849009458, 43.7599823910769], [-79.41822744036868, 43.76078374417581], [-79.41856014855985, 43.76156708837576], [-79.41888588070813, 43.762354932562225], [-79.4164877382277, 43.76288877829386], [-79.41683012654175, 43.76369012955472], [-79.4169543389021, 43.76396026282365], [-79.41697003363267, 43.764127628533565], [-79.41461027875877, 43.764624627786574], [-79.41513994084396, 43.765817682941744], [-79.41531508861468, 43.76629487020734], [-79.41533100951791, 43.76633165287695], [-79.41438071807622, 43.766555165292324], [-79.41427190307009, 43.76658099553146], [-79.41413311447552, 43.76659911431287], [-79.41402236818895, 43.76660305100284], [-79.41388908423974, 43.76660300917211], [-79.41379882634837, 43.76659264104312], [-79.4136454788262, 43.76656109573643], [-79.41346074182565, 43.76652120303592], [-79.41336212881666, 43.766516860851446], [-79.4132632905298, 43.766521446718436], [-79.41266752336885, 43.766650300038506], [-79.41256014831897, 43.76666669827238], [-79.41238331866073, 43.76666424684263], [-79.41220611696009, 43.76668773816153], [-79.41217167878028, 43.76656436532379], [-79.41153351008876, 43.7667040419099], [-79.40966814859132, 43.76711229485955], [-79.4093039054354, 43.7662509949862], [-79.40926549328307, 43.76616421706244], [-79.40904405442124, 43.76577577441074], [-79.40858218709953, 43.764965561740574], [-79.4085087441908, 43.764982370360784], [-79.40832478198688, 43.76502449268366], [-79.40821063589327, 43.76505063872718], [-79.40764469744525, 43.765180221649516], [-79.40755296410502, 43.76519366642054], [-79.40746116780066, 43.76519152995612], [-79.40736635839129, 43.76517084846397], [-79.40723551442382, 43.76513548276718], [-79.40717576430974, 43.765116935851324], [-79.40706965924613, 43.765083984377455], [-79.40696111345791, 43.7650544062755], [-79.4068371029045, 43.76504270178965], [-79.40667861780838, 43.76505077080951], [-79.40651095386568, 43.7650837114731], [-79.40627475443443, 43.76513907895668], [-79.40609151051376, 43.76518202458471], [-79.40470940565847, 43.76549043978715], [-79.40458871382243, 43.76503536077123], [-79.40430330220653, 43.76354508527315], [-79.40406323131947, 43.762898143481465], [-79.40216480547066, 43.76183963304387], [-79.40204139720802, 43.76169787866935], [-79.40298391747365, 43.76148994866559], [-79.40416065648773, 43.76120726601246], [-79.40388992870488, 43.76052894210851], [-79.4038555050846, 43.760442691305705], [-79.40350788551315, 43.75964794912659], [-79.4033773735111, 43.75936270696043], [-79.40332850398921, 43.75923184538033], [-79.4033005505013, 43.75914589960396], [-79.40329922833406, 43.759064646191526], [-79.40331518539512, 43.758989150180035], [-79.40334146620046, 43.758949216851796], [-79.40334752908088, 43.75894000472011], [-79.40331331128614, 43.75888199886175], [-79.40329629192732, 43.75884136911624], [-79.40329607789842, 43.758840860365694], [-79.40329638511783, 43.75884056808565], [-79.40322703129527, 43.75867570677495], [-79.40315223684746, 43.758497931243575], [-79.40313764470065, 43.75846324794063], [-79.40306669709247, 43.75829458575179], [-79.40303557063056, 43.75822065114778], [-79.40296431190025, 43.75823641123561], [-79.40291680398417, 43.75824692123478], [-79.40287880112652, 43.75825532310201], [-79.40287630527955, 43.758255879057494], [-79.40287628919621, 43.75825584123865], [-79.40287611278467, 43.758255880694165], [-79.40261399490142, 43.75764061255984], [-79.40261361509229, 43.75763972111433], [-79.4025988297599, 43.75761573913676], [-79.40303817649229, 43.75733829598013], [-79.40333962064045, 43.75714792411633], [-79.40347921085038, 43.757059910117], [-79.40356929813373, 43.757004862610984], [-79.40372660831216, 43.75690874684457], [-79.40380084596393, 43.75686338013071], [-79.40428542543096, 43.75657849287936], [-79.40441755409617, 43.756503143412395], [-79.40469660358156, 43.756342878139634], [-79.40516812798614, 43.75608777031688], [-79.40540668558218, 43.75596161677691], [-79.40555073379196, 43.75589294036935], [-79.40570396658143, 43.755827238163874], [-79.40588868060765, 43.75576876716577], [-79.40590474796511, 43.75576368659582], [-79.40591089657264, 43.75576191751417], [-79.40606755233044, 43.755716879070825], [-79.40607229531625, 43.75571581272184], [-79.40624361816568, 43.75567710135506], [-79.40642929274479, 43.755646291063265], [-79.40694362566482, 43.75558947121746], [-79.40747070529423, 43.75570250457116], [-79.40793016407581, 43.75580497840173], [-79.40795168764846, 43.755809778093244], [-79.40797326460547, 43.75581458952531], [-79.40803108083843, 43.75582748082258], [-79.40818790466845, 43.75586245968095], [-79.4083579718414, 43.75592333739239], [-79.40865688568323, 43.7560303403019], [-79.40873160872542, 43.7560570886522], [-79.40880604485771, 43.756089634419304], [-79.40881285720909, 43.75609234202483], [-79.40882001498318, 43.75609574210036], [-79.4089511806587, 43.7561530900074], [-79.40897037805209, 43.7561671751267], [-79.40897727896716, 43.75617045347113], [-79.40908643667375, 43.75613861387246], [-79.40913490603228, 43.75612447637212], [-79.40933190784352, 43.75606701411803], [-79.4094202887519, 43.7560412344496], [-79.40956711882073, 43.75599840492919], [-79.40972395731718, 43.75595265412368], [-79.40972427035871, 43.75595258866191], [-79.40972398645494, 43.755951445280964], [-79.41012847992864, 43.755866242421334], [-79.41021931409688, 43.75584708717121], [-79.41031014197121, 43.75582794984634], [-79.41040097225667, 43.755808822352456], [-79.41049181864157, 43.75578968579773], [-79.41051762217535, 43.75585088649108], [-79.41054252488475, 43.7559099522803], [-79.41056742764307, 43.75596901806351], [-79.41059233045029, 43.756028083840725], [-79.41061723330772, 43.756087148711856], [-79.41064274999566, 43.7561476731568], [-79.41064257359538, 43.75614771262432], [-79.4106796054718, 43.75623527136619], [-79.41075404482254, 43.75621804714558]]]}, "properties": {"StationName": "Sheppard-Yonge", "MTSA_Type": "Protected Major Transit Station Area", "SASP_No": 725}}, {"type": "Feature", "geometry": {"type": "Polygon", "coordinates": [[[-79.41656358478956, 43.77084879968379], [-79.41660392071329, 43.77114847401343], [-79.41663983212688, 43.77141530507291], [-79.41671254850404, 43.7719556088636], [-79.41670684660451, 43.77204446554136], [-79.41669004290144, 43.77210504042967], [-79.41664532432917, 43.772193858754754], [-79.41658947015458, 43.77227864539481], [-79.4164611279357, 43.772375486572585], [-79.41616540326208, 43.77259741805622], [-79.41606488862037, 43.77271447790138], [-79.41601461235996, 43.77280330178989], [-79.41599782221732, 43.77285176185323], [-79.41599773616868, 43.77291235071691], [-79.4161542271545, 43.773312409953455], [-79.41652003189614, 43.774207121255], [-79.41608290900513, 43.774297517094695], [-79.41592562736369, 43.774342408433384], [-79.41580366153387, 43.7743963276815], [-79.41569644186897, 43.77445025767661], [-79.41561329140099, 43.774499696640575], [-79.41556820753294, 43.77454467116915], [-79.41555574098787, 43.774576167975866], [-79.4155335463386, 43.77461665879678], [-79.4155237546491, 43.77467965459123], [-79.41552636617284, 43.77475617035963], [-79.41553712796646, 43.77483268404916], [-79.4155382120654, 43.77489119627814], [-79.4143429303524, 43.775157290546986], [-79.41279351234874, 43.77550470125408], [-79.41262448557434, 43.77485191468578], [-79.4125986173025, 43.7748383363933], [-79.41261683508102, 43.77479875222527], [-79.4126354708203, 43.774744252477774], [-79.4126338680018, 43.77467452252241], [-79.41262607676958, 43.77457981579358], [-79.4124340569381, 43.77409844821876], [-79.41240598314124, 43.773798724364575], [-79.41228460149514, 43.77322633367744], [-79.41199761397378, 43.77246015892892], [-79.41177672702958, 43.77251180049504], [-79.41176892209577, 43.77249427091869], [-79.4116646596035, 43.77249772515921], [-79.41165879622883, 43.77249791865401], [-79.41153541561317, 43.772502023187506], [-79.41107472424915, 43.77251730798263], [-79.41098533612887, 43.77251701967156], [-79.41078413056957, 43.77255271820415], [-79.4091055448041, 43.77293179654759], [-79.40872604380931, 43.77199321450091], [-79.40835124117619, 43.77115801640593], [-79.40577287479904, 43.77172039378838], [-79.40541663835918, 43.7709014260198], [-79.4050485084287, 43.77004311184884], [-79.40470582700998, 43.76916707979367], [-79.40727929925161, 43.76859740156517], [-79.40689694668833, 43.767729100913115], [-79.40654531729261, 43.766851467210614], [-79.40627700848607, 43.76622591134503], [-79.40625328599776, 43.7661706046101], [-79.4061987859496, 43.76604354010864], [-79.40586376046336, 43.76523540889035], [-79.40586266241768, 43.765233091072105], [-79.40609151051376, 43.76518202458471], [-79.40627475443443, 43.76513907895668], [-79.40651095386568, 43.7650837114731], [-79.40667861780838, 43.76505077080951], [-79.4068371029045, 43.76504270178965], [-79.40696111345791, 43.7650544062755], [-79.40706965924613, 43.765083984377455], [-79.40717576430974, 43.765116935851324], [-79.40723551442382, 43.76513548276718], [-79.40736635839129, 43.76517084846397], [-79.40746116780066, 43.76519152995612], [-79.40755296410502, 43.76519366642054], [-79.40764469744525, 43.765180221649516], [-79.40821063589327, 43.76505063872718], [-79.40832478198688, 43.76502449268366], [-79.4085087441908, 43.764982370360784], [-79.40858218709953, 43.764965561740574], [-79.4083469624126, 43.76439787342656], [-79.40833525186295, 43.76430814616783], [-79.40834049364618, 43.76424355671047], [-79.40836630117657, 43.764180207007875], [-79.40841269073695, 43.764108196616064], [-79.408500226953, 43.764044897229155], [-79.40854831489726, 43.76399027849985], [-79.4085861067596, 43.7639281814018], [-79.40947195043934, 43.763730414027464], [-79.41081719432832, 43.76343083709071], [-79.41093666504467, 43.76340422362182], [-79.41133691251059, 43.76326248291458], [-79.41111495454629, 43.76235206452182], [-79.41179860391829, 43.762199411298646], [-79.41341768897712, 43.76183784860379], [-79.41345992215727, 43.76189188883709], [-79.41350057109044, 43.761959429692226], [-79.41355008253198, 43.76207198335799], [-79.41377866019151, 43.76263472891485], [-79.41397899051248, 43.76312995073426], [-79.41401535507038, 43.763215489712316], [-79.4141050294674, 43.76342789867642], [-79.41443787761122, 43.764216264694255], [-79.41461027875877, 43.764624627786574], [-79.41505758642721, 43.76563218766194], [-79.41548409854202, 43.76668551222499], [-79.41602233239502, 43.767929578186255], [-79.41609015346539, 43.76808633375031], [-79.4162792369147, 43.76852338236362], [-79.41638609326803, 43.76883819343312], [-79.41639924027089, 43.7688698882226], [-79.41641787445225, 43.76892867167495], [-79.41641798569019, 43.76892906780967], [-79.41642988356955, 43.768973857547245], [-79.4164391428944, 43.76900550448263], [-79.41644871006685, 43.76905514506778], [-79.4164538443413, 43.769095735291955], [-79.41647217062032, 43.76945887022263], [-79.4165036834349, 43.77008992863477], [-79.41650362396501, 43.770122855924], [-79.41650717616811, 43.770167711556745], [-79.41650338145661, 43.77027664234706], [-79.41649843829016, 43.77035483225934], [-79.41647953352847, 43.770433885086376], [-79.41645221352792, 43.77056893729331], [-79.41656358478956, 43.77084879968379]]]}, "properties": {"StationName": "North York Centre", "MTSA_Type": "Protected Major Transit Station Area", "SASP_No": 726}}, {"type": "Feature", "geometry": {"type": "Polygon", "coordinates": [[[-79.41743720433028, 43.787071202760764], [-79.41730909332287, 43.78706936391442], [-79.41707475860166, 43.7870973507396], [-79.41685361546082, 43.78713673228031], [-79.41658180331534, 43.78718520452407], [-79.41610846466608, 43.787287825323105], [-79.41605223591883, 43.787300275881044], [-79.41463460138495, 43.78761430869691], [-79.41455977722033, 43.787630875272775], [-79.41359445973052, 43.787842725126055], [-79.4133015810502, 43.787019767183544], [-79.41433032659626, 43.78679526846107], [-79.41495958321127, 43.786657935647156], [-79.41502640595135, 43.78664036282639], [-79.4150697953216, 43.78662212357026], [-79.41510863686206, 43.78658569852474], [-79.4151284546512, 43.78655119279543], [-79.41513317263835, 43.786500905773806], [-79.41511537601659, 43.78643293180426], [-79.41504564659527, 43.78616068502696], [-79.41494291984549, 43.7857890945465], [-79.41481930848177, 43.78525062076935], [-79.4149679190504, 43.78518183813805], [-79.4153098752597, 43.784792884258245], [-79.41463581377543, 43.784877366618566], [-79.41458293151265, 43.784661279681785], [-79.41457405959457, 43.784624432985744], [-79.41454383871245, 43.78449970252253], [-79.41454372136144, 43.78449922537174], [-79.41454391271061, 43.7844992147134], [-79.41450458475522, 43.784337149495855], [-79.41447192770309, 43.78420288042481], [-79.41447176469293, 43.78420218631111], [-79.41443955514646, 43.784067855454296], [-79.41443938099891, 43.78406713072815], [-79.41440657502642, 43.783932076616836], [-79.41437376795876, 43.78379702249208], [-79.41435342428043, 43.78371375254124], [-79.41433087461051, 43.7836214509379], [-79.41433079803875, 43.78362113043815], [-79.4143309720467, 43.78362108106203], [-79.41432142448853, 43.78358167839526], [-79.4143075741341, 43.783523383503216], [-79.41430734319259, 43.78352241120148], [-79.41428105663515, 43.78341436820151], [-79.41406894289041, 43.78325667368062], [-79.41391532313274, 43.78314437893581], [-79.41391508203242, 43.78314443096112], [-79.41391497314302, 43.78314412303839], [-79.41376949275471, 43.783063054857486], [-79.41259086408363, 43.78240626970764], [-79.41253783437931, 43.782417166488145], [-79.4123760036721, 43.78245208867599], [-79.4121781209877, 43.78249479057227], [-79.4109191882507, 43.78276645699123], [-79.41044031393194, 43.782871510108265], [-79.40783021371485, 43.78344090986438], [-79.40773676353625, 43.78322365103455], [-79.40742501527158, 43.78249887234614], [-79.40706415087595, 43.78162588414525], [-79.40663779834256, 43.780576063127995], [-79.40924546645161, 43.77999634690267], [-79.40882107221032, 43.77898023396602], [-79.41141235793567, 43.77841254457237], [-79.41101450468256, 43.777392853283295], [-79.41085516507312, 43.77701882194946], [-79.41048759132647, 43.77615598643811], [-79.41038192280105, 43.77590795111301], [-79.40985719427647, 43.77467616753444], [-79.4124340569381, 43.77409844821876], [-79.41348297502458, 43.77388253309836], [-79.41398923003243, 43.773778318481114], [-79.41516473786099, 43.77354523769543], [-79.4154352248206, 43.77443205959514], [-79.41547434684526, 43.77449059096493], [-79.41552552531269, 43.77452663632145], [-79.41556820753294, 43.77454467116915], [-79.41561329140099, 43.774499696640575], [-79.41569644186897, 43.77445025767661], [-79.41580366153387, 43.7743963276815], [-79.41592562736369, 43.774342408433384], [-79.41608290900513, 43.774297517094695], [-79.41652003189614, 43.774207121255], [-79.41686193043711, 43.775080571017895], [-79.41733227831877, 43.77637925648331], [-79.4178261755685, 43.77766605436537], [-79.41834208190431, 43.77755510268065], [-79.4183412647423, 43.77755308492793], [-79.41967245488918, 43.777256992249846], [-79.42099003306485, 43.77696537164214], [-79.42232391273983, 43.776669246308884], [-79.42294396501025, 43.77812335626747], [-79.42338456467465, 43.7799734030882], [-79.4235833883085, 43.78077881645455], [-79.42363819129596, 43.78101083547426], [-79.42367971086009, 43.781186618728974], [-79.42374495514635, 43.781462842314944], [-79.42381618959352, 43.781764433406046], [-79.4236106742574, 43.7818071221104], [-79.42297728927605, 43.78193851680063], [-79.42264219381244, 43.78197759779812], [-79.42241663719544, 43.78202522234363], [-79.42220323240319, 43.782061937168805], [-79.42047318047992, 43.78275133865245], [-79.42080038571403, 43.783907883140884], [-79.42082508775485, 43.78399518929451], [-79.42080406352518, 43.78403568098258], [-79.42080901392411, 43.7841076966307], [-79.42087675435722, 43.78426976225729], [-79.4210590330683, 43.784719952252786], [-79.42112867573195, 43.784900019603135], [-79.42136004363964, 43.78546767332736], [-79.42148778085702, 43.78578106907155], [-79.42164611883875, 43.78616954293169], [-79.42079703033359, 43.78636367494434], [-79.42076292674302, 43.786371466135854], [-79.41900897905673, 43.78676628257293], [-79.41823180920439, 43.78692774964277], [-79.4179218603551, 43.786999540558256], [-79.41774671950148, 43.787026420004025], [-79.41758476739237, 43.78704880629958], [-79.41743720433028, 43.787071202760764]]]}, "properties": {"StationName": "Finch", "MTSA_Type": "Protected Major Transit Station Area", "SASP_No": 727}}, {"type": "Feature", "geometry": {"type": "Polygon", "coordinates": [[[-79.2705749344101, 43.72862338880884], [-79.27057415469174, 43.72862376619746], [-79.27069725678038, 43.728700523153066], [-79.27076127093251, 43.72874077563535], [-79.27081944035139, 43.72877735554442], [-79.27092910408007, 43.728809080732745], [-79.2709773787192, 43.728823047532565], [-79.27103864104481, 43.728841528364065], [-79.27107872343733, 43.72886556373805], [-79.27112618719435, 43.72889495883486], [-79.27115578598882, 43.72891177667057], [-79.2712135597707, 43.728946419411926], [-79.2713010193627, 43.72899886483528], [-79.27130764138974, 43.72900283324441], [-79.27138847910742, 43.729051310191544], [-79.2713897188031, 43.729052053475876], [-79.27144020576216, 43.72908232761147], [-79.27147593900484, 43.72910375548075], [-79.27153210813293, 43.72913742991528], [-79.27156351310065, 43.7291568940289], [-79.27158361325755, 43.72916831270808], [-79.27165085929207, 43.72920863685675], [-79.27167612394895, 43.72922378696344], [-79.27173831964764, 43.72926108194474], [-79.27175909738564, 43.7292735415931], [-79.27180339552068, 43.7293009101997], [-79.27182594886044, 43.72931486399155], [-79.27186516715852, 43.72933714481499], [-79.2719132408169, 43.72936597191951], [-79.27198155353187, 43.72942037329182], [-79.27205116576222, 43.72947581956182], [-79.27205180681355, 43.7294763303123], [-79.27213560158555, 43.729543062705474], [-79.27219624433515, 43.72959135209506], [-79.27227772135768, 43.72957272519303], [-79.27227902332362, 43.7295724370458], [-79.27240459362937, 43.729545570813315], [-79.27251805466325, 43.729517817121526], [-79.27251894298026, 43.72951760735954], [-79.2725869562372, 43.72950207238178], [-79.27274030125182, 43.72946702937263], [-79.27278168434675, 43.729457579296614], [-79.27297103288191, 43.72989736167746], [-79.27298338222538, 43.729926043556546], [-79.27299740107101, 43.72995868480905], [-79.27299745549743, 43.72995873532425], [-79.27307177457791, 43.73013135177473], [-79.27307952676543, 43.73014936970948], [-79.27317351381103, 43.730367648078904], [-79.27326694783929, 43.73058462908276], [-79.27329120526777, 43.73064098555143], [-79.27329122618663, 43.73064103419977], [-79.27341515868082, 43.73061148573572], [-79.27372774519202, 43.73054484296172], [-79.27392024042699, 43.730827330907765], [-79.27384930100318, 43.73084463863657], [-79.27278472795994, 43.73108556888357], [-79.27193839716239, 43.73126390697032], [-79.27187533710716, 43.731277810511195], [-79.27116968070743, 43.731433392023476], [-79.27168387464044, 43.7326776881616], [-79.27207819154687, 43.73363180565137], [-79.27223745668239, 43.734036894764365], [-79.27246729780427, 43.73460443045381], [-79.27235549238655, 43.73462221036384], [-79.27188650533479, 43.73472028656814], [-79.27136392888426, 43.73482725942896], [-79.27032726939822, 43.735050211806275], [-79.26919900343145, 43.735290971459655], [-79.2695594692881, 43.73618282921491], [-79.27009152224859, 43.7374530740134], [-79.27022958718402, 43.73781143347206], [-79.27042365423662, 43.73825485642272], [-79.27037231999621, 43.73829075654089], [-79.27031945585395, 43.73831765320252], [-79.27027667111284, 43.73834456919773], [-79.27011276596119, 43.73838925135543], [-79.2700211402806, 43.738407067753414], [-79.26975473891552, 43.738478543298655], [-79.26962192783412, 43.73851427712269], [-79.26951695694883, 43.738568078453206], [-79.2693295461306, 43.73867570919325], [-79.26923143832789, 43.73876552734358], [-79.26921448397837, 43.73878089336493], [-79.26912242406817, 43.738864321036246], [-79.2689611210415, 43.739044022964286], [-79.26888727974121, 43.73907987241303], [-79.26878001036351, 43.73912466355525], [-79.26865954772205, 43.73917842735182], [-79.26857870408234, 43.73921427232888], [-79.26849554005385, 43.739250102647446], [-79.26837898378601, 43.7392948746017], [-79.26825854150263, 43.739339637657835], [-79.2681124549458, 43.739393349820745], [-79.2678607759434, 43.73946485260548], [-79.26758038198682, 43.73953629014821], [-79.26732718477224, 43.73959878201104], [-79.26712135622911, 43.73965237127607], [-79.26595592833186, 43.73996514554901], [-79.26584126145472, 43.73969024275133], [-79.26565721839796, 43.73924885437208], [-79.26547307657961, 43.73880737634776], [-79.26528893586504, 43.73836598710786], [-79.2651049012323, 43.737924508643204], [-79.26497768600831, 43.737618177298096], [-79.26455038192995, 43.73769017838543], [-79.26413888757499, 43.7377819169571], [-79.26402852417075, 43.73786377795464], [-79.26321087354879, 43.73801511111154], [-79.26274264550524, 43.73810415094401], [-79.26247403534843, 43.73813960080079], [-79.26230434997002, 43.73847229553293], [-79.26212353549684, 43.738867970238175], [-79.26198816758703, 43.73915573048515], [-79.26139671627227, 43.739010471826816], [-79.26129697381664, 43.73899206932677], [-79.26086644070193, 43.73889235268578], [-79.26052776757001, 43.73879263248902], [-79.25993206765195, 43.738935395800304], [-79.25981312236351, 43.738602101164446], [-79.2597492918176, 43.73845087189012], [-79.25952411390568, 43.737917403209785], [-79.25923049768299, 43.73722368177533], [-79.25904375004842, 43.73677322880249], [-79.25873399462655, 43.736043470482684], [-79.25863004433337, 43.735803511389754], [-79.2585583247545, 43.73563795360963], [-79.25848030671683, 43.73545785803273], [-79.25817148044922, 43.73476895672533], [-79.25789040068256, 43.734056771195604], [-79.25788547662438, 43.73404339388621], [-79.25754846984157, 43.73327277514102], [-79.25725508361023, 43.73260185417617], [-79.25709989808388, 43.732223471240054], [-79.2566715261055, 43.731198634238744], [-79.25582061948438, 43.729221514907394], [-79.25598464991545, 43.72920112807066], [-79.25659973181472, 43.729061197837716], [-79.2577532536642, 43.728798761613646], [-79.25783485424869, 43.728780193873796], [-79.25819575160014, 43.72869808319051], [-79.25848442552085, 43.72863240813158], [-79.25927901793786, 43.72845161948686], [-79.25952998270404, 43.728394521587816], [-79.2598691819937, 43.72831733766829], [-79.2600753076609, 43.728270441819525], [-79.26008801597233, 43.728280333891185], [-79.26009320301021, 43.72828442955676], [-79.26020616350925, 43.728259134477], [-79.2657146578934, 43.72702548624711], [-79.2671739857939, 43.72678416536294], [-79.2671913228756, 43.72688203825798], [-79.26718744039215, 43.72709577107119], [-79.26729575772023, 43.72719441340215], [-79.26742014497609, 43.727307705501595], [-79.2678000827312, 43.72765955743579], [-79.26789322556235, 43.72774526233465], [-79.2679152253223, 43.72776332576001], [-79.2680025880403, 43.72784450379201], [-79.26801923807338, 43.72786256173943], [-79.26803473528356, 43.7278760401962], [-79.26806584890768, 43.727905243163484], [-79.26808767440552, 43.727925713142646], [-79.26819182037119, 43.72797542511573], [-79.26820674767123, 43.72798606879166], [-79.26821083510455, 43.72798897459104], [-79.26822932113349, 43.7279980007504], [-79.26849486306656, 43.72813355351142], [-79.26847664889272, 43.72813803615952], [-79.26832213166044, 43.72817826661692], [-79.26874717880372, 43.72839957217595], [-79.26883544462737, 43.72844495062026], [-79.26892292638239, 43.728489933155124], [-79.26905997407161, 43.728562214929724], [-79.27031347951423, 43.72828801630226], [-79.2703157815185, 43.728287833701536], [-79.27037038145811, 43.72828350847639], [-79.27042644402952, 43.72827907094654], [-79.27045166552334, 43.72835474491182], [-79.27047168215002, 43.72841651765165], [-79.27048252372315, 43.728448611863996], [-79.2705050366208, 43.72851525749875], [-79.27051541673521, 43.72854598348729], [-79.27051726267072, 43.72855146716931], [-79.27051728728289, 43.72855152302661], [-79.27051736985288, 43.72855167891444], [-79.27057420750654, 43.72862293728608], [-79.2705749344101, 43.72862338880884]]]}, "properties": {"StationName": "Kennedy (Subway)", "MTSA_Type": "Protected Major Transit Station Area", "SASP_No": 647}}, {"type": "Feature", "geometry": {"type": "Polygon", "coordinates": [[[-79.34955445376323, 43.77898024473494], [-79.34926724840275, 43.779019203354764], [-79.34869595463053, 43.779085355290334], [-79.3484696693053, 43.77912811092997], [-79.34792176205796, 43.77925384281272], [-79.3474143716135, 43.779377812423085], [-79.34720791644801, 43.77942457776385], [-79.34704434641478, 43.779459482547594], [-79.34687959301851, 43.77949944328361], [-79.3467104719822, 43.77952117860359], [-79.34637402549288, 43.77955706289799], [-79.3458929696293, 43.779614092245545], [-79.34569344007876, 43.7796341369361], [-79.3457203262139, 43.77972171075871], [-79.34571942073939, 43.77979024553882], [-79.34570532404436, 43.77992163495964], [-79.34565572307463, 43.78033775713582], [-79.34565645390231, 43.78040234259333], [-79.3455692753649, 43.780438372729876], [-79.34542817132163, 43.7804874896292], [-79.34428001416717, 43.78097582466319], [-79.34305204889748, 43.78151772256747], [-79.3429183607545, 43.78156879890028], [-79.3427806736171, 43.781633938439185], [-79.34266519337714, 43.78169298577223], [-79.34256129805134, 43.78176385851095], [-79.3424785760149, 43.78181447255068], [-79.34243867641673, 43.781841267209366], [-79.34226175616926, 43.78172316066527], [-79.34204187400087, 43.78157637338623], [-79.34128277124952, 43.78206518553362], [-79.34092186140514, 43.78219976645793], [-79.34073185434092, 43.78130208927772], [-79.34062128409876, 43.78077969760888], [-79.33987165818235, 43.77605888993498], [-79.33918175606465, 43.77176702816773], [-79.33969642614045, 43.76901373551571], [-79.34055312449935, 43.76830751053113], [-79.3433043323737, 43.76798395661791], [-79.34560491580137, 43.76773401114846], [-79.34666668430931, 43.76777918279572], [-79.35136322169205, 43.76738212261041], [-79.35079950869546, 43.768341617880495], [-79.35065836253787, 43.76843230529364], [-79.3506003405713, 43.76855105268315], [-79.35056876387708, 43.768669825617394], [-79.35053464871241, 43.768790387362316], [-79.35052652213098, 43.76890989393806], [-79.35055226791039, 43.76903135396288], [-79.35056852048096, 43.7691537556967], [-79.3506041671964, 43.76925980057124], [-79.3506508032492, 43.769383728098774], [-79.3507305921796, 43.76951941938476], [-79.35080196485528, 43.76974705510181], [-79.35086995799585, 43.76989380237316], [-79.35120728121653, 43.77071339986882], [-79.35145778152426, 43.77132326869872], [-79.35154160752776, 43.77143761195223], [-79.35162461373557, 43.771526949620515], [-79.35174423296647, 43.77160922287011], [-79.35184550265471, 43.77168722453913], [-79.35195854845185, 43.77173496130658], [-79.35203052864182, 43.77178715440991], [-79.35219027488141, 43.7718627831328], [-79.35232156417776, 43.771937609763704], [-79.35244918867522, 43.77203849900956], [-79.35255939106253, 43.77213729536026], [-79.35264438410394, 43.772208175163925], [-79.35267590432879, 43.77226229505174], [-79.35269000934525, 43.772295141535466], [-79.3527293416189, 43.772375113942154], [-79.35275801892548, 43.7724995025665], [-79.35301860879446, 43.773086683343315], [-79.35328240546554, 43.77372952743489], [-79.3535435787679, 43.77435881977184], [-79.35383868441917, 43.775060920567014], [-79.35385545163278, 43.77512435458277], [-79.35385308959606, 43.77517762788215], [-79.35384248611795, 43.775266274370246], [-79.35381822859435, 43.775345973300325], [-79.35380335575628, 43.77542837648831], [-79.3537612867414, 43.775516783785804], [-79.35371608787013, 43.77560948063405], [-79.35366907792792, 43.77568220147692], [-79.3535739529998, 43.77581709227754], [-79.35332174719866, 43.77618687579517], [-79.35288177910684, 43.77684027455707], [-79.35284918131515, 43.776943367443806], [-79.35282663638873, 43.77703106321039], [-79.3528005191915, 43.777106368719615], [-79.35279576134485, 43.77718533821809], [-79.3528072730587, 43.77725592244875], [-79.35282376732548, 43.77732661210671], [-79.35284330562396, 43.777396630590765], [-79.35288299847853, 43.77747537917453], [-79.35290291263046, 43.77753452468188], [-79.35294417270644, 43.7775973431373], [-79.35299549041342, 43.77767233513337], [-79.35306028558048, 43.777747939412414], [-79.35374767292583, 43.77857444156544], [-79.35378688100954, 43.778624537487524], [-79.35381484002879, 43.77866750806258], [-79.35384247388845, 43.77870577148864], [-79.3538706474378, 43.778757095434756], [-79.35387877538753, 43.77879606300767], [-79.35388980315959, 43.77883798577934], [-79.35390102182224, 43.778888252903265], [-79.35390227637816, 43.7789383272654], [-79.35389643059274, 43.77899116491948], [-79.35389360523604, 43.77904334034534], [-79.35388801311689, 43.779088932358974], [-79.35388002157079, 43.77916023772301], [-79.35385031828366, 43.77930945668395], [-79.35384086188472, 43.779365495040686], [-79.35372018826124, 43.779345385007474], [-79.35356612191794, 43.779308659966276], [-79.35322438146791, 43.77921026879692], [-79.35262684487667, 43.77904126751804], [-79.35232811412891, 43.77897054298581], [-79.3520612461354, 43.778916762266256], [-79.35177771883203, 43.77888224888485], [-79.3515399184655, 43.7788544190862], [-79.35128466653784, 43.778840040878606], [-79.35103578562898, 43.778829034152054], [-79.3507427056946, 43.77883857741287], [-79.35040862116601, 43.77886437553029], [-79.34955445376323, 43.77898024473494]]]}, "properties": {"StationName": "Don Mills", "MTSA_Type": "Major Transit Station Area", "SASP_No": 731}}, {"type": "Feature", "geometry": {"type": "Polygon", "coordinates": [[[-79.36494657112077, 43.77673750913293], [-79.36478799700944, 43.77596561626597], [-79.36473922930901, 43.77572725804122], [-79.36470791574585, 43.77557419153917], [-79.36468414161874, 43.77545798217393], [-79.36458678165249, 43.77496056930374], [-79.36455234281839, 43.77484354705587], [-79.36370814200832, 43.77503320968869], [-79.36263092672263, 43.775272963292196], [-79.36127973686267, 43.77556348696295], [-79.36120469665173, 43.77558121644181], [-79.36110117258022, 43.77561360932257], [-79.36101061966282, 43.77566113090233], [-79.36091511849497, 43.77573609015364], [-79.36081135045711, 43.77581885320039], [-79.36076226474133, 43.775866822026124], [-79.36069356186127, 43.775946666280916], [-79.36061278799187, 43.775884181372604], [-79.3605015023366, 43.77578048047168], [-79.36035799639095, 43.77565512731263], [-79.36028921019506, 43.77557801276207], [-79.3602268650408, 43.77548870041562], [-79.36010950037036, 43.77521379331568], [-79.36003178588028, 43.77504877362843], [-79.35950433410822, 43.7751744142592], [-79.3585734593216, 43.7753702872258], [-79.35852375962777, 43.77537879396206], [-79.35847882141627, 43.775380456657345], [-79.3584410109141, 43.775363271543824], [-79.35837960738914, 43.775322060880264], [-79.35831113508698, 43.775270552145734], [-79.35826391522687, 43.775231078231435], [-79.35820487933873, 43.77519158063769], [-79.35819897445496, 43.77518129393815], [-79.3582159557166, 43.774870078602895], [-79.35820176290589, 43.774897035801956], [-79.35819827821939, 43.77492184239557], [-79.35819802047897, 43.77492367292056], [-79.35801280418966, 43.774870024436716], [-79.35863607332205, 43.77357726363283], [-79.35823179191809, 43.77265564425656], [-79.35866005721424, 43.77190549465844], [-79.3615571568353, 43.77080023922739], [-79.36149075621239, 43.769908052396524], [-79.36075670497162, 43.76786616425448], [-79.36378044704517, 43.76745562609309], [-79.36564064527461, 43.76664659158534], [-79.36960967301005, 43.766532227435896], [-79.36968748816342, 43.766786115384605], [-79.37030133061184, 43.76837526883298], [-79.37043935912149, 43.76834039895572], [-79.37056129188696, 43.768662891272925], [-79.37074323210692, 43.76913018362092], [-79.3708810789637, 43.76947723085307], [-79.37113907838075, 43.77012674341224], [-79.37122689579616, 43.770357741450105], [-79.37128981895887, 43.77048039981432], [-79.3713008885813, 43.77050197917995], [-79.37135312314685, 43.77061027754086], [-79.37139274844253, 43.77073676213535], [-79.37142968452413, 43.77085461152786], [-79.37099813102556, 43.770942888891845], [-79.37054835111249, 43.77103880401237], [-79.37046669391376, 43.771060449419025], [-79.37043033586413, 43.77107210167933], [-79.37040094322045, 43.77108458903745], [-79.37038358516801, 43.77111000677216], [-79.37037714049492, 43.77113779519843], [-79.37037852197487, 43.77119981509834], [-79.37041968747631, 43.77138366646969], [-79.37050012550722, 43.77171943971854], [-79.37060448844476, 43.77210024421929], [-79.37068197197827, 43.77240550886106], [-79.37077685369415, 43.7727716439655], [-79.37087222987557, 43.77312327048187], [-79.37102544147275, 43.773741382559386], [-79.37117365836319, 43.77430065866295], [-79.37120997737686, 43.77442206913396], [-79.37122051595018, 43.77449404473664], [-79.37121785034408, 43.774542575326016], [-79.37120274462039, 43.774604645910046], [-79.37112179953158, 43.774780746930986], [-79.37059754079783, 43.7746725973921], [-79.37020000360563, 43.774583165214274], [-79.37010608965798, 43.77455418985964], [-79.3700661339513, 43.77453967050754], [-79.3700258620406, 43.774504826062795], [-79.36995930844155, 43.774435045034146], [-79.36991400919307, 43.77436476698907], [-79.36989189776091, 43.77431947566354], [-79.36853210188566, 43.774620481621696], [-79.3677781396834, 43.77635159448734], [-79.36494657112077, 43.77673750913293]]]}, "properties": {"StationName": "Leslie", "MTSA_Type": "Major Transit Station Area", "SASP_No": 729}}, {"type": "Feature", "geometry": {"type": "Polygon", "coordinates": [[[-79.38363573481384, 43.76990336716135], [-79.38362699335002, 43.76998440787091], [-79.3835887539304, 43.77014029421494], [-79.38353980919993, 43.7703021464384], [-79.38350191461932, 43.77044717673567], [-79.38349388042448, 43.7705220703213], [-79.38349120709428, 43.77058618591988], [-79.3835013089125, 43.77064148345226], [-79.38352881355577, 43.77071450409946], [-79.38356141665187, 43.77078400145884], [-79.3835871998238, 43.770848694217015], [-79.38359595198249, 43.77086982987132], [-79.38361083637334, 43.770923763177905], [-79.3836128803743, 43.77094519714042], [-79.38360774175726, 43.77100596987758], [-79.3835983878318, 43.77108118436256], [-79.38357557137006, 43.77115579285366], [-79.38354902718181, 43.77120605647031], [-79.38352040298108, 43.77125919024659], [-79.38347378610524, 43.77132831972437], [-79.38345676422313, 43.77139324789472], [-79.38343741767957, 43.77145270095583], [-79.38343662767491, 43.7714936295484], [-79.38345326997353, 43.7715570339343], [-79.38345905340462, 43.77162167841342], [-79.38346762509056, 43.77168333733303], [-79.38349888808588, 43.77180224096668], [-79.3835566933213, 43.77204114063881], [-79.38358231899673, 43.77218409872797], [-79.38359659812483, 43.7722492469126], [-79.38361431312137, 43.772330419843314], [-79.38361610407297, 43.77242471831939], [-79.38361385928991, 43.7725055117732], [-79.3835967957995, 43.77256681962296], [-79.3835419774092, 43.7726505137142], [-79.38348242031843, 43.772698818301485], [-79.38340339975342, 43.77274626679144], [-79.38328699535278, 43.772791221528486], [-79.3827688172255, 43.77295984369493], [-79.3820592283767, 43.773175629599386], [-79.38151024487496, 43.77335346569539], [-79.3812614474033, 43.7734288950377], [-79.38091714018873, 43.77353626235877], [-79.38069239856232, 43.77359439630083], [-79.3805456045647, 43.77363766839162], [-79.38002615645402, 43.77372506159292], [-79.37936353919416, 43.773836938608184], [-79.37891841643132, 43.773912661324204], [-79.37815120960182, 43.77407405130341], [-79.37757711688788, 43.77421187815744], [-79.37767303572448, 43.77444531728331], [-79.37713739772306, 43.77451390890207], [-79.37580446976764, 43.774619765336524], [-79.37527139991028, 43.7745285724247], [-79.37499930940146, 43.77417154123488], [-79.37476147652023, 43.77361603883257], [-79.37497542224911, 43.77341040288411], [-79.37485360275164, 43.77287286783689], [-79.37473987618245, 43.77291241337502], [-79.37435591797161, 43.77299617302157], [-79.37267040560322, 43.77335589067502], [-79.37211339266038, 43.773475528492774], [-79.37198862117945, 43.77301892324731], [-79.37185868440243, 43.7724795711401], [-79.37173777626266, 43.77201253747242], [-79.37161003298591, 43.77148228677139], [-79.37151489764287, 43.77118213445648], [-79.37142968452413, 43.77085461152786], [-79.37139274844253, 43.77073676213535], [-79.37135312314685, 43.77061027754086], [-79.3713008885813, 43.77050197917995], [-79.37128981895887, 43.77048039981432], [-79.37122689579616, 43.770357741450105], [-79.37113907838075, 43.77012674341224], [-79.3708810789637, 43.76947723085307], [-79.37074323210692, 43.76913018362092], [-79.37056129188696, 43.768662891272925], [-79.37056127459853, 43.76866284444705], [-79.37049502291079, 43.768492683367214], [-79.37043935912149, 43.76834039895572], [-79.37030133061184, 43.76837526883298], [-79.37009907202732, 43.76785165723286], [-79.3700043921686, 43.76760654641892], [-79.36960967301005, 43.766532227435896], [-79.36960350344484, 43.766260185617476], [-79.37240977187648, 43.76605285477261], [-79.37656904987978, 43.765614678339496], [-79.37759901850872, 43.7653787974019], [-79.3809501577667, 43.764876656650756], [-79.38174036901418, 43.766042067266255], [-79.38175566112433, 43.7660855571689], [-79.38178550656068, 43.766123256336975], [-79.3818237195653, 43.76615661656088], [-79.38221232808901, 43.76645473836511], [-79.38233420139294, 43.76653247779047], [-79.3824713857874, 43.76664514674979], [-79.38257276297254, 43.76675164083012], [-79.38265935464445, 43.76687356392734], [-79.38268699342665, 43.766915949323035], [-79.38275547203953, 43.76702094046614], [-79.38284515061552, 43.767191432644175], [-79.38294189884317, 43.767411984147145], [-79.38309870807795, 43.7678036876018], [-79.38317047366985, 43.7679699756138], [-79.38325771652963, 43.76829825353687], [-79.38335774406734, 43.76873517286818], [-79.38345519311336, 43.769138866872936], [-79.38352141151567, 43.769415886386355], [-79.38363573481384, 43.76990336716135]]]}, "properties": {"StationName": "Bessarion", "MTSA_Type": "Major Transit Station Area", "SASP_No": 730}}, {"type": "Feature", "geometry": {"type": "Polygon", "coordinates": [[[-79.38411875234675, 43.77192446393919], [-79.3835566933213, 43.77204114063881], [-79.38349888808588, 43.77180224096668], [-79.38346762509056, 43.77168333733303], [-79.38345905340462, 43.77162167841342], [-79.38345326997353, 43.7715570339343], [-79.38343662767491, 43.7714936295484], [-79.38343741767957, 43.77145270095583], [-79.38345676422313, 43.77139324789472], [-79.38347378610524, 43.77132831972437], [-79.38352040298108, 43.77125919024659], [-79.38354902718181, 43.77120605647031], [-79.38357557137006, 43.77115579285366], [-79.3835983878318, 43.77108118436256], [-79.38360774175726, 43.77100596987758], [-79.3836128803743, 43.77094519714042], [-79.38361083637334, 43.770923763177905], [-79.38359595198249, 43.77086982987132], [-79.3835871998238, 43.770848694217015], [-79.38356141665187, 43.77078400145884], [-79.38352881355577, 43.77071450409946], [-79.3835013089125, 43.77064148345226], [-79.38349120709428, 43.77058618591988], [-79.38349388042448, 43.7705220703213], [-79.38350191461932, 43.77044717673567], [-79.38353980919993, 43.7703021464384], [-79.3835887539304, 43.77014029421494], [-79.38362699335002, 43.76998440787091], [-79.38363573481384, 43.76990336716135], [-79.38352141151567, 43.769415886386355], [-79.38349918767948, 43.769321119673435], [-79.38345519311336, 43.769138866872936], [-79.38335774406734, 43.76873517286818], [-79.38325771652963, 43.76829825353687], [-79.38317047366985, 43.7679699756138], [-79.38309870807795, 43.7678036876018], [-79.38294189884317, 43.767411984147145], [-79.38284515061552, 43.767191432644175], [-79.38275547203953, 43.76702094046614], [-79.38268699342665, 43.766915949323035], [-79.38265935464445, 43.76687356392734], [-79.38257276297254, 43.76675164083012], [-79.3824713857874, 43.76664514674979], [-79.38233420139294, 43.76653247779047], [-79.38221232808901, 43.76645473836511], [-79.3818237195653, 43.76615661656088], [-79.38178550656068, 43.766123256336975], [-79.38175566112433, 43.7660855571689], [-79.38174036901418, 43.766042067266255], [-79.38120672742342, 43.765255052222905], [-79.3809501577667, 43.764876656650756], [-79.3836810054905, 43.76439480856005], [-79.38636612679853, 43.76391322057504], [-79.39192769435006, 43.76261744830492], [-79.39212186936447, 43.763185824931426], [-79.39216301415726, 43.763271431177984], [-79.39223764702494, 43.76343236781002], [-79.39242289142855, 43.76387457070686], [-79.39279266975596, 43.76379615926117], [-79.39289312569367, 43.763779869418926], [-79.39292667195281, 43.763772293917796], [-79.39304335138203, 43.76374592157021], [-79.39345536473375, 43.76365279989201], [-79.3934915102402, 43.76364388636594], [-79.39384267896322, 43.76355730537058], [-79.39391978856649, 43.76355219135918], [-79.39398200937774, 43.76357436149176], [-79.39401546949591, 43.76360136648475], [-79.39403212573991, 43.76361482795353], [-79.3940687773719, 43.763670250046125], [-79.39410398880358, 43.76375358087972], [-79.39429712162494, 43.76423001066516], [-79.3943400240379, 43.76432897554953], [-79.39467495887146, 43.76510172978126], [-79.39474225464666, 43.765251038291666], [-79.3947670814152, 43.76534749391291], [-79.39478695381759, 43.76547865726692], [-79.39481494293729, 43.76560561551414], [-79.39484102948671, 43.765747396107784], [-79.3948710373192, 43.7658366779933], [-79.39488685140513, 43.765896738764354], [-79.39492645066431, 43.76607388854143], [-79.39501521163902, 43.76644285980474], [-79.39506580724945, 43.76663795994219], [-79.3951069993485, 43.76673791756129], [-79.39544915578998, 43.76753604665291], [-79.39578151810109, 43.76834596987143], [-79.39611331608045, 43.76915843163842], [-79.39352199349187, 43.76973663594351], [-79.3909396774399, 43.770312756655414], [-79.38893454206402, 43.77074337715692], [-79.38875334167307, 43.7707816802078], [-79.38869851797722, 43.77079261641107], [-79.38864613659855, 43.77080541011691], [-79.38856765045871, 43.770822786970534], [-79.38850121803144, 43.77083750217017], [-79.3884368611529, 43.770864938067135], [-79.38836437278833, 43.770896560549716], [-79.38829603957787, 43.77093806137459], [-79.38822221276318, 43.770993959622], [-79.38817735869237, 43.77102066734318], [-79.38810277782467, 43.771055167998874], [-79.38802344072428, 43.77108231895878], [-79.38792539697317, 43.77111600440259], [-79.38734638593694, 43.771238190072594], [-79.38653801105728, 43.7714075664164], [-79.38497418695428, 43.771746560439205], [-79.38460246061265, 43.77182404888801], [-79.38411875234675, 43.77192446393919]]]}, "properties": {"StationName": "Bayview", "MTSA_Type": "Major Transit Station Area", "SASP_No": 728}}, {"type": "Feature", "geometry": {"type": "Polygon", "coordinates": [[[-79.30263900318023, 43.682949067059816], [-79.30523477745196, 43.682332031148285], [-79.30530313075243, 43.68250021086561], [-79.30534164825215, 43.682591336801885], [-79.3054332810421, 43.68280811924557], [-79.30575161012507, 43.68353613420649], [-79.30582350665081, 43.68369724364029], [-79.30593927063676, 43.6839565835833], [-79.30530559208773, 43.68420600179295], [-79.304839096213, 43.68439165296065], [-79.30470923535341, 43.68444444729746], [-79.3040645200709, 43.68469565981976], [-79.30303568817598, 43.68526314839813], [-79.30281610219146, 43.68568782136077], [-79.30290174233127, 43.685897667944346], [-79.30322757571189, 43.68669607586497], [-79.30326066897153, 43.6866887364249], [-79.30415984060393, 43.68648929491221], [-79.3045275985673, 43.68640773493008], [-79.30495543535713, 43.6874808216245], [-79.30520373325952, 43.687436051094714], [-79.30548781871451, 43.688149635403846], [-79.30326896053421, 43.688668551317186], [-79.30216511961139, 43.68895329383299], [-79.3022634124562, 43.689182722579055], [-79.30094800529656, 43.68943128612123], [-79.29683123955735, 43.69036292040486], [-79.2967314981846, 43.689304419956905], [-79.29697724719013, 43.68774916166725], [-79.29676031391531, 43.68708957381862], [-79.2905165507208, 43.68848417436326], [-79.28965688667105, 43.686207363855296], [-79.29025952272826, 43.68607991312728], [-79.2907103061203, 43.68598458072242], [-79.29013049570703, 43.68459126368276], [-79.28998346390242, 43.68423792399279], [-79.29141401778092, 43.68393888576429], [-79.29184866938579, 43.68384119884655], [-79.29265957239994, 43.68365894251075], [-79.29190363617646, 43.68185195976368], [-79.29316895522672, 43.681576042526544], [-79.29441520939167, 43.68130189795443], [-79.29581134707668, 43.68102716868518], [-79.29691907143157, 43.680757078897734], [-79.29722788069728, 43.680698736668305], [-79.29797752633897, 43.68052300921834], [-79.29812641771572, 43.68048064456166], [-79.29833016551692, 43.680427439861774], [-79.29857209384684, 43.68058772142033], [-79.2988112671606, 43.68074143832935], [-79.29914785078257, 43.68078493426922], [-79.3004777187771, 43.68104172600456], [-79.30211836331674, 43.68135128630176], [-79.30206305900028, 43.68149900441696], [-79.30207409982505, 43.681608140595046], [-79.30230284831569, 43.682105396512114], [-79.30239661131354, 43.682335071421065], [-79.30263900318023, 43.682949067059816]]]}, "properties": {"StationName": "Danforth GO", "MTSA_Type": "Protected Major Transit Station Area", "SASP_No": 623}}, {"type": "Feature", "geometry": {"type": "Polygon", "coordinates": [[[-79.33280881313682, 43.68258866082217], [-79.3326757626896, 43.682276168841376], [-79.33216412673066, 43.68239818637456], [-79.33146578740869, 43.68256472621127], [-79.33007622714308, 43.68284970944775], [-79.3298956510337, 43.6824244710059], [-79.32974130903229, 43.68206099357861], [-79.32990008163814, 43.682025357774044], [-79.33130897570184, 43.681709119175686], [-79.33077080767498, 43.680373714988015], [-79.33180553988983, 43.68014121150224], [-79.33167667696227, 43.679851443802335], [-79.33159524345588, 43.679668327251676], [-79.33153034614959, 43.67945220544232], [-79.33122801730045, 43.67876315407682], [-79.33092053056741, 43.67798858041936], [-79.33056721934736, 43.67716210720324], [-79.33377804093796, 43.67603947312935], [-79.33423930275586, 43.67593321848455], [-79.33521485406645, 43.675708507605265], [-79.33710287038359, 43.67533765364829], [-79.33810909686181, 43.675141056798225], [-79.33877759689005, 43.67674423995827], [-79.33883188695555, 43.676874842507075], [-79.33945395705534, 43.67832043743742], [-79.33963228177507, 43.67874374784817], [-79.33977501215313, 43.67907117514466], [-79.33977558782948, 43.67907249825052], [-79.33988774120982, 43.67905011960559], [-79.3402545496607, 43.6789769378088], [-79.34206038933013, 43.67861661333913], [-79.34398277458315, 43.67823998476715], [-79.3444785323113, 43.67814285429642], [-79.34470728368991, 43.678714415614394], [-79.34480221941283, 43.678951620432144], [-79.34432459392931, 43.679046938910616], [-79.3430442351775, 43.67930242066591], [-79.34424142056105, 43.68252365625605], [-79.34369089031377, 43.68264488385741], [-79.34293543334168, 43.68280848930525], [-79.34312507320871, 43.683320209922805], [-79.34344583918352, 43.68420896022125], [-79.34376638433534, 43.68503110282766], [-79.3413865808052, 43.68549683149427], [-79.34049465786558, 43.68567119582153], [-79.34004062510833, 43.68575020976134], [-79.33979969583258, 43.685792139071545], [-79.33948749485005, 43.68584236426979], [-79.33854176519249, 43.68604825589802], [-79.3375289273059, 43.68626652109168], [-79.33657369555443, 43.68646817028547], [-79.33563707254945, 43.68668059305124], [-79.33562316932269, 43.68656503092788], [-79.33488851240935, 43.68486405664376], [-79.3347217295797, 43.68449772459573], [-79.3337185334798, 43.68471309499908], [-79.33337864820808, 43.683927010303925], [-79.33280881313682, 43.68258866082217]]]}, "properties": {"StationName": "Donlands", "MTSA_Type": "Protected Major Transit Station Area", "SASP_No": 617}}, {"type": "Feature", "geometry": {"type": "Polygon", "coordinates": [[[-79.45716354688001, 43.658688273867554], [-79.45740922896438, 43.65930454756306], [-79.45744606791466, 43.659451018351795], [-79.45748530949302, 43.65964019979836], [-79.45748882453275, 43.65978245271851], [-79.4574598494665, 43.65989263331138], [-79.45743674258287, 43.65994132941106], [-79.45736923486582, 43.66009900223931], [-79.4573593980582, 43.66023355578738], [-79.45735726207063, 43.66038554788811], [-79.45734959193551, 43.660543640859366], [-79.4573672479262, 43.66067295774447], [-79.45739330780462, 43.660769046443704], [-79.45741877966728, 43.66083762758453], [-79.45746071857566, 43.66090595290757], [-79.45750541049289, 43.66095439697948], [-79.45549763382463, 43.66138579214364], [-79.45526403781719, 43.66143598359654], [-79.45494727869271, 43.66150229300898], [-79.45398648050842, 43.66208741338363], [-79.45397643837224, 43.6620957581236], [-79.45389350037179, 43.66214403332307], [-79.45296738599845, 43.66233803369413], [-79.4532352539723, 43.663015564188186], [-79.4533560365769, 43.66332052901994], [-79.45370894841335, 43.664178790252706], [-79.45309080574455, 43.66430380056073], [-79.45196813419237, 43.66453085861157], [-79.45162555876614, 43.66372831677719], [-79.45160575831027, 43.66368192518412], [-79.45101402466673, 43.663814416497154], [-79.45044855275101, 43.66393041120049], [-79.4498417334285, 43.664054589726824], [-79.44839822624259, 43.664361912326534], [-79.44788527949399, 43.66449811533087], [-79.44677670486806, 43.661848474711825], [-79.44417159450231, 43.65528882148005], [-79.44509597609081, 43.655107220501115], [-79.44694695074263, 43.654840781918935], [-79.4477706593511, 43.65421154337375], [-79.44854587733154, 43.65329639445571], [-79.4469929481218, 43.65260945350305], [-79.44728516501885, 43.65226275936085], [-79.4472978987754, 43.65224766088575], [-79.44756762329169, 43.65192760696938], [-79.4480476802086, 43.65211635054077], [-79.45044343231883, 43.651634472066306], [-79.45103028662491, 43.65151643397528], [-79.45117206138266, 43.65188117100754], [-79.45126379621533, 43.65212014148211], [-79.45134895625891, 43.65235007167132], [-79.4514045275776, 43.65253397316738], [-79.451738754993, 43.653558172203084], [-79.45223431842231, 43.653449777597196], [-79.45277241474817, 43.6533320981776], [-79.45309062543899, 43.65418382606951], [-79.45376557116752, 43.65403874740909], [-79.45621733935714, 43.653511708843816], [-79.45649287385343, 43.654147875179085], [-79.45657675003667, 43.65437089683424], [-79.45678490566893, 43.654842349948446], [-79.45678866840255, 43.65485087569122], [-79.45701057271278, 43.65535343966668], [-79.45685392538904, 43.65539613456874], [-79.45688473182264, 43.65561856881881], [-79.45693388066157, 43.65582401983477], [-79.45704161325101, 43.65627433972248], [-79.45716563013674, 43.65656870926817], [-79.45705404870341, 43.65660424630364], [-79.45688313389616, 43.65669440201246], [-79.45669354235648, 43.65681387152212], [-79.45653813493821, 43.65693334471515], [-79.45645419062737, 43.657028050608176], [-79.4564418452583, 43.65706161749195], [-79.4564211560239, 43.657115765573984], [-79.45640747695064, 43.65718140119947], [-79.45641676605563, 43.657235534603494], [-79.45643223161646, 43.65730545699892], [-79.45646946941223, 43.65737538768427], [-79.45652222639951, 43.657449842057886], [-79.45660608980143, 43.657547350876825], [-79.45668163986103, 43.65763546893314], [-79.45672584722716, 43.657682819485075], [-79.45676501845678, 43.657733752468296], [-79.45680485699928, 43.657808581678836], [-79.45702274158629, 43.65834426266083], [-79.45716354688001, 43.658688273867554]]]}, "properties": {"StationName": "Bloor GO", "MTSA_Type": "Protected Major Transit Station Area", "SASP_No": 655}}, {"type": "Feature", "geometry": {"type": "Polygon", "coordinates": [[[-79.4493496604176, 43.656704737896746], [-79.4528808393717, 43.66054167199151], [-79.45263503454154, 43.66059459936921], [-79.45188184605203, 43.6607567517094], [-79.45114408771492, 43.66091558236663], [-79.45052042210597, 43.66104985061416], [-79.44990593402905, 43.66117788961994], [-79.4493528073392, 43.66129313365147], [-79.44874858363949, 43.66142630896737], [-79.4483885266723, 43.66150563999264], [-79.44816835690162, 43.66156200335547], [-79.44745101218088, 43.661709672095824], [-79.44677670486806, 43.661848474711825], [-79.44590422461872, 43.66204577154003], [-79.44582038658125, 43.66206472475297], [-79.4447781925767, 43.66227740579269], [-79.44475632895447, 43.66228186891594], [-79.44437729163499, 43.662359213118634], [-79.44352710019885, 43.66254137490582], [-79.44329536810915, 43.662567956489916], [-79.44234714182683, 43.66277184236597], [-79.4422779383558, 43.66269426774045], [-79.44161041036809, 43.66107002251222], [-79.44084424426237, 43.65912712862635], [-79.44083583430792, 43.65910578198443], [-79.44070806399158, 43.65878181434999], [-79.44034950512439, 43.65885852306816], [-79.43970398581918, 43.6589903580826], [-79.43913557506818, 43.65909813021502], [-79.43891358290783, 43.65852831036328], [-79.43890157506208, 43.65849785134899], [-79.43890083843975, 43.6584980138804], [-79.43880303690618, 43.65824797770162], [-79.43854185824046, 43.65758565578004], [-79.43759522684316, 43.65513648352574], [-79.43757709774289, 43.6550899166189], [-79.4374170420306, 43.654678593216204], [-79.43726099202237, 43.65427760265942], [-79.4369539669537, 43.65347847436366], [-79.43668247991668, 43.652743182929285], [-79.43643634328984, 43.65211533744602], [-79.43631791692259, 43.65181327280836], [-79.43676062072264, 43.65172763622194], [-79.43684190248868, 43.65171190440603], [-79.43755082745064, 43.651574765103845], [-79.43822642684047, 43.65143853054236], [-79.43875394783365, 43.6513321559018], [-79.43972728381215, 43.651107845270836], [-79.43980479180304, 43.65108077569376], [-79.43996026950867, 43.65101217047372], [-79.44030262998132, 43.650767013003176], [-79.44098096501334, 43.65028126436914], [-79.44140696397973, 43.65032053158999], [-79.44201922182027, 43.65045192397151], [-79.44211046315256, 43.650474144264194], [-79.44298437383071, 43.65068697152849], [-79.44355929818269, 43.650813671601156], [-79.44754438164651, 43.654754756755196], [-79.4493496604176, 43.656704737896746]]]}, "properties": {"StationName": "Bloor-Lansdowne GO", "MTSA_Type": "Protected Major Transit Station Area", "SASP_No": 656}}, {"type": "Feature", "geometry": {"type": "Polygon", "coordinates": [[[-79.47299621915464, 43.67656197493688], [-79.47297320993829, 43.67679916163202], [-79.47282113107057, 43.67682127882074], [-79.47272675891782, 43.676835004120164], [-79.47248094387243, 43.67687075261571], [-79.4723745089788, 43.676896036965914], [-79.47232872023538, 43.67691834296158], [-79.4722940188807, 43.67692454009335], [-79.47279340794475, 43.67731446209914], [-79.47426222014691, 43.67846130970931], [-79.47463752063172, 43.67875433915121], [-79.47448304472027, 43.67879175941736], [-79.47403760626527, 43.67889966009147], [-79.47051966495732, 43.679695682577126], [-79.46937785015523, 43.67995039618812], [-79.46880936539213, 43.68007719488989], [-79.46694168939749, 43.68048668530127], [-79.46683571698493, 43.680509912303094], [-79.46680552490587, 43.68051652763585], [-79.46641433714994, 43.68060228088328], [-79.46597084602578, 43.680202104347636], [-79.46576260362085, 43.67996059973607], [-79.46564668958408, 43.67984921370103], [-79.46556794613849, 43.67977353092138], [-79.4654203103326, 43.6795805630129], [-79.46514536937859, 43.67908096188224], [-79.46478345598568, 43.678394991694425], [-79.46385996506915, 43.67861681824054], [-79.4630824347393, 43.67675251990792], [-79.46279729570227, 43.676068275479665], [-79.46274948944509, 43.67600723068468], [-79.46272098761057, 43.67599093793141], [-79.46266137677127, 43.675982908164606], [-79.46259592880021, 43.6759881885695], [-79.4608915256638, 43.67637545078258], [-79.46054079464814, 43.67552754697213], [-79.46032015840673, 43.67499284010014], [-79.4601577127977, 43.67461208896125], [-79.46006501708472, 43.674395171468646], [-79.45997984425638, 43.674195853292595], [-79.45997962632731, 43.674195345539374], [-79.4604134732608, 43.674102779858174], [-79.46044281185003, 43.67409652056452], [-79.46048807865024, 43.67408686155413], [-79.4604880576002, 43.674086812039334], [-79.46013943704764, 43.67327357704493], [-79.46014612236353, 43.673272056344935], [-79.46014396174239, 43.6732669059106], [-79.4608319248781, 43.673115987379425], [-79.46055826977319, 43.67246790655505], [-79.46043635585883, 43.672183892909885], [-79.46030011801815, 43.67187263240865], [-79.46029833748379, 43.67186848576044], [-79.45968917875184, 43.67046469908066], [-79.45969613947348, 43.67046627227406], [-79.46030358596374, 43.67060356308768], [-79.46066347129472, 43.67068490055079], [-79.46068985025092, 43.67062218538329], [-79.46069125080953, 43.67056819925172], [-79.4605755627911, 43.6702424871546], [-79.46020140270537, 43.66935509599386], [-79.4601994068586, 43.66935038128077], [-79.45992502854625, 43.66869945922802], [-79.46000781199643, 43.66868110021619], [-79.4603885359361, 43.66859765683498], [-79.46040354204786, 43.66863282229519], [-79.46049418871777, 43.66861575825147], [-79.46060293960383, 43.66859528345574], [-79.46072582730854, 43.66857214810787], [-79.46085293527149, 43.66854821925192], [-79.46088573818906, 43.66854204563762], [-79.461193252501, 43.6684774359771], [-79.46156739243261, 43.668829694269235], [-79.46168449081989, 43.668804106671814], [-79.46168771145966, 43.668805652386744], [-79.46332660965709, 43.668406805322014], [-79.46445008963461, 43.668124702545164], [-79.4649740870173, 43.66800571222121], [-79.46497709695761, 43.66800501733726], [-79.46557310108615, 43.66786071823812], [-79.46628706607945, 43.66953602073071], [-79.46647264625808, 43.670033181410396], [-79.46931748074695, 43.66939480924973], [-79.46995666049358, 43.66925307330371], [-79.4710859222108, 43.67178187893703], [-79.47125108891443, 43.67221284214903], [-79.47136163626128, 43.67238185795696], [-79.47152511691573, 43.67252036501769], [-79.4715448392678, 43.67253707646485], [-79.47181387346299, 43.67276580212335], [-79.47193598593645, 43.67287710525324], [-79.47219688040278, 43.67314623512771], [-79.47227065202948, 43.673256509870804], [-79.47235827026691, 43.67340677017651], [-79.47239852395009, 43.67353900635327], [-79.4725524593523, 43.67414381358346], [-79.47262458711297, 43.67437425228748], [-79.47266857910161, 43.67451908935022], [-79.47274181658621, 43.67476020924762], [-79.4727617965619, 43.67491711226377], [-79.47277099229655, 43.67498040123464], [-79.47277593070463, 43.674985746519795], [-79.47280256279508, 43.67517631260095], [-79.47280904654116, 43.67522271076468], [-79.47282317484411, 43.675323799420546], [-79.47285204226488, 43.67553035782942], [-79.47288128939552, 43.67573963382461], [-79.47289042365925, 43.67580503898217], [-79.47290560053675, 43.675913630500624], [-79.47291203870626, 43.67595969109067], [-79.47292642572951, 43.6760626133592], [-79.47299195662647, 43.676531475521706], [-79.47299621915464, 43.67656197493688]]]}, "properties": {"StationName": "St. Clair-Old Weston", "MTSA_Type": "Protected Major Transit Station Area", "SASP_No": 630}}, {"type": "Feature", "geometry": {"type": "Polygon", "coordinates": [[[-79.50555031746549, 43.76749191056753], [-79.50598821057633, 43.76744486340971], [-79.50866348587883, 43.76718550550606], [-79.50990707400594, 43.768360309780846], [-79.51066466159685, 43.769636144773116], [-79.51388842514864, 43.7717897568436], [-79.51340397287139, 43.771977545706775], [-79.51309984309243, 43.77206511142689], [-79.51273746652191, 43.77214487699407], [-79.51234059637254, 43.77223713791843], [-79.51180997544583, 43.77235754373924], [-79.51154467054715, 43.77241853783068], [-79.51135828502308, 43.77244283726492], [-79.51141218337305, 43.77260068878705], [-79.5114154308557, 43.77262247948767], [-79.5114177951451, 43.77264425227394], [-79.51141941538708, 43.77266612414772], [-79.51142015369672, 43.77268808612159], [-79.51142015910091, 43.77270995815652], [-79.511419293735, 43.77273183837946], [-79.51141756007763, 43.77275370158674], [-79.51141508110922, 43.77277557386959], [-79.51141173133388, 43.77279727521629], [-79.51140751328639, 43.772819075662724], [-79.51140155616676, 43.7728408393775], [-79.51139671769901, 43.772866222365984], [-79.51139100843955, 43.772891533431284], [-79.51138443088003, 43.772916816678936], [-79.51137710796743, 43.77294192087625], [-79.51136891548327, 43.772966853236404], [-79.51135995157867, 43.77299171456305], [-79.51135028082074, 43.77301636803115], [-79.51133972808387, 43.773040941475095], [-79.51132842997208, 43.773065244055466], [-79.51131638526489, 43.77308939458816], [-79.51130347220928, 43.773113301272645], [-79.51128995043155, 43.77313701088926], [-79.51127553297894, 43.77316049466223], [-79.51126038381041, 43.77318370036805], [-79.51124461348711, 43.77320666220022], [-79.51100798700323, 43.77354769416172], [-79.51095822961025, 43.77363066756546], [-79.51092606927766, 43.773686996594435], [-79.51091948988518, 43.773710588485294], [-79.51091179385904, 43.77373480966659], [-79.5109091871562, 43.7737454223378], [-79.51090583691062, 43.77375900457784], [-79.51090074828588, 43.773783342525064], [-79.51089640624657, 43.77380780731779], [-79.51089550055639, 43.77381398223165], [-79.51087334186568, 43.77388146188445], [-79.51086271323115, 43.773955314190985], [-79.51086424198766, 43.774014836320795], [-79.51087337328812, 43.77407545587407], [-79.5108946915286, 43.774140492956874], [-79.51092664722921, 43.77422094808382], [-79.51095557140206, 43.774298100949], [-79.51099055889097, 43.77438187721001], [-79.51102557111692, 43.77446453730722], [-79.51104079240358, 43.77453398553684], [-79.51105145331681, 43.7746023180552], [-79.5110544967751, 43.774656322290596], [-79.5110385481282, 43.774718609469694], [-79.5110035852555, 43.77485859147637], [-79.51095796414903, 43.77494567711297], [-79.51089865190538, 43.775023943756196], [-79.51085302533657, 43.77508236321364], [-79.51076024635465, 43.77516393819832], [-79.5106553044474, 43.775238907357284], [-79.51051688414562, 43.77531497675111], [-79.5103472943533, 43.77539049162785], [-79.51025111839492, 43.77544576588523], [-79.51022689597549, 43.77545329306148], [-79.51018714623785, 43.7754649792736], [-79.51014714795268, 43.77547617042771], [-79.51010690108913, 43.77548667839844], [-79.51007087754776, 43.775495474854104], [-79.51006628143902, 43.77549659140824], [-79.51002541198116, 43.77550588424259], [-79.50998417096763, 43.77551450110434], [-79.50994280561821, 43.775522515781525], [-79.50990119172438, 43.775530016496525], [-79.50985945223097, 43.775536771007424], [-79.50981746542887, 43.77554295754837], [-79.50977523006256, 43.77554848790739], [-79.5097667581218, 43.775549460761624], [-79.50975920551109, 43.77555086559453], [-79.50895288559462, 43.77562811061811], [-79.50739503497743, 43.77595298724101], [-79.50646835521357, 43.776150836771556], [-79.5063690013069, 43.77619032972677], [-79.50625362411576, 43.77623677150137], [-79.50614465923202, 43.776294834266984], [-79.5060549254924, 43.776364506561755], [-79.50597482123898, 43.776443467522846], [-79.50586586533989, 43.77656191638401], [-79.5057537018279, 43.77667105805772], [-79.50560306809784, 43.776815044262875], [-79.50552296367778, 43.77689169159228], [-79.50543643525945, 43.77696832026777], [-79.50534670093263, 43.777037991098176], [-79.50521850571901, 43.77712392969029], [-79.50510312742307, 43.77718895777597], [-79.50496532795192, 43.777265597369684], [-79.50484006172738, 43.77732970749486], [-79.50477293219569, 43.77737103393026], [-79.50463386281761, 43.777438653971934], [-79.50446926443088, 43.777509453168605], [-79.50429146122214, 43.777577696283004], [-79.50412421514638, 43.77763637856476], [-79.50393341376126, 43.77769559338516], [-79.5037011965815, 43.777754982958285], [-79.50431637061583, 43.77924017720256], [-79.50164541611265, 43.779848960928184], [-79.49871665532507, 43.78052984395345], [-79.49731425514302, 43.78085864587351], [-79.49445824560274, 43.7815421955114], [-79.4944309946648, 43.781430917823975], [-79.49440037803045, 43.7813088655333], [-79.49437230731847, 43.781197902829], [-79.49433360412395, 43.781052635135346], [-79.49430788163792, 43.780929295883425], [-79.49428236928692, 43.78083127699574], [-79.4942657884585, 43.78074436602419], [-79.49424538248456, 43.78063155841688], [-79.4942313577237, 43.780501186192666], [-79.49422435034892, 43.78039069075938], [-79.49423328245577, 43.78030378016266], [-79.4942371220982, 43.780204842809034], [-79.49429645740211, 43.78015342015103], [-79.49430220937876, 43.780075465577006], [-79.49431657059918, 43.77998571986259], [-79.49433034821556, 43.77987927599599], [-79.49436658623937, 43.77975577506674], [-79.49438394136352, 43.77966533639417], [-79.49440365634294, 43.77958039756457], [-79.49441820307355, 43.77948340587479], [-79.49445253979526, 43.77937473879037], [-79.49447782040502, 43.77928734288669], [-79.49449791981357, 43.77920712158152], [-79.49452698036949, 43.77910926735445], [-79.49455801654517, 43.778992932852525], [-79.49460753863131, 43.77885803784244], [-79.49463443807282, 43.77870897296127], [-79.49463662625575, 43.7786063458976], [-79.4946391006587, 43.77851205485576], [-79.49463844454169, 43.778402847778565], [-79.49464336734272, 43.7783104020939], [-79.49463990249569, 43.77821385056749], [-79.49464622830679, 43.77814392684664], [-79.49464276423427, 43.77806658477758], [-79.49463269081897, 43.777993140816726], [-79.49463185967225, 43.777910407150195], [-79.4946157508511, 43.77779985905581], [-79.49460855167614, 43.77771807291251], [-79.4946038097248, 43.777664344524894], [-79.49458262174637, 43.777576580919664], [-79.49453325149841, 43.77741942570961], [-79.49401779846548, 43.7752553848395], [-79.49400773932014, 43.77521314166192], [-79.49399789156435, 43.77516894523295], [-79.49392007730343, 43.7748196403806], [-79.49367179523668, 43.77384572887441], [-79.49319879754647, 43.771990275558395], [-79.49291963607484, 43.77089522089726], [-79.49281163219402, 43.77042186475691], [-79.4927510547703, 43.770233734703865], [-79.49207360164397, 43.76753316437823], [-79.4920180530994, 43.76731169728425], [-79.49255610115036, 43.76723555539616], [-79.49284756993137, 43.76718863266205], [-79.49307427947357, 43.767118231005036], [-79.49325646242386, 43.76701849221289], [-79.49358439002249, 43.766777949059], [-79.49379897219158, 43.76659900049482], [-79.49391637830311, 43.76651979698796], [-79.49402770965648, 43.76646112392014], [-79.49425565994089, 43.766348271131314], [-79.49444392422184, 43.76627989098273], [-79.49460054982525, 43.76623366013111], [-79.4947446541713, 43.7662006431781], [-79.4957803466196, 43.76598114728725], [-79.49610290897017, 43.765912788183385], [-79.49675985459103, 43.76577356523904], [-79.49712777445568, 43.76569558311402], [-79.49775265934908, 43.765563149568436], [-79.49814916846726, 43.76547909698918], [-79.49895268106039, 43.7653087869987], [-79.49917246039219, 43.76526220568859], [-79.49967486474485, 43.76515571208877], [-79.50105490568654, 43.764863184227785], [-79.5012863020529, 43.76481413510748], [-79.50180255682888, 43.764690193925105], [-79.5026736943593, 43.76448105870252], [-79.50299545578805, 43.764411501887686], [-79.50320429114801, 43.76438081286097], [-79.50528703075203, 43.763796818143746], [-79.50693888279746, 43.76357675972653], [-79.50653828720083, 43.764307717668736], [-79.50617560230623, 43.76443663982925], [-79.50599291347416, 43.7651845978741], [-79.50520807429537, 43.76623024854872], [-79.50481960474335, 43.766311913840084], [-79.50461047511234, 43.766355876315544], [-79.50447514962248, 43.766371361989044], [-79.50462333197363, 43.76673159472838], [-79.50496207897515, 43.767555111755314], [-79.50555031746549, 43.76749191056753]]]}, "properties": {"StationName": "York University", "MTSA_Type": "Protected Major Transit Station Area", "SASP_No": 642}}, {"type": "Feature", "geometry": {"type": "Polygon", "coordinates": [[[-79.52166541175056, 43.775202580767264], [-79.52169479584559, 43.775471267429914], [-79.52141467273985, 43.775509293635785], [-79.521001747857, 43.775609351125006], [-79.52066218109485, 43.7756837683569], [-79.52034619901013, 43.77575146728559], [-79.51993019391541, 43.775833690964426], [-79.51955484273276, 43.775904195614544], [-79.5191751185328, 43.775976553112564], [-79.51839438315876, 43.7761231354986], [-79.51713454523366, 43.77636717028494], [-79.5169700277737, 43.77636288055401], [-79.5109546846523, 43.77773560098195], [-79.5089195368019, 43.77818891542128], [-79.50431637061583, 43.77924017720256], [-79.5037011965815, 43.777754982958285], [-79.50393341376126, 43.77769559338516], [-79.50412421514638, 43.77763637856476], [-79.50429146122214, 43.777577696283004], [-79.50446926443088, 43.777509453168605], [-79.50463386281761, 43.777438653971934], [-79.50477293219569, 43.77737103393026], [-79.50484006172738, 43.77732970749486], [-79.50496532795192, 43.777265597369684], [-79.50510312742307, 43.77718895777597], [-79.50521850571901, 43.77712392969029], [-79.50534670093263, 43.777037991098176], [-79.50543643525945, 43.77696832026777], [-79.50552296367778, 43.77689169159228], [-79.50560306809784, 43.776815044262875], [-79.5057537018279, 43.77667105805772], [-79.50586586533989, 43.77656191638401], [-79.50597482123898, 43.776443467522846], [-79.5060549254924, 43.776364506561755], [-79.50614465923202, 43.776294834266984], [-79.50625362411576, 43.77623677150137], [-79.5063690013069, 43.77619032972677], [-79.50646835521357, 43.776150836771556], [-79.50739503497743, 43.77595298724101], [-79.50895288559462, 43.77562811061811], [-79.50975920551109, 43.77555086559453], [-79.5097667581218, 43.775549460761624], [-79.50977523006256, 43.77554848790739], [-79.50981746542887, 43.77554295754837], [-79.50985945223097, 43.775536771007424], [-79.50990119172438, 43.775530016496525], [-79.50994280561821, 43.775522515781525], [-79.50998417096763, 43.77551450110434], [-79.51002541198116, 43.77550588424259], [-79.51006628143902, 43.77549659140824], [-79.51007087754776, 43.775495474854104], [-79.51010690108913, 43.77548667839844], [-79.51014714795268, 43.77547617042771], [-79.51018714623785, 43.7754649792736], [-79.51022689597549, 43.77545329306148], [-79.51025111839492, 43.77544576588523], [-79.5103472943533, 43.77539049162785], [-79.51051688414562, 43.77531497675111], [-79.5106553044474, 43.775238907357284], [-79.51076024635465, 43.77516393819832], [-79.51085302533657, 43.77508236321364], [-79.51089865190538, 43.775023943756196], [-79.51095796414903, 43.77494567711297], [-79.5110035852555, 43.77485859147637], [-79.5110385481282, 43.774718609469694], [-79.5110544967751, 43.774656322290596], [-79.51105145331681, 43.7746023180552], [-79.51104079240358, 43.77453398553684], [-79.51102557111692, 43.77446453730722], [-79.51099055889097, 43.77438187721001], [-79.51095557140206, 43.774298100949], [-79.51092664722921, 43.77422094808382], [-79.5108946915286, 43.774140492956874], [-79.51087337328812, 43.77407545587407], [-79.51086424198766, 43.774014836320795], [-79.51086271323115, 43.773955314190985], [-79.51087334186568, 43.77388146188445], [-79.51089550055639, 43.77381398223165], [-79.51089640624657, 43.77380780731779], [-79.51090074828588, 43.773783342525064], [-79.51090583691062, 43.77375900457784], [-79.5109091871562, 43.7737454223378], [-79.51091179385904, 43.77373480966659], [-79.51091948988518, 43.773710588485294], [-79.51092606927766, 43.773686996594435], [-79.51095822961025, 43.77363066756546], [-79.51100798700323, 43.77354769416172], [-79.51124461348711, 43.77320666220022], [-79.51126038381041, 43.77318370036805], [-79.51127553297894, 43.77316049466223], [-79.51128995043155, 43.77313701088926], [-79.51130347220928, 43.773113301272645], [-79.51131638526489, 43.77308939458816], [-79.51132842997208, 43.773065244055466], [-79.51133972808387, 43.773040941475095], [-79.51135028082074, 43.77301636803115], [-79.51135995157867, 43.77299171456305], [-79.51136891548327, 43.772966853236404], [-79.51137710796743, 43.77294192087625], [-79.51138443088003, 43.772916816678936], [-79.51139100843955, 43.772891533431284], [-79.51139671769901, 43.772866222365984], [-79.51140155616676, 43.7728408393775], [-79.51140751328639, 43.772819075662724], [-79.51141173133388, 43.77279727521629], [-79.51141508110922, 43.77277557386959], [-79.51141756007763, 43.77275370158674], [-79.511419293735, 43.77273183837946], [-79.51142015910091, 43.77270995815652], [-79.51142015369672, 43.77268808612159], [-79.51141941538708, 43.77266612414772], [-79.5114177951451, 43.77264425227394], [-79.5114154308557, 43.77262247948767], [-79.51141218337305, 43.77260068878705], [-79.51135828502308, 43.77244283726492], [-79.51154467054715, 43.77241853783068], [-79.51180997544583, 43.77235754373924], [-79.51234059637254, 43.77223713791843], [-79.51273746652191, 43.77214487699407], [-79.51309984309243, 43.77206511142689], [-79.51340397287139, 43.771977545706775], [-79.51367697186926, 43.77188482341233], [-79.51388842514864, 43.7717897568436], [-79.51405292768348, 43.771715820603326], [-79.51420753926651, 43.771634738394724], [-79.514370396951, 43.77154769613841], [-79.51449046285829, 43.77147019226343], [-79.51463685869773, 43.7713783720682], [-79.514747060331, 43.77129729570367], [-79.51492962421807, 43.77113991644271], [-79.51515167758308, 43.77093842032403], [-79.51536474409153, 43.77075751074514], [-79.51539904357654, 43.770714562250795], [-79.51554472503382, 43.77060106966035], [-79.51563690323418, 43.77053020315064], [-79.51575170821124, 43.770436471272255], [-79.51590410641666, 43.77031126761588], [-79.515984773364, 43.77025614464275], [-79.51618357846539, 43.770133087200094], [-79.51630468210917, 43.77004466548306], [-79.51643178558174, 43.76995883602322], [-79.51653846323617, 43.76991830978025], [-79.51665732549473, 43.76987148171367], [-79.51675434844857, 43.76981991308751], [-79.51690210757647, 43.76974386438976], [-79.51700483415682, 43.7697018359918], [-79.51710999123034, 43.76964605328409], [-79.51729257524502, 43.76955866813377], [-79.51744821553795, 43.76951684014618], [-79.51758240424175, 43.76947500534695], [-79.51767571718933, 43.76944584772638], [-79.51784831865704, 43.76938946070686], [-79.517991423177, 43.76934922354946], [-79.51809938113327, 43.76933120497811], [-79.51816589850597, 43.76929722474609], [-79.51823634607695, 43.76928034615374], [-79.51841833525715, 43.76922666343847], [-79.51852465573882, 43.769212597161754], [-79.51865129385511, 43.769188023056124], [-79.51872198732342, 43.76916389814704], [-79.51900633800518, 43.769110225585244], [-79.51917929029305, 43.769074139631954], [-79.5197324724223, 43.76895346340584], [-79.52036422473306, 43.76882728158753], [-79.52138662902631, 43.77320848816802], [-79.52138775084424, 43.773365664336346], [-79.5215264511299, 43.77393063503101], [-79.52156652113213, 43.77410012558613], [-79.52160712419841, 43.774300463152755], [-79.52163285068349, 43.77451456545718], [-79.52164831173258, 43.77471527679989], [-79.52165347961206, 43.774826050947624], [-79.52166214838527, 43.77496165875269], [-79.52166541175056, 43.775202580767264]]]}, "properties": {"StationName": "Pioneer Village", "MTSA_Type": "Protected Major Transit Station Area", "SASP_No": 643}}, {"type": "Feature", "geometry": {"type": "Polygon", "coordinates": [[[-79.40264736482511, 43.74767000435654], [-79.40255774636671, 43.747584239718094], [-79.40243012065196, 43.747471085078956], [-79.40218368299965, 43.74726442183193], [-79.40172891875639, 43.747532037586495], [-79.40164982620546, 43.7475675694905], [-79.40154403724613, 43.747610233438], [-79.40135583825575, 43.74765320154628], [-79.40091371253212, 43.747747712067216], [-79.39996622861258, 43.746912221779624], [-79.39988906010582, 43.74687417074896], [-79.39981861905993, 43.74684424468867], [-79.39974307028278, 43.74681783359279], [-79.39965857202459, 43.746805393529414], [-79.39954876274575, 43.74680338071115], [-79.39940934556068, 43.7468211264783], [-79.39921729835368, 43.74685894347123], [-79.39899438546742, 43.746909604654505], [-79.3971112028632, 43.74731305494755], [-79.39671868649347, 43.74629445452462], [-79.39664209614597, 43.74613275525902], [-79.39653005534723, 43.74587939472953], [-79.39647969011308, 43.74572507850276], [-79.39643687505216, 43.74558467512245], [-79.39639971794648, 43.74545381007554], [-79.39600440376996, 43.74449319129904], [-79.39770767766755, 43.74413227670663], [-79.39864701700488, 43.74391917353131], [-79.39860518886995, 43.7438685601932], [-79.39857297980718, 43.74379048355095], [-79.39821227910865, 43.743344954605824], [-79.39780301014936, 43.74283942641643], [-79.39772937501476, 43.7427462470753], [-79.39740958220338, 43.74234156380392], [-79.39668639139346, 43.74157791734709], [-79.39638315633646, 43.74102501428085], [-79.39656424481551, 43.74103783226774], [-79.39677064896814, 43.741036451747505], [-79.39698176154188, 43.741026784940175], [-79.39719229736403, 43.741019653778494], [-79.397358027313, 43.741004696814315], [-79.39748260017939, 43.74099793885354], [-79.39760424804554, 43.74098822662431], [-79.39771520395043, 43.74096531785572], [-79.39783600781949, 43.740926927517776], [-79.39792825274229, 43.7408914378608], [-79.39799308709333, 43.74085378947173], [-79.39803821827063, 43.740824243505735], [-79.39810820583482, 43.740779399541545], [-79.39815020262837, 43.74072461300974], [-79.3981737834851, 43.74068322913283], [-79.39818701400428, 43.74066000957174], [-79.39821163961703, 43.7405713187045], [-79.39823798747713, 43.740497823488], [-79.39825387866792, 43.740412923363564], [-79.3982872834026, 43.74029382593788], [-79.39832502534864, 43.74020070008974], [-79.3984055754654, 43.74012092334686], [-79.3984339899345, 43.74010401993146], [-79.39851406958529, 43.74005638258828], [-79.39863735104292, 43.74003306980574], [-79.3986547419066, 43.740027293816716], [-79.39875313685735, 43.739994619134144], [-79.39883197480594, 43.739977828682825], [-79.398957697305, 43.73994313112204], [-79.39903936713333, 43.739932913950085], [-79.39920725233415, 43.739911457296], [-79.3993718911798, 43.739878700956766], [-79.39957115457598, 43.73979593860703], [-79.39967603257364, 43.73973230269159], [-79.39980980764379, 43.73962839337293], [-79.40009065087494, 43.739356039644186], [-79.40027231358982, 43.73917516674294], [-79.40062296968291, 43.73884971652858], [-79.40074628670878, 43.7387217078293], [-79.40080977439474, 43.738654289487414], [-79.4008820631461, 43.73859568107536], [-79.40093318179792, 43.73854552535749], [-79.40101107772634, 43.73850369107264], [-79.40106119342772, 43.738497053727535], [-79.40123129790283, 43.73846545969502], [-79.40147317867273, 43.73841989523586], [-79.40184681877629, 43.73880020945117], [-79.40228270597974, 43.738484182292446], [-79.40240765262585, 43.73839431333157], [-79.40253496140572, 43.738332772317825], [-79.40267177217024, 43.73800679747392], [-79.4029617673835, 43.73727050039951], [-79.40301015129334, 43.737141548857785], [-79.40301813751387, 43.73705310381559], [-79.4030469950172, 43.736970734327585], [-79.40311666963127, 43.7368946715165], [-79.40317482602394, 43.73684168714798], [-79.40324996246504, 43.73678965235474], [-79.40332071454817, 43.736754257141044], [-79.40350830780969, 43.73666975966787], [-79.40379686659037, 43.73653489572115], [-79.40410588550061, 43.73639217930395], [-79.40442188343967, 43.73625028519854], [-79.4045100755435, 43.73621691921039], [-79.4047084443612, 43.736142076317115], [-79.40481896211054, 43.73608981794204], [-79.40489181877292, 43.7360115180718], [-79.40576444744394, 43.7362864661898], [-79.40578617315443, 43.7362622886989], [-79.40583793534066, 43.73623330137249], [-79.40591139023061, 43.73620192674314], [-79.40597273293331, 43.73618291974308], [-79.40693361757296, 43.73597218001806], [-79.40764222995057, 43.73581973057121], [-79.40819719764202, 43.735689652992704], [-79.40869975098163, 43.73557304176215], [-79.40885362067792, 43.735672179393056], [-79.4090201876803, 43.73582983245041], [-79.40921973898638, 43.73599651992893], [-79.40938745567104, 43.73616767525335], [-79.40955633223355, 43.73634333637752], [-79.40973646408648, 43.736523499567085], [-79.40985539713859, 43.73662711337131], [-79.41000612066881, 43.73675774597614], [-79.41011963080545, 43.73686134533001], [-79.41026534313248, 43.73696497795607], [-79.41038007374327, 43.737041582315086], [-79.41054017830622, 43.73711821307851], [-79.41067776366405, 43.73720383538572], [-79.41075722755873, 43.73726241017079], [-79.41080178390727, 43.737302947035964], [-79.4109366290989, 43.73741107004892], [-79.41108850698721, 43.73753720057658], [-79.41123653786921, 43.73765433024976], [-79.41137443555354, 43.73780746412442], [-79.41157629707938, 43.73798314778522], [-79.41168129078936, 43.73807323708415], [-79.41177542695668, 43.738176827899586], [-79.41213883313374, 43.738510150912155], [-79.41271811312939, 43.73901916328829], [-79.4128986504512, 43.73919032496071], [-79.41317994059384, 43.73944257965988], [-79.41340192638908, 43.73965877559968], [-79.4143349468215, 43.74051459740274], [-79.41478943633966, 43.74093349833251], [-79.4151859392382, 43.741287891007865], [-79.4155226679219, 43.741574213825764], [-79.41573687248365, 43.741806789787724], [-79.4156909712788, 43.74188732438559], [-79.41563659459112, 43.74199123797215], [-79.41558854166375, 43.74211053934777], [-79.41550885277208, 43.74225701911456], [-79.41543345010813, 43.74237385185754], [-79.41533794757947, 43.74248184933197], [-79.41521753635189, 43.74256531783309], [-79.41508730949539, 43.74264491827621], [-79.41478203960423, 43.74297537828722], [-79.41467147800427, 43.743047818910924], [-79.4146055214409, 43.743091033282724], [-79.41460767412262, 43.74310253219326], [-79.41461182394124, 43.743119661980224], [-79.41461688774305, 43.743136662831674], [-79.41462285935933, 43.74315350773911], [-79.41462973137716, 43.7431701714934], [-79.41450436515703, 43.74319779265091], [-79.41383579730369, 43.7441362275672], [-79.41373865293987, 43.74557735729475], [-79.41395197688523, 43.74647316494727], [-79.41452048461416, 43.74873847456589], [-79.40978219417512, 43.751825625598876], [-79.4081034405504, 43.75246023571192], [-79.40748899907062, 43.75260437466141], [-79.4051766658238, 43.75316204982529], [-79.40465049475698, 43.75327095823872], [-79.40431688682482, 43.752415564455475], [-79.40378814049981, 43.7509306836839], [-79.40376206119174, 43.75085732140911], [-79.40373842504546, 43.75080139569092], [-79.40369761981944, 43.75072051486081], [-79.40365647461604, 43.75063489817482], [-79.40363038280596, 43.750592724260684], [-79.40362020986481, 43.75057924082307], [-79.40360789450642, 43.75056293908898], [-79.40359993968138, 43.75055308502083], [-79.40357669237068, 43.75052428933932], [-79.40352715840027, 43.75046572236204], [-79.40347623885827, 43.750419458891436], [-79.40342833786143, 43.750372522854995], [-79.40337102929595, 43.75030728831972], [-79.40332012544476, 43.75022983548459], [-79.40327733537241, 43.75016378506592], [-79.4032307168046, 43.75009257367684], [-79.40319396230717, 43.75004076200124], [-79.40314931948258, 43.74997033175847], [-79.40311337683548, 43.749908745393306], [-79.40309494289563, 43.74987686356367], [-79.4030703812548, 43.74981874331009], [-79.40304059289522, 43.74976779980915], [-79.40300662515106, 43.749691384634154], [-79.4029897067826, 43.749659153023956], [-79.40296884259826, 43.74960981929833], [-79.40296757796838, 43.7496017189054], [-79.40296018341469, 43.74955418695922], [-79.4029422353879, 43.74949220265469], [-79.40290306925799, 43.74939176411054], [-79.40288677000036, 43.749294648438905], [-79.40285748472434, 43.74918242033906], [-79.40282483825298, 43.749081726267434], [-79.40281111401924, 43.748967243966625], [-79.40279839587038, 43.748882523334316], [-79.40277443664915, 43.74880629661438], [-79.40276324808329, 43.74870563067051], [-79.40275987009895, 43.748564870819735], [-79.40282011153896, 43.74841837637264], [-79.40283212274569, 43.74834136202266], [-79.40283696112604, 43.74823954764059], [-79.40285039689805, 43.748134636034436], [-79.40285903722234, 43.748053560150545], [-79.40285328942306, 43.74798528621144], [-79.40284751604766, 43.74794818716708], [-79.40281762152946, 43.747885266442324], [-79.40278887718469, 43.74783288624715], [-79.40274657824611, 43.74777856824509], [-79.40274189447757, 43.74777255322705], [-79.40264736482511, 43.74767000435654]]]}, "properties": {"StationName": "York Mills", "MTSA_Type": "Protected Major Transit Station Area", "SASP_No": 639}}, {"type": "Feature", "geometry": {"type": "Polygon", "coordinates": [[[-79.44991001589543, 43.71729571062981], [-79.44969918184475, 43.717340351782546], [-79.45006432188136, 43.71873316514064], [-79.45030307240913, 43.71972430069233], [-79.45044866271759, 43.7204012411906], [-79.4504552417052, 43.72045257210165], [-79.45045692225699, 43.720527764209876], [-79.45045925156337, 43.720612416954374], [-79.45046841354157, 43.720661984729354], [-79.45048446383873, 43.7207400094655], [-79.45049302802703, 43.72079212344338], [-79.4504997863846, 43.72085180762309], [-79.4504961217124, 43.72091019020223], [-79.45049551078898, 43.72097988692421], [-79.45049833732803, 43.72103804548075], [-79.45050967880728, 43.72110871951611], [-79.4505330084271, 43.7212199495467], [-79.45056168374752, 43.72130841762231], [-79.45058403477626, 43.72140547018515], [-79.4506117051086, 43.72150734072997], [-79.4506257317484, 43.721600221187366], [-79.45064048334052, 43.72168694597331], [-79.45066186702549, 43.72176981206617], [-79.45071168388537, 43.72192081126735], [-79.45071896661668, 43.72203315948451], [-79.45075177866327, 43.72213151179724], [-79.45077459980416, 43.722229653667156], [-79.4508002269254, 43.72234638439745], [-79.45082481312838, 43.72243694792939], [-79.45086058486906, 43.72252265556873], [-79.45089373382112, 43.72259814650808], [-79.45092491130202, 43.72267286157959], [-79.450969072744, 43.722774730093114], [-79.45011560160358, 43.7229589960995], [-79.44999476577227, 43.722985084836665], [-79.44861224322914, 43.72328355289009], [-79.44848433151198, 43.72331103204694], [-79.44726897726801, 43.72354837371639], [-79.44707345591111, 43.72360490863732], [-79.44686907990184, 43.723663996372885], [-79.44631544670303, 43.723776977459785], [-79.44563385988813, 43.72391605371007], [-79.4428029690191, 43.72453537467006], [-79.43956767719763, 43.725225241650996], [-79.43922536898758, 43.724389749145196], [-79.43961987310249, 43.72428769913089], [-79.4395959214767, 43.724237558323026], [-79.43957712809117, 43.72419250596234], [-79.439567726483, 43.724150185953306], [-79.43955456966687, 43.72411468693121], [-79.43954955920616, 43.72407500661853], [-79.43954316319643, 43.72403202210102], [-79.43953568432053, 43.72397849650543], [-79.43953435133086, 43.723947611491674], [-79.43954390104004, 43.723919127476165], [-79.43956294750483, 43.72387776764254], [-79.43958881463482, 43.72384091115295], [-79.4396194809505, 43.72379580301401], [-79.43964533683004, 43.72375895640656], [-79.43967134403643, 43.72371846345223], [-79.4397000511784, 43.72367259814867], [-79.43973359635984, 43.7236304439181], [-79.43976595729775, 43.72359336577832], [-79.43979859975977, 43.72354903184114], [-79.4398452464837, 43.72349083428406], [-79.43988117343854, 43.723438571918265], [-79.43991534393767, 43.723393905702636], [-79.43994887763306, 43.723351760402046], [-79.43998871332862, 43.72328905856291], [-79.4400241707245, 43.72323570674817], [-79.44006227271304, 43.72319257276846], [-79.44009128737729, 43.72315142419762], [-79.44011966602302, 43.72310081403392], [-79.44015775543605, 43.723057689916196], [-79.44019748832072, 43.72301058717658], [-79.44023663401674, 43.72296604138125], [-79.44026760871647, 43.72292565889814], [-79.4402910466763, 43.722886936807484], [-79.44030936880088, 43.72285173244356], [-79.44033044352425, 43.722795528611336], [-79.44034041677628, 43.7227561612887], [-79.44035578730625, 43.72270601323967], [-79.4403668969369, 43.722649615171974], [-79.44036742843022, 43.722595525815386], [-79.44035975126452, 43.722533636160705], [-79.44034970589917, 43.72248186361601], [-79.44033585535695, 43.722424930445996], [-79.4403168754157, 43.722371524000394], [-79.43997894384239, 43.72153767925331], [-79.4396834814349, 43.72083723961874], [-79.43965850209395, 43.720797143690916], [-79.4396468480251, 43.72076132050528], [-79.43961899234982, 43.72071825262383], [-79.43960057793375, 43.720689906833805], [-79.43957304025506, 43.72065157288712], [-79.43952246582863, 43.72060148096365], [-79.43946914408828, 43.72054481662059], [-79.43765164704365, 43.719267773432406], [-79.4376095090859, 43.7192458331933], [-79.43756435465644, 43.71922454838531], [-79.43751068706604, 43.719190739007985], [-79.43746427401355, 43.71916253147825], [-79.43742740580946, 43.719133438027036], [-79.43739341386268, 43.719107298563166], [-79.43734756212208, 43.719064581209366], [-79.43731595123928, 43.719028334575555], [-79.43727640080327, 43.718977043316215], [-79.43723860962231, 43.718906165295316], [-79.4371188100099, 43.71859418304367], [-79.43544007870129, 43.71894646875028], [-79.43506049192318, 43.718044004569975], [-79.43525068192932, 43.718004009898145], [-79.43519310396874, 43.71786630607042], [-79.43494303021465, 43.717268228690315], [-79.43507080546057, 43.717240278509934], [-79.43478424106445, 43.716528558417174], [-79.43449951784626, 43.71582121770383], [-79.43474544010118, 43.715766098494264], [-79.43500529527907, 43.715712725729034], [-79.43512617608967, 43.7156742319387], [-79.43519847072106, 43.715626007086826], [-79.43523275385948, 43.71556573402257], [-79.43521584226116, 43.71548551027002], [-79.43502655992371, 43.71499945062375], [-79.43496166484054, 43.71486740156431], [-79.43490059168822, 43.71479207182933], [-79.4348252722875, 43.714749840718014], [-79.43474081331595, 43.71473717360792], [-79.43462209181752, 43.714745216836285], [-79.43409483794079, 43.71485361284174], [-79.43373406159229, 43.71397951215206], [-79.43337921996874, 43.71310770178018], [-79.43638435579659, 43.71248120026705], [-79.43930945735028, 43.711829006303994], [-79.44154899462981, 43.71138821210406], [-79.44168421599902, 43.711355084358615], [-79.44197878862373, 43.71128291957962], [-79.4422385964089, 43.71122748790697], [-79.4444771591408, 43.710731585609295], [-79.44501792579209, 43.71062090140657], [-79.44527453119336, 43.71056837770951], [-79.44635878588927, 43.71034642258559], [-79.44638731042689, 43.71040760074536], [-79.44639331287406, 43.710425444149756], [-79.44641488433487, 43.71044806554578], [-79.44642934384716, 43.710459963949106], [-79.44648906782626, 43.71050509836975], [-79.44655221707959, 43.710548498008535], [-79.44662162512577, 43.71058815599168], [-79.44669490987673, 43.71062217192145], [-79.44677036824636, 43.71065537869872], [-79.44684710680953, 43.710684940492406], [-79.4469240566082, 43.71071426829854], [-79.4470002487059, 43.7107445318372], [-79.44707469155671, 43.710772985252554], [-79.44714832353169, 43.71080639796381], [-79.44722134816172, 43.71084052145016], [-79.44729413560208, 43.710874940923276], [-79.44736702249124, 43.71090925418023], [-79.44744036908003, 43.710943017622085], [-79.44751479649608, 43.71097545832107], [-79.44758987114132, 43.71100717016242], [-79.44768792897014, 43.71105005499374], [-79.44773654016848, 43.7111017186193], [-79.4477857109992, 43.71115350039645], [-79.4478346582231, 43.711205659204595], [-79.44787650240099, 43.71126227039855], [-79.44791316044365, 43.711319374285274], [-79.44794795655086, 43.711377205517365], [-79.44798389348568, 43.71143462409756], [-79.44802366751519, 43.711490487184996], [-79.44806623445035, 43.7115454693992], [-79.44811113527263, 43.71159943550907], [-79.4481574783919, 43.711650215793206], [-79.44820570494723, 43.71170286018156], [-79.44825804264164, 43.7117527700136], [-79.44832131887568, 43.71179581767226], [-79.44838988237191, 43.7118379045434], [-79.44850997948095, 43.711898503277155], [-79.44855208468134, 43.711868881842015], [-79.44880288020043, 43.71175031765329], [-79.44894386462872, 43.71169127184798], [-79.44912378264227, 43.71162351283859], [-79.4494106656954, 43.71154623524958], [-79.44993634760205, 43.71143809098935], [-79.45020550873211, 43.711375444261954], [-79.45076202946515, 43.71125814090186], [-79.45096238653129, 43.71124414989082], [-79.45110830214507, 43.71123013435517], [-79.45178526673095, 43.712901783997324], [-79.45207577819393, 43.71360665410079], [-79.45239004943106, 43.71432793274666], [-79.4527025960624, 43.715288677579274], [-79.45370997265049, 43.715225297772385], [-79.45394878836954, 43.7164152839036], [-79.4528699118041, 43.71665428224538], [-79.45126312847566, 43.71700921725174], [-79.44991001589543, 43.71729571062981]]]}, "properties": {"StationName": "Lawrence West", "MTSA_Type": "Protected Major Transit Station Area", "SASP_No": 714}}, {"type": "Feature", "geometry": {"type": "Polygon", "coordinates": [[[-79.45761282289837, 43.72699620657351], [-79.45760299073557, 43.726998399239356], [-79.45757159433288, 43.72700612959064], [-79.45754042212933, 43.727014507208615], [-79.45750964550923, 43.727023398938215], [-79.45747921598148, 43.727032920878266], [-79.4574490591225, 43.72704300009094], [-79.45741924943023, 43.727053602399344], [-79.45738982405898, 43.727064843934095], [-79.45736388943692, 43.727072035287236], [-79.45733832672668, 43.72707986676429], [-79.4573129758855, 43.72708822849014], [-79.4572880206216, 43.727097113332555], [-79.45726343732021, 43.7271065644891], [-79.4572393501293, 43.72711654780157], [-79.45721563491209, 43.72712708032629], [-79.45719229167521, 43.727138152162034], [-79.45716955634279, 43.72714963917981], [-79.457147217795, 43.727161693422396], [-79.45712536300256, 43.72717419700594], [-79.45710412848788, 43.72718716978472], [-79.45708339008863, 43.72720066482007], [-79.45706327205173, 43.727214510234404], [-79.45704377547575, 43.727228905856954], [-79.45702477390874, 43.727243634709595], [-79.45700639265273, 43.7272587859524], [-79.45698875586321, 43.72727431642621], [-79.45697173937788, 43.7272902791922], [-79.45695534328063, 43.727306557234016], [-79.45693969167762, 43.72732317670242], [-79.45692466040461, 43.727340193358856], [-79.4569093804737, 43.727357767998846], [-79.45688590182216, 43.72738437682926], [-79.45686167863379, 43.727410661327674], [-79.45683671093965, 43.727436577387365], [-79.45681099874705, 43.72746211420631], [-79.45678441797523, 43.72748720962829], [-79.45675735334632, 43.72751195381103], [-79.45672939648892, 43.727536346599564], [-79.4567008305308, 43.727560217076245], [-79.45667163179084, 43.7275837002508], [-79.4566428634835, 43.72760582168755], [-79.45664170226843, 43.72760671507409], [-79.45661203252232, 43.72762920701372], [-79.45659489519574, 43.72764034409096], [-79.4565771511172, 43.72765116679047], [-79.45655876074355, 43.727661430262124], [-79.45654001073213, 43.72767123452882], [-79.45652062808564, 43.727680471471224], [-79.45650088706272, 43.72768922220483], [-79.45648077277514, 43.727697477722586], [-79.45646017482993, 43.727705129966836], [-79.45643919373646, 43.72771222398205], [-79.45641783939912, 43.727718795776894], [-79.45639623721765, 43.727724800392636], [-79.45637425067419, 43.72773021077315], [-79.45635216647948, 43.72773505403157], [-79.4563296967154, 43.72773925804761], [-79.45630710325456, 43.7277428679275], [-79.45629228246402, 43.72774486054514], [-79.45628438731266, 43.727745919676785], [-79.45626141000082, 43.72774823321669], [-79.45623907903745, 43.727749313824155], [-79.4561652494833, 43.72776423215832], [-79.4558188424, 43.72787912162961], [-79.45476571596691, 43.72805064943963], [-79.45416733400965, 43.72817726068467], [-79.4539244180169, 43.728229944718414], [-79.45326852109491, 43.72837221278204], [-79.45213822180398, 43.72861795343275], [-79.45202202437866, 43.72862340359887], [-79.4518825828393, 43.72862421720755], [-79.45174673782364, 43.72861351052913], [-79.45160053204737, 43.728581106223395], [-79.45147641173527, 43.728546415782496], [-79.44950114894175, 43.727630681037105], [-79.44948216691606, 43.727619808105295], [-79.44946355768893, 43.727608440264774], [-79.44944556953284, 43.72759655152185], [-79.44943282943099, 43.72758757161097], [-79.44939229107094, 43.72760122391246], [-79.4448662588756, 43.72899857799877], [-79.4429182004062, 43.72946768461769], [-79.4412006593924, 43.72956506741385], [-79.4412068329881, 43.72955298367599], [-79.441216662661, 43.72948964585138], [-79.4412059357547, 43.72944108745034], [-79.44119440552448, 43.72938895512786], [-79.4411997047493, 43.72932661501381], [-79.44119107844683, 43.7292625214873], [-79.44118003348181, 43.7291965634505], [-79.44115945461616, 43.72913149163083], [-79.44063201253265, 43.7278291246593], [-79.44028603558803, 43.72695723532841], [-79.43992302584134, 43.72609987383601], [-79.43956767719763, 43.725225241650996], [-79.43922536898758, 43.724389749145196], [-79.43961987310249, 43.72428769913089], [-79.4395959214767, 43.724237558323026], [-79.43957712809117, 43.72419250596234], [-79.439567726483, 43.724150185953306], [-79.43955456966687, 43.72411468693121], [-79.43954955920616, 43.72407500661853], [-79.43954316319643, 43.72403202210102], [-79.43953568432053, 43.72397849650543], [-79.43953435133086, 43.723947611491674], [-79.43954390104004, 43.723919127476165], [-79.43956294750483, 43.72387776764254], [-79.43958881463482, 43.72384091115295], [-79.4396194809505, 43.72379580301401], [-79.43964533683004, 43.72375895640656], [-79.43967134403643, 43.72371846345223], [-79.4397000511784, 43.72367259814867], [-79.43973359635984, 43.7236304439181], [-79.43976595729775, 43.72359336577832], [-79.43979859975977, 43.72354903184114], [-79.4398452464837, 43.72349083428406], [-79.43988117343854, 43.723438571918265], [-79.43991534393767, 43.723393905702636], [-79.43994887763306, 43.723351760402046], [-79.43998871332862, 43.72328905856291], [-79.4400241707245, 43.72323570674817], [-79.44006227271304, 43.72319257276846], [-79.44009128737729, 43.72315142419762], [-79.44011966602302, 43.72310081403392], [-79.44015775543605, 43.723057689916196], [-79.44019748832072, 43.72301058717658], [-79.44023663401674, 43.72296604138125], [-79.44026760871647, 43.72292565889814], [-79.4402910466763, 43.722886936807484], [-79.44030936880088, 43.72285173244356], [-79.44033044352425, 43.722795528611336], [-79.44034041677628, 43.7227561612887], [-79.44035578730625, 43.72270601323967], [-79.4403668969369, 43.722649615171974], [-79.44036742843022, 43.722595525815386], [-79.44035975126452, 43.722533636160705], [-79.44034970589917, 43.72248186361601], [-79.44033585535695, 43.722424930445996], [-79.4403168754157, 43.722371524000394], [-79.43997894384239, 43.72153767925331], [-79.4396834814349, 43.72083723961874], [-79.43965850209395, 43.720797143690916], [-79.4396468480251, 43.72076132050528], [-79.43961899234982, 43.72071825262383], [-79.43960057793375, 43.720689906833805], [-79.43957304025506, 43.72065157288712], [-79.43952246582863, 43.72060148096365], [-79.43946914408828, 43.72054481662059], [-79.43765164704365, 43.719267773432406], [-79.4376095090859, 43.7192458331933], [-79.43756435465644, 43.71922454838531], [-79.43751068706604, 43.719190739007985], [-79.43746427401355, 43.71916253147825], [-79.43742740580946, 43.719133438027036], [-79.43739341386268, 43.719107298563166], [-79.43734756212208, 43.719064581209366], [-79.43731595123928, 43.719028334575555], [-79.43727640080327, 43.718977043316215], [-79.43723860962231, 43.718906165295316], [-79.4371188100099, 43.71859418304367], [-79.43772486447916, 43.718472181862175], [-79.43802483319443, 43.718401179770076], [-79.43820785939461, 43.71857088933389], [-79.43822766960369, 43.718587488525074], [-79.43827703459317, 43.71863066649257], [-79.43831424431016, 43.71866448553557], [-79.43838225334642, 43.71871677292432], [-79.43845985580236, 43.71878013612793], [-79.43854919656195, 43.71883612542925], [-79.43862280447736, 43.71888597633283], [-79.4387146247418, 43.71895581892471], [-79.43879971300157, 43.71900554984995], [-79.43887062270814, 43.71906080082348], [-79.43895031403615, 43.719121303296546], [-79.43903059015462, 43.71917927666213], [-79.43916046304939, 43.7192611748112], [-79.43923257055413, 43.719309530305274], [-79.43930476625437, 43.71935792270562], [-79.43940901910804, 43.71942984343243], [-79.43951418840481, 43.719503959963355], [-79.43959566210002, 43.719556876636204], [-79.4396513409708, 43.71959146200576], [-79.43970202960564, 43.71962593580001], [-79.43976296432898, 43.71965336786032], [-79.43979906908818, 43.71967664621928], [-79.43983412992918, 43.719701355222576], [-79.43986945869307, 43.71971879941353], [-79.43990450717666, 43.719743508388575], [-79.43994803180023, 43.7197687528824], [-79.43998730700655, 43.71978773923098], [-79.44003098423771, 43.71980936435386], [-79.44007720749391, 43.71982922744173], [-79.44012362228679, 43.71985743480832], [-79.4401686503705, 43.71988235505858], [-79.44021776252889, 43.71990518102635], [-79.44026630254208, 43.719930544137966], [-79.44033084143295, 43.71995476431658], [-79.4403599347437, 43.71996519309408], [-79.4404047975315, 43.71998176086652], [-79.44045162052511, 43.71999908485084], [-79.4405021859826, 43.72000959768677], [-79.44055399812065, 43.72002703224142], [-79.44060110139995, 43.72003710216963], [-79.44063714408698, 43.72004838961019], [-79.44070302101723, 43.72006394112965], [-79.4407566155036, 43.720073789328666], [-79.44079036762122, 43.720079584746095], [-79.44083594410624, 43.72008998593418], [-79.44098195080312, 43.720127568894064], [-79.44100671120434, 43.72004357082626], [-79.4410069473392, 43.720043237900384], [-79.441072808435, 43.719952203109536], [-79.44111879903282, 43.71989834327991], [-79.441164024925, 43.71983952332609], [-79.44122303870867, 43.71978125052205], [-79.4412820409855, 43.71973464335494], [-79.44135175376833, 43.71968803265168], [-79.44143219067547, 43.71964142740092], [-79.44154477908016, 43.719590958983254], [-79.4416573654172, 43.71954242663107], [-79.44175923036082, 43.71950361010058], [-79.44186911870419, 43.71947257467606], [-79.44195220938877, 43.71945318311333], [-79.44202726147618, 43.71944156362963], [-79.44211301291556, 43.71942994141444], [-79.44220144999464, 43.719426097609315], [-79.44232470375297, 43.71943199180415], [-79.4425256481153, 43.719457359646654], [-79.44267836165254, 43.71948270295892], [-79.44277214175801, 43.71949829518103], [-79.44287662874606, 43.71951389357756], [-79.44301059399325, 43.71952561892158], [-79.44312045053304, 43.719531498376895], [-79.44322495110707, 43.71953155123054], [-79.44335090068995, 43.71952967934305], [-79.4435250855421, 43.71952199022058], [-79.44367783740292, 43.719512345994666], [-79.44386941577669, 43.71948624737304], [-79.44514480795722, 43.719212256034446], [-79.44536238183365, 43.71916951409029], [-79.4455648376259, 43.71912975296204], [-79.44643067799491, 43.71894252107509], [-79.44654631606612, 43.71892315762213], [-79.44658408718001, 43.718917225424754], [-79.44668098003363, 43.71890202067262], [-79.44678648654285, 43.71888606464025], [-79.44686616926641, 43.718879385843564], [-79.44699799543892, 43.71886725839569], [-79.44719552993654, 43.71885953489791], [-79.44726946985563, 43.71886167443413], [-79.44740154865849, 43.71886989856087], [-79.44755116511534, 43.71887666337282], [-79.44766528612202, 43.71889721072473], [-79.44775873836514, 43.718923492243135], [-79.4478499250676, 43.71895626258358], [-79.44795293532745, 43.71899362889475], [-79.4480150809649, 43.71902797910463], [-79.44808725315623, 43.71906252286182], [-79.44819077247934, 43.719112977068676], [-79.44832094476547, 43.718998067885096], [-79.44836813530311, 43.71896490954558], [-79.44842160213118, 43.71891122026921], [-79.44846380599841, 43.71887796872635], [-79.44854474889524, 43.71881103197153], [-79.44860186784645, 43.71876611151293], [-79.44864362440903, 43.7187317795465], [-79.4486960728577, 43.71869147460513], [-79.44874445991069, 43.71865327502105], [-79.44874749107507, 43.71864980188101], [-79.44878465134481, 43.718607267623], [-79.44881819847727, 43.71856513679302], [-79.44886336637055, 43.7185192396103], [-79.4489015837277, 43.718472484179486], [-79.44893027016782, 43.7184265985032], [-79.44896390606527, 43.71836884142273], [-79.44897997965904, 43.718312543705025], [-79.44899456243576, 43.718256570265986], [-79.44900554464995, 43.718203790677656], [-79.4490180039919, 43.718150669697444], [-79.44901963193362, 43.71810713926469], [-79.44902105549883, 43.71806899241452], [-79.44902180584262, 43.71804908188618], [-79.44901251335794, 43.71796356544478], [-79.44902001949394, 43.71788276417186], [-79.44899997226406, 43.717791203961184], [-79.44897666782609, 43.71771955315581], [-79.44896768046584, 43.717638762521894], [-79.44893304707848, 43.717496437479085], [-79.44969918184475, 43.717340351782546], [-79.45126312847566, 43.71700921725174], [-79.4528699118041, 43.71665428224538], [-79.45394878836954, 43.7164152839036], [-79.45400525198121, 43.7164027768325], [-79.45515990267725, 43.716156417350355], [-79.45515886998359, 43.7161516507583], [-79.45516060281861, 43.71615946636441], [-79.45525231540667, 43.716559336318234], [-79.45723723656207, 43.71611941063587], [-79.45737088883389, 43.71646262601133], [-79.45756925112437, 43.71698699743231], [-79.45757424918008, 43.71700047872834], [-79.45758376009638, 43.71702562197768], [-79.45764549755212, 43.71701187108754], [-79.45774542377866, 43.71698967306924], [-79.45778322423197, 43.71716137505443], [-79.45781073101585, 43.71728631599337], [-79.45787068739762, 43.71755832034792], [-79.45794471391257, 43.71789625711807], [-79.45798420809116, 43.71807181308674], [-79.45798465840866, 43.71807385474582], [-79.45798441141861, 43.718073883459176], [-79.45817462745765, 43.718936353663025], [-79.45835913430288, 43.719772894919856], [-79.45836125238397, 43.71978251987247], [-79.45836515573762, 43.719800263740254], [-79.45840526368069, 43.719980230361124], [-79.4584053676063, 43.7199807020666], [-79.45840505852651, 43.71998077036395], [-79.45855155487757, 43.720645055831646], [-79.45858650925976, 43.720803897166114], [-79.45860120469088, 43.72087141846516], [-79.45844844166245, 43.72090287024992], [-79.45830376121063, 43.720938825423985], [-79.458158983187, 43.72097028063418], [-79.45801471511108, 43.721001734948004], [-79.45787044812542, 43.72103318907999], [-79.45772576825594, 43.72106914352178], [-79.45787406978228, 43.721415688504145], [-79.45798411249577, 43.72157776660948], [-79.45813241794166, 43.72192440214022], [-79.45795200313687, 43.72196484531218], [-79.45780732423218, 43.72199629920752], [-79.45762690899332, 43.722036741865644], [-79.45753649490591, 43.72205921333315], [-79.45744618695095, 43.722077184124494], [-79.45726535845206, 43.722122126701485], [-79.45708504424508, 43.72216256854121], [-79.45723334921253, 43.722504613645896], [-79.45730765238262, 43.72268018182462], [-79.45732733361186, 43.722725210911136], [-79.45735487474154, 43.72278822479741], [-79.45737833136558, 43.72284413153761], [-79.45742717450702, 43.72295802951859], [-79.4574493013104, 43.723009628631644], [-79.45781057630788, 43.7229279516559], [-79.45784888848537, 43.723017960653834], [-79.45791567625758, 43.723174192687296], [-79.45791624501946, 43.723175522386676], [-79.45773551974754, 43.7232159650936], [-79.45755546327678, 43.7232563258511], [-79.45755510079967, 43.723256407628206], [-79.45758566076701, 43.7233284355617], [-79.4576513764154, 43.72348031432143], [-79.45766721372422, 43.72351730107034], [-79.45763068110287, 43.72380097204832], [-79.45766870311301, 43.72389100708902], [-79.45771827525273, 43.72400805204392], [-79.45776856374545, 43.72412509813971], [-79.45772750291029, 43.724134085146524], [-79.45754667161151, 43.7241745275087], [-79.45760636337918, 43.724314081275885], [-79.45766247852066, 43.72444454238662], [-79.45773648068648, 43.72461560947343], [-79.4578030195252, 43.7247731709265], [-79.45785218621351, 43.72488571501374], [-79.45803220025827, 43.72484527187327], [-79.45821333982389, 43.724804828860485], [-79.45835925405798, 43.724773374916985], [-79.45839028143111, 43.72476438403223], [-79.45844065899149, 43.724755400176186], [-79.4585749020566, 43.724723941713016], [-79.45875532472465, 43.72468349758062], [-79.45893605372422, 43.72464305327318], [-79.45911688549954, 43.72460260871644], [-79.45929761401304, 43.72456216383657], [-79.45947803571012, 43.72452171856188], [-79.45958934126651, 43.724494751414106], [-79.45958976952721, 43.72449652211813], [-79.45958923821847, 43.72449664164736], [-79.45970919802744, 43.72498888229439], [-79.45976076593573, 43.72520048552403], [-79.46001020281713, 43.72622311872941], [-79.4600593179399, 43.726421272106265], [-79.46001742175883, 43.726452674630366], [-79.46000041963474, 43.726461670863046], [-79.45999207719126, 43.726467487271556], [-79.46001820004689, 43.72656645379491], [-79.4599294545475, 43.72662417223596], [-79.4599107004394, 43.72663956775148], [-79.4598914513349, 43.7266545661337], [-79.45987145775119, 43.726669160093785], [-79.4598509666886, 43.72668335691911], [-79.45982998064648, 43.7266971314067], [-79.45980837428566, 43.72671044570685], [-79.45978627043294, 43.726723382674194], [-79.45976380818553, 43.726735824440645], [-79.45974069958409, 43.72674776100315], [-79.45971723252762, 43.726759293277134], [-79.45969340458342, 43.726770347451], [-79.45966906933323, 43.72678085326293], [-79.45960194966715, 43.72680653811788], [-79.45959370466367, 43.72680945161844], [-79.45956788126595, 43.72681792259327], [-79.45954180868765, 43.72682592540747], [-79.45951536534331, 43.72683337810612], [-79.45948867291588, 43.726840219523446], [-79.4594616084157, 43.72684660983841], [-79.45943442021745, 43.726852361012156], [-79.45940697165221, 43.72685767102422], [-79.45937644263815, 43.72686620239332], [-79.45934552925821, 43.72687410352791], [-79.45931424385857, 43.72688147344617], [-79.45928284716068, 43.72688822222788], [-79.45925106604443, 43.72689442178576], [-79.45921916128587, 43.72689990208844], [-79.45918702105372, 43.72690484132115], [-79.45915473107306, 43.726909123397846], [-79.45912233102779, 43.72691280234025], [-79.45908980721013, 43.72691595915493], [-79.45905715976805, 43.72691837781108], [-79.4590244010476, 43.7269201573271], [-79.45899163027516, 43.7269214057539], [-79.45895885997457, 43.72692196107283], [-79.45892595235732, 43.72692184123704], [-79.45889319528696, 43.72692119937162], [-79.45886042628544, 43.72691985539268], [-79.45882765767384, 43.72691794432382], [-79.45802778554469, 43.72695330117786], [-79.45799465709145, 43.7269530099685], [-79.45796150337877, 43.726953340728734], [-79.45792836162514, 43.72695431867583], [-79.45789521935913, 43.726956026616925], [-79.45786220084341, 43.72695826476945], [-79.45782918187689, 43.726961142003184], [-79.45779641195945, 43.726964641307745], [-79.45776376454198, 43.72696867982493], [-79.45773111661313, 43.726973439335126], [-79.45769884062062, 43.72697881016056], [-79.45766668834624, 43.72698474900346], [-79.45763478388257, 43.726991299116115], [-79.45761282289837, 43.72699620657351]]]}, "properties": {"StationName": "Yorkdale", "MTSA_Type": "Protected Major Transit Station Area", "SASP_No": 713}}, {"type": "Feature", "geometry": {"type": "Polygon", "coordinates": [[[-79.58843102577104, 43.74631259197799], [-79.58812551507606, 43.74631642213572], [-79.58748959417123, 43.74633886651281], [-79.58572921008987, 43.74640099036588], [-79.5854726409969, 43.7464034175254], [-79.58528639879255, 43.746423615928684], [-79.58518183839796, 43.74644947077754], [-79.58466154312444, 43.74657693247763], [-79.58404807498151, 43.74673368741224], [-79.58391560676579, 43.74677236139511], [-79.58376752604586, 43.746815600398996], [-79.58267194229394, 43.74449876512548], [-79.58252447753812, 43.74421510090556], [-79.58248256340826, 43.744134354817874], [-79.58207637917032, 43.74326507301641], [-79.58192009146164, 43.742954092781844], [-79.58157999817078, 43.74227733361678], [-79.58095901053969, 43.74097709444433], [-79.58065015686752, 43.740378724611084], [-79.58036296217607, 43.739726337396235], [-79.57983895252539, 43.738655554600456], [-79.57962660030385, 43.7382596445108], [-79.57950445865238, 43.73803020274622], [-79.57904976632074, 43.73713939575665], [-79.57862884410783, 43.73625305792393], [-79.57827058758362, 43.735506194239946], [-79.57893246621079, 43.735314912232745], [-79.5792483064511, 43.73524273306016], [-79.5798418947743, 43.73507797033299], [-79.58033521016979, 43.73496125719406], [-79.5810099601934, 43.73634981496213], [-79.5811323603532, 43.73662188499178], [-79.58171239755838, 43.73778133684752], [-79.58178902968882, 43.73799049118627], [-79.58182634880903, 43.73806480320251], [-79.58192683158298, 43.7381564693895], [-79.58202504381305, 43.73823071067258], [-79.58217567041312, 43.738304321916324], [-79.58230708455572, 43.73833550584687], [-79.58243065967636, 43.73836361774826], [-79.58264743272775, 43.73839195110573], [-79.58371079202756, 43.738572962257244], [-79.58491855186188, 43.73877053025654], [-79.58601670269695, 43.73892742561763], [-79.58611852638221, 43.73894353501255], [-79.58613599407362, 43.738943521850366], [-79.58615343644378, 43.738934507443645], [-79.58617050685875, 43.73893449547574], [-79.58618678222572, 43.738925481943696], [-79.58620307645958, 43.73892096902557], [-79.58621896571644, 43.73891195578012], [-79.58623449022407, 43.73890744343813], [-79.58624882886053, 43.73889843225848], [-79.58625694765813, 43.738889424870855], [-79.58626471288456, 43.73888491838002], [-79.58627322895262, 43.73887591069139], [-79.58628214875556, 43.738871403327906], [-79.58629145988048, 43.738871396298826], [-79.58630115535162, 43.73886238771771], [-79.58631162105573, 43.73886238071537], [-79.58632207382696, 43.73885337156059], [-79.5863329492176, 43.73885336334674], [-79.58634419705314, 43.73885335485054], [-79.58635543717885, 43.738848845728505], [-79.5863666785444, 43.73884433660437], [-79.58637832365267, 43.73884432780463], [-79.58638995634743, 43.738844319913206], [-79.58640160145572, 43.73884431111107], [-79.58641325303662, 43.738848802933425], [-79.58642488573093, 43.73884879413832], [-79.5864357551802, 43.73885328654975], [-79.58644700301566, 43.738853278043436], [-79.58645788488352, 43.738857771343504], [-79.58646835706224, 43.73886226405235], [-79.58647845679761, 43.738866757042004], [-79.58648815925977, 43.738871250331364], [-79.5864970795889, 43.73887574421179], [-79.58650602350751, 43.73888023807367], [-79.58651417412074, 43.73888473343542], [-79.58652156149475, 43.73889372910474], [-79.58652893645616, 43.73890272478295], [-79.58653515035773, 43.738907220709194], [-79.58654060102225, 43.73891621784349], [-79.58654137722472, 43.7389207178863], [-79.5865425507023, 43.73892521762832], [-79.58654450038297, 43.738934217413096], [-79.58654761705992, 43.7389432163142], [-79.58655111211516, 43.7389477142982], [-79.58655538930648, 43.738952211689806], [-79.58656082108088, 43.738956709107], [-79.58656627175372, 43.738965706239995], [-79.58657287052507, 43.738970201872654], [-79.58657699588801, 43.738972719101035], [-79.58658025143325, 43.73897469691248], [-79.58658761992766, 43.73897919196122], [-79.58659578297399, 43.738983686407515], [-79.58660433088211, 43.73898818056165], [-79.5866132447496, 43.73898817380736], [-79.58662217103327, 43.7389881679431], [-79.58663148865223, 43.738992652510596], [-79.58664079855438, 43.738992645454], [-79.58665049455858, 43.73899263810393], [-79.58666019056281, 43.73899263075303], [-79.58666950170642, 43.73899262369315], [-79.58667881877234, 43.73898811599757], [-79.58668773264111, 43.7389881101376], [-79.58687553374163, 43.738964143013966], [-79.58759052807518, 43.73880649562798], [-79.58795304000584, 43.73871577348105], [-79.58805289132809, 43.73869050207248], [-79.58812839771268, 43.73867408858833], [-79.58821752389406, 43.73866667570609], [-79.5884947363545, 43.738696050363004], [-79.58986714434768, 43.73881001118515], [-79.58995146285318, 43.73807487932371], [-79.58998924649381, 43.737740513886685], [-79.59001549605235, 43.73761295882335], [-79.59004869183934, 43.73752211623186], [-79.59008355489343, 43.73745121011352], [-79.5901981564001, 43.73732238006592], [-79.59034253125198, 43.73722171832963], [-79.59048282563185, 43.73712313893144], [-79.59068506426662, 43.737046941380015], [-79.59090255370452, 43.73697577294995], [-79.59103622792405, 43.73694075785948], [-79.59166378909218, 43.736774516030565], [-79.59491671196425, 43.73601857400015], [-79.5952007574538, 43.73681225563589], [-79.59545908102342, 43.737515934507115], [-79.59555284646471, 43.73775839158921], [-79.59570740250207, 43.73809994930281], [-79.59613804782576, 43.739040955124636], [-79.59636794541935, 43.739612251540684], [-79.59645522105204, 43.739846222376116], [-79.5964852016079, 43.73991546446367], [-79.59657748511212, 43.74012855524595], [-79.5967210114082, 43.74032998107049], [-79.59678449639814, 43.7404117586739], [-79.5968479734954, 43.74048160057889], [-79.59692840053673, 43.74057642456949], [-79.5970350841167, 43.740663152085915], [-79.59715341436555, 43.74075809585222], [-79.59728806451534, 43.740856671114095], [-79.59746850111868, 43.74097037429996], [-79.597786456227, 43.74119755819956], [-79.59795191963553, 43.7412870357392], [-79.59803533171349, 43.74134536438306], [-79.59813628084417, 43.741402283615066], [-79.59823826731088, 43.741445816996766], [-79.59833526215562, 43.74146535633083], [-79.59843195136699, 43.74148017918715], [-79.59847122682643, 43.74148359283887], [-79.59856851783427, 43.7414958938091], [-79.59869348408914, 43.741539217938204], [-79.59889606477643, 43.74156328322287], [-79.59903899023394, 43.741597528968256], [-79.59910261083309, 43.741612773260314], [-79.5993079451285, 43.74166730558068], [-79.59947187330646, 43.74173322415791], [-79.59964006698652, 43.74180539375393], [-79.59978013625584, 43.74188126737017], [-79.59985872255994, 43.741947816136395], [-79.59996376932804, 43.74203847407642], [-79.60003721813133, 43.74210852869959], [-79.6001527817603, 43.74228206802093], [-79.6001855550107, 43.7423549836736], [-79.60019926745535, 43.742414208915264], [-79.60018824984925, 43.74250055861361], [-79.60016762875323, 43.74260702552986], [-79.60012476514831, 43.74272328728936], [-79.60009101386622, 43.74281831609275], [-79.60007909024364, 43.74286773442031], [-79.60005505910141, 43.742954591461775], [-79.59989216739478, 43.74340091890281], [-79.59984924393852, 43.74353636226655], [-79.59983410710494, 43.74369432138285], [-79.59985300474422, 43.74383145697037], [-79.59988538816678, 43.74398474791743], [-79.59957265926876, 43.744014195640915], [-79.59943339631815, 43.74403225637237], [-79.5992518598138, 43.744028670532245], [-79.59903455542366, 43.74400315234344], [-79.59883037997037, 43.74398906298246], [-79.5983713026712, 43.74393872074382], [-79.59810161978399, 43.74392975324587], [-79.59774869909218, 43.74395022741501], [-79.59683736480363, 43.74402412752956], [-79.59649182477645, 43.74406571480418], [-79.59614681402901, 43.74408920807075], [-79.59580007889886, 43.744170604999205], [-79.59532853451584, 43.74428838818513], [-79.59626727795504, 43.74622122040873], [-79.5964512862533, 43.746580182715455], [-79.59556101456805, 43.74661886356508], [-79.5939629920155, 43.74657541982474], [-79.59325190631563, 43.746146724506616], [-79.59163645042175, 43.74576623045728], [-79.59149207388845, 43.74604658112945], [-79.59140608784342, 43.74621435760679], [-79.5908430518079, 43.746067481232544], [-79.59073293657268, 43.746045459827556], [-79.5906394138385, 43.746035280705776], [-79.59049706803954, 43.74602287905983], [-79.5903157622277, 43.74601203824062], [-79.59011904434789, 43.74601543036092], [-79.58993431920032, 43.74603529399534], [-79.58969557626438, 43.74607566677547], [-79.58952911296991, 43.74611900868403], [-79.5890277586715, 43.74624823337209], [-79.58893245157482, 43.74626482215926], [-79.58881476566373, 43.74627924185481], [-79.58866402050313, 43.74629747480426], [-79.58843102577104, 43.74631259197799]]]}, "properties": {"StationName": "Albion", "MTSA_Type": "Major Transit Station Area", "SASP_No": 707}}, {"type": "Feature", "geometry": {"type": "Polygon", "coordinates": [[[-79.5945420918584, 43.742708601268504], [-79.59532853451584, 43.74428838818513], [-79.59626727795504, 43.74622122040873], [-79.5964512862533, 43.746580182715455], [-79.59648430197048, 43.74664459569029], [-79.5965047905244, 43.74668566009216], [-79.59656380353813, 43.746803870454734], [-79.59703539038148, 43.7477485264661], [-79.59507013160355, 43.74814085640471], [-79.59490986022351, 43.74810971567032], [-79.5947301220328, 43.74807936405366], [-79.59451735863625, 43.74806837414593], [-79.59429170314591, 43.74805430615058], [-79.59405717798907, 43.748054196040854], [-79.59369133659982, 43.74810632388452], [-79.59310783595718, 43.74822883869002], [-79.59191597408639, 43.7485201745596], [-79.59174763515017, 43.74855912768124], [-79.59164492937256, 43.74858936154956], [-79.59151119959552, 43.748639728951076], [-79.59134666688166, 43.74871856205265], [-79.59111586127328, 43.74882784407173], [-79.59094278816639, 43.74892537898344], [-79.59064591816345, 43.749057870998236], [-79.59051669357731, 43.74910722461966], [-79.59040230059257, 43.749144855745314], [-79.59031300823703, 43.74916009163156], [-79.59013280417547, 43.74917895196579], [-79.5900211206458, 43.74919202607741], [-79.58899828457587, 43.74925250533255], [-79.58898392203083, 43.74911433930676], [-79.58898680384844, 43.749001085199325], [-79.58896168020964, 43.74882221490961], [-79.58891559689219, 43.74866001322], [-79.58885047091445, 43.74853444157933], [-79.5887350293803, 43.74827159586275], [-79.58828324989376, 43.747371309741645], [-79.58823986217561, 43.747269621045206], [-79.58818334034432, 43.74710617500045], [-79.58817293959723, 43.74686888581725], [-79.58812551507606, 43.74631642213572], [-79.58748959417123, 43.74633886651281], [-79.58572921008987, 43.74640099036588], [-79.5854726409969, 43.7464034175254], [-79.58528639879255, 43.746423615928684], [-79.58518183839796, 43.74644947077754], [-79.58466154312444, 43.74657693247763], [-79.58404807498151, 43.74673368741224], [-79.58391560676579, 43.74677236139511], [-79.58376752604586, 43.746815600398996], [-79.58267194229394, 43.74449876512548], [-79.58252447753812, 43.74421510090556], [-79.58248256340826, 43.744134354817874], [-79.58207637917032, 43.74326507301641], [-79.58157999817078, 43.74227733361678], [-79.58095901053969, 43.74097709444433], [-79.58065015686752, 43.740378724611084], [-79.58036296217607, 43.739726337396235], [-79.58327732315493, 43.74017333303185], [-79.58478987493389, 43.74040530770268], [-79.58898064890249, 43.741062191550306], [-79.589193116659, 43.741095490825984], [-79.5904182667511, 43.741326633747434], [-79.59069126376998, 43.74137813598754], [-79.59117747388555, 43.7414572329707], [-79.59179221233953, 43.741556083310876], [-79.59327741904661, 43.74178681900001], [-79.59392765332467, 43.741888448069616], [-79.59417115302905, 43.74192650485018], [-79.59423631210062, 43.7420635429777], [-79.59437291929122, 43.74235084666462], [-79.5945420918584, 43.742708601268504]]]}, "properties": {"StationName": "Stevenson", "MTSA_Type": "Major Transit Station Area", "SASP_No": 706}}, {"type": "Feature", "geometry": {"type": "Polygon", "coordinates": [[[-79.60659327215346, 43.73421950630967], [-79.60650958811841, 43.734705152311435], [-79.60634873583882, 43.73530039744778], [-79.60630805935102, 43.73547629662832], [-79.6063107963041, 43.73563888845272], [-79.60632619570788, 43.73575794557407], [-79.60633458895083, 43.735802143882275], [-79.60635087546345, 43.73588789458895], [-79.60638901285404, 43.736011099023884], [-79.60697253317223, 43.737345523814405], [-79.6075370656093, 43.738620661968056], [-79.60540843781143, 43.739127624552836], [-79.60525216985073, 43.73916213446923], [-79.6031576962904, 43.73964264184583], [-79.60376709369064, 43.74107425257345], [-79.60414916333134, 43.74194223920675], [-79.6042032451617, 43.74208826499637], [-79.6042245637104, 43.742176936731916], [-79.60424262680372, 43.74229270611031], [-79.60423786842054, 43.7423860192636], [-79.60422085983035, 43.74253960788901], [-79.60416182414424, 43.742714632597824], [-79.60398753646727, 43.7432773417875], [-79.60387563668152, 43.743641948402406], [-79.60259147769885, 43.74339292739091], [-79.60240051324527, 43.74335588835131], [-79.60005505910141, 43.742954591461775], [-79.60007909024364, 43.74286773442031], [-79.60009101386622, 43.74281831609275], [-79.60012476514831, 43.74272328728936], [-79.60016762875323, 43.74260702552986], [-79.60018824984925, 43.74250055861361], [-79.60019926745535, 43.742414208915264], [-79.6001855550107, 43.7423549836736], [-79.6001527817603, 43.74228206802093], [-79.60003721813133, 43.74210852869959], [-79.59996376932804, 43.74203847407642], [-79.59985872255994, 43.741947816136395], [-79.59978013625584, 43.74188126737017], [-79.59964006698652, 43.74180539375393], [-79.59947187330646, 43.74173322415791], [-79.5993079451285, 43.74166730558068], [-79.59910261083309, 43.741612773260314], [-79.59903899023394, 43.741597528968256], [-79.59889606477643, 43.74156328322287], [-79.59869348408914, 43.741539217938204], [-79.59856851783427, 43.7414958938091], [-79.59847122682643, 43.74148359283887], [-79.59843195136699, 43.74148017918715], [-79.59833526215562, 43.74146535633083], [-79.59823826731088, 43.741445816996766], [-79.59813628084417, 43.741402283615066], [-79.59803533171349, 43.74134536438306], [-79.59795191963553, 43.7412870357392], [-79.597786456227, 43.74119755819956], [-79.59746850111868, 43.74097037429996], [-79.59728806451534, 43.740856671114095], [-79.59715341436555, 43.74075809585222], [-79.5970350841167, 43.740663152085915], [-79.59692840053673, 43.74057642456949], [-79.5968479734954, 43.74048160057889], [-79.59678449639814, 43.7404117586739], [-79.5967210114082, 43.74032998107049], [-79.59657748511212, 43.74012855524595], [-79.5964852016079, 43.73991546446367], [-79.59645522105204, 43.739846222376116], [-79.59636794541935, 43.739612251540684], [-79.59613804782576, 43.739040955124636], [-79.59570740250207, 43.73809994930281], [-79.59555284646471, 43.73775839158921], [-79.59545908102342, 43.737515934507115], [-79.5952007574538, 43.73681225563589], [-79.59491671196425, 43.73601857400015], [-79.59432219816064, 43.73474521050698], [-79.59421535041564, 43.73460236569945], [-79.59358562364062, 43.73389218699058], [-79.59350023030233, 43.73377334921216], [-79.59365968981906, 43.73369329549194], [-79.59381403991547, 43.733616748135795], [-79.59391521107871, 43.73355892101072], [-79.59402588455845, 43.73348826817139], [-79.59411799130473, 43.73342045781256], [-79.59428244538472, 43.733304673066264], [-79.59491643970968, 43.73277618965012], [-79.59600355728374, 43.7319067013589], [-79.59614985531547, 43.73179485189814], [-79.59625766434652, 43.73172123786742], [-79.59640217722036, 43.73164084633024], [-79.59653732676387, 43.73158159210485], [-79.59673334282364, 43.73151031453151], [-79.59694946664537, 43.73145975489956], [-79.59719858967236, 43.73140461395807], [-79.59755718423432, 43.73132525117908], [-79.59760434503326, 43.731314695630346], [-79.59941174784264, 43.7309101266621], [-79.60140400534907, 43.730469819209745], [-79.6015529183691, 43.730451675453494], [-79.60357620880235, 43.72998269197911], [-79.60358010493027, 43.72998178832105], [-79.60371818267701, 43.729972661837095], [-79.6038702249932, 43.729963523397224], [-79.60406533693929, 43.72995884528817], [-79.60423796877039, 43.72996768926152], [-79.60444669750432, 43.72999000280777], [-79.60462288144424, 43.73003484715318], [-79.60474203700505, 43.730070743124855], [-79.6048829154859, 43.73010661904134], [-79.60772539683498, 43.7311346231103], [-79.60790242142734, 43.73121095975329], [-79.608047250815, 43.73128283492395], [-79.60817774517592, 43.73136822448698], [-79.60829113795172, 43.73143562755814], [-79.60836454821533, 43.731489566519954], [-79.60837510270527, 43.73149820673606], [-79.60840844576389, 43.731525529984005], [-79.6089945106683, 43.73207756792213], [-79.60911488485927, 43.73219095370601], [-79.60915989427308, 43.73223506196608], [-79.60928005359376, 43.73235281699504], [-79.60936514216195, 43.732437533887115], [-79.6096729508594, 43.732743995963276], [-79.60977453862992, 43.732932924221124], [-79.60978307634197, 43.732944950719464], [-79.60988305132913, 43.7330858415458], [-79.60994070188573, 43.73321630362186], [-79.60997582660919, 43.73332428416753], [-79.60998069046421, 43.733445796625524], [-79.60997872077603, 43.73363932580908], [-79.60987366216422, 43.73409849785139], [-79.60672379043322, 43.733728753271755], [-79.60667875004594, 43.733723465665975], [-79.60665139248074, 43.733882212369835], [-79.60659327215346, 43.73421950630967]]]}, "properties": {"StationName": "Westmore", "MTSA_Type": "Major Transit Station Area", "SASP_No": 708}}, {"type": "Feature", "geometry": {"type": "Polygon", "coordinates": [[[-79.55529158704286, 43.746926314185025], [-79.55535504882103, 43.74691256376497], [-79.55538493055441, 43.746918127363166], [-79.55541638697946, 43.746923986331176], [-79.55554929882122, 43.74694873735581], [-79.55554694105122, 43.74692336218156], [-79.55562346993064, 43.746823826961545], [-79.55571868018033, 43.74669998461184], [-79.55581387143305, 43.746576163792405], [-79.55586115166496, 43.74644362790356], [-79.55586124703021, 43.74644336862098], [-79.55586125569826, 43.74644334341324], [-79.55587590962135, 43.7464460924331], [-79.555919768319, 43.74645431432829], [-79.55598676409538, 43.746466873379426], [-79.55636606915677, 43.746537977751366], [-79.55651645386153, 43.74654390732432], [-79.55658707087828, 43.74646197271829], [-79.55660678731059, 43.74642419281286], [-79.55663204746855, 43.74636779197273], [-79.5566524208464, 43.74632230126292], [-79.55693038174493, 43.745544310217056], [-79.5569353042782, 43.74543636026381], [-79.55690479897135, 43.745345987592486], [-79.55686592135406, 43.74525148840304], [-79.55686529676288, 43.745247492158214], [-79.55686216133336, 43.74522744883157], [-79.55687679416401, 43.74519769421565], [-79.55690837005443, 43.74517711243962], [-79.55701987180538, 43.74515200188661], [-79.55715264670225, 43.74513411759574], [-79.55730755234265, 43.7451100390972], [-79.55747599447791, 43.745102110829016], [-79.5576489538469, 43.745093189896664], [-79.55782162562595, 43.74509512435739], [-79.55801980926452, 43.74509492131463], [-79.55813713426238, 43.74509491030566], [-79.55816560402819, 43.7450572813914], [-79.55820385242436, 43.74502706452204], [-79.55827969699475, 43.74497276092941], [-79.5583625076777, 43.744919300747], [-79.55842967480363, 43.74489097729691], [-79.5584967448116, 43.744866264259045], [-79.55858629886207, 43.744840090457764], [-79.55869204149887, 43.74482468277323], [-79.55908456039072, 43.744819132899906], [-79.55931115471068, 43.74483893891363], [-79.5594178052028, 43.74486413383374], [-79.55954683835955, 43.74491071207111], [-79.55958438521192, 43.7449250675032], [-79.55970973907785, 43.744978478524025], [-79.55982208706116, 43.74505161795681], [-79.55993339378986, 43.74512618812305], [-79.56000309570253, 43.74518852932543], [-79.56055388455897, 43.74575600625656], [-79.56125648538503, 43.74645016291246], [-79.56154537651408, 43.74671525473112], [-79.5619162447829, 43.746994281268314], [-79.56201558099963, 43.74708716440412], [-79.56208593285139, 43.747162564773156], [-79.56212223041007, 43.74720480591123], [-79.56231950998702, 43.74776625755843], [-79.5624747701834, 43.74817523626723], [-79.56253487641384, 43.748269814600114], [-79.56264703086866, 43.74837796526734], [-79.56273546502271, 43.748477002480854], [-79.56281536201728, 43.74854434192789], [-79.56288237841144, 43.7486085730741], [-79.56296103943907, 43.748684599299914], [-79.56304039600296, 43.74877008179562], [-79.56315182713554, 43.74886876574697], [-79.56321616912102, 43.748938397118415], [-79.5632671874549, 43.749019416102904], [-79.56332127125229, 43.74911534662816], [-79.56337797044135, 43.749190286572976], [-79.56341332393993, 43.74927720008761], [-79.56346171894118, 43.749379210438356], [-79.56349451008141, 43.74945229853586], [-79.56352171994533, 43.7495278362632], [-79.56353754629845, 43.749665950661026], [-79.56356674384949, 43.7497422451746], [-79.56356901410061, 43.749832967450764], [-79.5635825401632, 43.74991517188838], [-79.56358516064242, 43.75001061781933], [-79.56358330369852, 43.75012267353376], [-79.56356811155877, 43.75024611873541], [-79.56351062832678, 43.75046425531286], [-79.56343841033784, 43.750640082489994], [-79.56337410619642, 43.75081894044738], [-79.56348481374467, 43.75084217332603], [-79.5635656570806, 43.7508612920397], [-79.56363627198054, 43.750871892214825], [-79.56371015954963, 43.75089015507997], [-79.5637657109103, 43.75090413993649], [-79.56382844057745, 43.750927301124555], [-79.56391651832405, 43.750955606717994], [-79.56397337274747, 43.75099209294999], [-79.5640375507264, 43.75103414681945], [-79.56410126818072, 43.751075102759266], [-79.56414687434662, 43.75112011938805], [-79.56418818494046, 43.75115889064867], [-79.56421569099437, 43.751207949968936], [-79.56424739355947, 43.75126687948525], [-79.56429227272633, 43.75135287551563], [-79.56430697072716, 43.75138371450192], [-79.5643232990688, 43.75141795323769], [-79.56434956603363, 43.75149129766989], [-79.5644032440042, 43.751617327120144], [-79.56464830425345, 43.75225873599895], [-79.56383525429581, 43.75243353349295], [-79.56374088626677, 43.752448652433465], [-79.56366728291769, 43.752454327332195], [-79.56361401135189, 43.75246504056502], [-79.56356218211137, 43.75247754511775], [-79.56352665144334, 43.75249748371459], [-79.56350081770208, 43.75251506758984], [-79.56348648626538, 43.75253719069693], [-79.56351543433227, 43.7525982381239], [-79.56355267484575, 43.75265679659026], [-79.56385071899778, 43.75328476754453], [-79.56386881141604, 43.75333113991783], [-79.56388563406512, 43.75338619919269], [-79.56388666719191, 43.753435190555145], [-79.56387732326768, 43.753463692797716], [-79.56385033777588, 43.75349734460284], [-79.56381416611141, 43.75352104616113], [-79.56367546067355, 43.753614497861115], [-79.56304730319029, 43.75403721205621], [-79.56298863619786, 43.75407796239912], [-79.56289229716225, 43.75415833799028], [-79.56282934310947, 43.75420845189603], [-79.56278623443043, 43.75424690726622], [-79.56270825072299, 43.75433158060741], [-79.56268557230567, 43.75437146582624], [-79.56264436313069, 43.754429919047865], [-79.56259385247077, 43.75449764772184], [-79.56250494804448, 43.754630380901546], [-79.56199868568972, 43.755385917926574], [-79.56174672843866, 43.75529105708116], [-79.56165643176557, 43.755253643584496], [-79.56157194181753, 43.75522213979994], [-79.56131081237099, 43.7551173257646], [-79.56123293773719, 43.75508193954746], [-79.56114852676939, 43.75503119976582], [-79.56107887638485, 43.7549879779678], [-79.56099677635795, 43.75492712034918], [-79.56093245504722, 43.75487309323375], [-79.56086113571082, 43.754802626349914], [-79.56079666220343, 43.75473662039273], [-79.5607549056556, 43.75469675091703], [-79.56070225567198, 43.75461970400422], [-79.56036790491352, 43.75402470579866], [-79.56017686368823, 43.75406505287204], [-79.56011326903675, 43.75408648857822], [-79.5600130134876, 43.75411493656507], [-79.55992804935626, 43.7541483451303], [-79.5598195682878, 43.754184636437046], [-79.559739835992, 43.75421088704035], [-79.55962377828993, 43.75423324910588], [-79.55951849164347, 43.754261619171615], [-79.5594389878674, 43.75428060634759], [-79.55936343200435, 43.75430112252824], [-79.5592690710876, 43.754316237768215], [-79.55917038125959, 43.754325118214304], [-79.5590746137959, 43.75433695847175], [-79.55898626051356, 43.754350720187446], [-79.55887830340798, 43.754368885438716], [-79.55867758307662, 43.75439818597124], [-79.55869237281368, 43.75447170858042], [-79.55869726042225, 43.75454143775051], [-79.55868399108691, 43.75458401951285], [-79.5586464655784, 43.75463563296063], [-79.5586288810216, 43.75467198807438], [-79.55859208486463, 43.754733033524914], [-79.5585372827546, 43.75479451214426], [-79.55847353666613, 43.75485439309264], [-79.55840734351113, 43.754912420100624], [-79.55827357543957, 43.75504078119385], [-79.55807581499906, 43.755271111852444], [-79.55599096592216, 43.75419392917836], [-79.55592016879616, 43.75415574548475], [-79.55579884120206, 43.75410367951491], [-79.55568063790875, 43.754047299401], [-79.55551208199053, 43.75395415737314], [-79.55540831595633, 43.753916168493], [-79.55526455727257, 43.75384629937612], [-79.55513913421815, 43.75378073192644], [-79.5538689765473, 43.753207865121624], [-79.55380260749824, 43.753172297383074], [-79.55375029527718, 43.75315038597664], [-79.5536808830815, 43.75309989464394], [-79.55362191548312, 43.75305066844391], [-79.55358175179184, 43.752991234095596], [-79.55353133594066, 43.75292328126122], [-79.55352093371364, 43.75288719116344], [-79.55349689658574, 43.75282295247063], [-79.55294309746337, 43.751440382171246], [-79.5524655687624, 43.75037032854454], [-79.55188269337788, 43.74893890079139], [-79.551705684838, 43.74849576145794], [-79.55156857270781, 43.74815245825382], [-79.55323392590444, 43.74778595609284], [-79.5533419570018, 43.74776044029842], [-79.55341410137098, 43.747732186796235], [-79.55347524315958, 43.747705216573635], [-79.55354553616905, 43.74765338958723], [-79.55358522061142, 43.747626438356754], [-79.55361792761094, 43.7475794626098], [-79.55363210786378, 43.74753545695833], [-79.5536284606311, 43.74743062833791], [-79.55360454575143, 43.74721721276465], [-79.55402863111348, 43.74714386354468], [-79.55407497366262, 43.74713584852093], [-79.55408795155641, 43.74722008686294], [-79.55408822133151, 43.747221838378174], [-79.55409635912049, 43.74727281489601], [-79.55409755420135, 43.747280380779515], [-79.55410001328839, 43.7472893223556], [-79.55411884488667, 43.74728585696143], [-79.55416624446518, 43.74727402217082], [-79.55417247369736, 43.747272459302316], [-79.55417533259717, 43.74727175044921], [-79.55420934140078, 43.74726325424891], [-79.55421209453137, 43.74726229341007], [-79.55424856632807, 43.74725330366156], [-79.5542679890621, 43.74724860389113], [-79.55441664396281, 43.74721148677779], [-79.5546207645196, 43.74716050715996], [-79.55466370466337, 43.74714954111398], [-79.55475048327446, 43.74712696405387], [-79.55478659754361, 43.747133203516796], [-79.55484605117677, 43.747143475132084], [-79.55484615423578, 43.74714347688289], [-79.55485447463694, 43.74714490948929], [-79.55485461869198, 43.74714493462366], [-79.55508768505535, 43.747176227887834], [-79.55508840779314, 43.74717633015373], [-79.55508849968803, 43.747176343611315], [-79.55516264223404, 43.74718528659811], [-79.5552291058251, 43.747258429249264], [-79.55525678002464, 43.74728826041196], [-79.55525647111259, 43.74728854410061], [-79.55525672963911, 43.747288828415094], [-79.55538068763396, 43.747422945524356], [-79.5553814047893, 43.7474237228847], [-79.55539004270716, 43.747500126691], [-79.5554016391856, 43.7476044239279], [-79.55541336947711, 43.747709712134174], [-79.55541382025542, 43.74771380748318], [-79.55542059884526, 43.74777472193825], [-79.55542060761582, 43.74777480744584], [-79.55542061763224, 43.74777489745347], [-79.55542599144063, 43.74782319554049], [-79.55543489475029, 43.74790315830244], [-79.55563310214359, 43.74787569100816], [-79.55561283202029, 43.74782086977531], [-79.55561050800317, 43.747814583534854], [-79.55560685331025, 43.74780469834297], [-79.55559261918322, 43.74776619163031], [-79.55556807329727, 43.74769979416351], [-79.55556602064979, 43.74769423959152], [-79.55552360728731, 43.74757952040057], [-79.55551223750425, 43.747548770460284], [-79.55549928085436, 43.74751126585282], [-79.55549856373969, 43.74750919141341], [-79.55548968002178, 43.747486755616016], [-79.55547790098768, 43.74745381766714], [-79.55545426951089, 43.74738773657233], [-79.55545359099291, 43.74738577282922], [-79.55542008837337, 43.74728873312211], [-79.55537363927604, 43.747194569274264], [-79.555369022847, 43.74718519491037], [-79.55533923248545, 43.747051181650065], [-79.5553281257859, 43.74702410497073], [-79.5552881243179, 43.746926575096], [-79.55529158704286, 43.746926314185025]]]}, "properties": {"StationName": "Duncanwoods", "MTSA_Type": "Protected Major Transit Station Area", "SASP_No": 703}}, {"type": "Feature", "geometry": {"type": "Polygon", "coordinates": [[[-79.55859208486463, 43.754733033524914], [-79.5585372827546, 43.75479451214426], [-79.55847353666613, 43.75485439309264], [-79.55840734351113, 43.754912420100624], [-79.55827357543957, 43.75504078119385], [-79.55807581499906, 43.755271111852444], [-79.55668407491015, 43.756444916223735], [-79.5565177707295, 43.756585173887146], [-79.55635948268022, 43.75652775126844], [-79.55622974976323, 43.7564806874071], [-79.55622805377595, 43.75648241737841], [-79.55622466924372, 43.75648586831604], [-79.55620411912982, 43.75647392748534], [-79.55619870038775, 43.75647200568606], [-79.55504852243935, 43.7560640462273], [-79.55476936582501, 43.755965031739265], [-79.5546072350373, 43.755907524817346], [-79.55444981607575, 43.75583494285306], [-79.5539895985754, 43.75562275993158], [-79.5534971419632, 43.75539571570182], [-79.55271499020442, 43.755035098061896], [-79.5526376207916, 43.75499783529795], [-79.55141533171683, 43.75440913292508], [-79.55030426055092, 43.7533163919004], [-79.5475885809972, 43.75210645876988], [-79.54747925718007, 43.7509825318253], [-79.54741664129091, 43.75096502969945], [-79.54734857053938, 43.750946003188375], [-79.54731282667048, 43.75085230605513], [-79.54731172939034, 43.75084967544614], [-79.54725543593595, 43.75071297886018], [-79.54725043338361, 43.75070082925064], [-79.54702887010423, 43.75016285511769], [-79.54701089683205, 43.75011919747877], [-79.54698117326082, 43.750047011624595], [-79.54688490558439, 43.74981325014328], [-79.54677618852958, 43.74983677803261], [-79.54666731992238, 43.74986033378414], [-79.5465579062096, 43.74988400757022], [-79.54644973640374, 43.749907418809755], [-79.54634219471046, 43.74993068747253], [-79.54623213888549, 43.749954504326595], [-79.54595757686526, 43.750013923348625], [-79.54574205189692, 43.750060557036065], [-79.54564426934368, 43.74994957478517], [-79.54553903914766, 43.74983011444378], [-79.54544420653502, 43.749757052183725], [-79.54535769719554, 43.749690398127754], [-79.54524524126973, 43.74947200049726], [-79.54523527692517, 43.74945265176512], [-79.5453978326733, 43.74940912930643], [-79.54582288119528, 43.7492953234775], [-79.54584397372331, 43.74930803377857], [-79.54586488468043, 43.74930897952149], [-79.54587089388244, 43.7493081570966], [-79.54596007713242, 43.74929596058853], [-79.54675254347879, 43.749124811758094], [-79.54664877449682, 43.74890207063262], [-79.54658673086368, 43.74874196737723], [-79.546509981521, 43.74851673885186], [-79.54645465082065, 43.74827589250122], [-79.54628854675012, 43.747757461961356], [-79.54624463786219, 43.74770131285122], [-79.54637117689367, 43.74759770853225], [-79.54634619799283, 43.74753774425031], [-79.54621493514121, 43.7472225736955], [-79.54627015847618, 43.74721049148118], [-79.54630470300263, 43.747202938046264], [-79.54641338174225, 43.747179139672674], [-79.54628210568191, 43.74686399078352], [-79.54624344296244, 43.746773377358124], [-79.54632064273515, 43.74675606370046], [-79.54655234109957, 43.74670409897072], [-79.54685049691665, 43.746644198952374], [-79.54668185261595, 43.74629230469996], [-79.54667808683017, 43.74628444724683], [-79.54666469104481, 43.746259190709296], [-79.54665314429236, 43.746237420499575], [-79.54674807595237, 43.74621645380652], [-79.54686062349768, 43.74619181540489], [-79.54695916769992, 43.74617024397148], [-79.54696543813007, 43.74616887410529], [-79.54707411101977, 43.746145085003015], [-79.54713490592596, 43.746131774103645], [-79.54718281361404, 43.74612128498355], [-79.54725062126158, 43.746106445415656], [-79.54726560396504, 43.746103166366424], [-79.54729148509473, 43.746097501975896], [-79.54730518912946, 43.74609450068905], [-79.54740018255147, 43.74607370355192], [-79.54748632583929, 43.746054847081965], [-79.54750885882142, 43.74604991403451], [-79.54761755735385, 43.74602612350429], [-79.54766747224211, 43.746015192283394], [-79.5477262284842, 43.746002332882036], [-79.54783491442797, 43.74597854215017], [-79.54787035930593, 43.745970778134534], [-79.54794360276166, 43.745954742312605], [-79.54805228729215, 43.745930952274584], [-79.5481348151782, 43.74591288804521], [-79.54816095807857, 43.74590716213888], [-79.54826966105321, 43.74588336198482], [-79.54834454172078, 43.74586697326543], [-79.54837131656036, 43.745842731471626], [-79.54838165302948, 43.74583336939687], [-79.5484572586742, 43.745766135833186], [-79.54845780456158, 43.74576560452798], [-79.54847598508901, 43.745747912061915], [-79.54849889745243, 43.7457256161459], [-79.54853908804654, 43.74569075704457], [-79.54854020221063, 43.74568974753124], [-79.5485816433909, 43.745652210911665], [-79.54860179509649, 43.745633961310084], [-79.54862302993385, 43.74561473100794], [-79.54862768633586, 43.7456105146414], [-79.54865294478292, 43.74558763081428], [-79.54869191679971, 43.74555232301467], [-79.54873468039217, 43.74551359400973], [-79.54876244257377, 43.74548699247395], [-79.54887298548523, 43.74538793419978], [-79.54891660647961, 43.745348808703994], [-79.5489835572585, 43.745288173707], [-79.54900888979856, 43.74526512684555], [-79.5492022871059, 43.74516124222707], [-79.5493841803163, 43.745063535308866], [-79.54968844171589, 43.74482845367064], [-79.54968924041268, 43.744828868281154], [-79.54998630819115, 43.744599905318445], [-79.54998752646625, 43.744600220729616], [-79.55019695950307, 43.74465451271103], [-79.55033244919237, 43.74468963542225], [-79.5506343564974, 43.74477052144749], [-79.55083849740689, 43.744824421241304], [-79.55093704350132, 43.744851876192], [-79.55101586951322, 43.744873837395765], [-79.55101621848772, 43.74487393445353], [-79.55108363370043, 43.74489096441642], [-79.55119405266198, 43.7449188585001], [-79.551345364956, 43.74495930526255], [-79.55140713270022, 43.74500585627611], [-79.55148872658447, 43.745065417736804], [-79.55157307376844, 43.74512698427531], [-79.55162212249105, 43.74516166555847], [-79.55170971853063, 43.7452267167124], [-79.55175542135545, 43.745260071766815], [-79.5518887420727, 43.74535739765794], [-79.55199048995176, 43.74543165854993], [-79.55202206638558, 43.745454075300174], [-79.55206967844518, 43.74548945824058], [-79.55215543571596, 43.74555205614578], [-79.55220494827208, 43.745588194267086], [-79.55228880201935, 43.74564748588103], [-79.55242201657839, 43.745746393611846], [-79.55243498762508, 43.745756089209905], [-79.55248219085328, 43.745790535133956], [-79.55260384821547, 43.74580919280823], [-79.55282521193516, 43.74584314424654], [-79.55300876068311, 43.74587129259122], [-79.55304657465986, 43.74587709165591], [-79.55309403244657, 43.74588436963484], [-79.55326618805474, 43.74591230052675], [-79.55326724110756, 43.745912470159624], [-79.55330528087873, 43.74593479712911], [-79.5534127921181, 43.74600006901154], [-79.55356629873175, 43.746093271727325], [-79.5536576952218, 43.74615005554892], [-79.55365897357379, 43.746150849759154], [-79.55393936887775, 43.74632155880058], [-79.55393963329495, 43.74632150106779], [-79.55394886553731, 43.74631946962919], [-79.55396575056513, 43.746428636913514], [-79.55398263689126, 43.74653779879192], [-79.55398872153559, 43.7465771403784], [-79.55400596931052, 43.746686353386885], [-79.55402553801568, 43.74681514571025], [-79.5540311830925, 43.74685163770495], [-79.55405301275331, 43.746992624742724], [-79.55405543445052, 43.74700832987601], [-79.55405786980798, 43.74702403590286], [-79.55406029399184, 43.74703974193491], [-79.55406077981318, 43.74704287323949], [-79.55407516236502, 43.74713581602717], [-79.55408819613928, 43.74722006064358], [-79.55409635912049, 43.74727281489601], [-79.55409748566049, 43.74728010357353], [-79.55409755544304, 43.747280380778946], [-79.55410001328839, 43.7472893223556], [-79.55411884488667, 43.74728585696143], [-79.55416624446518, 43.74727402217082], [-79.55417247369736, 43.747272459302316], [-79.55417533259717, 43.74727175044921], [-79.55420934140078, 43.74726325424891], [-79.55421209453137, 43.74726229341007], [-79.55424856632807, 43.74725330366156], [-79.55426797913127, 43.7472486065962], [-79.55441664396281, 43.74721148677779], [-79.55462075582965, 43.74716050896438], [-79.55466370466337, 43.74714954111398], [-79.55475048327446, 43.74712696405387], [-79.55478659754361, 43.747133203516796], [-79.55484605117677, 43.747143475132084], [-79.55484615423578, 43.74714347688289], [-79.55485447463694, 43.74714490948929], [-79.55485461869198, 43.74714493462366], [-79.55508768505535, 43.747176227887834], [-79.55508840779314, 43.74717633015373], [-79.55508849968803, 43.747176343611315], [-79.55516280518765, 43.74718696165176], [-79.5552291058251, 43.747258429249264], [-79.55525647111259, 43.74728854410061], [-79.55525672963911, 43.747288828415094], [-79.55538068763396, 43.747422945524356], [-79.55538141987029, 43.74742257251792], [-79.55539004270716, 43.747500126691], [-79.55540175652108, 43.74760374877746], [-79.55540182788292, 43.74760438513106], [-79.55540956667569, 43.74767383050487], [-79.55541380229354, 43.74771183441845], [-79.55541401144973, 43.74771378308711], [-79.5554206088575, 43.74777480744525], [-79.55542061763224, 43.74777489745347], [-79.55542599144063, 43.74782319554049], [-79.55543489475029, 43.74790315830244], [-79.55544878413232, 43.74793952560464], [-79.55549659736973, 43.74805797411132], [-79.55554950091502, 43.748189030868275], [-79.55557187390278, 43.74824453968176], [-79.55566506732147, 43.74847551852237], [-79.55587618685674, 43.74899860751905], [-79.55594400387295, 43.74915262435719], [-79.55606508215894, 43.749126439817026], [-79.55637300140774, 43.74905985107332], [-79.55746491974276, 43.74882371321918], [-79.55759296982919, 43.74879602124584], [-79.5576450774501, 43.74892163346341], [-79.5579033287542, 43.74954415954639], [-79.55792479182259, 43.74959457364262], [-79.55795215383932, 43.749631662902004], [-79.55802214035413, 43.74975138805034], [-79.5580961932908, 43.749835972030205], [-79.55817026814549, 43.74991220099508], [-79.55828542602595, 43.749995564057166], [-79.55847911976217, 43.750131937476674], [-79.55940042103019, 43.75069851730628], [-79.55947088488101, 43.75074185045201], [-79.55939672867004, 43.75079825929357], [-79.55938429835535, 43.750807714356675], [-79.55936352490639, 43.75082351602735], [-79.55929090361877, 43.7509129765641], [-79.55925998436834, 43.75096071448497], [-79.55922330304409, 43.75101814972061], [-79.55919147925098, 43.75107929004004], [-79.55916678441427, 43.75115323992777], [-79.55915020634406, 43.751222973027865], [-79.55914033866635, 43.75128520101794], [-79.55912205857815, 43.751378125791796], [-79.55912895304482, 43.75146420649857], [-79.55913202409373, 43.751545141371814], [-79.55913941436012, 43.75164792902265], [-79.55915607961518, 43.751725833341176], [-79.55916668773882, 43.75180509097797], [-79.55919104018415, 43.7519088599755], [-79.55922993584036, 43.75202741046873], [-79.55925657403381, 43.75210547162127], [-79.5592999333105, 43.75219180523366], [-79.55933955999095, 43.752269356455905], [-79.55937105315631, 43.75233553342094], [-79.55941412954041, 43.7523979157341], [-79.55960613187973, 43.7528040435118], [-79.56028438632583, 43.75389087807489], [-79.56033115692594, 43.753962200806235], [-79.56036790491352, 43.75402470579866], [-79.56033517185685, 43.75403161893027], [-79.56017686368823, 43.75406505287204], [-79.56011326903675, 43.75408648857822], [-79.5600130134876, 43.75411493656507], [-79.55992804935626, 43.7541483451303], [-79.5598195682878, 43.754184636437046], [-79.559739835992, 43.75421088704035], [-79.55962377828993, 43.75423324910588], [-79.55951849164347, 43.754261619171615], [-79.5594389878674, 43.75428060634759], [-79.55936343200435, 43.75430112252824], [-79.5592690710876, 43.754316237768215], [-79.55917038125959, 43.754325118214304], [-79.5590746137959, 43.75433695847175], [-79.55898626051356, 43.754350720187446], [-79.55887830340798, 43.754368885438716], [-79.55884652271149, 43.75437352394058], [-79.55867758307662, 43.75439818597124], [-79.55869237281368, 43.75447170858042], [-79.55869726042225, 43.75454143775051], [-79.55868399108691, 43.75458401951285], [-79.5586464655784, 43.75463563296063], [-79.5586288810216, 43.75467198807438], [-79.55859208486463, 43.754733033524914]]]}, "properties": {"StationName": "Milvan Rumike", "MTSA_Type": "Protected Major Transit Station Area", "SASP_No": 702}}, {"type": "Feature", "geometry": {"type": "Polygon", "coordinates": [[[-79.54359790755119, 43.75699147355282], [-79.54306096854943, 43.75492714857372], [-79.54303043777472, 43.75480657231137], [-79.54300337538085, 43.75469969911592], [-79.54263841941443, 43.754608935956995], [-79.5416432586871, 43.7543614349082], [-79.54013947133114, 43.75304400173318], [-79.53918644430026, 43.75215534570354], [-79.53904366594149, 43.752022200507874], [-79.53923529664917, 43.75161407622868], [-79.54078068072006, 43.74938112170015], [-79.54136390513334, 43.74853836494043], [-79.54175917515356, 43.748384227890476], [-79.54212518713517, 43.748416578180084], [-79.54327237772235, 43.748558741965645], [-79.54457472227817, 43.7499084552545], [-79.54537138567329, 43.750734040972446], [-79.54547244243042, 43.75118481813305], [-79.54552602234527, 43.751397922806774], [-79.54747925718007, 43.7509825318253], [-79.54749613554226, 43.75115613987099], [-79.5475885809972, 43.75210645876988], [-79.55030426055092, 43.7533163919004], [-79.55056413387398, 43.75357198261021], [-79.55141533171683, 43.75440913292508], [-79.55201976840223, 43.75470025556215], [-79.55271499020442, 43.755035098061896], [-79.55460723503238, 43.75590751941661], [-79.5565177707295, 43.756585173887146], [-79.5547810753103, 43.75808743577983], [-79.55449190923763, 43.757901247622215], [-79.55218988525846, 43.75693049221896], [-79.54950990040467, 43.7598140198656], [-79.54749029249828, 43.75897534302716], [-79.54460416341081, 43.75777673804244], [-79.54450706728267, 43.75773640536892], [-79.5444094935751, 43.7577033457934], [-79.54413763811756, 43.75759278905427], [-79.5438522759481, 43.75754018678061], [-79.54377391315279, 43.75750507600946], [-79.54372166497794, 43.757467245826994], [-79.54364308222442, 43.75716514769818], [-79.54359790755119, 43.75699147355282]]]}, "properties": {"StationName": "Emery", "MTSA_Type": "Protected Major Transit Station Area", "SASP_No": 701}}, {"type": "Feature", "geometry": {"type": "Polygon", "coordinates": [[[-79.54372166497794, 43.757467245826994], [-79.54357061399362, 43.757467302607786], [-79.54228760170024, 43.7577282270371], [-79.5401269806921, 43.75821844254645], [-79.53890586001496, 43.75848435782671], [-79.53289002187955, 43.75978035130695], [-79.53246590425222, 43.759896568606436], [-79.53122073903498, 43.75510392146918], [-79.5289840603816, 43.747132097769004], [-79.53468831202063, 43.74592305614865], [-79.53494466515258, 43.74689403196478], [-79.53519683632062, 43.74757957967022], [-79.53520491373072, 43.74761200867803], [-79.5352084689978, 43.74761901055361], [-79.5352120242657, 43.74762601242908], [-79.5352156056094, 43.747633014296376], [-79.53521919812366, 43.74764000715887], [-79.5352228142304, 43.74764700001397], [-79.53522644399682, 43.74765399376486], [-79.53523008616969, 43.74766096860919], [-79.53523374076534, 43.74766795245082], [-79.53523743384821, 43.7476749272792], [-79.53524111326833, 43.747681893110425], [-79.53524481752265, 43.747688858933834], [-79.53524853295282, 43.7476958247537], [-79.53525227445358, 43.74770278156414], [-79.53525602837186, 43.74770973837061], [-79.53525979470243, 43.747716686171906], [-79.53526357468691, 43.74772362496759], [-79.53526737826395, 43.74773056375584], [-79.53527119301688, 43.747737502540524], [-79.53527502142376, 43.747744432319614], [-79.53527886224765, 43.74775136119459], [-79.53528271548437, 43.7477582819645], [-79.53528659479701, 43.747765202726214], [-79.53529048528029, 43.74777211448307], [-79.53529438817584, 43.74777901723474], [-79.535298314664, 43.74778591997895], [-79.53530225481141, 43.74779282271882], [-79.53530620737168, 43.747799717353594], [-79.53531017234899, 43.747806611084236], [-79.5353141509803, 43.74781349580929], [-79.53531815319894, 43.74782037152566], [-79.53532216659355, 43.7478272472384], [-79.5353261936421, 43.747834113945565], [-79.53533023311361, 43.74784098964995], [-79.53533429740884, 43.747847847344026], [-79.535338361705, 43.74785470503797], [-79.53534245207715, 43.74786156272368], [-79.53534656603141, 43.74786840239946], [-79.53535067874967, 43.74787525017655], [-79.53535481753921, 43.74788208984433], [-79.53535896874108, 43.74788892050687], [-79.53536313235533, 43.74789574216416], [-79.53536730963418, 43.747902572818305], [-79.53537151049517, 43.747909385462485], [-79.53537572377434, 43.747916199002816], [-79.53537994822896, 43.747923011639365], [-79.53538418633767, 43.74792981527029], [-79.53538843685872, 43.74793660989594], [-79.53539271221418, 43.74794340451378], [-79.535397001229, 43.74795019912715], [-79.53540130140924, 43.74795697573447], [-79.5354056127708, 43.74796376133937], [-79.53541037275919, 43.74797119489491], [-79.53541513274344, 43.747978619448986], [-79.53541994238995, 43.74798603408612], [-79.53542475327986, 43.74799344962275], [-79.53542957534069, 43.748000856154476], [-79.53543442223089, 43.748008253677035], [-79.53543928029785, 43.74801565209604], [-79.53544416443532, 43.74802304060538], [-79.53544906098011, 43.74803041110817], [-79.53545398361186, 43.748037799605136], [-79.5354589174093, 43.74804517009591], [-79.53546386361936, 43.748052531581365], [-79.53546883341711, 43.74805988405804], [-79.53547382929658, 43.748067245527636], [-79.53547884998898, 43.74807457008417], [-79.535483859524, 43.74808192254781], [-79.53548890505287, 43.748089247996326], [-79.53549396299972, 43.74809657344075], [-79.53549904453486, 43.74810389077647], [-79.53550413972911, 43.74811120720762], [-79.53550925974751, 43.7481185056283], [-79.53551439218388, 43.74812580404489], [-79.53551953827994, 43.74813310245701], [-79.53552470795846, 43.74814038285905], [-79.53552988881331, 43.74814766325737], [-79.53553509573877, 43.74815493374598], [-79.53554031507745, 43.74816219612937], [-79.53554554683416, 43.74816945850863], [-79.53555080466256, 43.74817671277842], [-79.53555608607824, 43.748183957139226], [-79.53556137866494, 43.748191192495085], [-79.53556668491137, 43.74819842784643], [-79.53557201598731, 43.74820565418856], [-79.53557735947597, 43.748212871525325], [-79.53558271661903, 43.7482200798563], [-79.53558809735526, 43.748227288179706], [-79.53559349049837, 43.748234477596334], [-79.53559890723517, 43.74824166790549], [-79.53560433762694, 43.748248850109015], [-79.53560979285305, 43.7482560314044], [-79.53561526173358, 43.748263203693995], [-79.53562074178518, 43.748270366978616], [-79.53562624666635, 43.748277521253975], [-79.5356317627186, 43.748284666524356], [-79.5356373048474, 43.74829181178629], [-79.53564285938312, 43.74829893814147], [-79.53564842633749, 43.74830606539264], [-79.53565401936362, 43.74831318453427], [-79.53565963598248, 43.748320302768114], [-79.5356652513503, 43.74832740299958], [-79.53567089279471, 43.74833450322261], [-79.53624376139399, 43.748961349801895], [-79.53650415975989, 43.74923372472812], [-79.53656930476427, 43.749301871232724], [-79.53714769140231, 43.74990844960857], [-79.53775849527781, 43.75054899398062], [-79.53810908156373, 43.75091664140073], [-79.53818275182876, 43.75099390148103], [-79.53871473551436, 43.75171545019096], [-79.53961981542251, 43.75255946180111], [-79.53985850918271, 43.75278202897553], [-79.53988413195478, 43.75277648517523], [-79.54013947133114, 43.75304400173318], [-79.54140969925756, 43.754156825331265], [-79.5416432586871, 43.7543614349082], [-79.54272368600097, 43.75463014253446], [-79.54300337538085, 43.75469969911592], [-79.54302979253981, 43.75480728185172], [-79.54359790755119, 43.75699147355282], [-79.54364308222442, 43.75716514769818], [-79.54372166497794, 43.757467245826994]]]}, "properties": {"StationName": "Signet Arrow", "MTSA_Type": "Protected Major Transit Station Area", "SASP_No": 700}}, {"type": "Feature", "geometry": {"type": "Polygon", "coordinates": [[[-79.53049612220023, 43.75732217330155], [-79.53095690035767, 43.75837458233241], [-79.53099924156173, 43.758553128266534], [-79.5312441459822, 43.75958590766853], [-79.53137778464252, 43.760149374954416], [-79.53138746819184, 43.7601902648736], [-79.52914889140487, 43.76068921064843], [-79.52883527311376, 43.760759652790455], [-79.527777226825, 43.76099541121503], [-79.52753192948947, 43.76099788559464], [-79.52731154334477, 43.76092737965391], [-79.52669292783905, 43.76100867455731], [-79.52658857849883, 43.76103929944896], [-79.52645160412219, 43.761074853670806], [-79.52630212949678, 43.76112761104895], [-79.52556310825977, 43.7614147063077], [-79.52545289179473, 43.76135426516989], [-79.52535099651256, 43.76131713525528], [-79.52473309926428, 43.76118348000937], [-79.52505377731092, 43.76122547559746], [-79.52489915288591, 43.76119660014815], [-79.52473309926428, 43.76118348000937], [-79.5245438281675, 43.76117797155364], [-79.52436740617995, 43.761159985246366], [-79.52422491665718, 43.76117877139056], [-79.52358878965062, 43.76131196777143], [-79.52347330479743, 43.76134749058219], [-79.5233390343166, 43.761393232604824], [-79.52325425278748, 43.76143866827099], [-79.5231535680368, 43.761497257887434], [-79.52299441968542, 43.76160857846963], [-79.52291799876502, 43.76165812576244], [-79.52282182524807, 43.76170011592007], [-79.5227415200702, 43.76172894304878], [-79.52268301823368, 43.76174686531209], [-79.52254589012739, 43.761770454051295], [-79.52242446388043, 43.7618037077624], [-79.52208697091152, 43.76186286652204], [-79.52189581393753, 43.761874591392626], [-79.52174025831522, 43.76187089998002], [-79.52153643729605, 43.76185927837966], [-79.52137840176881, 43.76183529818021], [-79.52128068540368, 43.7617995977535], [-79.52056086362818, 43.76143369197061], [-79.52065207855745, 43.761274319620995], [-79.52070305081546, 43.76113813264836], [-79.52070841354922, 43.76102295288375], [-79.52070730067034, 43.76099746161185], [-79.52070273173013, 43.76089349017082], [-79.5206734979848, 43.76078249323344], [-79.52062920929848, 43.76055493311295], [-79.52060439656795, 43.76044592462455], [-79.52060453031989, 43.76043758946382], [-79.52060569001158, 43.76041508618613], [-79.52060760852139, 43.760392582771516], [-79.5206107040755, 43.76036557853078], [-79.52061419858947, 43.760343075731775], [-79.52061845067665, 43.760320571895804], [-79.52062389501114, 43.760298067844474], [-79.52062969950074, 43.76027556462789], [-79.52063668536294, 43.76025756091137], [-79.52064443812036, 43.76023055582811], [-79.5206525649969, 43.760208052190606], [-79.52066188411531, 43.76018554743681], [-79.52067197476998, 43.76016754405667], [-79.52068283386113, 43.760145039022476], [-79.52069407794092, 43.760122534817555], [-79.5207064909722, 43.76010453011356], [-79.52071965846328, 43.760077524943526], [-79.52073323888177, 43.76005951102362], [-79.52074798670255, 43.76004150679148], [-79.52076310553433, 43.76001900097581], [-79.52077903191964, 43.76000099652545], [-79.52079561538893, 43.75997615912095], [-79.52080308788304, 43.75996498813709], [-79.52082713139838, 43.759928979745716], [-79.520851957294, 43.75989297120633], [-79.5208775655685, 43.75985696251841], [-79.52090354671226, 43.75982545347043], [-79.5209307073237, 43.759789445386396], [-79.52095825289634, 43.75975343632496], [-79.52098656966552, 43.75971742711507], [-79.52101527172485, 43.759685910340316], [-79.52104514115632, 43.75965440144432], [-79.5210553218976, 43.75964242883531], [-79.52107579262449, 43.75961839268192], [-79.52110682938876, 43.75958688355419], [-79.5211370712966, 43.75955537456485], [-79.52116655526227, 43.75951936599338], [-79.52119526955445, 43.75948785727116], [-79.52122320265178, 43.75945633968539], [-79.52125073547744, 43.75942033145386], [-79.52127712695568, 43.75938432252781], [-79.52130310892754, 43.75935281428636], [-79.52132793554179, 43.75931680653994], [-79.52135199214389, 43.75928079803163], [-79.5213752666768, 43.75924929027896], [-79.52139814341356, 43.75921328198116], [-79.52141986390698, 43.75917726579412], [-79.52144081563888, 43.759141257848064], [-79.5214613699367, 43.759105249972556], [-79.52148076763075, 43.759064741695695], [-79.52148930225297, 43.75903773730267], [-79.5214974407011, 43.75901073298337], [-79.52150479674434, 43.75898372791046], [-79.52151138317387, 43.7589612244968], [-79.52151680022925, 43.758929720073], [-79.52152144891461, 43.75890271550827], [-79.52152571260444, 43.758875702914644], [-79.52152920507493, 43.75884869856708], [-79.52153151898229, 43.758821695341425], [-79.52153304887877, 43.7587901916483], [-79.52153383686398, 43.758767688424705], [-79.52153381438873, 43.758736185023714], [-79.52153341971696, 43.758709181407646], [-79.52153185890721, 43.75868217891125], [-79.52152991311154, 43.75865517558711], [-79.52152639011373, 43.75862817345999], [-79.52152289195665, 43.7586011704278], [-79.5215178401962, 43.75857416858805], [-79.52151240308311, 43.758542665305086], [-79.52150618680857, 43.758520163398785], [-79.52149918492518, 43.75848866130947], [-79.52149141468816, 43.75846165907917], [-79.5214828636786, 43.7584391585104], [-79.52147355190394, 43.75840765595304], [-79.52146344730653, 43.75838515477435], [-79.52145257238031, 43.758358153123886], [-79.52144054250903, 43.758331151688935], [-79.52142811400275, 43.75830414942718], [-79.52141527692753, 43.75827714814063], [-79.52066166218312, 43.75673277354672], [-79.52043404478837, 43.756501487266874], [-79.52001994297501, 43.756006804119345], [-79.51999076919091, 43.75596052667812], [-79.51995416914464, 43.75587277373681], [-79.51972700839555, 43.75507028823399], [-79.51972011938119, 43.755041864419795], [-79.51971405009267, 43.75497975873851], [-79.51970370816097, 43.75491140783508], [-79.51966375422182, 43.75485910133108], [-79.51956536051986, 43.75484472613964], [-79.51948063361937, 43.754851293511635], [-79.51939924849434, 43.75486191981126], [-79.51910375481036, 43.75487747961213], [-79.51905302570675, 43.75487061203538], [-79.5189213288997, 43.754851553092195], [-79.51879355554732, 43.754834023562346], [-79.51866237224404, 43.75478851140287], [-79.51854526947321, 43.754741115550274], [-79.51842267528411, 43.75468056065474], [-79.51833201988487, 43.75462139660074], [-79.51808391117301, 43.754485365329316], [-79.51820166455508, 43.754387793932615], [-79.51881487908037, 43.75333684152336], [-79.51889604713712, 43.75320299051424], [-79.51895147459281, 43.75311426602647], [-79.51903050719093, 43.75302276430087], [-79.51912255320954, 43.75293080938062], [-79.51919844177851, 43.752872395717944], [-79.51921376025294, 43.75286059161891], [-79.519313709488, 43.75278366818347], [-79.51935433085607, 43.75275443428735], [-79.51960351189025, 43.752631711225526], [-79.51970810348658, 43.75258967455144], [-79.5198128715396, 43.75255599090136], [-79.52016811386396, 43.752481853966344], [-79.52103886640047, 43.75228011333035], [-79.52128018425067, 43.75222419975758], [-79.5213227981265, 43.752214758515805], [-79.52135151778303, 43.752208389277456], [-79.52142264006015, 43.752192246646565], [-79.52149378839496, 43.75217615707379], [-79.52156494788075, 43.75216010435967], [-79.52163609490405, 43.75214403270095], [-79.52170721702484, 43.75212787999148], [-79.52177825338359, 43.75211161023788], [-79.52184922631882, 43.75209518833129], [-79.52192008738118, 43.75207855847335], [-79.52199081296042, 43.752061676562775], [-79.52206127583483, 43.75204301331357], [-79.5221292289605, 43.752020668099206], [-79.52219504585072, 43.75199397656001], [-79.52225912262926, 43.75196633029005], [-79.52259637972645, 43.75192688368447], [-79.52260430122068, 43.751921193333914], [-79.52261214694266, 43.75191543998908], [-79.52261407111776, 43.751913994909245], [-79.52268770834168, 43.75185469904352], [-79.5227543304082, 43.751791186544985], [-79.52290134157118, 43.75185676632962], [-79.52299051467556, 43.75189655281541], [-79.52309711768501, 43.751924768215844], [-79.52320371955595, 43.751952991618055], [-79.52337002046413, 43.75196281409508], [-79.52353509082228, 43.75197257357484], [-79.52365954246106, 43.751979937900074], [-79.52367452915209, 43.751976640342775], [-79.52381952871808, 43.751944737723534], [-79.52397177809236, 43.751911229378806], [-79.52409061714509, 43.7518850827918], [-79.52420220241495, 43.75186053083697], [-79.52437150158684, 43.75182327473165], [-79.52447637639644, 43.751783970905386], [-79.52464788558844, 43.75171970119212], [-79.5247846432306, 43.751668445555296], [-79.52487486714388, 43.75163463619566], [-79.5259701426312, 43.751441982044405], [-79.52610661358237, 43.751417979748254], [-79.5261121513376, 43.751417006349186], [-79.52615438822124, 43.75159996492886], [-79.52646828401917, 43.75153083514623], [-79.5272379731476, 43.75136126535124], [-79.5291378887349, 43.75094266570242], [-79.52912744718249, 43.75145514507672], [-79.52906909743668, 43.75201924071156], [-79.52905608526913, 43.752050451321644], [-79.52870185798815, 43.75290027678019], [-79.52847827927944, 43.753220478875164], [-79.52840578353006, 43.75332431810279], [-79.52823830522227, 43.75356418860007], [-79.52793304228024, 43.754001381726674], [-79.52785778842943, 43.75410914490589], [-79.52768331898754, 43.75435899863261], [-79.52699383923024, 43.754928329738064], [-79.52693819044723, 43.754974285176125], [-79.52693531049661, 43.75497666218114], [-79.52687182615392, 43.75502907331896], [-79.52684231171509, 43.755037109356564], [-79.52684138046368, 43.75503736160988], [-79.52715535547284, 43.75565465518264], [-79.52726723994606, 43.75567196492448], [-79.52807455122462, 43.75579684163717], [-79.5280850864894, 43.75580382400712], [-79.52828252412503, 43.755934752287736], [-79.52828506893329, 43.755932717379], [-79.52863197394812, 43.75618581772399], [-79.52885073788255, 43.75634543560362], [-79.52948098347692, 43.75648726924387], [-79.529880930404, 43.75673096469367], [-79.53024752209413, 43.75701722899478], [-79.53049612220023, 43.75732217330155]]]}, "properties": {"StationName": "Norfinch Oakdale", "MTSA_Type": "Protected Major Transit Station Area", "SASP_No": 699}}, {"type": "Feature", "geometry": {"type": "Polygon", "coordinates": [[[-79.51939152149599, 43.76472775627386], [-79.51934194478235, 43.76449948111224], [-79.5190944203862, 43.76453985090213], [-79.51801102147822, 43.76478403275291], [-79.5179881822221, 43.76478904102828], [-79.51780765384389, 43.764828602658156], [-79.51762707554414, 43.76486815500907], [-79.51744951493123, 43.76490704952469], [-79.51729273183645, 43.76494139410611], [-79.51704629239802, 43.76499539434168], [-79.5168799334146, 43.7650318370684], [-79.51675650845651, 43.765058877792875], [-79.51665194862628, 43.765081783176846], [-79.51663637024484, 43.765069632898154], [-79.51659840573406, 43.76504003430484], [-79.5165494469755, 43.7650018663293], [-79.5165409745476, 43.7649952705614], [-79.5165318673079, 43.76498816991629], [-79.51645907034397, 43.76493142682842], [-79.51638652072977, 43.76487486548279], [-79.51637627186733, 43.764866881969056], [-79.5163614638132, 43.76485532652271], [-79.51634552528755, 43.76484289901784], [-79.5162579194172, 43.764774591348804], [-79.5162087747503, 43.76473628103272], [-79.51620554431149, 43.76473187989389], [-79.51618944182718, 43.76470995520229], [-79.51615916272927, 43.76466873389623], [-79.51611548982709, 43.76460925999528], [-79.51611019690291, 43.76460205976477], [-79.51610407152471, 43.76459372549747], [-79.51609741188567, 43.764584662206154], [-79.51604782496258, 43.76451714111957], [-79.51601484990896, 43.76447224765418], [-79.51600856255055, 43.7644618701271], [-79.51599765286977, 43.76444386021118], [-79.51597278926549, 43.76440283702269], [-79.51594280635727, 43.764353343493376], [-79.51593875438199, 43.764346656151105], [-79.51593286467028, 43.76433694465452], [-79.51592268938325, 43.76432014079237], [-79.5158763781841, 43.764243717863984], [-79.5158626492348, 43.76422105469457], [-79.51584495532225, 43.764191856286246], [-79.51582709865298, 43.76416238876102], [-79.51578654316651, 43.764095462185956], [-79.51578640652689, 43.76409539019507], [-79.51576794752263, 43.764084762300286], [-79.51575504113399, 43.76407734707341], [-79.5157434887377, 43.76407070576362], [-79.51571940137804, 43.764056856198735], [-79.51565287083608, 43.76401861013699], [-79.5156182758323, 43.76399872216933], [-79.51560009017518, 43.76398827423438], [-79.51556892240546, 43.76397035705146], [-79.51553590627633, 43.763951368965806], [-79.51548459151263, 43.76392186992389], [-79.51544999662038, 43.763901981904965], [-79.51544508998681, 43.763899165185634], [-79.51541374840164, 43.76388113996892], [-79.51534121850088, 43.7638394371641], [-79.51528171794821, 43.76380523148977], [-79.51524980506119, 43.76378689126143], [-79.51523732114214, 43.76377971895233], [-79.51522742095975, 43.76377402339821], [-79.51514146336656, 43.76372460910662], [-79.51511342740118, 43.76370849162818], [-79.51510029603202, 43.76369478450224], [-79.51505919997972, 43.76365189009864], [-79.5150517833166, 43.76364415002435], [-79.51504108568285, 43.763632980915645], [-79.51500329552722, 43.763593532624434], [-79.51496776520307, 43.76355646214756], [-79.51494209767371, 43.7635296688665], [-79.51492770046391, 43.76351464770728], [-79.51491963782782, 43.76350622361567], [-79.51489009556117, 43.763475388379305], [-79.51487349451035, 43.763458061386984], [-79.5147598853076, 43.76354747985787], [-79.51470349154424, 43.763513034046994], [-79.51468012173653, 43.763501056423706], [-79.51457568437458, 43.76344753411799], [-79.5145901179047, 43.76344378686769], [-79.51477122985168, 43.76339670701284], [-79.51541121409046, 43.76323038252703], [-79.51552647174371, 43.76318674610105], [-79.51559215417346, 43.76316254187192], [-79.51568499597283, 43.76313229406029], [-79.5157390791207, 43.763111862850224], [-79.5158257754902, 43.76308657544409], [-79.51589936580996, 43.76304982223748], [-79.51597503435879, 43.76301020630375], [-79.5160527960232, 43.76296771863545], [-79.5161020080898, 43.762943579433], [-79.5161495954255, 43.76292339197595], [-79.51623187739489, 43.76287990441055], [-79.5162792375778, 43.76285138179851], [-79.51634411046706, 43.76282136246064], [-79.51641334633712, 43.76279124254574], [-79.51654397430404, 43.76261210295817], [-79.51666759605035, 43.76243037008476], [-79.51678411230651, 43.76224618798213], [-79.51689343250158, 43.762059703405164], [-79.51692511866622, 43.761971357995485], [-79.51693648528003, 43.76180467972553], [-79.5169600354483, 43.76163372856085], [-79.51695580874619, 43.76148304867024], [-79.51694456958275, 43.76137922209671], [-79.51689086686731, 43.761243960520396], [-79.51684667061782, 43.76112776121218], [-79.51676152267834, 43.76089126740358], [-79.51675011304242, 43.760869247575], [-79.51654368869517, 43.760439828194755], [-79.51650767355208, 43.76035256020045], [-79.5164660080941, 43.76026203366307], [-79.51643421066515, 43.76020168500728], [-79.51639694970075, 43.76014451545951], [-79.51634760596716, 43.760073044676524], [-79.51629171267464, 43.76000237681449], [-79.5162095115262, 43.75991184964785], [-79.51614160784152, 43.75984075945525], [-79.51610726083582, 43.75980643361553], [-79.51604273700414, 43.75973203943564], [-79.51597693938082, 43.7596819307113], [-79.5159169444097, 43.759637716045425], [-79.51571236047954, 43.7595249409532], [-79.51559920024347, 43.7594877543741], [-79.51483533671487, 43.75922585369551], [-79.51430528664204, 43.75904411623146], [-79.51426025225247, 43.75903135001422], [-79.51421650616055, 43.759009896532234], [-79.51416544523741, 43.75898289108158], [-79.51411694101286, 43.75895410214865], [-79.51408069166689, 43.758934923199085], [-79.51406588017963, 43.75892708675187], [-79.51402247189131, 43.75891035879933], [-79.51397699911503, 43.758880913245015], [-79.51390329492199, 43.75884333489825], [-79.51386419036551, 43.75880167205451], [-79.51382740946904, 43.758765482564], [-79.51378065257776, 43.758713518708646], [-79.51373747806554, 43.758686223174784], [-79.51371753035994, 43.75867360674591], [-79.51368352055005, 43.75864398867391], [-79.51364244025118, 43.75860156178487], [-79.5135925515291, 43.758538325083855], [-79.51357177514014, 43.758485382314994], [-79.51353603396382, 43.758432172178274], [-79.51350146800124, 43.758358312167694], [-79.5134412479876, 43.758243401451516], [-79.51342094050909, 43.758175958514286], [-79.51340470796208, 43.75805965731216], [-79.5131472921503, 43.75747600864492], [-79.51313412984311, 43.75742612532947], [-79.51311330419125, 43.75737145423597], [-79.5131016955093, 43.75732726041661], [-79.5130871514537, 43.75726201304916], [-79.51306970289538, 43.75714626279543], [-79.51306967208347, 43.75703893390003], [-79.51308126788766, 43.75696737277208], [-79.51310739785497, 43.75691055489608], [-79.51312854201633, 43.75686645632872], [-79.51313061000677, 43.75686214450053], [-79.51315962925236, 43.75678637868367], [-79.51320318134813, 43.75672533719834], [-79.51323374299497, 43.75666165083792], [-79.51326994669685, 43.756622207736044], [-79.51330477021988, 43.7565695914778], [-79.51334747080328, 43.756534051429306], [-79.51338063287433, 43.75648817816532], [-79.51350384624418, 43.756398072126025], [-79.51355735753562, 43.75633802306072], [-79.51364582240623, 43.75625932554596], [-79.51367210640342, 43.75622820513875], [-79.51373711679443, 43.75616797998747], [-79.51376866736587, 43.756126076345915], [-79.51382482024053, 43.75607984012853], [-79.51385788566834, 43.75603758793069], [-79.5138999137695, 43.75599693415272], [-79.5139375926937, 43.755950052035146], [-79.51395983521637, 43.755901830607165], [-79.51398782961878, 43.75586312187565], [-79.5140189163943, 43.75582012006888], [-79.51405116352716, 43.75575284178034], [-79.514072292832, 43.75567123938583], [-79.51409360325651, 43.755620829843984], [-79.51411254046022, 43.75556493163757], [-79.51414941747508, 43.75547379497247], [-79.51411894698882, 43.75537976643501], [-79.51410098917002, 43.755322557699245], [-79.51409837076933, 43.755251093612394], [-79.51408709799831, 43.75520558565481], [-79.51407506428284, 43.755150654395685], [-79.51405888549225, 43.755101447530585], [-79.51399780636962, 43.75495676645931], [-79.51386624584197, 43.75464515159153], [-79.51367360787319, 43.754188833688], [-79.51314863453538, 43.753216328611224], [-79.5131043102999, 43.753136214573985], [-79.51305840874393, 43.75306006034373], [-79.51302547674857, 43.75300260919186], [-79.51299349605901, 43.75292813657822], [-79.51297235575517, 43.752840414700636], [-79.51295619379282, 43.75275277236461], [-79.51294682610121, 43.75267321326893], [-79.51293218738824, 43.75256602996272], [-79.5128981344381, 43.752248242326736], [-79.51288480753605, 43.75199786262101], [-79.51286650039451, 43.75185906824892], [-79.51284904308312, 43.75174530532666], [-79.5128423848867, 43.7516759533114], [-79.5128176560365, 43.75159143623096], [-79.5127703588841, 43.75147357116745], [-79.51383498218976, 43.75123377569591], [-79.51400299323957, 43.751195935617496], [-79.51455202072944, 43.7510722673797], [-79.51463971855, 43.75105251285592], [-79.51471625123875, 43.75103527555014], [-79.51427989390271, 43.74936887845843], [-79.51428058426721, 43.7493687874596], [-79.51507168601964, 43.74926467019392], [-79.51539468463028, 43.74922215297084], [-79.51539476906302, 43.74922214215798], [-79.51539494680864, 43.74922285503266], [-79.51578153190441, 43.74911735992246], [-79.5175230976883, 43.748724218021884], [-79.51760324929133, 43.7487856473103], [-79.51760326047577, 43.74878567881293], [-79.51760332885047, 43.74878595784104], [-79.51760336982332, 43.74878594793336], [-79.5176204866606, 43.74885416753812], [-79.51780839158627, 43.749603211237115], [-79.51780886647887, 43.749605102324615], [-79.51799757580108, 43.749562743513245], [-79.51808966221535, 43.7495430531555], [-79.51819028515237, 43.74978531018168], [-79.51825484074087, 43.74994158669174], [-79.51825077565407, 43.74994251896964], [-79.51824242264745, 43.74994252030311], [-79.51834717407628, 43.74999691695656], [-79.51843271740513, 43.75009116151866], [-79.51843323164982, 43.75009172851411], [-79.51856416875755, 43.75040693987293], [-79.51885587100024, 43.751104228300086], [-79.51903687840374, 43.75153693209796], [-79.5193141587195, 43.75219971536282], [-79.51947850145962, 43.752592533098635], [-79.51936292311113, 43.752647946366544], [-79.51925293309877, 43.75270904735932], [-79.51914908017979, 43.7527755479613], [-79.5191116989576, 43.75280237251095], [-79.51911221843218, 43.75280367220306], [-79.51919844177851, 43.752872395717944], [-79.51912255320954, 43.75293080938062], [-79.51903050719093, 43.75302276430087], [-79.51895147459281, 43.75311426602647], [-79.51889604713712, 43.75320299051424], [-79.51881487908037, 43.75333684152336], [-79.51820166455508, 43.754387793932615], [-79.51808391117301, 43.754485365329316], [-79.51833201988487, 43.75462139660074], [-79.51842267528411, 43.75468056065474], [-79.51854526947321, 43.754741115550274], [-79.51866237224404, 43.75478851140287], [-79.51879355554732, 43.754834023562346], [-79.5189213288997, 43.754851553092195], [-79.51905302570675, 43.75487061203538], [-79.51910375481036, 43.75487747961213], [-79.51939924849434, 43.75486191981126], [-79.51948063361937, 43.754851293511635], [-79.51956536051986, 43.75484472613964], [-79.51966375422182, 43.75485910133108], [-79.51970370816097, 43.75491140783508], [-79.51971405009267, 43.75497975873851], [-79.51972011938119, 43.755041864419795], [-79.51972700839555, 43.75507028823399], [-79.51995416914464, 43.75587277373681], [-79.51999076919091, 43.75596052667812], [-79.52001994297501, 43.756006804119345], [-79.52043404478837, 43.756501487266874], [-79.52066166218312, 43.75673277354672], [-79.52077459697028, 43.75696420628321], [-79.52141527692753, 43.75827714814063], [-79.52142811400275, 43.75830414942718], [-79.52144054250903, 43.758331151688935], [-79.52145257238031, 43.758358153123886], [-79.52146344730653, 43.75838515477435], [-79.52147355190394, 43.75840765595304], [-79.5214828636786, 43.7584391585104], [-79.52149141468816, 43.75846165907917], [-79.52149918492518, 43.75848866130947], [-79.52150618680857, 43.758520163398785], [-79.52151240308311, 43.758542665305086], [-79.5215178401962, 43.75857416858805], [-79.52152289195665, 43.7586011704278], [-79.52152639011373, 43.75862817345999], [-79.52152991311154, 43.75865517558711], [-79.52153185890721, 43.75868217891125], [-79.52153341971696, 43.758709181407646], [-79.52153381438873, 43.758736185023714], [-79.52153383686398, 43.758767688424705], [-79.52153304887877, 43.7587901916483], [-79.52153151898229, 43.758821695341425], [-79.52152920507493, 43.75884869856708], [-79.52152571260444, 43.758875702914644], [-79.52152144891461, 43.75890271550827], [-79.52151680022925, 43.758929720073], [-79.52151138317387, 43.7589612244968], [-79.52150479674434, 43.75898372791046], [-79.5214974407011, 43.75901073298337], [-79.52148930225297, 43.75903773730267], [-79.52148076763075, 43.759064741695695], [-79.5214613699367, 43.759105249972556], [-79.52144081563888, 43.759141257848064], [-79.52141986390698, 43.75917726579412], [-79.52139814341356, 43.75921328198116], [-79.5213752666768, 43.75924929027896], [-79.52135199214389, 43.75928079803163], [-79.52132793554179, 43.75931680653994], [-79.52130310892754, 43.75935281428636], [-79.52127712695568, 43.75938432252781], [-79.52125073547744, 43.75942033145386], [-79.52122320265178, 43.75945633968539], [-79.52119526955445, 43.75948785727116], [-79.52116655526227, 43.75951936599338], [-79.5211370712966, 43.75955537456485], [-79.52110682938876, 43.75958688355419], [-79.52107579262449, 43.75961839268192], [-79.5210553218976, 43.75964242883531], [-79.52104514115632, 43.75965440144432], [-79.52101527172485, 43.759685910340316], [-79.52098656966552, 43.75971742711507], [-79.52095825289634, 43.75975343632496], [-79.5209307073237, 43.759789445386396], [-79.52090354671226, 43.75982545347043], [-79.5208775655685, 43.75985696251841], [-79.520851957294, 43.75989297120633], [-79.52082713139838, 43.759928979745716], [-79.52080308788304, 43.75996498813709], [-79.52079561538893, 43.75997615912095], [-79.52077903191964, 43.76000099652545], [-79.52076310553433, 43.76001900097581], [-79.52074798670255, 43.76004150679148], [-79.52073323888177, 43.76005951102362], [-79.52071965846328, 43.760077524943526], [-79.5207064909722, 43.76010453011356], [-79.52069407794092, 43.760122534817555], [-79.52068283386113, 43.760145039022476], [-79.52067197476998, 43.76016754405667], [-79.52066188411531, 43.76018554743681], [-79.5206525649969, 43.760208052190606], [-79.52064443812036, 43.76023055582811], [-79.52063668536294, 43.76025756091137], [-79.52062969950074, 43.76027556462789], [-79.52062389501114, 43.760298067844474], [-79.52061845067665, 43.760320571895804], [-79.52061419858947, 43.760343075731775], [-79.5206107040755, 43.76036557853078], [-79.52060760852139, 43.760392582771516], [-79.52060569001158, 43.76041508618613], [-79.52060453031989, 43.76043758946382], [-79.52060439656795, 43.76044592462455], [-79.52062920929848, 43.76055493311295], [-79.5206734979848, 43.76078249323344], [-79.52070273173013, 43.76089349017082], [-79.52070730067034, 43.76099746161185], [-79.52070841354922, 43.76102295288375], [-79.52070305081546, 43.76113813264836], [-79.52065207855745, 43.761274319620995], [-79.52056086362818, 43.76143369197061], [-79.52128068540368, 43.7617995977535], [-79.52137840176881, 43.76183529818021], [-79.5213869426172, 43.762092993553516], [-79.52139887453176, 43.762219440525016], [-79.52140568138338, 43.76229154806035], [-79.5214158622911, 43.762613232805414], [-79.52135826025257, 43.76277254814393], [-79.5212623783827, 43.76305699748293], [-79.5210629456372, 43.76364874059268], [-79.52098601684378, 43.763905983569025], [-79.52098346250676, 43.76391796466441], [-79.52096122615917, 43.76402245672801], [-79.52092004661391, 43.76421596173338], [-79.52090816156382, 43.76435070319053], [-79.52089176342318, 43.76453668131828], [-79.52088301387873, 43.76475220904773], [-79.52095749137554, 43.76509666671734], [-79.52102312854878, 43.76531590907773], [-79.52108598204254, 43.76557896534066], [-79.51964816414788, 43.765909360163974], [-79.51947052384838, 43.765091507361404], [-79.51939152149599, 43.76472775627386]]]}, "properties": {"StationName": "Jane and Finch", "MTSA_Type": "Protected Major Transit Station Area", "SASP_No": 698}}, {"type": "Feature", "geometry": {"type": "Polygon", "coordinates": [[[-79.51934194478235, 43.76449948111224], [-79.5190944203862, 43.76453985090213], [-79.51801102147822, 43.76478403275291], [-79.5179881822221, 43.76478904102828], [-79.51780765384389, 43.764828602658156], [-79.51762707554414, 43.76486815500907], [-79.51744951493123, 43.76490704952469], [-79.51729273183645, 43.76494139410611], [-79.51704629239802, 43.76499539434168], [-79.5168799334146, 43.7650318370684], [-79.51675650845651, 43.765058877792875], [-79.51665194862628, 43.765081783176846], [-79.51663637024484, 43.765069632898154], [-79.51659840573406, 43.76504003430484], [-79.5165494469755, 43.7650018663293], [-79.5165409745476, 43.7649952705614], [-79.5165318673079, 43.76498816991629], [-79.51645907034397, 43.76493142682842], [-79.51638652072977, 43.76487486548279], [-79.51637627186733, 43.764866881969056], [-79.5163614638132, 43.76485532652271], [-79.51634552528755, 43.76484289901784], [-79.5162579194172, 43.764774591348804], [-79.5162087747503, 43.76473628103272], [-79.51620554431149, 43.76473187989389], [-79.51618944182718, 43.76470995520229], [-79.51615916272927, 43.76466873389623], [-79.51611548982709, 43.76460925999528], [-79.51611019690291, 43.76460205976477], [-79.51610407152471, 43.76459372549747], [-79.51609741188567, 43.764584662206154], [-79.51604782496258, 43.76451714111957], [-79.51601484990896, 43.76447224765418], [-79.51600856255055, 43.7644618701271], [-79.51599765286977, 43.76444386021118], [-79.51597278926549, 43.76440283702269], [-79.51594280635727, 43.764353343493376], [-79.51593875438199, 43.764346656151105], [-79.51593286467028, 43.76433694465452], [-79.51592268938325, 43.76432014079237], [-79.5158763781841, 43.764243717863984], [-79.5158626492348, 43.76422105469457], [-79.51584495532225, 43.764191856286246], [-79.51582709865298, 43.76416238876102], [-79.51578654316651, 43.764095462185956], [-79.51578640652689, 43.76409539019507], [-79.51576794752263, 43.764084762300286], [-79.51575504113399, 43.76407734707341], [-79.5157434887377, 43.76407070576362], [-79.51571940137804, 43.764056856198735], [-79.51565287083608, 43.76401861013699], [-79.5156182758323, 43.76399872216933], [-79.51560009017518, 43.76398827423438], [-79.51556892240546, 43.76397035705146], [-79.51553590627633, 43.763951368965806], [-79.51548459151263, 43.76392186992389], [-79.51544999662038, 43.763901981904965], [-79.51544508998681, 43.763899165185634], [-79.51541374840164, 43.76388113996892], [-79.51534121850088, 43.7638394371641], [-79.51528171794821, 43.76380523148977], [-79.51524980506119, 43.76378689126143], [-79.51523732114214, 43.76377971895233], [-79.51522742095975, 43.76377402339821], [-79.51514146336656, 43.76372460910662], [-79.51511342740118, 43.76370849162818], [-79.51510029603202, 43.76369478450224], [-79.51505919997972, 43.76365189009864], [-79.5150517833166, 43.76364415002435], [-79.51504108568285, 43.763632980915645], [-79.51500329552722, 43.763593532624434], [-79.51496776520307, 43.76355646214756], [-79.51494209767371, 43.7635296688665], [-79.51492770046391, 43.76351464770728], [-79.51491963782782, 43.76350622361567], [-79.51489009556117, 43.763475388379305], [-79.51487349451035, 43.763458061386984], [-79.51488400344685, 43.76344978969557], [-79.51486915013759, 43.76345352713624], [-79.51487349451035, 43.763458061386984], [-79.5147598853076, 43.76354747985787], [-79.51470349154424, 43.763513034046994], [-79.51437572382657, 43.763345051717906], [-79.51360288365586, 43.762724481355804], [-79.51299232345652, 43.76212694850664], [-79.51221847947008, 43.76127815528257], [-79.51051549622011, 43.761643438669566], [-79.51016260364487, 43.76171912859203], [-79.50987306894925, 43.76178122641919], [-79.50949340148955, 43.76186265666466], [-79.50940102884454, 43.761882466995125], [-79.50938759128285, 43.76188534849165], [-79.50936917362527, 43.76188930244084], [-79.50935258158552, 43.76189285838354], [-79.50935250706787, 43.76189285838963], [-79.50935232078218, 43.76189291241221], [-79.50935230828966, 43.76189244434954], [-79.50934789089466, 43.76175850647904], [-79.5093404163028, 43.76153183822843], [-79.50933962134215, 43.76153112719656], [-79.50892895076039, 43.76116282984754], [-79.50889151479075, 43.76112925819168], [-79.50886757934234, 43.76110779212628], [-79.50882553854566, 43.761101143473894], [-79.50882368800504, 43.76110084657631], [-79.50864935231269, 43.76107328014423], [-79.5083501863296, 43.76102598294421], [-79.50801353170782, 43.76083088745262], [-79.50757295900482, 43.76057557968531], [-79.50730570092247, 43.76042069495885], [-79.50647377461834, 43.760241323636365], [-79.50646926507844, 43.7602403517591], [-79.50573253107427, 43.76024445063784], [-79.50567690521055, 43.760113395536436], [-79.50631007160578, 43.759972286086914], [-79.50626445829997, 43.75986484093405], [-79.50624766344038, 43.75982526255193], [-79.50624327839765, 43.759814948283875], [-79.50638136892265, 43.7597841654574], [-79.50626846671622, 43.75964595603971], [-79.50788955311673, 43.759284104345504], [-79.50776474240213, 43.75871494083346], [-79.50749697151471, 43.7574938444924], [-79.50748956644615, 43.75721666733035], [-79.50752667898655, 43.757063554824846], [-79.50754295010339, 43.756996395553955], [-79.50754859887357, 43.75697307208642], [-79.50756355425959, 43.756911368545765], [-79.5075888886061, 43.756806843647425], [-79.50760324964509, 43.75675955921483], [-79.50763987025107, 43.756638959148354], [-79.50764651012973, 43.756617066804395], [-79.50767648946919, 43.7565183671688], [-79.50770773237218, 43.75641547106326], [-79.50771228926675, 43.75640046569907], [-79.50772492591787, 43.756358861142765], [-79.50773392548648, 43.75632922847206], [-79.50775378656986, 43.75626381605905], [-79.50775604576374, 43.756256362883974], [-79.50784938897363, 43.756208847098016], [-79.50789155914423, 43.75618737625073], [-79.50803478352239, 43.756114465276184], [-79.50910053700935, 43.75475705310283], [-79.50936998137765, 43.75449113390109], [-79.5098091379277, 43.754057706387485], [-79.5109014470118, 43.75391081434168], [-79.51089841231693, 43.75389168340029], [-79.51106337482682, 43.75387794156441], [-79.51111315885933, 43.75387379436513], [-79.51128037407541, 43.753603227772636], [-79.51193001591382, 43.75255203041545], [-79.51196412104999, 43.75250835553474], [-79.51199361886792, 43.75246930686429], [-79.51202583815667, 43.75244046530595], [-79.51208959877364, 43.752408129725616], [-79.5121294328049, 43.75239319424815], [-79.51218011838759, 43.752365009575584], [-79.51226713869383, 43.75234066451613], [-79.51238915513657, 43.752332492631346], [-79.51252353790888, 43.75231071838793], [-79.51262807769741, 43.75228485172314], [-79.5128981344381, 43.752248242326736], [-79.51288480753605, 43.75199786262101], [-79.51286650039451, 43.75185906824892], [-79.51284904308312, 43.75174530532666], [-79.5128423848867, 43.7516759533114], [-79.5128176560365, 43.75159143623096], [-79.5127703588841, 43.75147357116745], [-79.51383498218976, 43.75123377569591], [-79.51400299323957, 43.751195935617496], [-79.51463971855, 43.75105251285592], [-79.51603747339131, 43.750737658044045], [-79.51628688560312, 43.75182130659515], [-79.51630348506751, 43.75189345907669], [-79.51643877490592, 43.752463295633504], [-79.51644974242717, 43.75250953342555], [-79.51675580060284, 43.753737791742296], [-79.51681117098107, 43.75396000167146], [-79.51703416340978, 43.75485496074837], [-79.5176910683714, 43.75723544262192], [-79.51807493833937, 43.75897564728329], [-79.51822714553826, 43.759601223847426], [-79.51837222576418, 43.7601975778997], [-79.51844025994822, 43.760493602916874], [-79.51847725448548, 43.7606546180959], [-79.51850817980113, 43.760783184818465], [-79.5186531980703, 43.76138578615115], [-79.51878130533252, 43.76191810575059], [-79.51925748601968, 43.764110657914614], [-79.51928429090208, 43.76423406194266], [-79.51931432245152, 43.76437231833164], [-79.51934194478235, 43.76449948111224]]]}, "properties": {"StationName": "Driftwood", "MTSA_Type": "Protected Major Transit Station Area", "SASP_No": 697}}, {"type": "Feature", "geometry": {"type": "Polygon", "coordinates": [[[-79.46356784674151, 43.68777945030996], [-79.46361371239203, 43.68789725378207], [-79.46365249363606, 43.68796035472613], [-79.46369491395741, 43.687997451935416], [-79.46378437432347, 43.68800949440447], [-79.4639168689533, 43.68799496853313], [-79.46406131982769, 43.68796214743978], [-79.46422372013049, 43.68790968095305], [-79.46441939602356, 43.68784245249494], [-79.46451209733934, 43.687791738045746], [-79.46489523605935, 43.68758212597309], [-79.46513949311453, 43.687428374978666], [-79.46520812195712, 43.687357646232684], [-79.46581489674122, 43.68694894238631], [-79.46653976264234, 43.68650380547209], [-79.46679861288037, 43.68724556196565], [-79.46727746770438, 43.68714138258067], [-79.46728527085268, 43.687139683560275], [-79.46853394246922, 43.68686802160411], [-79.46891546889302, 43.68778684896394], [-79.46926616429856, 43.688584441958454], [-79.46961970783514, 43.68940775675098], [-79.46989548945105, 43.690096406956485], [-79.46992832116405, 43.690178388088235], [-79.46996152588551, 43.6902613027462], [-79.46996817771455, 43.69037244311757], [-79.47017343983411, 43.69081702883013], [-79.47036218298899, 43.6912258313441], [-79.46968207379807, 43.69136231937823], [-79.46984193477616, 43.69172937585288], [-79.46984480945702, 43.69173597549073], [-79.47001364474212, 43.69212366242876], [-79.47015404052199, 43.692443998182284], [-79.47011608124927, 43.69287201342561], [-79.47029373638586, 43.69366761199888], [-79.47033941311578, 43.69388235065437], [-79.47063536982591, 43.69527368637094], [-79.46957133339248, 43.6955369661266], [-79.46898416620654, 43.696070331522435], [-79.46870223538724, 43.696326403695004], [-79.46849694741191, 43.69649196724854], [-79.46793496884628, 43.697012700740736], [-79.46764599311923, 43.6972326639653], [-79.46750200101235, 43.697331756535895], [-79.46732067548307, 43.69746041391634], [-79.46710925110526, 43.697591934672914], [-79.4669507492395, 43.697659461915414], [-79.46674540290964, 43.69772509314145], [-79.46658708276166, 43.697756686635664], [-79.46650958379973, 43.697772551297135], [-79.46634853323187, 43.697805520863625], [-79.46464892025429, 43.69818717267368], [-79.46348404142509, 43.69844275647706], [-79.46332513896512, 43.69844678500521], [-79.46318487445885, 43.69844524749633], [-79.46297860297986, 43.698434705133565], [-79.4627909121145, 43.698409199244196], [-79.46238047611988, 43.69833273816342], [-79.46222578203907, 43.698313236183154], [-79.46205251695267, 43.69831318149475], [-79.46191224332752, 43.698326593622994], [-79.46172451202234, 43.69836395212657], [-79.4608784317408, 43.69857017859462], [-79.45989361011199, 43.6987712761504], [-79.45973590487463, 43.69881630924461], [-79.45939899017476, 43.69892903337863], [-79.45928652416676, 43.69865789147519], [-79.45917336459752, 43.69838647015943], [-79.45887365397562, 43.69769970826734], [-79.45871541142922, 43.69730306086369], [-79.45836986438681, 43.69650898512248], [-79.45815130302174, 43.69600671487859], [-79.45752801864168, 43.694541758807624], [-79.45742661312028, 43.69430341352763], [-79.45734549622203, 43.694112745875785], [-79.45774263914161, 43.69401960987439], [-79.45848884449467, 43.69384459404679], [-79.45963925620171, 43.69360602694553], [-79.46024756127113, 43.693469127304596], [-79.46023302249512, 43.69336895451019], [-79.460229992636, 43.69336963035637], [-79.46021982368437, 43.69334553294876], [-79.46009778652775, 43.693057039075676], [-79.46007005311466, 43.69299147447635], [-79.4600379004763, 43.6929154451739], [-79.46000573426963, 43.69283942125747], [-79.45997648997948, 43.69277028797537], [-79.45994724699518, 43.69270115738581], [-79.45991010319159, 43.692613325544954], [-79.45988238009515, 43.69254778520221], [-79.45985659541888, 43.69248684071418], [-79.45982999336103, 43.692423928240665], [-79.4597900717754, 43.69232955230986], [-79.45975015031428, 43.69223517726375], [-79.45972325243766, 43.69217160216017], [-79.45969663578413, 43.69210867164429], [-79.45967001918441, 43.692045743821964], [-79.4596434026397, 43.69198281689288], [-79.45961689392146, 43.6919201195291], [-79.4595924982131, 43.69186243124866], [-79.45959019076057, 43.691857030531594], [-79.45956809634406, 43.691804750161275], [-79.45954147877244, 43.69174182230532], [-79.45951375028048, 43.69167627466021], [-79.45948603177422, 43.69161072521091], [-79.45945459520473, 43.691536444939416], [-79.45943024686333, 43.69147887995558], [-79.45942268193117, 43.69146095831006], [-79.45939153287351, 43.691387332518524], [-79.45935968785801, 43.69131203492191], [-79.459320500948, 43.691219397228046], [-79.45928381721328, 43.691132664387844], [-79.45927029132643, 43.6911007327271], [-79.45924703448945, 43.69104571726742], [-79.459210263032, 43.69095877643879], [-79.45917199058715, 43.69086831913853], [-79.45913485153012, 43.69078047981817], [-79.45911035144576, 43.69072258165481], [-79.45909769396917, 43.69069264767884], [-79.45906082262549, 43.69060546822556], [-79.4590233816625, 43.69051696985887], [-79.45898456981895, 43.6904252044011], [-79.45895130527649, 43.6903465486695], [-79.45895041232414, 43.69034444293586], [-79.45891248745443, 43.69025477688142], [-79.45887921069665, 43.690176119321876], [-79.45885925882295, 43.690128928026546], [-79.45883623677558, 43.69007451384784], [-79.45881322344637, 43.69002010956858], [-79.45879046405554, 43.689966290462735], [-79.45878217993557, 43.6899466924615], [-79.45875444565402, 43.689881143709385], [-79.45872673127853, 43.68981559765735], [-79.45869258685264, 43.68973487571705], [-79.45867150824817, 43.68968505648724], [-79.45865042843441, 43.68963524265346], [-79.4586305029058, 43.68958814313691], [-79.45859816587654, 43.68951134820361], [-79.45861374436159, 43.68942371860321], [-79.45891458503044, 43.68935897787695], [-79.4590730798677, 43.689321199402556], [-79.45923368114937, 43.68928291918463], [-79.46051141977887, 43.68900107129971], [-79.46174044617754, 43.68870393285118], [-79.46141936311315, 43.68766877776398], [-79.4616236859914, 43.6876208450837], [-79.46289666870452, 43.6873221849519], [-79.46293599274772, 43.68731377695286], [-79.46332456055273, 43.68723068846691], [-79.46340359055685, 43.68739730165071], [-79.46342876122397, 43.68745036542127], [-79.46356784674151, 43.68777945030996]]]}, "properties": {"StationName": "Caledonia", "MTSA_Type": "Protected Major Transit Station Area", "SASP_No": 674}}, {"type": "Feature", "geometry": {"type": "Polygon", "coordinates": [[[-79.45815130302174, 43.69600671487859], [-79.45836986438681, 43.69650898512248], [-79.45871541142922, 43.69730306086369], [-79.45887365397562, 43.69769970826734], [-79.45917336459752, 43.69838647015943], [-79.45919537672992, 43.698436905244606], [-79.4579966092128, 43.69856378577599], [-79.45672899613227, 43.69869793406736], [-79.4513929481461, 43.69926435282005], [-79.45138110567913, 43.699212518159605], [-79.45136817531738, 43.6991558952303], [-79.45126591787681, 43.698694026120315], [-79.45088613568464, 43.698764181921995], [-79.45062772608215, 43.69882088696227], [-79.45049993959296, 43.69885852924438], [-79.4503581618084, 43.69892199910962], [-79.45019776766505, 43.69897639635515], [-79.45003535037851, 43.699018037614096], [-79.44978313523954, 43.69906821748975], [-79.44851235947375, 43.69932105653201], [-79.4479483084317, 43.69945561390038], [-79.44675981036929, 43.69971038275931], [-79.44654775039582, 43.699743723708565], [-79.44641423002763, 43.699747837807806], [-79.4462875181875, 43.69975644661088], [-79.44599615250516, 43.69981318058785], [-79.44566280141655, 43.699883936835086], [-79.44556529131894, 43.69993889752562], [-79.4452636217378, 43.69924249119555], [-79.44495519117591, 43.6984744220793], [-79.44464323870218, 43.697733508224], [-79.44448848261135, 43.69734802786879], [-79.44447606885083, 43.69731714728782], [-79.4443361940898, 43.69696873689246], [-79.44516927986213, 43.696788078732546], [-79.44527396508174, 43.69676538434426], [-79.44496106258332, 43.69607158993666], [-79.4446417006401, 43.69531788310722], [-79.44429890254608, 43.69444606009796], [-79.44430352914048, 43.694397246330595], [-79.4443546639847, 43.69431280903835], [-79.44456439773901, 43.693966592793686], [-79.44463071135739, 43.693899618115694], [-79.4446347396882, 43.69384136974377], [-79.44420570151662, 43.69279045889019], [-79.44411473132028, 43.69252928033855], [-79.44372302056458, 43.691573068930666], [-79.44340221797879, 43.69077720407249], [-79.44451316375567, 43.690535655963124], [-79.44459944245737, 43.69073340319106], [-79.44571068780516, 43.690489078375215], [-79.44678606317106, 43.690265672166774], [-79.44687385024021, 43.6904630817399], [-79.44689765955806, 43.6905129332109], [-79.44691982551726, 43.69054281084499], [-79.44696238250826, 43.690574246167714], [-79.44702250670694, 43.690592312729514], [-79.44708522257139, 43.69058469874273], [-79.44715279595033, 43.69056885974466], [-79.44804867289254, 43.69039176853333], [-79.44826579533, 43.69095550376183], [-79.44845073398078, 43.690899813226906], [-79.4485367711218, 43.690850315835], [-79.4486206505685, 43.690788133623556], [-79.44866645156976, 43.69073340536614], [-79.44867931002733, 43.69065976759673], [-79.44866990136873, 43.69059959573078], [-79.4486418405458, 43.690507693869996], [-79.44861925531441, 43.69043612848471], [-79.44862872470875, 43.690339301746796], [-79.44867810192909, 43.69028136070962], [-79.44876536477062, 43.69022319450164], [-79.44889504048776, 43.690163796010125], [-79.4500659977846, 43.68981045469581], [-79.4501403227298, 43.68986788237672], [-79.4501991985069, 43.68990485043704], [-79.45028593148999, 43.689945080969025], [-79.45038855312106, 43.6899876946853], [-79.4505168291537, 43.690001695160596], [-79.45064033661885, 43.690008419451175], [-79.45076560686908, 43.68998476484953], [-79.45227063264763, 43.68967061105181], [-79.45245356742612, 43.689673408394256], [-79.4521145709624, 43.69087207861784], [-79.4520463280275, 43.69102419331112], [-79.45195552423817, 43.69114308174611], [-79.45208153636997, 43.691090503823226], [-79.45221940262786, 43.691042423283854], [-79.4528721869526, 43.690904976523534], [-79.45292410338507, 43.69090277458584], [-79.45299615343552, 43.69091277861743], [-79.45303490213998, 43.69091836637214], [-79.45308504333252, 43.69094652604254], [-79.45312155747095, 43.690981376197826], [-79.45356675527002, 43.69201398148077], [-79.45411053094912, 43.69328664592313], [-79.45524769356585, 43.693027220179545], [-79.45657238551212, 43.6927467814865], [-79.45698626948679, 43.69375515664932], [-79.45714799160139, 43.69414914630368], [-79.45734549622203, 43.694112745875785], [-79.45742661312028, 43.69430341352763], [-79.45815130302174, 43.69600671487859]]]}, "properties": {"StationName": "Fairbank", "MTSA_Type": "Protected Major Transit Station Area", "SASP_No": 675}}, {"type": "Feature", "geometry": {"type": "Polygon", "coordinates": [[[-79.44835549660729, 43.69892957128513], [-79.44851235947375, 43.69932105653201], [-79.4479483084317, 43.69945561390038], [-79.44675981036929, 43.69971038275931], [-79.44654775039582, 43.699743723708565], [-79.44641423002763, 43.699747837807806], [-79.4462875181875, 43.69975644661088], [-79.44599615250516, 43.69981318058785], [-79.44566280141655, 43.699883936835086], [-79.44556529131894, 43.69993889752562], [-79.44546276475111, 43.69998177506374], [-79.4454025438249, 43.70001536535641], [-79.4453238733005, 43.70004821678644], [-79.44520288194636, 43.700090352549275], [-79.44340793808787, 43.70047693540749], [-79.4405705270681, 43.70108496770398], [-79.44025884015588, 43.70032480383705], [-79.44010523272313, 43.69991247007852], [-79.43996825206722, 43.69994439792408], [-79.43975798443869, 43.69999342372351], [-79.43932776091945, 43.70008898645396], [-79.43919405514885, 43.70012430860753], [-79.4391019516091, 43.70016849117459], [-79.43904080486185, 43.700199882198625], [-79.43899629687094, 43.700227636535196], [-79.43890415680582, 43.700259839062625], [-79.4386416827429, 43.700318603125076], [-79.43833628182941, 43.70038918017369], [-79.43806430397501, 43.70044694853636], [-79.4374025837527, 43.69885000445548], [-79.43725343742986, 43.69849004071229], [-79.43714933487219, 43.69851451843194], [-79.43712511647543, 43.698459552923154], [-79.43695505974168, 43.6980174221615], [-79.43692004004508, 43.6979264012361], [-79.43653884548796, 43.69693530258], [-79.43772189538902, 43.69666996942575], [-79.43836092744215, 43.69655430038477], [-79.43832647654096, 43.69645055679584], [-79.43799169513784, 43.69560831664702], [-79.43778129628897, 43.69510862219658], [-79.43766730535111, 43.69479133339473], [-79.43716336818304, 43.69354570070041], [-79.43734632474631, 43.69349412087418], [-79.43754266080262, 43.69347910968068], [-79.4377572394547, 43.69348046440717], [-79.43804990540525, 43.693431440109975], [-79.43822133249274, 43.69339192162068], [-79.43837618306871, 43.693344039801325], [-79.43933800474392, 43.69311660720637], [-79.43900441894924, 43.69231194713805], [-79.43873438853409, 43.69166059391505], [-79.43865208164256, 43.69144787790319], [-79.43886354325822, 43.69154069685832], [-79.4395765117878, 43.691943283546756], [-79.43973859407718, 43.69203480827471], [-79.44026353822623, 43.69233822357481], [-79.44080537580383, 43.69265470613405], [-79.44060012417198, 43.692262136965645], [-79.44055121227194, 43.69214716988961], [-79.44028455553071, 43.691482697215], [-79.44080372887116, 43.691365227075316], [-79.44340221797879, 43.69077720407249], [-79.44372302056458, 43.691573068930666], [-79.44411473132028, 43.69252928033855], [-79.44420570151662, 43.69279045889019], [-79.44531958318345, 43.692544433500466], [-79.44536515444167, 43.69267923587299], [-79.44561852277107, 43.693271266409425], [-79.44668067792082, 43.6930495256613], [-79.44719836481498, 43.69420610239566], [-79.44724731095033, 43.69432104859967], [-79.44725419983227, 43.69435782311916], [-79.44725822437718, 43.69439162587696], [-79.44725393030382, 43.6944332109481], [-79.44723239811236, 43.694480926970606], [-79.44713126464919, 43.69471797080792], [-79.44710497814087, 43.69479418371941], [-79.44709960403823, 43.694849145160006], [-79.44711641988732, 43.6949100316425], [-79.44736922927548, 43.695554525661045], [-79.44764573052714, 43.69625936580838], [-79.44729330350268, 43.69635948675206], [-79.44759606623228, 43.69710601157162], [-79.44790380187291, 43.69784064070535], [-79.44813446043369, 43.69838854558351], [-79.44835549660729, 43.69892957128513]]]}, "properties": {"StationName": "Oakwood", "MTSA_Type": "Protected Major Transit Station Area", "SASP_No": 676}}, {"type": "Feature", "geometry": {"type": "Polygon", "coordinates": [[[-79.35875385297706, 43.65651230053505], [-79.3585273010788, 43.65595496660881], [-79.35837568664732, 43.65558195113463], [-79.35835532188996, 43.65549928592343], [-79.35833788976281, 43.655387387819786], [-79.35834038193849, 43.65527600047861], [-79.35834811806433, 43.655169453381134], [-79.35836412125118, 43.655006298663885], [-79.35840902631206, 43.65487390959722], [-79.35848057079296, 43.654700398221884], [-79.3584854459308, 43.65468859442906], [-79.35850145543633, 43.654649783135945], [-79.35855565586, 43.65451831374935], [-79.35861416565575, 43.65438303307298], [-79.35862153835646, 43.65428370460872], [-79.35860259735333, 43.65419239894507], [-79.35857708586451, 43.65411321722759], [-79.35849305234515, 43.65390590023656], [-79.35795114195447, 43.65265813159201], [-79.35735189896259, 43.65132964505041], [-79.35713011562271, 43.65083215600624], [-79.35680603389247, 43.65011254675807], [-79.35670593544964, 43.64988052454333], [-79.35640460175011, 43.64951974652499], [-79.3563745010882, 43.64948370760539], [-79.35630350737298, 43.64939870996638], [-79.35614371254792, 43.64920871533335], [-79.35606267673522, 43.649095362188426], [-79.35589111120231, 43.64899174783076], [-79.3557917445721, 43.64893173889445], [-79.3556934897202, 43.648872400978995], [-79.35502494517925, 43.64838485733569], [-79.35500659816455, 43.64836605983984], [-79.35450088307906, 43.64784795720168], [-79.35441528053181, 43.647760258253086], [-79.35452155496306, 43.64771382838324], [-79.35487470279476, 43.64755922356261], [-79.35742140776033, 43.64644334653682], [-79.35939047877382, 43.64558863278105], [-79.36070697998447, 43.647207167147364], [-79.36092379472635, 43.64642719557411], [-79.36016363223061, 43.64529939375925], [-79.36740067355669, 43.64261079059533], [-79.36825311933102, 43.64386757032662], [-79.3684258207759, 43.643808180791765], [-79.36877443293123, 43.64368829834799], [-79.36880898289648, 43.643732383706755], [-79.36886162067293, 43.64379954781943], [-79.36896809806937, 43.64393540758708], [-79.36896811661137, 43.643935431012], [-79.36896942069646, 43.64393709506726], [-79.36896973927834, 43.64395248244352], [-79.36935298016128, 43.64451823212822], [-79.36941265760268, 43.644612743103984], [-79.36946460153155, 43.64471249213803], [-79.36950107948321, 43.64482270293299], [-79.36978377282207, 43.64554461510993], [-79.36981554237614, 43.6456308946832], [-79.36986185974969, 43.645725120148605], [-79.36988072090443, 43.64576534730616], [-79.36985317748068, 43.645771218174794], [-79.3698863433574, 43.64584182876433], [-79.3699137816765, 43.64583585155155], [-79.36997202964122, 43.64596252261549], [-79.37001097545453, 43.646047702217274], [-79.37018408066128, 43.64642630456802], [-79.37074933534393, 43.647836126798026], [-79.37134706168706, 43.64767362539101], [-79.37146354161922, 43.64763677864966], [-79.37170147808563, 43.64804122339644], [-79.37089956680789, 43.648223495554596], [-79.37143174875492, 43.64944688999035], [-79.37143179439498, 43.64944699625824], [-79.37187401259295, 43.6504635574041], [-79.37065382749853, 43.650731860738446], [-79.37079522396654, 43.651052237326766], [-79.37103886471928, 43.651604308093816], [-79.37156529343804, 43.65281723867286], [-79.37185640796764, 43.653510709769975], [-79.37192469737882, 43.65367677112915], [-79.3719329200555, 43.65369856371759], [-79.37203827957326, 43.65395724497258], [-79.37060189333027, 43.654276883353056], [-79.37005404946635, 43.654398795187944], [-79.36992553212129, 43.65442435700621], [-79.36941976169369, 43.65452491285023], [-79.36893760890858, 43.654626766331795], [-79.36789984804886, 43.65485425402278], [-79.36785554138451, 43.65486461022496], [-79.3671639876592, 43.65501472877358], [-79.36571620048765, 43.65533986161157], [-79.36442267080197, 43.65561541475469], [-79.36340245889646, 43.65583061979014], [-79.36318424770644, 43.65587979987849], [-79.36222437481524, 43.65609425106289], [-79.36142559646503, 43.656270275407955], [-79.36097442719249, 43.65636931988808], [-79.36047374891294, 43.65647924875919], [-79.36014939462014, 43.65655790261972], [-79.35954399281944, 43.65670469316265], [-79.3588842279144, 43.65683302716031], [-79.35875385297706, 43.65651230053505]]]}, "properties": {"StationName": "Corktown", "MTSA_Type": "Protected Major Transit Station Area", "SASP_No": 764}}, {"type": "Feature", "geometry": {"type": "Polygon", "coordinates": [[[-79.36707815399639, 43.6591808033947], [-79.36662886359409, 43.659292447260675], [-79.36654287558558, 43.65931198883003], [-79.36597615022721, 43.659440774727464], [-79.3652013748835, 43.65960650999553], [-79.36512947874255, 43.65962188957367], [-79.36445984389046, 43.659762013349194], [-79.36395222114763, 43.65986941706361], [-79.36371778485832, 43.65992508142339], [-79.36296147594652, 43.66008700242048], [-79.36290630409249, 43.65996682358669], [-79.36267396106217, 43.65942877853438], [-79.36243830152647, 43.65887568675114], [-79.36219887160952, 43.65825295334834], [-79.36198608746334, 43.6576026955983], [-79.36075648726917, 43.657867677968575], [-79.3605824198063, 43.65790518972647], [-79.36032030154512, 43.65795611374931], [-79.36000342493722, 43.65805565683078], [-79.35961977112648, 43.658205514017766], [-79.35946502674815, 43.65830111395099], [-79.35925500460327, 43.65771025198497], [-79.35903696306595, 43.65719444137012], [-79.3588842279144, 43.65683302716031], [-79.35875385297706, 43.65651230053505], [-79.3585273010788, 43.65595496660881], [-79.35837568664732, 43.65558195113463], [-79.35890153311682, 43.6552619700074], [-79.35917530689345, 43.65509861637481], [-79.35940961589903, 43.65496743673893], [-79.3596116921928, 43.65483279741035], [-79.35962805751159, 43.6548218979172], [-79.35967095822292, 43.65479353319063], [-79.36030907993567, 43.654410273894904], [-79.36070023722016, 43.654181924077406], [-79.36080855669451, 43.654118673603], [-79.36095012836626, 43.65403383222646], [-79.36109932212068, 43.653944428126586], [-79.36118094144389, 43.65389481886946], [-79.36152899022649, 43.65368329415341], [-79.36183481101148, 43.653497427124215], [-79.36237053828638, 43.653218317197876], [-79.36320574375385, 43.65272969775212], [-79.36411814002106, 43.65221264571339], [-79.36420571856252, 43.652165295314155], [-79.36437278596827, 43.652123592145415], [-79.36604723676072, 43.65176413428034], [-79.36701065227025, 43.651547263272946], [-79.36774348556605, 43.651383959465164], [-79.36782884584647, 43.651364937419324], [-79.36822197154109, 43.65127732068867], [-79.36943408662619, 43.651001250613], [-79.37065382749853, 43.650731860738446], [-79.37187401259295, 43.6504635574041], [-79.37210034878062, 43.65097300204669], [-79.3722337225124, 43.651314009874746], [-79.37228438667202, 43.651431742675975], [-79.37232549059621, 43.65152723132084], [-79.37267618721012, 43.652348212401925], [-79.37279193569924, 43.6527040935758], [-79.37294311325387, 43.65304687015533], [-79.37318285090089, 43.65364884186086], [-79.373214650546, 43.65372868440364], [-79.37322425206457, 43.65375234531764], [-79.3732591444377, 43.65383832572709], [-79.37335522198661, 43.65407508247644], [-79.37387719645251, 43.65536131959954], [-79.3742187681506, 43.656257770099074], [-79.37438979759715, 43.65670663878071], [-79.37452691546746, 43.657066500217894], [-79.3734619483283, 43.65729407324738], [-79.37343560681536, 43.65729970325965], [-79.3734185952875, 43.657303337187706], [-79.37336978368096, 43.65732779751164], [-79.37327666701451, 43.6574020791061], [-79.37317137302914, 43.65751274423099], [-79.37306875082665, 43.65761440003278], [-79.37299927398901, 43.65768694877263], [-79.37298025558776, 43.65770680630908], [-79.37296935712355, 43.65772058162601], [-79.3729164086874, 43.65778750840984], [-79.3728939673039, 43.65781314821882], [-79.37287485290607, 43.65783498503589], [-79.37282825496733, 43.657888225027186], [-79.37271545966838, 43.6579742319753], [-79.3726015249011, 43.6580425300099], [-79.37252184976097, 43.65809092356458], [-79.37234989246643, 43.65817021483322], [-79.37226559365058, 43.65820048235078], [-79.37220988315015, 43.65822053458799], [-79.37214838640624, 43.658238229164105], [-79.37210414857324, 43.65825095894936], [-79.37202278940705, 43.658257751256194], [-79.37189393916383, 43.65827312892606], [-79.37175074631841, 43.658282222694154], [-79.3716360124694, 43.6582883408795], [-79.37151227306686, 43.658296529048656], [-79.37139207397792, 43.65830150757144], [-79.37131196954444, 43.658296024691175], [-79.37099207516631, 43.658294358923996], [-79.37099030627115, 43.65829478269336], [-79.3709817657071, 43.65829682897152], [-79.37059792717488, 43.65838881866467], [-79.37017696153133, 43.65848969968647], [-79.37016993428122, 43.65849138396647], [-79.36948992169035, 43.65865433496683], [-79.36947177106534, 43.65865868531684], [-79.36947163585391, 43.658658717567434], [-79.36902085510907, 43.65875996264064], [-79.36707815399639, 43.6591808033947]]]}, "properties": {"StationName": "Moss Park", "MTSA_Type": "Protected Major Transit Station Area", "SASP_No": 763}}, {"type": "Feature", "geometry": {"type": "Polygon", "coordinates": [[[-79.40728199942097, 43.646541358006104], [-79.40653598373027, 43.646681809750106], [-79.40678241973555, 43.64746147513005], [-79.40547128436086, 43.64769551786896], [-79.40552471910794, 43.64782581057239], [-79.40564063740558, 43.648108456805964], [-79.40582990845198, 43.648590480543184], [-79.40508280414882, 43.648730920053836], [-79.4050633851297, 43.64873502657121], [-79.40461015378645, 43.64883078336269], [-79.40466309198004, 43.648968029612384], [-79.40414150620407, 43.64907853392275], [-79.4041268730055, 43.6490820051942], [-79.40362183045104, 43.64920195717463], [-79.4032446307958, 43.649295818415425], [-79.40270032439587, 43.64940095727868], [-79.40127220496214, 43.64967221155975], [-79.39958096248392, 43.649972706642664], [-79.39906743583207, 43.650072376975615], [-79.39812372135927, 43.65026117416453], [-79.39703719816512, 43.65052033938908], [-79.39684489732188, 43.65006868455922], [-79.3965987676893, 43.64943643147017], [-79.39634180866669, 43.64876464460071], [-79.39617249555704, 43.64836084190441], [-79.39615990317958, 43.64833081078444], [-79.39603473567797, 43.648032272564066], [-79.39592984690366, 43.64780696017985], [-79.39578994086429, 43.64739694744346], [-79.39553097363348, 43.64673969125288], [-79.39532577823721, 43.646213922200765], [-79.39521188485607, 43.64594794778325], [-79.39500713494547, 43.64546987605865], [-79.39500699173688, 43.64546954287499], [-79.39484862090136, 43.645077135718], [-79.39474553702136, 43.64482031255707], [-79.39473215712857, 43.64478708233537], [-79.39458503220138, 43.64442176586423], [-79.394535790925, 43.644281128319946], [-79.39444754584557, 43.644029156801736], [-79.39425236577253, 43.643589614841744], [-79.39407364772403, 43.64317069740305], [-79.39388891802552, 43.64273772736978], [-79.39480451781316, 43.642486368390266], [-79.39482441385024, 43.64248090573657], [-79.3948568633302, 43.64247199718331], [-79.39486681134524, 43.642469265402234], [-79.39527219276107, 43.642357974065966], [-79.39527276196064, 43.64235781796282], [-79.39583299333232, 43.642204006891255], [-79.39754675012664, 43.641767799774904], [-79.39880645984657, 43.64142779700067], [-79.39945036184135, 43.64124482541588], [-79.39952346461065, 43.64122405051491], [-79.40066076324517, 43.64093298633415], [-79.40138212963319, 43.64074835907093], [-79.40130826898525, 43.640554417426806], [-79.40400386335253, 43.64043114753283], [-79.40675025698329, 43.64033023574447], [-79.40744918356974, 43.64170866663286], [-79.40803052938814, 43.64217331534017], [-79.40829879276487, 43.64237936257383], [-79.4087196649768, 43.64270264851486], [-79.40888705582273, 43.642799598549054], [-79.4090444989909, 43.642988524058026], [-79.40925393234868, 43.64323980920362], [-79.4094975479748, 43.64354506108107], [-79.40976251650767, 43.64387707697392], [-79.40873307478407, 43.64408253156877], [-79.40918546608684, 43.64467600018192], [-79.40943960068437, 43.6450120029759], [-79.40956503937178, 43.64529628306752], [-79.40973493761686, 43.64564413546347], [-79.40990664942446, 43.64599573810148], [-79.40953643139974, 43.646079517079414], [-79.40854284359301, 43.646287988513315], [-79.40767083809422, 43.64646815912767], [-79.40728199942097, 43.646541358006104]]]}, "properties": {"StationName": "King-Bathurst", "MTSA_Type": "Protected Major Transit Station Area", "SASP_No": 761}}, {"type": "Feature", "geometry": {"type": "Polygon", "coordinates": [[[-79.35342255893642, 43.65833245858347], [-79.35349188154852, 43.65847815479243], [-79.35354836237998, 43.65859934803117], [-79.35361078273125, 43.65876779622499], [-79.35377237964524, 43.659202734010016], [-79.35403978208545, 43.659870325962025], [-79.3541649199898, 43.659909553485804], [-79.35424595226065, 43.660178544399535], [-79.35427704774355, 43.660277589371084], [-79.3546342982412, 43.661470417886505], [-79.35466093353337, 43.66155933410486], [-79.35474753383913, 43.661818467050324], [-79.35446367656508, 43.66185974640709], [-79.35385220111965, 43.66191674975163], [-79.35357892351907, 43.66196590584335], [-79.35304510372438, 43.66207774441198], [-79.35220621981102, 43.66224318126577], [-79.3517599274942, 43.66235601539245], [-79.35132068182875, 43.662467066564915], [-79.35108095047633, 43.662521706141376], [-79.3508216455854, 43.66258079785968], [-79.3490752541208, 43.66297920013122], [-79.34817881052672, 43.66318304829534], [-79.3472750380252, 43.66340688159508], [-79.34683617705569, 43.66350081250665], [-79.34658029981469, 43.663554478554715], [-79.34629696389078, 43.66359110440755], [-79.34627021097705, 43.6635945600679], [-79.3458752297924, 43.6636525434734], [-79.34554457210713, 43.66370610635277], [-79.34499998765432, 43.663768380685205], [-79.34486569579238, 43.66378114069871], [-79.34457987252469, 43.663808310171035], [-79.34439311589752, 43.663836578772276], [-79.3438166301849, 43.663924292339075], [-79.34358982851703, 43.6639689819307], [-79.34325901911005, 43.66407655165807], [-79.34300230333632, 43.664157207274584], [-79.34243278851052, 43.66441746544024], [-79.34191520903524, 43.66467779168971], [-79.3415671870715, 43.664843837151686], [-79.34134535576739, 43.66491553780208], [-79.34030507235408, 43.66516612780478], [-79.33975985697367, 43.66529171355704], [-79.33921749919527, 43.665416645424905], [-79.3387173268968, 43.665525772919054], [-79.33865538582907, 43.665538090306185], [-79.33796713394247, 43.66568943719178], [-79.33741383743958, 43.665810153046166], [-79.33723875238502, 43.665350833729555], [-79.33645958282514, 43.6634729326604], [-79.33601919412293, 43.662405748982394], [-79.3358556082033, 43.66200934002267], [-79.33627589407705, 43.661910930251], [-79.33611566692429, 43.66154678829287], [-79.33611042970873, 43.661534907961546], [-79.3352549906972, 43.6595907512882], [-79.33510485992097, 43.659249553346896], [-79.33656370481069, 43.65893231162335], [-79.33717647671286, 43.65879688257896], [-79.33776437491996, 43.65866695620147], [-79.34135774569215, 43.657877600045005], [-79.34245752724637, 43.65762328805157], [-79.343324298667, 43.65743316109841], [-79.3437757877269, 43.65733692856267], [-79.34430353910656, 43.65722443721234], [-79.34529206149095, 43.65698860440636], [-79.34629191638722, 43.65676254028696], [-79.34632841009585, 43.656754588015566], [-79.34751990940147, 43.65649481916653], [-79.34773338093402, 43.656426538319664], [-79.34809359726643, 43.65634957319753], [-79.34866978942914, 43.65622645217886], [-79.34877501535254, 43.656472163764775], [-79.34885458985343, 43.65665797488563], [-79.34891777137769, 43.656676026080895], [-79.34904397318732, 43.65671220016471], [-79.34917096861489, 43.656748374256004], [-79.34929834852727, 43.65678454961298], [-79.34942573860162, 43.656816223246196], [-79.34955350198683, 43.656847897228566], [-79.3496816746374, 43.65687957160617], [-79.34972735077939, 43.656893134643894], [-79.34977305056246, 43.65690219609946], [-79.34981913347482, 43.65691124993881], [-79.3498652163809, 43.65692031186082], [-79.34991129929865, 43.65692937466438], [-79.34995815090308, 43.65693843755817], [-79.35000461942386, 43.656947500830206], [-79.35005149465397, 43.656952063021905], [-79.35009834629503, 43.65696112675838], [-79.35014560587838, 43.6569656894155], [-79.35019285306879, 43.65697025293695], [-79.3502405106398, 43.65697481607639], [-79.35028777024257, 43.65697937957487], [-79.35033540179245, 43.65698394264065], [-79.35038344125564, 43.65698400642584], [-79.35043107281653, 43.65698856945176], [-79.35047872917829, 43.65699313339042], [-79.35052676865135, 43.656993196215254], [-79.35057442502652, 43.656993259419274], [-79.3506224644999, 43.65699332220389], [-79.35067011961327, 43.656993394367746], [-79.35071817150721, 43.656993448126975], [-79.35076583779166, 43.65698900966923], [-79.35081348054861, 43.656989063754416], [-79.35086153115824, 43.65698462575831], [-79.35090918752958, 43.65698468792264], [-79.35095686492298, 43.65697574960506], [-79.3510041357122, 43.656975811227085], [-79.35105141762646, 43.65697137214924], [-79.35109869825502, 43.656962433255494], [-79.35116534569735, 43.65695801935369], [-79.3512320178769, 43.65694910565055], [-79.35129828214548, 43.65694019137788], [-79.35136455755489, 43.65693127618113], [-79.3514308341824, 43.65692236184766], [-79.35149312674156, 43.656909661716405], [-79.35159009914389, 43.656900850173415], [-79.35159668469257, 43.65689994058125], [-79.35162728787493, 43.656892852105834], [-79.35163486600793, 43.65689163775252], [-79.3516736992191, 43.65688544118199], [-79.3516940150218, 43.65688220093625], [-79.35171071108063, 43.65687877506346], [-79.3517487534902, 43.65687098419558], [-79.35175897713138, 43.65686783796611], [-79.35182501576936, 43.6568598592399], [-79.35188975357626, 43.6568464419507], [-79.35195447771672, 43.6568330246071], [-79.35201922786403, 43.65681960726049], [-79.35208318316778, 43.65680168815373], [-79.35214570689223, 43.65678865131369], [-79.3521475365207, 43.65678827022091], [-79.35221111857709, 43.65677035055973], [-79.35227469080208, 43.656756931545395], [-79.3526468303982, 43.65719089986632], [-79.35281851688505, 43.657360875541805], [-79.35316065465742, 43.65769961743147], [-79.35327029681015, 43.65799157422234], [-79.35330743406246, 43.65809046522517], [-79.35342255893642, 43.65833245858347]]]}, "properties": {"StationName": "Leslieville", "MTSA_Type": "Protected Major Transit Station Area", "SASP_No": 765}}, {"type": "Feature", "geometry": {"type": "Polygon", "coordinates": [[[-79.35334054589781, 43.68748955057056], [-79.35343640349588, 43.68747423081522], [-79.35351716981835, 43.68747786646927], [-79.35360686126637, 43.68749873486322], [-79.35411322917113, 43.687603417939314], [-79.35549120093583, 43.687860045742674], [-79.35522531214237, 43.688547405396626], [-79.3549363008521, 43.689316778607974], [-79.35487787962839, 43.6894090491848], [-79.35486057611233, 43.68946575455001], [-79.3548439427611, 43.68954752048857], [-79.3548636319926, 43.68963320582346], [-79.3551229331356, 43.690274383187095], [-79.35522437084741, 43.690518396627276], [-79.35547743315988, 43.69115256844798], [-79.35582522168839, 43.6919445580345], [-79.35582867725486, 43.692007432212705], [-79.35582749759159, 43.69202811759132], [-79.35581461575616, 43.69205620350879], [-79.35580485664636, 43.692080000627584], [-79.35578372036085, 43.692100325979645], [-79.3557666567846, 43.69211854025306], [-79.35572105835874, 43.692139507124246], [-79.35569946442527, 43.69215873372012], [-79.35560209033198, 43.692190037112915], [-79.35493363290564, 43.692326979559326], [-79.35317242824702, 43.692674976365176], [-79.35218886828821, 43.69285927754242], [-79.3516448117116, 43.69296248951764], [-79.35120008547004, 43.693050752815466], [-79.35025075779423, 43.693241823856965], [-79.3492444410645, 43.69343477595157], [-79.34821237519665, 43.69363707968045], [-79.34717167146282, 43.69384246619343], [-79.34613238155089, 43.69403553310576], [-79.34510547869061, 43.69424624185402], [-79.34407789597347, 43.69444748184294], [-79.34330866968894, 43.69460371472869], [-79.34320161954827, 43.69465277010529], [-79.34307626624813, 43.6947225942277], [-79.34269115214191, 43.693738465195516], [-79.3424164835795, 43.69303120057713], [-79.34230420199857, 43.69276624542871], [-79.34190259833761, 43.69181551621072], [-79.34164981480956, 43.6911725484151], [-79.34151878881276, 43.690846317752296], [-79.34094657172639, 43.689421551974114], [-79.34078859074185, 43.6890245089403], [-79.34132688317725, 43.688918514140944], [-79.34258414369913, 43.688670963957286], [-79.34242048285732, 43.68827144353544], [-79.34228402523772, 43.68783466783393], [-79.34464963697863, 43.68737809987063], [-79.34435662061277, 43.68661347203587], [-79.34535290276797, 43.686408646676384], [-79.3454453996994, 43.68638926226595], [-79.34560149830563, 43.686348536008616], [-79.34573046731022, 43.686313853334646], [-79.34585906255279, 43.68627442540297], [-79.34599104741987, 43.68622344596878], [-79.34645583371828, 43.686010772696996], [-79.34658352175403, 43.68596914550148], [-79.34669018467963, 43.68592860523283], [-79.34678106904559, 43.68589757523898], [-79.3468732269504, 43.68587346981226], [-79.34688578566293, 43.68587112828294], [-79.34739815471406, 43.68577590141983], [-79.34776427223225, 43.685705040443615], [-79.34789684643995, 43.68567937496868], [-79.34812704815064, 43.685634821050776], [-79.3485082245692, 43.68556105585991], [-79.34893611699869, 43.685478234581645], [-79.35082498327712, 43.685108285439384], [-79.35189420209389, 43.684900373800275], [-79.35221286161422, 43.68576857797608], [-79.35248595563016, 43.68644277040481], [-79.35290925548435, 43.6875783203178], [-79.35334054589781, 43.68748955057056]]]}, "properties": {"StationName": "Cosburn", "MTSA_Type": "Major Transit Station Area", "SASP_No": 766}}, {"type": "Feature", "geometry": {"type": "Polygon", "coordinates": [[[-79.34168185883505, 43.70112050619175], [-79.34180447960148, 43.70045068339612], [-79.34269476228953, 43.70019785785991], [-79.34295303214441, 43.700124212229134], [-79.34306155871991, 43.70013176126928], [-79.34320282233308, 43.7001415775434], [-79.34331667303867, 43.70014949279715], [-79.34342223501993, 43.70015682950063], [-79.34353356591211, 43.699745871791194], [-79.34384286908382, 43.69978222893241], [-79.34409265296571, 43.70007497692569], [-79.3446194161528, 43.69985257842755], [-79.3446502801064, 43.69986331304771], [-79.34519506976794, 43.700052856670204], [-79.34535479270743, 43.70010842379554], [-79.34538700528957, 43.70018733514774], [-79.34514952006815, 43.700242984790094], [-79.34528684172554, 43.70057931606107], [-79.34534928111941, 43.70073224207615], [-79.34547511514457, 43.70104043652642], [-79.34566045077179, 43.70149437142572], [-79.3458652864841, 43.70199602216978], [-79.34617977858588, 43.70222080366407], [-79.34623278615581, 43.70225868861977], [-79.34631536299715, 43.70224066291834], [-79.34635042320808, 43.702233004023], [-79.34711919425995, 43.70206515388187], [-79.34844271103489, 43.70177616388655], [-79.34860796508148, 43.70174007965623], [-79.35086338829521, 43.7012475588574], [-79.35147958316539, 43.70104560552173], [-79.35151557129541, 43.701092749882164], [-79.35154637939591, 43.70112838561709], [-79.3516247014873, 43.7012184086936], [-79.35170136667611, 43.70128056418048], [-79.35172132395819, 43.70129849099504], [-79.3517832285449, 43.70135412922523], [-79.35191044951897, 43.7014404061389], [-79.35202303386599, 43.70150712839953], [-79.35213937915906, 43.701583910787114], [-79.35221547201904, 43.70162540355729], [-79.35232944780671, 43.7016967107846], [-79.35244678149053, 43.70174920137446], [-79.35256857442768, 43.70180426297085], [-79.35267234483011, 43.701859852090166], [-79.35273876678954, 43.70188672380502], [-79.35280207768164, 43.701917913008], [-79.35311164094055, 43.70199842656357], [-79.35332900583406, 43.70204012704639], [-79.35360062195635, 43.702057772178016], [-79.35393920378472, 43.702058083801376], [-79.35424546173755, 43.70216206189853], [-79.35433676210536, 43.70418766265139], [-79.3502833037337, 43.707996165112625], [-79.34978030954885, 43.70811767095047], [-79.34977358318741, 43.70810960773947], [-79.34966900238202, 43.708129280326176], [-79.3494272243159, 43.708174769751345], [-79.34896909293347, 43.708260991966476], [-79.34878991714328, 43.708294717019314], [-79.3488364776836, 43.70840531646972], [-79.34795573916794, 43.70856303043126], [-79.3463787282787, 43.708853463480104], [-79.34527416370081, 43.709072506587155], [-79.34430153057428, 43.709375490355704], [-79.34431419804628, 43.70939299084759], [-79.34304837200969, 43.7097096359661], [-79.34297801890733, 43.70972723501071], [-79.34250753207489, 43.709833830190185], [-79.34233754152682, 43.709872354569484], [-79.34030910345864, 43.70949351636225], [-79.33996368812123, 43.70942900068196], [-79.33926248494431, 43.70929802892351], [-79.33901014432058, 43.708735289235065], [-79.33937540949779, 43.70831988236512], [-79.3393726926859, 43.70832056534715], [-79.33929678711772, 43.70834009500975], [-79.33919312601869, 43.70836706836565], [-79.33945632150218, 43.7081177780428], [-79.33952948542033, 43.707543929414165], [-79.33953711483908, 43.707484110220754], [-79.33954687359598, 43.7074075146739], [-79.33987373890626, 43.707419314684465], [-79.34034654084502, 43.707132150151956], [-79.3405588611154, 43.70664922825642], [-79.340307017237, 43.70670849327218], [-79.34054261092822, 43.7059032507051], [-79.34053386817055, 43.70583633715647], [-79.34043927973273, 43.70511203424736], [-79.34039659204981, 43.70500666738587], [-79.3403735411746, 43.70501117906104], [-79.34035026127363, 43.70501502611476], [-79.34032679082857, 43.705018202299705], [-79.34030316583716, 43.70502070226529], [-79.34027942353079, 43.70502252336304], [-79.34025559990724, 43.70502366024234], [-79.34023173342676, 43.705024114757265], [-79.34020785883922, 43.70502388425591], [-79.34018401833197, 43.70502296879726], [-79.34016024540216, 43.705021370228444], [-79.34013657850997, 43.70501909040354], [-79.34011305238376, 43.705016134772045], [-79.34008970796287, 43.70501250609162], [-79.34006657873718, 43.70500820890991], [-79.34004370190208, 43.70500325408074], [-79.34002111342896, 43.70499764615519], [-79.33999884803637, 43.70499139418334], [-79.33997694167883, 43.70498450901734], [-79.33995542535244, 43.704976999702076], [-79.33993433748364, 43.704968880693684], [-79.33955941290024, 43.70481783509552], [-79.33911187642441, 43.704668533153765], [-79.33914873061723, 43.704375961297366], [-79.33929566979289, 43.70434039765188], [-79.3396595714821, 43.7039602511847], [-79.3394813074876, 43.70329703609139], [-79.33997766978939, 43.702784314054185], [-79.34088614123245, 43.70264706908451], [-79.34127824662353, 43.70208353674825], [-79.34145399405404, 43.701831665425566], [-79.34148254794451, 43.70179071122208], [-79.34156933122935, 43.701666344201], [-79.3415864183322, 43.70164185819179], [-79.34158853328185, 43.701630256622614], [-79.341599006602, 43.70157306865525], [-79.34160178728332, 43.70155789718497], [-79.34168185883505, 43.70112050619175]]]}, "properties": {"StationName": "Thorncliffe Park", "MTSA_Type": "Major Transit Station Area", "SASP_No": 767}}, {"type": "Feature", "geometry": {"type": "Polygon", "coordinates": [[[-79.33520987348044, 43.711918220514335], [-79.335335901257, 43.71220135987115], [-79.33540080764665, 43.7123471457268], [-79.3363105681739, 43.71440385404929], [-79.3365307574676, 43.714894220533324], [-79.33649478501698, 43.71490285263457], [-79.33706612587682, 43.71617508453871], [-79.33723237807683, 43.71654526114227], [-79.33724029252066, 43.716562064328194], [-79.33727599944959, 43.71655373856114], [-79.33795958074555, 43.71800510167628], [-79.33852837409503, 43.71927697452578], [-79.3385942752243, 43.71948093963621], [-79.33864180165362, 43.719654230270756], [-79.33871858114338, 43.719913479472446], [-79.33875056311838, 43.720115617050475], [-79.33880405465557, 43.72034050420224], [-79.3388336309958, 43.720500837263764], [-79.33882882385934, 43.720502351703495], [-79.33879665769756, 43.72051223656569], [-79.3381221321733, 43.720719546102515], [-79.33662885550221, 43.721178446829406], [-79.33659233609596, 43.721189670540454], [-79.33546460399896, 43.721536227076264], [-79.33517167845858, 43.721626255379284], [-79.33508474851953, 43.72165297632959], [-79.33467244026897, 43.721777644422026], [-79.33335017909012, 43.72208818592257], [-79.33329081283438, 43.722102115256206], [-79.3332632256964, 43.72210985302899], [-79.33323540461105, 43.722116914457175], [-79.33320721140885, 43.72212344515981], [-79.33317879756115, 43.72212942645503], [-79.33315010024798, 43.72213468632635], [-79.33312116731986, 43.722139424671994], [-79.3330921132392, 43.72214354174464], [-79.33306294783846, 43.722147072663596], [-79.33303362298422, 43.72214992014456], [-79.33300421302303, 43.72215212840234], [-79.33297466798784, 43.72215381348043], [-79.33294515108825, 43.72215475238542], [-79.33291558475217, 43.7221551691359], [-79.3328859458492, 43.72215490167487], [-79.33285639565518, 43.722153976341836], [-79.33282685942275, 43.72215249384202], [-79.33279744905754, 43.7221503814286], [-79.33276805288344, 43.72214762993707], [-79.33274793208322, 43.7221478795373], [-79.33272695721587, 43.72214774172896], [-79.3327059951469, 43.72214701885188], [-79.3326851476524, 43.72214571015495], [-79.33267381895492, 43.722144667425], [-79.33259870603017, 43.72194067020605], [-79.33219025348791, 43.7217103476432], [-79.33170917161266, 43.721438991448615], [-79.33156713499403, 43.72140349719067], [-79.33147876931987, 43.721381410103895], [-79.33121197225412, 43.72131474086485], [-79.33104306869222, 43.721272529123134], [-79.33086840937456, 43.72122887921059], [-79.33038319165478, 43.72110765907753], [-79.33023705898752, 43.72107108953395], [-79.33002368930076, 43.72101774315115], [-79.32998097546405, 43.72100706710645], [-79.32972760509362, 43.720548354252834], [-79.32967080571947, 43.72044545600689], [-79.32937520027153, 43.71991034484665], [-79.32917983215017, 43.71955658589191], [-79.32886601206901, 43.7191459771709], [-79.32870838627659, 43.718890360936776], [-79.32804136206663, 43.71801730524378], [-79.32779203458922, 43.71769135221907], [-79.32735572474927, 43.71712031087887], [-79.32710718353826, 43.71679497048585], [-79.32708852790626, 43.71677054065688], [-79.32691606915816, 43.716544796308426], [-79.3264765272919, 43.715969767132734], [-79.32603406123121, 43.715390483147544], [-79.32602686755365, 43.715354313089534], [-79.32581463170965, 43.71428799318892], [-79.325808574623, 43.714257532565654], [-79.32580307152266, 43.714229896493535], [-79.32574991384315, 43.71396281174443], [-79.32597249487435, 43.71312163553489], [-79.3262090626361, 43.71272785821077], [-79.3262033634751, 43.71272596827362], [-79.32619991445993, 43.712724828865525], [-79.32621444721141, 43.71269947449388], [-79.32623560149725, 43.71266256801525], [-79.32666204782028, 43.71212915027735], [-79.32709836671094, 43.71172913613567], [-79.32761023181017, 43.71130743940462], [-79.32828629513891, 43.71081621352481], [-79.32894625571838, 43.71033668640619], [-79.32958524649379, 43.70987142634818], [-79.33022554165176, 43.70940521947883], [-79.33054144875422, 43.709329060129605], [-79.33101157111713, 43.709212136951365], [-79.33109690315626, 43.70919190121834], [-79.33133086254448, 43.709136420584755], [-79.33133226565889, 43.70913608870671], [-79.33151206193085, 43.709093444641546], [-79.33151366618436, 43.70909306985146], [-79.33171266993912, 43.70904587211544], [-79.33204443607688, 43.70897209209725], [-79.3321888534128, 43.70893997961328], [-79.33193898509603, 43.70832977212228], [-79.33191538011951, 43.70827212184111], [-79.33190368789147, 43.708243587602865], [-79.33271031861644, 43.70797905505594], [-79.33313043006908, 43.70758661797491], [-79.33365708131727, 43.70735880814526], [-79.33364946622261, 43.70714796118455], [-79.33412909913011, 43.70686936014206], [-79.33460062145718, 43.70677663500478], [-79.33500566554582, 43.70669697549887], [-79.33531676587393, 43.706990892057355], [-79.33522538296026, 43.70742974524433], [-79.33511517236668, 43.707913049334195], [-79.33511258127034, 43.708219577057065], [-79.33520553157247, 43.70824744413235], [-79.3354363169918, 43.70831663573093], [-79.33544945908018, 43.708474860740075], [-79.33619123158579, 43.70897992647583], [-79.3363412489192, 43.70910937402917], [-79.33648168662587, 43.709393368214236], [-79.33645692926302, 43.70953097357071], [-79.33628558044792, 43.709835358582176], [-79.33643539488168, 43.71024880498647], [-79.33661367412114, 43.7102816707839], [-79.33702904119319, 43.710734112143705], [-79.3374937627704, 43.71095797101685], [-79.33754861682463, 43.71105639543559], [-79.33528041762033, 43.7116237608651], [-79.33509787844224, 43.71166659860884], [-79.33520987348044, 43.711918220514335]]]}, "properties": {"StationName": "Flemingdon Park", "MTSA_Type": "Major Transit Station Area", "SASP_No": 768}}, {"type": "Feature", "geometry": {"type": "Polygon", "coordinates": [[[-79.4037080516059, 43.651740392429886], [-79.40280566613906, 43.65192652119319], [-79.40222698662419, 43.65202883178728], [-79.40161919523175, 43.65216188837933], [-79.4011073648392, 43.65227393631668], [-79.40029972581917, 43.65245359038949], [-79.39983126045341, 43.652550657889265], [-79.39918439546277, 43.65267843926635], [-79.39912290874734, 43.65269232818826], [-79.39870476261969, 43.652786777347735], [-79.39801040345134, 43.65294361689769], [-79.39739822613419, 43.65307951045567], [-79.39723131083683, 43.65311655429163], [-79.39697975780369, 43.65316928398493], [-79.3961250020415, 43.65334628086059], [-79.39551697430227, 43.65347151495227], [-79.39460359728918, 43.65365961667918], [-79.39450353957851, 43.65368044812777], [-79.39382010181501, 43.65382278093096], [-79.39142092094502, 43.654333176545585], [-79.39062739027084, 43.65241187413532], [-79.39024771432163, 43.65149749657123], [-79.38985774638523, 43.65058142712321], [-79.38976346440894, 43.6503255110398], [-79.38971555769456, 43.65019547560273], [-79.38943686380166, 43.65023156125459], [-79.38927901306955, 43.6498180002224], [-79.38914103809257, 43.64945651062715], [-79.3890034111124, 43.64910889234198], [-79.3888856745006, 43.64881159574648], [-79.38876529075107, 43.64850648952121], [-79.3886441419478, 43.6481994714096], [-79.38836279985027, 43.647571083494825], [-79.38811210035527, 43.64696457752826], [-79.38973371715481, 43.64660280423091], [-79.39105357923475, 43.64631528117903], [-79.39228874807024, 43.64605376628592], [-79.39360024232734, 43.64576208597172], [-79.3949665773695, 43.64547794907072], [-79.39500699173688, 43.64546954287499], [-79.39534999934494, 43.645401454789486], [-79.39547962239739, 43.64537572313307], [-79.39567815863212, 43.64533631088774], [-79.39760717132847, 43.64495335275433], [-79.39846981053877, 43.644778187813536], [-79.39916386676445, 43.64463581563885], [-79.40005716288104, 43.644452555476306], [-79.40078712563876, 43.64430357168422], [-79.40079832240662, 43.6443012851413], [-79.40266560238538, 43.6439248283284], [-79.4052458125718, 43.643401527021076], [-79.40539083391543, 43.64376384953494], [-79.40550604024722, 43.64405171723508], [-79.40575416037343, 43.64469260374624], [-79.40602924360611, 43.645319199574594], [-79.40612530431295, 43.64557946151587], [-79.40626543890227, 43.645959141585195], [-79.40640049514109, 43.64630550039078], [-79.40650958820366, 43.6465865802864], [-79.40653598373027, 43.646681809750106], [-79.40678241973555, 43.64746147513005], [-79.40691504337285, 43.64789412322126], [-79.40705632624058, 43.64835501377104], [-79.40582990845198, 43.648590480543184], [-79.40508280414882, 43.648730920053836], [-79.4050633851297, 43.64873502657121], [-79.40461015378645, 43.64883078336269], [-79.40466309198004, 43.648968029612384], [-79.40497061330399, 43.64975366343252], [-79.4052085608994, 43.650361566299], [-79.40541483777675, 43.65088850901779], [-79.40546020027423, 43.65100439275946], [-79.40556523299561, 43.651266965789816], [-79.40561328122018, 43.65138680419617], [-79.40598289703775, 43.652311088839674], [-79.405559151905, 43.65237643625198], [-79.40543555186434, 43.65237758436777], [-79.40532213999776, 43.65236432955067], [-79.4052081210978, 43.65232719340935], [-79.40480718377866, 43.65215739812522], [-79.40436951510712, 43.651958073125876], [-79.40396218732178, 43.65177254587823], [-79.40387589807281, 43.651745774304246], [-79.40381269353665, 43.65174127444911], [-79.4037080516059, 43.651740392429886]]]}, "properties": {"StationName": "Queen-Spadina", "MTSA_Type": "Protected Major Transit Station Area", "SASP_No": 762}}, {"type": "Feature", "geometry": {"type": "Polygon", "coordinates": [[[-79.286550305806, 43.77971231507417], [-79.28662586679718, 43.77987998188706], [-79.28708747394322, 43.779722482919155], [-79.2872561258266, 43.77965886508648], [-79.28743528660746, 43.77958075302332], [-79.2875350920526, 43.779526184333065], [-79.28760876087539, 43.77946401498627], [-79.28768403980747, 43.77940986054572], [-79.28776545559714, 43.779567158213204], [-79.28788203091328, 43.77984816777983], [-79.28812302501612, 43.780431005513556], [-79.28836917211567, 43.78101877047338], [-79.28851319448448, 43.781355074058524], [-79.28951727821543, 43.781133137257356], [-79.28966472128778, 43.781100545341076], [-79.28991413822841, 43.78107395369071], [-79.29000074624956, 43.7810723027147], [-79.29024264067625, 43.78112489081401], [-79.29044593698474, 43.78115284338581], [-79.29071652174504, 43.78111965581489], [-79.29112721159919, 43.78104942369265], [-79.2913382872878, 43.78102748628461], [-79.2914500756559, 43.781040381099125], [-79.29158132897368, 43.78102941403582], [-79.2918551352478, 43.7810159143503], [-79.29202923012309, 43.78108407235531], [-79.29227881263886, 43.78112308553539], [-79.2925031293771, 43.781083499800026], [-79.29295314530918, 43.78098255382739], [-79.29333521667296, 43.781909144802384], [-79.29340992433735, 43.78209027670818], [-79.29337127021209, 43.78229661313115], [-79.29355129248658, 43.78271836516166], [-79.29389195444493, 43.78351590656476], [-79.29428065909782, 43.78442567281455], [-79.29441157146015, 43.784743877093554], [-79.29428376099364, 43.784801515745876], [-79.29419050385202, 43.784862357894774], [-79.29405983973184, 43.78499615919362], [-79.29396151667312, 43.78514416851059], [-79.29386195610188, 43.7853119331094], [-79.29377667533511, 43.78546750877455], [-79.29371364920827, 43.78554459730213], [-79.29365121983112, 43.78560021994499], [-79.29357948225626, 43.785649596922305], [-79.29345666616503, 43.78570977299313], [-79.29334346442897, 43.785746004261604], [-79.29324727121704, 43.78578924300528], [-79.29304222495857, 43.78585412058563], [-79.29275428737192, 43.78593527468324], [-79.29259216297079, 43.78597617811115], [-79.29233984023965, 43.78603301968033], [-79.29210092285128, 43.786079561618756], [-79.29189002425993, 43.78611488369606], [-79.29159986538573, 43.78615439045852], [-79.29151128808148, 43.786154651968836], [-79.29144532099959, 43.78614886987009], [-79.29135938550347, 43.78613332010256], [-79.2912616996504, 43.78610325780426], [-79.29116523595036, 43.786057643608956], [-79.29100050284248, 43.7859485901813], [-79.29075360577765, 43.785791364798214], [-79.29055315887153, 43.78566372989338], [-79.29051215223058, 43.78563761521155], [-79.29040701520711, 43.78561364942727], [-79.29022748370402, 43.785605768062524], [-79.29011648471779, 43.78561951521802], [-79.28997608916758, 43.78565387497105], [-79.28960526555838, 43.78572546075807], [-79.28942099609142, 43.78576118734579], [-79.28943784031154, 43.785803586955595], [-79.28962852809225, 43.78630433553829], [-79.2898719106758, 43.78686482249035], [-79.28987887198673, 43.78688086639548], [-79.29003910246938, 43.78725022285073], [-79.29038736703379, 43.78803395231264], [-79.29062836607466, 43.788628479178875], [-79.29098502430352, 43.78945723510457], [-79.29142080869572, 43.79049620100784], [-79.29150643655738, 43.79070034552072], [-79.29166503772974, 43.79109669280837], [-79.29133198561276, 43.79117347553837], [-79.29046422503636, 43.79137352867847], [-79.2898063725777, 43.79151592277585], [-79.2890209564111, 43.791685914710165], [-79.28778441563992, 43.79196266543444], [-79.2868580195701, 43.79214996622744], [-79.28588645552608, 43.79237318139287], [-79.28565555116705, 43.79244475347678], [-79.28440108108103, 43.792721433927284], [-79.28399143917052, 43.7928102815317], [-79.28312563814463, 43.7929980544971], [-79.28302461332994, 43.7930158713995], [-79.28183920873613, 43.79330165326657], [-79.28153430850888, 43.79256304577002], [-79.28140041453143, 43.79223867098119], [-79.28080486703757, 43.79093235723747], [-79.27884931678172, 43.791369646768054], [-79.27868923458252, 43.791189317888254], [-79.27857630524198, 43.79106307909583], [-79.27847960129655, 43.79096387516706], [-79.2782495921243, 43.790792409481526], [-79.27800399925081, 43.79062991243657], [-79.27769254971602, 43.79043128027338], [-79.2775972370242, 43.79037708417937], [-79.27749507108015, 43.7902778786787], [-79.27739841228212, 43.79016967543279], [-79.27730254768787, 43.79005247157292], [-79.27724936952096, 43.78994435291036], [-79.27717231942259, 43.78978217881367], [-79.27710673994767, 43.789665041923726], [-79.27684048218906, 43.78900743990702], [-79.27633690641052, 43.78785430538616], [-79.27597804471446, 43.78704349619841], [-79.27593585151045, 43.786908395751865], [-79.27591670445021, 43.786836348752544], [-79.27591000330045, 43.78675532406924], [-79.27592348343232, 43.78668334103565], [-79.27595022821495, 43.7865933807371], [-79.27599093693148, 43.7865034478005], [-79.27605116970001, 43.7863865486555], [-79.27608093943094, 43.78631459661581], [-79.27609985003163, 43.78624262329481], [-79.27608930708014, 43.786152590803695], [-79.27606013732394, 43.7860625227153], [-79.27600862252018, 43.78592740490788], [-79.27426527435938, 43.78631166047237], [-79.27425082066709, 43.786140667943975], [-79.27550340732893, 43.785340657081335], [-79.2767694666536, 43.78459415723803], [-79.27745412445569, 43.784156960013284], [-79.27755222583467, 43.784094020264554], [-79.27777106643563, 43.78395361700962], [-79.27765300400321, 43.783810958001844], [-79.27757386853565, 43.78367756664417], [-79.27754459398726, 43.783638596634354], [-79.27754103222227, 43.78363384517574], [-79.27736356902764, 43.78339743626982], [-79.27724912708865, 43.78324860366785], [-79.27713604220551, 43.78308277124848], [-79.27705720402207, 43.78291207286857], [-79.27692903189242, 43.78265991550304], [-79.27679726963845, 43.782301087772964], [-79.27609746471795, 43.78059680162576], [-79.27553385512952, 43.779213406217146], [-79.27541460008571, 43.77891400462962], [-79.27499279504941, 43.77790430206544], [-79.27646013321122, 43.77759172720383], [-79.27701252166328, 43.7774743513912], [-79.27719137486943, 43.77743707518823], [-79.27719269284856, 43.77743676271563], [-79.27723598612293, 43.777426457022024], [-79.27739368050949, 43.77739286665661], [-79.27973165936328, 43.77689478834492], [-79.27987129040383, 43.776865040160864], [-79.28307614955686, 43.776272670813285], [-79.28313568060581, 43.776299258112395], [-79.28319571150858, 43.77632538726739], [-79.28325625256014, 43.776350959283796], [-79.2833171570762, 43.77637600088635], [-79.28337855915389, 43.77640053033101], [-79.28344021292372, 43.776424520147515], [-79.28350236607977, 43.77644783578668], [-79.28356490460475, 43.77647074616761], [-79.28362778190238, 43.77649308197898], [-79.28369108261002, 43.77651479747424], [-79.28375434889519, 43.776536080811695], [-79.28378151068208, 43.77654478325136], [-79.2838086980936, 43.77655292675854], [-79.28383624921048, 43.77656045976569], [-79.28386406295871, 43.7765675071981], [-79.28389210207004, 43.77657406898509], [-79.28392039206962, 43.77657995614962], [-79.28394884544774, 43.77658532154639], [-79.28397752474098, 43.77659004737783], [-79.28400645436592, 43.77659425250573], [-79.28403538600345, 43.77659789955576], [-79.28406456829839, 43.77660093499049], [-79.28409374050557, 43.776603322312376], [-79.28412317664458, 43.77660520605817], [-79.28415250187709, 43.77660649550785], [-79.28418192869279, 43.77660717306024], [-79.28421137020084, 43.77660721964874], [-79.2842408135505, 43.77660675406492], [-79.284270248017, 43.77660564937161], [-79.28429958412457, 43.77660391440115], [-79.28432878562043, 43.776601612093636], [-79.2843579902325, 43.77659878771495], [-79.28438705925095, 43.77659532308779], [-79.28441590692043, 43.776591228851885], [-79.28444462066747, 43.77658672030097], [-79.2844731992355, 43.776581455387195], [-79.28450155577973, 43.776575748088774], [-79.28450639206581, 43.77657466806228], [-79.28515789835286, 43.77638151007633], [-79.28516953980804, 43.77640850945326], [-79.28551662148193, 43.77725263393965], [-79.28552045167058, 43.777261949266205], [-79.28601692653643, 43.77847086030701], [-79.2860912150932, 43.77864020114977], [-79.286550305806, 43.77971231507417]]]}, "properties": {"StationName": "Agincourt", "MTSA_Type": "Major Transit Station Area", "SASP_No": 694}}, {"type": "Feature", "geometry": {"type": "Polygon", "coordinates": [[[-79.60369590370854, 43.70687717654589], [-79.60271651344839, 43.70690459489879], [-79.60260886246606, 43.70694343322877], [-79.6026498324329, 43.70808451417486], [-79.60239688578041, 43.7080978829605], [-79.60243629695398, 43.70915179738377], [-79.60159578105524, 43.70918883540515], [-79.59896072864684, 43.70923466031469], [-79.59899023328342, 43.71003487077657], [-79.59903116228254, 43.71085152740733], [-79.59906929154796, 43.71090272079459], [-79.59734845553577, 43.71093382530055], [-79.59608605179595, 43.71095966595255], [-79.59540922267986, 43.71098049123524], [-79.59503110496085, 43.71103364208072], [-79.5940567825714, 43.71124731441853], [-79.59380764228604, 43.71072893776552], [-79.59282868053847, 43.70869204988378], [-79.59217854601943, 43.707279112031394], [-79.5921189238554, 43.70713072847657], [-79.59202479268721, 43.706939725360684], [-79.59192647918077, 43.70673889519176], [-79.5918269095034, 43.70659341590852], [-79.59168411673248, 43.706443199616345], [-79.59152986748865, 43.70632428177843], [-79.59138225781389, 43.70626376703953], [-79.59119848858988, 43.706242435774705], [-79.59095864650749, 43.70622880986508], [-79.59068537407538, 43.70623869350386], [-79.59065299001495, 43.706171911448635], [-79.59064984099045, 43.706165423999515], [-79.59059662095115, 43.706054705038596], [-79.59057907184379, 43.70601820061966], [-79.59054479514342, 43.70594686536654], [-79.59040107818716, 43.70594968761326], [-79.59028223894583, 43.70569924798498], [-79.59052494250665, 43.705694718299995], [-79.59051855829796, 43.705681329401315], [-79.59004182346315, 43.70468253934053], [-79.59021545429079, 43.70463865694397], [-79.59032451629527, 43.7045106351216], [-79.59010134126063, 43.70437609666854], [-79.59001361215098, 43.70432863884043], [-79.58994092744766, 43.7042778107171], [-79.58988409395069, 43.70421386506797], [-79.58978727047571, 43.70405587805515], [-79.58968406382193, 43.703868784807035], [-79.58954510765112, 43.703584865302126], [-79.58937525488575, 43.70323780753225], [-79.58908062354479, 43.70263576654474], [-79.5897928163386, 43.702468686713345], [-79.59157759776824, 43.70204994170701], [-79.5934206349156, 43.70161627983159], [-79.59450455725192, 43.701359350774574], [-79.59471608272143, 43.70130922016989], [-79.59486432463022, 43.70125459514363], [-79.59498824399809, 43.70118145732015], [-79.59513797677266, 43.70107981770102], [-79.59523114589265, 43.70110703212243], [-79.59540193138096, 43.7011484677105], [-79.59552205684713, 43.701157260693876], [-79.59565714530038, 43.70115749067584], [-79.59575298642964, 43.70115534012769], [-79.59600951662249, 43.70110981410073], [-79.59625118528766, 43.701041031598585], [-79.59651710494545, 43.70095417146078], [-79.59707249166706, 43.70077276920648], [-79.59826399827422, 43.70050282585851], [-79.59956352779214, 43.70019511180785], [-79.60050476831698, 43.699970092161145], [-79.60143526435402, 43.69974764326827], [-79.6015012263538, 43.699902919639584], [-79.60152790495319, 43.70019864159114], [-79.60149546395633, 43.70054018684982], [-79.601476773173, 43.70084562457561], [-79.60145262079313, 43.70124019820482], [-79.60151355953413, 43.70162044897657], [-79.6015717218891, 43.70175351872593], [-79.60175768479012, 43.70197303233046], [-79.60211552226488, 43.70236736974458], [-79.60287053120695, 43.70321010365405], [-79.60295553679762, 43.70331417326126], [-79.60314349652492, 43.703741674373724], [-79.60334763845869, 43.704205958793914], [-79.6034444433865, 43.70442611451652], [-79.60359323773578, 43.704764501221334], [-79.60379132267083, 43.70521499754075], [-79.60395523257377, 43.70558209229236], [-79.60405935471452, 43.70579118717317], [-79.60417824485178, 43.70602991071611], [-79.60369590370854, 43.70687717654589]]]}, "properties": {"StationName": "Woodbine", "MTSA_Type": "Major Transit Station Area", "SASP_No": 758}}, {"type": "Feature", "geometry": {"type": "Polygon", "coordinates": [[[-79.56216877023977, 43.71275634166578], [-79.56012269458816, 43.713214606924744], [-79.55965098706999, 43.71332025570653], [-79.55969635519725, 43.7130751967804], [-79.55960456585244, 43.71211748535157], [-79.55944391578767, 43.7104411389696], [-79.55937677156251, 43.70974050494217], [-79.55923880659853, 43.708300566088866], [-79.55909285323892, 43.706769266617435], [-79.55908786459382, 43.70671692476595], [-79.55908005618014, 43.706634879140566], [-79.55841414812082, 43.70664754867864], [-79.55750167600996, 43.70666490320293], [-79.55741662265332, 43.70666607562211], [-79.55741366542588, 43.70658380241236], [-79.5569799105336, 43.70659207022987], [-79.55671978633504, 43.70659702790609], [-79.5568236021786, 43.70646729353531], [-79.55682372625162, 43.706467284472325], [-79.55710866641967, 43.70646256530041], [-79.55711679762732, 43.70645356802625], [-79.55715010714812, 43.70642204408256], [-79.55718343332055, 43.706395020777016], [-79.55721752449479, 43.70636350542365], [-79.55724740507011, 43.70634060732526], [-79.55691927568945, 43.70634708741117], [-79.55740421209926, 43.70573781875119], [-79.55791352091782, 43.70513447289059], [-79.55794218565372, 43.70509845040464], [-79.5585032979039, 43.70434655476715], [-79.55897855254474, 43.70383323280693], [-79.55955718768607, 43.70317133326576], [-79.5605660654071, 43.702018646967566], [-79.56145328504468, 43.70101676933252], [-79.56153502742916, 43.70092446361471], [-79.56164545338471, 43.70079470677565], [-79.56171897542391, 43.700708319223985], [-79.5625212793288, 43.69981261979098], [-79.56295107609927, 43.70001272724586], [-79.56303279570636, 43.70004310398249], [-79.56304222796332, 43.70003418747137], [-79.56312409596784, 43.70007703899384], [-79.56320641026404, 43.70010763130937], [-79.56408891264022, 43.700516202310425], [-79.5641729517664, 43.700570448434284], [-79.56423799798165, 43.700626550442], [-79.56429261417469, 43.700696951477724], [-79.56436750373234, 43.700803517383264], [-79.56525394462363, 43.702648676042905], [-79.56524206699986, 43.702656639988454], [-79.56532121624042, 43.70281903617829], [-79.56553494747867, 43.703257593970505], [-79.56587286052967, 43.70395097641862], [-79.56587802116752, 43.70395011831943], [-79.56593406997528, 43.70406765939781], [-79.56649112545846, 43.70399566283864], [-79.56670863248871, 43.70396520707394], [-79.56680824852027, 43.70395072158506], [-79.56710786544937, 43.703907130026366], [-79.56727509834576, 43.703889724892306], [-79.56744114442537, 43.7038530123896], [-79.56769062391749, 43.70379965183984], [-79.57186853928094, 43.70283466432227], [-79.5726026759574, 43.70444389689275], [-79.57153032760029, 43.70470100965046], [-79.57153007951952, 43.7047010728149], [-79.57214758946854, 43.70605648787042], [-79.5722782990418, 43.7063005812097], [-79.57238022091207, 43.70689688425801], [-79.5726049513198, 43.70841398284311], [-79.57230662900359, 43.70842165023078], [-79.57056473049413, 43.70843883227704], [-79.57058981675038, 43.70889337029046], [-79.57058983544069, 43.70989260636379], [-79.56996309526549, 43.709851444358755], [-79.57011112988506, 43.71118162877677], [-79.57009038946201, 43.711355363080315], [-79.56932218244401, 43.71131316086778], [-79.56827413468454, 43.711346919170424], [-79.56758297581567, 43.711468873625186], [-79.56666332840133, 43.71170516323123], [-79.56643720672079, 43.71175746464173], [-79.56414720558595, 43.71228718524865], [-79.5632101501972, 43.71251274615691], [-79.56315740977814, 43.71252177121219], [-79.56257275827781, 43.71266161565177], [-79.56231687662671, 43.71272476365877], [-79.56216877023977, 43.71275634166578]]]}, "properties": {"StationName": "Etobicoke North", "MTSA_Type": "Major Transit Station Area", "SASP_No": 696}}, {"type": "Feature", "geometry": {"type": "Polygon", "coordinates": [[[-79.5082917673367, 43.701980269625324], [-79.50750209860175, 43.70018509525721], [-79.50742814023823, 43.70002577487245], [-79.5073417660022, 43.69983970060041], [-79.50736109777944, 43.69975461434822], [-79.50745830607802, 43.69971449364899], [-79.50891872481729, 43.69937850013442], [-79.50893214135813, 43.69946167132], [-79.50910778693053, 43.699420799550516], [-79.51020594335698, 43.69916808281433], [-79.50976242826334, 43.69894875927497], [-79.5102999079026, 43.69869138763284], [-79.50649346960803, 43.69678682181075], [-79.50632626738134, 43.696638856551836], [-79.50681731303207, 43.69653877135419], [-79.50713907262354, 43.69647332915557], [-79.50726339305436, 43.69644395538905], [-79.50758522282024, 43.696372256005574], [-79.50763940057992, 43.69635606980875], [-79.50769994256731, 43.696349136523686], [-79.50773180259834, 43.69634913527324], [-79.50776686488747, 43.69636069150253], [-79.50783351527137, 43.69640830128302], [-79.50786220475165, 43.69640196417817], [-79.50815319986714, 43.69625027140205], [-79.50865017665303, 43.69613166396702], [-79.50881821660475, 43.6960915583069], [-79.51024243908678, 43.69575163217497], [-79.51139798261963, 43.695484134686325], [-79.51149063906496, 43.69546104779942], [-79.51162863119426, 43.69552626378379], [-79.5117500240323, 43.69578600274642], [-79.51177262721998, 43.69583437086583], [-79.5118144566178, 43.69592388387219], [-79.51174758009103, 43.696040362566], [-79.511744952191, 43.69604514254188], [-79.5117257631805, 43.69608007236976], [-79.5115842441489, 43.69657687013692], [-79.51157197285772, 43.69661994993731], [-79.51149806829491, 43.696834083690575], [-79.51149275395088, 43.69684948189673], [-79.51156920900432, 43.6970986606421], [-79.51158235857042, 43.69710618442033], [-79.5116330944868, 43.69713521755092], [-79.51170332530324, 43.6971753986089], [-79.51180476762863, 43.69722706569874], [-79.51190690246605, 43.69727907827691], [-79.51192373822178, 43.69728764578557], [-79.51201700561546, 43.69739735229586], [-79.51204169962224, 43.697393814875994], [-79.51207630608687, 43.69743274466525], [-79.51224707559437, 43.69748438601232], [-79.51293467275707, 43.6976923048332], [-79.51299182315365, 43.69760293498041], [-79.51416300974239, 43.69796365634683], [-79.51484838166127, 43.698174744082635], [-79.51516140523024, 43.698283918779126], [-79.51540926594886, 43.69841682801318], [-79.5156554108947, 43.698574329462474], [-79.51581447656453, 43.69865575515726], [-79.51575287575531, 43.69877016150315], [-79.5158406861447, 43.69883768450858], [-79.5158438735014, 43.69883337243223], [-79.51588724261836, 43.698821792509214], [-79.51592932439327, 43.69881670270435], [-79.51602814363632, 43.698819835753824], [-79.51611650922324, 43.6988373084026], [-79.5162169511933, 43.69886769797176], [-79.51631623534708, 43.69888752726351], [-79.5163431703858, 43.69888871339075], [-79.5171710866679, 43.698947493989095], [-79.51735501959188, 43.698960451521884], [-79.5175236302125, 43.69896840547206], [-79.51765669975279, 43.698947100462384], [-79.51772810163625, 43.698932365043945], [-79.51868488704442, 43.69871036509747], [-79.51886324000537, 43.698694555581454], [-79.51900489766827, 43.69871692651362], [-79.5191419317444, 43.69875953302306], [-79.51927048971237, 43.698817232418435], [-79.51940507220203, 43.69888918514397], [-79.51952166432633, 43.69896156114585], [-79.51961746245887, 43.69902777199074], [-79.51971199693331, 43.699102678251904], [-79.51976984357476, 43.69916896391583], [-79.51984778940874, 43.6992849504735], [-79.51990698624495, 43.699385052005454], [-79.52041048808891, 43.69985207609668], [-79.52042121546633, 43.699879031343464], [-79.52043548781214, 43.699896013389484], [-79.52044064238102, 43.699916578690974], [-79.52044064813057, 43.69993715481446], [-79.52042777623609, 43.69995958661236], [-79.52040458627032, 43.69999137172552], [-79.52036079046314, 43.70003251288061], [-79.5202938150246, 43.70009609753398], [-79.52014270900526, 43.70024628342673], [-79.51995891832898, 43.70042895069835], [-79.51977946876539, 43.70060722337224], [-79.5198384951265, 43.70063823889991], [-79.52013202450607, 43.70078483621552], [-79.52022131847504, 43.70070627942043], [-79.52019797752142, 43.700692324297165], [-79.52036548744078, 43.70054494293403], [-79.52038884078634, 43.70055890792271], [-79.52041432943709, 43.70053648198019], [-79.52081296224601, 43.70019357042448], [-79.52085807522192, 43.700155294878165], [-79.52091660557505, 43.70022244215141], [-79.52109470176019, 43.70041151730773], [-79.52132577302133, 43.70058662485919], [-79.52141394642845, 43.70063118922267], [-79.52155092166434, 43.70070041695066], [-79.52163968540702, 43.700750295408206], [-79.52162193716228, 43.700774289989766], [-79.52148654432796, 43.700957339392694], [-79.52146209208212, 43.70099422960146], [-79.5214372653133, 43.7010316797572], [-79.5214037602825, 43.70108098807302], [-79.52138693271682, 43.70110573495476], [-79.52134518131129, 43.70116745671712], [-79.52118501303747, 43.7014020762406], [-79.52110503722093, 43.70148819856897], [-79.52063903911795, 43.70137268959789], [-79.5206346930524, 43.70144546066016], [-79.52059548199344, 43.70151189567801], [-79.52016667540525, 43.701886185824456], [-79.51947079858247, 43.70251973383205], [-79.51914474443147, 43.70281501506013], [-79.51872675958921, 43.703192135121974], [-79.51677396322513, 43.702435176339016], [-79.51651983573497, 43.70284403704759], [-79.5156095870481, 43.70239884272622], [-79.51503563600308, 43.703030715923234], [-79.51459150010184, 43.70352138940932], [-79.51241474710491, 43.70402180563307], [-79.50949501159367, 43.704697559518465], [-79.50920370247674, 43.704039315297706], [-79.50898875555683, 43.703546728127556], [-79.50890513004408, 43.703355079519625], [-79.50860863205627, 43.70268359219107], [-79.5082917673367, 43.701980269625324]]]}, "properties": {"StationName": "Weston", "MTSA_Type": "Major Transit Station Area", "SASP_No": 695}}, {"type": "Feature", "geometry": {"type": "Polygon", "coordinates": [[[-79.4172241437409, 43.64728133933903], [-79.41709658683952, 43.64694238626816], [-79.41589896662303, 43.64718351787387], [-79.41503626381103, 43.6449721170809], [-79.41503587943699, 43.64497219780791], [-79.41315725139516, 43.6453650442303], [-79.41277281034064, 43.64431890204371], [-79.4127316056348, 43.64420676882799], [-79.41241449794565, 43.643340148564015], [-79.41167107766866, 43.64136107214545], [-79.4114296551372, 43.64075700287679], [-79.41122933531571, 43.640223517166156], [-79.4111726059109, 43.64007019786943], [-79.41110145645142, 43.63988032157252], [-79.41089349965682, 43.63942260859294], [-79.4108303292688, 43.639283550432374], [-79.41098947201897, 43.63925188594636], [-79.41138443811263, 43.6391733637716], [-79.41205247267094, 43.63904054884531], [-79.41391587571556, 43.63867004568592], [-79.41392433096439, 43.63866835978576], [-79.4145385943687, 43.63854621951127], [-79.41484837203825, 43.638484619922544], [-79.41513888318401, 43.63842684879948], [-79.41523396480193, 43.63840750867977], [-79.41529846911821, 43.63839675028664], [-79.41536273598943, 43.6383953162522], [-79.41543014889767, 43.63839624288108], [-79.41549737723656, 43.63840417243848], [-79.41559657534211, 43.63841720416596], [-79.4170710134422, 43.63864906256981], [-79.4180305677882, 43.63877967301602], [-79.41808164766648, 43.638778155985555], [-79.41814320528403, 43.63877231765278], [-79.41830359905869, 43.6387465551093], [-79.41932265572805, 43.63854494672108], [-79.41953607832546, 43.638493916867894], [-79.42053556218163, 43.638307588094236], [-79.42154164627941, 43.638109543357395], [-79.4227984145538, 43.63786097502671], [-79.42409977433648, 43.637592987514054], [-79.42422269105391, 43.637599330446044], [-79.42516051109187, 43.63739957930648], [-79.42529762413588, 43.63734541651838], [-79.42661555661928, 43.63707373138806], [-79.426927622443, 43.637891442189144], [-79.42706544111505, 43.63825257537942], [-79.42733542967298, 43.63896000236375], [-79.42745480830179, 43.63926935883629], [-79.42754792129304, 43.639511205889725], [-79.42796683023258, 43.640599246910035], [-79.42860473294272, 43.64220796776536], [-79.42817068013917, 43.64231088806869], [-79.42817060575882, 43.642310897023364], [-79.42712015926455, 43.64250953876655], [-79.42812550985913, 43.64522771939327], [-79.42753737000687, 43.64534094228085], [-79.42700306958876, 43.64544380350534], [-79.42667511776033, 43.64551247420167], [-79.42580771017901, 43.645694110250176], [-79.42464271163468, 43.645930449815715], [-79.42400419241153, 43.646068026806894], [-79.423432838907, 43.646191119662696], [-79.42289158414891, 43.64629933623727], [-79.42204807842765, 43.64646798252274], [-79.42051737250517, 43.64677400248858], [-79.41979947313561, 43.64692617214523], [-79.4191526812697, 43.64706583333905], [-79.4185166590411, 43.64719591564983], [-79.41788551552179, 43.64732969750115], [-79.41728265506188, 43.6474368035649], [-79.4172241437409, 43.64728133933903]]]}, "properties": {"StationName": "King-Liberty", "MTSA_Type": "Protected Major Transit Station Area", "SASP_No": 687}}, {"type": "Feature", "geometry": {"type": "Polygon", "coordinates": [[[-79.43475730121081, 43.69574667873617], [-79.43593562463457, 43.695508560633776], [-79.43714104122057, 43.695241296268485], [-79.43778129628897, 43.69510862219658], [-79.43773981656099, 43.69499316564758], [-79.43766730535111, 43.69479133339473], [-79.4388433536583, 43.69452827195136], [-79.43895358107828, 43.69476030147896], [-79.44146610208118, 43.69419582348821], [-79.44177518160653, 43.69498743060172], [-79.44212214680736, 43.69578451076459], [-79.44241400473405, 43.69650877457366], [-79.44246944363513, 43.696611554451486], [-79.44260572757251, 43.69694305455529], [-79.44261526937268, 43.69696626476851], [-79.44275361210067, 43.69730274254273], [-79.4443361940898, 43.69696873689246], [-79.44447606885083, 43.69731714728782], [-79.44448848261135, 43.69734802786879], [-79.44464323870218, 43.697733508224], [-79.44495519117591, 43.6984744220793], [-79.4452636217378, 43.69924249119555], [-79.44556529131894, 43.69993889752562], [-79.44601114581138, 43.70121138192353], [-79.4447769134603, 43.701476610315325], [-79.44365742006515, 43.70171717155686], [-79.44233167424328, 43.70199203089973], [-79.44179519570848, 43.702103242127755], [-79.44162011890558, 43.702139535277944], [-79.4411995167424, 43.702226730601964], [-79.44106893211013, 43.70225380323105], [-79.4402656369616, 43.702416411858486], [-79.43895426329463, 43.70267970071376], [-79.43779852260242, 43.7029351291461], [-79.43753806012252, 43.70300040509442], [-79.43728803446805, 43.70306307129202], [-79.43694471814591, 43.70314432994745], [-79.4368283791091, 43.703171865552314], [-79.43569966161509, 43.70342779264532], [-79.43453827508168, 43.70368846057428], [-79.43341784435776, 43.703968569895984], [-79.43341106358487, 43.70395175238702], [-79.43340320254609, 43.70393566245472], [-79.43339563624401, 43.70392232799656], [-79.43338515625726, 43.703907092562105], [-79.43337728930436, 43.70389523414338], [-79.43336513374057, 43.70388050180414], [-79.43334297109271, 43.70386048075571], [-79.43331509153136, 43.70383664971106], [-79.43328227113221, 43.703815191223256], [-79.43325027869118, 43.70379789271789], [-79.43321992149241, 43.70378180043521], [-79.43319530241794, 43.70377166136853], [-79.43315098472605, 43.70375734496858], [-79.43311651339778, 43.703747785208215], [-79.4330779338276, 43.703739429208724], [-79.43303606353132, 43.70373463578994], [-79.43297780157077, 43.70372984264737], [-79.43291540325693, 43.70372920565599], [-79.43286203566775, 43.70373036429706], [-79.43280210113518, 43.70373449938884], [-79.43272410498756, 43.703745176778966], [-79.43267230643518, 43.703752331131874], [-79.43266826093652, 43.7037528868306], [-79.43260793960035, 43.70377000149152], [-79.43253922865422, 43.70364508839217], [-79.4323368347733, 43.70312683853498], [-79.43201631868601, 43.70232545000682], [-79.43166420632882, 43.70151540481606], [-79.43133681840159, 43.700685545169094], [-79.43115142699035, 43.70021419644603], [-79.43099905340385, 43.69982678935453], [-79.43097876383139, 43.69983068998012], [-79.43086620443272, 43.69985232954921], [-79.43070581095844, 43.69945239184982], [-79.42998502161339, 43.697655099130465], [-79.42975123085604, 43.69710418340407], [-79.42962718071148, 43.69682861427135], [-79.43352560426132, 43.696002594289446], [-79.43475730121081, 43.69574667873617]]]}, "properties": {"StationName": "Eglinton West", "MTSA_Type": "Protected Major Transit Station Area", "SASP_No": 716}}, {"type": "Feature", "geometry": {"type": "Polygon", "coordinates": [[[-79.47782719877638, 43.685045701342275], [-79.47905190230033, 43.68587187874435], [-79.47827618761828, 43.68669706725032], [-79.4787249298494, 43.688456014001865], [-79.47885918173046, 43.689297080067384], [-79.47980192576442, 43.69170186527348], [-79.48017262718585, 43.692806894483546], [-79.48030705212737, 43.69277452371895], [-79.48121356191288, 43.692556222907896], [-79.4814026660868, 43.692510682772784], [-79.48142763945516, 43.69250569199239], [-79.48154424505353, 43.6924824001216], [-79.48161389918383, 43.692377616904565], [-79.4830401794548, 43.69205617200077], [-79.48351589418853, 43.692135302122175], [-79.48330405773514, 43.692185408815725], [-79.48315653014228, 43.69222029975179], [-79.48315821782565, 43.69222268355406], [-79.48326151402978, 43.69236838533669], [-79.4833057326127, 43.692430752152106], [-79.4833850209868, 43.692542606190436], [-79.48347863348575, 43.6926746513362], [-79.48358868707192, 43.692829888901564], [-79.48367996110551, 43.692796159567386], [-79.48370557202819, 43.69278662270671], [-79.48371920727608, 43.6928075464511], [-79.48421649501348, 43.69348474333628], [-79.48412844644596, 43.69358606185334], [-79.48398094550114, 43.69353769871781], [-79.48366834466327, 43.693436463294], [-79.48341957339143, 43.6934072937647], [-79.48322730163962, 43.69340979148809], [-79.48220639000829, 43.6937082194515], [-79.48200810796034, 43.69438724353086], [-79.48196065866397, 43.69445794151404], [-79.4818923630534, 43.694506933065476], [-79.48180427483342, 43.69453276910169], [-79.48174199434287, 43.694545602270786], [-79.48158412286477, 43.69456675707882], [-79.4805077184674, 43.69470831806002], [-79.48017542195647, 43.69475433872749], [-79.47915691388097, 43.6949308725821], [-79.4783977047192, 43.69508381906015], [-79.4763357289563, 43.695540869195845], [-79.47616591250207, 43.6955959175528], [-79.47599567063895, 43.695665450507626], [-79.47578302644992, 43.695786532949], [-79.47575350344033, 43.695806392625], [-79.4756754774402, 43.69589836873563], [-79.47559344278484, 43.69593844137039], [-79.47558391411926, 43.69594058075173], [-79.47555249529475, 43.69595442708232], [-79.47546917786076, 43.69597584769864], [-79.47542485124443, 43.69597584627861], [-79.47537110768367, 43.69597778709993], [-79.4752783953425, 43.695956315118266], [-79.47520854565221, 43.69593582916708], [-79.47515078634599, 43.69590461711749], [-79.47510870333304, 43.695882291865324], [-79.47512847117251, 43.695974956753396], [-79.4751631408877, 43.69613745268628], [-79.47501630292521, 43.69626348880012], [-79.47496248045175, 43.696314301226835], [-79.4748570698254, 43.69633811090771], [-79.47465946949453, 43.69638275076909], [-79.4745330419545, 43.69641130999157], [-79.47450164038965, 43.6964184068398], [-79.47440300129196, 43.69644069008637], [-79.47432103752016, 43.696459205438366], [-79.47427296175621, 43.69647003942879], [-79.4741429071936, 43.69649941832413], [-79.47414042697805, 43.69649996684411], [-79.4740128773209, 43.69652878627536], [-79.47395981120873, 43.696540774769886], [-79.47388282622708, 43.696558163074975], [-79.47377921257133, 43.696581563511124], [-79.47375278369336, 43.696587533427525], [-79.4736227559213, 43.69661690093497], [-79.47359860996345, 43.69662236096715], [-79.47349269824213, 43.69664628088929], [-79.47336267269795, 43.69667564720097], [-79.47323261725218, 43.696705013357594], [-79.47318602749068, 43.696715536692565], [-79.47310258773085, 43.69673438297272], [-79.47297253574833, 43.69676375963554], [-79.47284250473304, 43.69679312805402], [-79.47272583146591, 43.69681942105822], [-79.47272581654954, 43.69681948496409], [-79.47271244877528, 43.69682250351951], [-79.4725824051009, 43.69685186983853], [-79.47245236377924, 43.69688123961053], [-79.47232232233318, 43.69691060383361], [-79.4721922894392, 43.696939979612374], [-79.47219208099357, 43.69694002636858], [-79.47216314552092, 43.69694649038026], [-79.47207264659595, 43.696966712291804], [-79.47198218110773, 43.69698693233956], [-79.47195285102998, 43.69699348801478], [-79.47183095384543, 43.69701209979011], [-79.47181984577266, 43.69701379740299], [-79.47167920013322, 43.69703526861528], [-79.47160260113799, 43.697046966639704], [-79.47151631835973, 43.69706014471878], [-79.4713614514584, 43.697083787616215], [-79.47135345276877, 43.69708462363553], [-79.47118280138837, 43.697110666588586], [-79.47101034507143, 43.697079395576296], [-79.4709736531568, 43.697072745985565], [-79.4708570189336, 43.69702586259831], [-79.47084440675526, 43.69702079253474], [-79.4707403365159, 43.696978962876926], [-79.47069140611588, 43.69695929144175], [-79.47066994635573, 43.69695067256686], [-79.4706236939751, 43.69693207294775], [-79.47056602892907, 43.696908895896875], [-79.47050703424924, 43.696885179294206], [-79.47042712072722, 43.69685306261251], [-79.47018632289719, 43.69676077335462], [-79.4700825523745, 43.69669684491351], [-79.4699791405021, 43.69663313160346], [-79.46987508640977, 43.69656902287155], [-79.46977134259132, 43.69650511395578], [-79.46966762256481, 43.69644120495144], [-79.46956380105158, 43.69637725081861], [-79.469460355554, 43.696313510922856], [-79.469356611381, 43.69624959172628], [-79.46925280541251, 43.696185644514074], [-79.4691492714839, 43.69612144884362], [-79.46910541774658, 43.69609425028512], [-79.46904784873487, 43.69601248463932], [-79.46957133339248, 43.6955369661266], [-79.47063536982591, 43.69527368637094], [-79.4705471067919, 43.69485875902282], [-79.47033941311578, 43.69388235065437], [-79.4703037442717, 43.69371466096606], [-79.47029373638586, 43.69366761199888], [-79.47011608124927, 43.69287201342561], [-79.47014724910957, 43.692520577965496], [-79.47015404052199, 43.692443998182284], [-79.47001364474212, 43.69212366242876], [-79.46984480945702, 43.69173597549073], [-79.46984193477616, 43.69172937585288], [-79.46973878001258, 43.69149252163451], [-79.46968207379807, 43.69136231937823], [-79.47036218298899, 43.6912258313441], [-79.47030597514505, 43.6911040898771], [-79.47017343983411, 43.69081702883013], [-79.46996817771455, 43.69037244311757], [-79.46996152588551, 43.6902613027462], [-79.46992832116405, 43.690178388088235], [-79.46989548945105, 43.690096406956485], [-79.46968410863828, 43.68956857197895], [-79.46961970783514, 43.68940775675098], [-79.46926616429856, 43.688584441958454], [-79.46891546889302, 43.68778684896394], [-79.46853394246922, 43.68686802160411], [-79.4707972604961, 43.68635489841106], [-79.47040473316517, 43.685456547814184], [-79.47221757257233, 43.68504180219173], [-79.47277290209212, 43.68491473868262], [-79.47238082683928, 43.683998320044054], [-79.47226263815926, 43.6837435406628], [-79.47288275232953, 43.683580954966935], [-79.47394120833506, 43.68330344382816], [-79.47428113877804, 43.683214318342436], [-79.47451282673131, 43.683169060142404], [-79.47504309289165, 43.68300348299818], [-79.47527309843397, 43.682892707462436], [-79.47657762323081, 43.68257577282186], [-79.47730528154499, 43.682877543151506], [-79.47927872534771, 43.68394712788289], [-79.47894505710264, 43.68432673567157], [-79.47802320249797, 43.68481520660008], [-79.47771484397687, 43.68496990525679], [-79.47782719877638, 43.685045701342275]]]}, "properties": {"StationName": "Keelesdale", "MTSA_Type": "Protected Major Transit Station Area", "SASP_No": 673}}, {"type": "Feature", "geometry": {"type": "Polygon", "coordinates": [[[-79.4625163422863, 43.737336713464416], [-79.45746071803347, 43.73846665059046], [-79.45758388804639, 43.73884014178903], [-79.45742709772622, 43.73888792799265], [-79.45397683141998, 43.73993940224447], [-79.45399036713462, 43.74002501706215], [-79.45399150534932, 43.74007620652095], [-79.45399176144485, 43.74012520024202], [-79.45399132394849, 43.740188683549455], [-79.45397542311717, 43.74023036136526], [-79.45394662954422, 43.74028078972832], [-79.4539119980573, 43.74031691486937], [-79.45387148559973, 43.740350733122895], [-79.45382385879986, 43.74038724023494], [-79.45376552041137, 43.74041767586256], [-79.45366725793971, 43.74044710425877], [-79.45356407533139, 43.74046442367723], [-79.45340483530127, 43.74047341971193], [-79.45327279390955, 43.740456269409094], [-79.45313824925493, 43.74041692063263], [-79.4530503332119, 43.74036281173156], [-79.45301040965691, 43.74032948970641], [-79.45271866733955, 43.740145724827045], [-79.45267365737453, 43.740092896447415], [-79.45267355816259, 43.74009277039043], [-79.4509896066925, 43.740696073395036], [-79.44794504840547, 43.74133012304892], [-79.44770861534404, 43.74024382524259], [-79.44767368276807, 43.7401170722396], [-79.44758292392956, 43.739754086513194], [-79.44752674938509, 43.73949027233564], [-79.44745039233452, 43.739130002419685], [-79.44737869870896, 43.73886851347801], [-79.4448328568977, 43.73942640604532], [-79.44411456301803, 43.73956310874977], [-79.4437773319743, 43.73877149326655], [-79.44348677019822, 43.73803419608021], [-79.44339228303778, 43.73780793407618], [-79.4431088706486, 43.737106306813864], [-79.44288185868163, 43.736573434718935], [-79.44280340036812, 43.736449362203054], [-79.4427296469262, 43.736400818333074], [-79.44265504105554, 43.7363732101084], [-79.4426850685043, 43.736274088529555], [-79.44268796146004, 43.73616224453121], [-79.44268437572586, 43.73605707474097], [-79.44266892334504, 43.73601573409515], [-79.44265688181298, 43.73585010820388], [-79.44264210421284, 43.73571640034027], [-79.44262998047267, 43.73558298098304], [-79.44198931914673, 43.735711363795545], [-79.44161851687302, 43.73490309758977], [-79.44130291234403, 43.73410012498658], [-79.4409766786805, 43.7332874772527], [-79.44077124219804, 43.73282454454026], [-79.44139698050004, 43.73242494422795], [-79.44214878171962, 43.73232677392655], [-79.44264267414303, 43.73223072337224], [-79.44301171922933, 43.732124500826515], [-79.44333216906429, 43.732010718529466], [-79.4436825686553, 43.73188713728659], [-79.4441031168189, 43.73173881884519], [-79.44447325659746, 43.731608284832696], [-79.44476728480896, 43.73153370925443], [-79.4451208611248, 43.731473583219206], [-79.44549565426905, 43.73143613021485], [-79.44592566003621, 43.731435630919094], [-79.44607731879893, 43.73146043849995], [-79.44679667742749, 43.73158688138887], [-79.4476987809075, 43.731974879936914], [-79.44827460794737, 43.73228377802926], [-79.44861345910391, 43.73248962789801], [-79.44905544230689, 43.73288300304495], [-79.44931930103219, 43.73334174717732], [-79.44949797869738, 43.7337149229654], [-79.44959283034405, 43.73391303076844], [-79.44965891320696, 43.73403683697642], [-79.44967645192948, 43.73406742215653], [-79.4498815572198, 43.7340228539548], [-79.45007845503565, 43.73398007403774], [-79.45028244220272, 43.73393574047213], [-79.4502860067096, 43.7339352019117], [-79.45027531391926, 43.733482472383095], [-79.45029060222582, 43.732761199512424], [-79.45049865664552, 43.73225921964387], [-79.45069565543265, 43.731949134997], [-79.45125564773831, 43.73136910992159], [-79.45175746637004, 43.73085288961821], [-79.4521197600493, 43.73050528437557], [-79.45274296724415, 43.73011092748136], [-79.45342115514208, 43.72980090528643], [-79.45480941219377, 43.729279003802745], [-79.45612939785624, 43.7287767541797], [-79.45643010340653, 43.72864981623812], [-79.45712681864389, 43.72844761199233], [-79.4579007253331, 43.72827812044996], [-79.4579881039, 43.72864078932876], [-79.45813854424371, 43.72924471653752], [-79.45834149757476, 43.72998365061884], [-79.45887836775131, 43.732093079990065], [-79.45890638296709, 43.73229368508291], [-79.45900004225165, 43.73262101681653], [-79.45912532554117, 43.73315575954232], [-79.45922429889337, 43.733561746559765], [-79.45937537082911, 43.73419949359021], [-79.45938122912925, 43.7343250899421], [-79.45938699381622, 43.73436395308993], [-79.45946274893635, 43.734497009360425], [-79.45955177216771, 43.73461862023136], [-79.46028928872458, 43.735296044815236], [-79.46129024288933, 43.73622253456768], [-79.46196767599228, 43.73683977017749], [-79.4625163422863, 43.737336713464416]]]}, "properties": {"StationName": "Wilson", "MTSA_Type": "Major Transit Station Area", "SASP_No": 712}}, {"type": "Feature", "geometry": {"type": "Polygon", "coordinates": [[[-79.4657811074894, 43.74495295663944], [-79.46858606942847, 43.74341454369277], [-79.47112882029926, 43.74573372379623], [-79.47196280668385, 43.746494331373064], [-79.47214919159761, 43.746664314008974], [-79.47375937476906, 43.748132710253344], [-79.47402674620103, 43.74837653026759], [-79.46977910398134, 43.75047798362974], [-79.4701343941945, 43.75081026585516], [-79.46996894411087, 43.75090161208071], [-79.46979790890025, 43.75099604730901], [-79.46948717400883, 43.75109328135777], [-79.46920338708803, 43.75115930673461], [-79.4689074768919, 43.75122575151723], [-79.46854249864428, 43.751305283217185], [-79.46854061097444, 43.75130561847188], [-79.46850473251308, 43.751312540082715], [-79.46846907715097, 43.751320190847], [-79.46843368231649, 43.75132826472904], [-79.46841162048796, 43.75133380373728], [-79.46841151616606, 43.751333828013365], [-79.46838336071521, 43.751342053206145], [-79.46832203598099, 43.751359972155946], [-79.46822772894184, 43.75139067499857], [-79.46809710267385, 43.75144120966725], [-79.46754000404991, 43.75173229748501], [-79.46717831345278, 43.75192514333422], [-79.46600218764937, 43.75255891226161], [-79.46593688026603, 43.75260798507105], [-79.46589321864636, 43.752653526907565], [-79.46585075395205, 43.75273356251481], [-79.46583810138134, 43.752817853847624], [-79.46584605508407, 43.75287245755546], [-79.46632192176266, 43.754916418427555], [-79.46635602095101, 43.75503361213893], [-79.4664037596803, 43.75512025971525], [-79.46643463330085, 43.75516052978202], [-79.46641512870794, 43.75533769059692], [-79.46583839880562, 43.756485681250155], [-79.46586921156188, 43.7565942695521], [-79.4656065809732, 43.75666191329151], [-79.46534143495941, 43.75672418916443], [-79.4650739823216, 43.75678104812738], [-79.46480443367942, 43.75683244540264], [-79.46451705026207, 43.756880850926485], [-79.46422781007657, 43.75692304897674], [-79.46177200105163, 43.75745828614836], [-79.46111479544243, 43.75675607344209], [-79.46050058332578, 43.75604309369493], [-79.45918403936962, 43.75633528148038], [-79.45838377526793, 43.75438557582646], [-79.45895523523069, 43.754248995238626], [-79.45834565890165, 43.753578180493264], [-79.45771094908605, 43.752851715814536], [-79.45396989896565, 43.75363885809027], [-79.45380977736954, 43.753444983146444], [-79.45365812777565, 43.75324756168618], [-79.45351509946082, 43.75304678815141], [-79.45338083320637, 43.75284286028352], [-79.45325546115983, 43.752635978928694], [-79.45313910670502, 43.75242634783981], [-79.45473258608081, 43.75209497682285], [-79.45474747703382, 43.75209187753534], [-79.45670979869082, 43.751663588909125], [-79.4564891199878, 43.75145906511455], [-79.45621166585717, 43.751089185443156], [-79.4559115713994, 43.75074728145242], [-79.45576846665955, 43.75054649646613], [-79.45564189832695, 43.7503648103258], [-79.45553322411784, 43.750186262731916], [-79.45541173397042, 43.74995892435937], [-79.45528908258228, 43.74975950761447], [-79.45521311013604, 43.749572333054935], [-79.455103396322, 43.7493110390688], [-79.45485655961961, 43.74870209977284], [-79.45463207389925, 43.74818596182381], [-79.45384230216949, 43.746223155587], [-79.45523379212439, 43.7458397281037], [-79.4562758864542, 43.745280741192104], [-79.45866881243795, 43.743939093610805], [-79.46001845529217, 43.74491850723671], [-79.46268153144482, 43.74326920525232], [-79.46503948719379, 43.74535968123045], [-79.4657811074894, 43.74495295663944]]]}, "properties": {"StationName": "Sheppard West", "MTSA_Type": "Major Transit Station Area", "SASP_No": 711}}, {"type": "Feature", "geometry": {"type": "Polygon", "coordinates": [[[-79.48755122367427, 43.74960771157551], [-79.48782456666368, 43.7507442696246], [-79.4881940674422, 43.75229025695676], [-79.48793879133248, 43.75231727264205], [-79.4877886377802, 43.75225360933121], [-79.48741568761116, 43.75233665528548], [-79.48695769327082, 43.752499723343774], [-79.48609325789448, 43.75293668678429], [-79.48534457098117, 43.75328423662988], [-79.48486660331001, 43.75340453416144], [-79.48368099492612, 43.753671079198426], [-79.48393765653101, 43.75428508832779], [-79.48402301943135, 43.754516922041866], [-79.48472117301642, 43.754367341309646], [-79.4848277646148, 43.754346517127], [-79.48492408374479, 43.75433960787177], [-79.48499235787936, 43.75434501810447], [-79.48507545838027, 43.75435434378155], [-79.48516963119594, 43.754381692412935], [-79.4852563463811, 43.75442978618626], [-79.48532284320711, 43.7544883003711], [-79.48536625632617, 43.75454471440561], [-79.4854066400474, 43.75464135302972], [-79.4856656679078, 43.75518996229927], [-79.48557639665101, 43.75531984447344], [-79.48556292172154, 43.755413919265365], [-79.48557900093485, 43.75551949254653], [-79.4856194569506, 43.75562811223377], [-79.48565051333412, 43.75573399570306], [-79.48565866156085, 43.755824520651906], [-79.48565038410624, 43.755899471827206], [-79.4856416793316, 43.75594573736626], [-79.48558781620038, 43.756010305094456], [-79.4855190549031, 43.756058966179395], [-79.48544432393379, 43.75609334991616], [-79.48537078641485, 43.7561226769426], [-79.48412845370606, 43.756419230213076], [-79.48222462611766, 43.756842408406705], [-79.4808188765707, 43.75715485898077], [-79.48091887815194, 43.75778339254858], [-79.47936596119385, 43.75811915966972], [-79.47936584961458, 43.758118601577536], [-79.47912263808628, 43.75816339301333], [-79.4790346641579, 43.757723902823415], [-79.47715805800155, 43.75814566746422], [-79.47694286559577, 43.758224925871126], [-79.47653157155571, 43.758096695508065], [-79.47600739227582, 43.75793327002697], [-79.47554704633109, 43.75772013115847], [-79.47503896234828, 43.757218944620085], [-79.47471358407024, 43.75687069257242], [-79.47444428473742, 43.75643943734283], [-79.4743293487357, 43.756184106021465], [-79.47425247162653, 43.75573328780394], [-79.47425455075818, 43.75553514819683], [-79.47336531280239, 43.75546824317136], [-79.47228324684052, 43.75514339022522], [-79.47152816104595, 43.75484965404597], [-79.47031973312494, 43.75436716674606], [-79.46995291886049, 43.7542178266654], [-79.46962074076797, 43.754028905943585], [-79.4692528360481, 43.75379469942366], [-79.4687964739606, 43.753460327217304], [-79.46847130599757, 43.7531763775687], [-79.4682997117478, 43.753004867689654], [-79.46796343622222, 43.75267557524176], [-79.46717831345278, 43.75192514333422], [-79.46751933536295, 43.751743317987945], [-79.46785778484704, 43.75156285083634], [-79.46809710267385, 43.75144120966725], [-79.46819424356046, 43.75140157570993], [-79.46836365145296, 43.75134642445065], [-79.46871583623943, 43.75126831322753], [-79.46913428996679, 43.75117538346448], [-79.46952627569489, 43.751084182902], [-79.46975704767065, 43.75101116025551], [-79.46979790765957, 43.75099604550843], [-79.46996894411087, 43.75090161208071], [-79.4701343941945, 43.75081026585516], [-79.46977910398134, 43.75047798362974], [-79.47457989391705, 43.74810284621728], [-79.47484533684079, 43.74797150958922], [-79.47570148505116, 43.747786485129986], [-79.47676091949494, 43.747557518674604], [-79.47695810136145, 43.747507716924794], [-79.47708617362855, 43.74747539113423], [-79.4770862481492, 43.747475355143166], [-79.47720820943836, 43.74744833982821], [-79.48199904455902, 43.746387010596834], [-79.48304087041755, 43.74622985591499], [-79.48293188768822, 43.74637964788448], [-79.4828396241142, 43.746644469287936], [-79.48276952921027, 43.74682410594942], [-79.48273227190118, 43.74697973211313], [-79.48269951388033, 43.7471895374897], [-79.48269241352327, 43.74735414231983], [-79.48268134369837, 43.747544796073875], [-79.48268088849493, 43.74770554927983], [-79.48272871274457, 43.74813880877446], [-79.48274515027526, 43.748287686328574], [-79.48275674555177, 43.74864029365944], [-79.48277517601099, 43.74920078264648], [-79.48279417685369, 43.74977853514709], [-79.48280787525101, 43.749775868250055], [-79.48280848336668, 43.74979432357261], [-79.48281430163627, 43.74997089356209], [-79.48407620760086, 43.74997211218894], [-79.48445400735763, 43.74993409166193], [-79.48543187131105, 43.74980456227596], [-79.48720443872534, 43.74957926894171], [-79.48752978603709, 43.74951832069799], [-79.48755122367427, 43.74960771157551]]]}, "properties": {"StationName": "Downsview Park", "MTSA_Type": "Major Transit Station Area", "SASP_No": 732}}]}